DOW,LAKE_NAME,LakeAreaAcres,Percentage_15ft_LittoralZone,15ft_LittoralZone_Acres,ObservedLittoralZone_Acres,Percentage_ObservedLittoralZone,Depth_ObservedLittoralZone
01000100,Pine,125.921,33.33,125.92,97.65,25.85,11.3
01001500,Shumway,43.957,59.25,43.96,43.96,59.25,15
01001900,Wolf,165.73,95.56,165.73,165.73,95.56,15
01002300,Round,362.332,65.46,362.33,536.10,96.86,23
01002700,Sheriff,44.87,50.77,44.87,44.87,50.77,15
01003300,Minnewawa,2152.386,91.39,2152.39,2068.31,87.82,14
01003400,Horseshoe,240.058,100.00,240.06,163.29,68.02,7
01004500,Blackface,191.277,99.71,191.28,191.28,99.71,15
01004600,Ball Bluff,51.155,30.39,51.16,72.89,43.30,23
01005500,Boot,39.464,49.62,39.46,31.22,39.26,10
01005600,Cutaway,72.274,64.11,72.27,72.27,64.11,15
01005700,Little Ball Bluff,15.021,40.33,15.02,15.02,40.33,15
01005800,Vanduse,194.979,82.98,194.98,204.69,87.11,16
01006100,Flowage,612.415,99.78,612.41,612.41,99.78,15
01006200,Big Sandy,3182.594,52.10,3182.59,1851.00,30.30,8
01006500,Cedar,230.967,92.67,230.97,138.45,55.55,9.7
01006900,Portage,370.318,99.43,370.32,370.32,99.43,15
01008700,Sugar,276.047,66.19,276.05,276.05,66.19,15
01008900,Long,129.391,30.26,129.39,134.97,31.56,16
01009600,Dam,232.415,38.89,232.41,222.98,37.31,14
01009900,Gun,370.283,50.97,370.28,370.28,50.97,15
01010500,Fleming,313.29,99.92,313.29,105.01,33.49,7
01011500,Section Ten,426.167,97.99,426.17,426.17,97.99,15
01012300,Elm Island,389.815,71.03,389.81,389.81,71.03,15
01012500,Lone,165.302,38.15,165.30,165.30,38.15,15
01012900,Sissabagamah,254.078,62.36,254.08,254.08,62.36,15
01013600,Waukenabo,284.706,43.74,284.71,220.46,33.87,12
01013700,Round,412.542,65.09,412.54,403.81,63.71,13
01014201,Hill (North Basin),142.627,21.17,142.63,150.57,22.35,15.8
01014202,Hill (South Basin),113.709,84.20,113.71,121.20,89.74,15.8
01014600,Ripple,336.84,53.49,336.84,336.84,53.49,15
01014700,Esquagamah,511.317,61.79,511.32,511.32,61.79,15
01015700,Big Pine,285.153,44.90,285.15,347.18,54.67,21
01015900,Farm Island,850.57,42.47,850.57,1055.05,52.68,20
01017800,Spirit,262.702,50.17,262.70,308.16,58.86,18
01018300,Bass,19.429,60.43,19.43,19.43,60.43,15
01018800,Blind,317.429,98.95,317.43,317.43,98.95,15
01020100,Holy Water,42.866,46.94,42.87,42.87,46.94,15
01020400,Round,311.653,42.51,311.65,330.35,45.06,19
01020600,Birch,441.5,100.00,441.50,441.50,100.00,15
01020700,Townline,66.768,58.16,66.77,66.77,58.16,15
01020900,Cedar,1725.8,23.47,405.00,23.47,405.00,15
01020901,Cedar(Main Basin),442.018,28.93,442.02,546.75,35.78,18
01020902,Cedar(N.E. Arm),15.697,60.55,15.70,18.00,69.45,18
01020903,Cedar(West Bay),71.738,35.85,71.74,93.94,46.94,18
01021200,Moulton,220.565,85.45,220.56,77.20,29.91,6
02000300,Otter,313.855,98.90,313.85,308.44,97.20,11.5
02000400,Peltier,514.793,85.01,514.79,373.01,61.60,9.9
02000500,George Watch,486.018,100.00,486.02,486.02,100.00,15
02000600,Centerville,288.639,60.89,288.64,157.56,33.24,8
02000700,Marshan,203.532,100.00,203.53,203.53,100.00,15
02000800,Rice,371.217,100.00,371.22,371.22,100.00,15
02000900,Reshanau,336.492,99.52,336.49,336.49,99.52,15
02001300,Baldwin,181.565,96.12,181.56,181.56,96.12,15
02001500,Rondeau,248.263,85.26,248.26,248.26,85.26,15
02001600,Howard,455.584,100.00,455.58,455.58,100.00,15
02002200,Island,72.298,99.46,72.30,46.97,64.62,5
02002600,Linwood,484.91,85.24,484.91,179.37,31.53,6
02002800,Boot,90.321,98.84,90.32,90.32,98.84,15
02003400,Martin,214.281,84.82,214.28,60.62,24.00,3
02003500,Fawn,47.867,79.37,47.87,46.62,77.30,14
02004200,Coon,1331.965,89.92,1331.96,1283.59,86.66,12
02004500,Golden,51.275,90.33,51.28,13.33,23.48,3
02005200,Netta,111.092,93.10,111.09,111.09,93.10,15
02005300,Ham,190.45,89.36,190.45,176.27,82.70,13.5
02005900,Deer,184.547,100.00,184.55,184.55,100.00,15
02006500,Fish,342.471,100.00,342.47,342.47,100.00,12
02007000,Coopers,50.223,100.00,50.22,50.22,100.00,15
02007100,Spring,30.709,95.88,30.71,30.71,95.88,15
02007200,Laddie,66.126,100.00,66.13,66.13,100.00,15
02007500,Moore,93.322,96.74,93.32,89.89,93.18,10
02007501,East Moore,25.511,92.43,25.51,22.07,79.98,10
02008400,Crooked,84.017,73.10,84.02,73.19,63.68,12
02009100,George,383.264,78.66,383.26,383.26,78.66,15
02010600,Norris,46.215,94.17,46.22,46.22,94.17,15
02012200,Burns,92.675,97.50,92.67,71.97,75.72,10
02013300,East Twin,68.036,65.64,68.04,69.18,66.74,16
02076400,Club West,35.968,98.72,35.97,35.97,98.72,15
03000500,Shipman,26.505,43.53,26.51,26.51,43.53,15
03000600,Little,12.391,73.77,12.39,12.39,73.77,15
03000700,Blueberry,46.166,52.66,46.17,46.17,52.66,15
03001000,Straight,211.426,44.85,211.43,211.43,44.85,15
03001700,Two Inlets,197.351,33.92,197.35,197.35,33.92,15
03002900,Hungry Man,140.228,97.62,140.23,141.64,98.60,16
03003000,Boot,98.827,25.66,98.83,98.83,25.66,15
03004400,Dinner,25.903,43.75,25.90,25.90,43.75,15
03008200,Wahbegon,114.178,100.00,114.18,114.18,100.00,15
03008500,Bad Medicine,210.593,28.24,210.59,122.20,16.39,6
03008800,Bass,128.504,65.34,128.50,128.50,65.34,15
03009200,Basswood,112.555,99.47,112.56,112.56,99.47,15
03009600,Big Basswood,592.436,100.00,592.44,592.44,100.00,15
03010100,Wolf,1459.808,98.79,1459.81,1255.20,84.94,8
03010200,Shell,3084.442,98.00,3084.44,3060.92,97.26,14
03010700,Toad,557.907,32.75,557.91,733.76,43.07,20
03012000,Mud,165.557,100.00,165.56,165.56,100.00,15
03012700,Bass,82.214,63.34,82.21,82.21,63.34,15
03013600,Juggler,164.036,39.43,164.04,156.54,37.62,14
03015300,Island,482.53,40.91,482.53,422.26,35.80,12
03015500,Round,471.885,43.13,471.88,561.87,51.35,20
03015600,Ice Cracking,106.031,30.71,106.03,106.03,30.71,15
03015800,Many Point,500.949,29.45,500.95,753.47,44.30,22
03015900,Elbow,243.354,24.71,243.35,243.35,24.18,15
03016600,Hungry,182.205,75.66,182.20,188.74,78.37,17
03017700,Hanson,17.972,51.31,17.97,17.97,51.31,15
03018900,Little Toad,138.419,33.78,138.42,150.39,36.70,17
03019500,Height of Land,3450.493,91.09,3450.49,3450.49,91.09,15
03021300,Waboose,231.633,99.94,231.63,152.55,65.82,11
03023400,Little Bemidji,68.938,23.54,68.94,68.94,23.54,15
03024100,Tamarack,1981.919,93.90,1981.92,1606.36,76.10,10
03025800,Acorn,74.468,48.44,74.47,74.47,48.44,15
03026500,Eagle,146.779,46.98,146.78,146.78,46.98,15
03027300,Perch,21.367,44.84,21.37,10.63,22.31,4
03028600,Cotton,818.53,43.89,818.53,1202.73,64.49,22
03028700,Pickerel,137.683,39.00,137.68,157.10,44.51,17
03029100,Rice,180.93,78.18,180.93,180.93,78.18,15
03029300,Rock,1144.272,95.35,1144.27,1080.00,89.99,13
03030400,Big Sugar Bush,264.133,58.78,264.13,365.04,81.23,23
03031300,Little Sugar Bush,106.305,49.80,106.30,95.11,44.56,13
03032300,Strawberry,563.972,38.42,563.97,804.30,54.79,28
03032800,White Earth,594.863,28.13,594.86,1079.52,51.05,26
03035000,Buffalo,222.195,53.92,222.19,222.19,53.92,15
03035100,Island,204.978,97.31,204.98,204.98,97.31,15
03035200,Birch,197.45,83.42,197.45,197.45,83.42,15
03035500,Sauer,75.452,41.33,75.45,111.65,61.15,21
03035700,Munson,66.077,49.37,66.08,88.67,66.25,20
03035800,Fox,93.254,65.06,93.25,141.13,98.46,18
03035900,Sallie,576.81,45.32,576.81,737.81,57.96,21
03036000,Muskrat,64.175,95.61,64.18,64.18,95.61,15
03036300,Curfman,120.91,70.30,85.00,70.30,85.00,15
03037100,Meadow,29.751,42.07,29.75,42.00,59.39,26
03037401,Johnson,120.189,65.55,120.19,120.19,65.55,15
03037402,Reeves,87.276,77.36,87.28,87.28,77.36,15
03037700,Mill,155.266,100.00,155.27,155.27,100.00,15
03038100,Detroit,1868.577,60.92,1868.58,2065.12,67.33,18
03038300,Long,180.689,44.21,180.69,180.69,44.21,15
03038600,Little Floyd,117.597,54.88,117.60,129.04,60.22,17
03038700,Floyd,811.535,68.81,811.54,898.78,76.20,19
03042800,O-Me-Mee,120.795,100.00,120.80,120.80,100.00,15
03043000,St. Clair,99.924,89.93,99.92,99.92,89.93,15
03047100,Mission,247.99,100.00,247.99,247.99,100.00,15
03047300,Buck,85.943,100.00,85.94,85.94,100.00,15
03047500,Melissa,899.472,48.59,899.47,1192.62,64.43,22
03048400,Ellison,75.87,91.01,75.87,75.87,91.01,15
03048600,Pearl,200.006,71.15,200.01,214.20,76.20,20
03050000,Maud,259.043,50.66,259.04,449.96,88.00,21
03050300,Eunice,220.658,59.64,220.66,286.31,77.39,22
03050600,Little Cormorant,776.568,71.64,776.57,776.57,71.64,15
03052600,Marshall,124.779,66.45,124.78,124.78,66.45,15
03057500,Leif,374.48,70.86,374.48,374.48,70.86,15
03057600,Big Cormorant,849.95,23.24,849.95,1398.88,38.24,23
03057900,Boyer,295.217,70.80,295.22,208.52,50.01,10
03058200,Ida,483.365,76.50,483.36,483.36,76.50,15
03058800,Upper Cormorant,522.844,55.51,522.84,894.77,95.00,22
03060200,Middle Cormorant,474.646,70.99,474.65,474.65,70.99,15
03063100,Stakke,496.742,99.39,496.74,496.74,99.39,15
03063500,Gourd,120.103,100.00,120.10,120.10,100.00,15
03063800,Bijou,146.504,69.85,146.50,120.81,57.60,11
03064500,West LaBelle,128.747,100.00,128.75,128.75,100.00,15
03064600,Lime,113.749,100.00,113.75,113.75,100.00,15
03064700,Stinking,292.541,99.89,292.54,292.54,99.89,15
03064800,East LaBelle,111.952,59.83,111.95,135.93,72.64,16
03065700,Turtle,66.112,35.36,66.11,66.11,35.36,15
03065900,Sand,104.497,52.01,104.50,104.50,52.01,15
03066000,Axberg,50.34,100.00,50.34,50.34,100.00,15
04000700,Kitchi,953.117,52.20,953.12,953.12,52.20,15
04001100,Moose,260.302,43.33,260.30,260.30,43.33,15
04001600,Little Gilstad,19.314,50.46,19.31,19.31,50.46,15
04002400,Gilstad,95.639,37.25,95.64,95.64,37.25,15
04002800,Bullhead,35.12,96.63,35.12,35.12,96.63,15
04003000,Cass,6934.288,43.45,6934.29,7597.16,47.61,20
04003200,Pimushe,613.154,50.86,613.15,613.15,50.86,15
04003300,Benjamin,17.196,51.95,17.20,17.20,51.95,15
04003800,Andrusia,551.366,34.68,551.37,551.37,34.68,15
04004800,Windigo,138.149,70.72,138.15,138.15,70.72,15
04004900,Big,2061.088,57.30,2061.09,2061.09,57.30,15
04005300,South Twin,62.935,28.41,62.93,62.93,28.41,15
04006200,Bass,29.995,37.52,30.00,30.00,37.52,15
04006300,North Twin,138.863,42.61,138.86,138.86,42.61,15
04006900,Blackduck,1242.928,45.69,1242.93,1242.93,45.69,15
04007900,Wolf,318.104,29.97,318.10,333.27,31.40,16
04011100,Turtle River,717.669,39.88,717.67,717.67,39.88,15
04012000,Gull,1546.274,68.25,1546.27,1546.27,68.25,15
04012200,Medicine,316.56,68.63,316.56,316.56,68.63,15
04013001,Stump,268.877,83.00,268.88,227.70,70.29,12
04013002,Bemidji (main lake),1818.784,27.64,1818.78,1818.78,27.64,15
04013202,Big Bass (east basin),269.653,80.02,269.65,269.65,80.02,15
04013400,Three Island,685.832,88.73,685.83,685.83,88.73,15
04013500,Beltrami,405.489,55.87,405.49,405.49,55.87,15
04014000,Irving,591.451,88.99,591.45,591.45,88.99,15
04014200,Marquette,295.953,55.80,295.95,295.95,55.80,15
04015200,Movil,436.051,51.09,436.05,436.05,51.09,15
04015500,Little Turtle,289.621,61.82,289.62,289.62,61.82,15
04015900,Turtle,928.214,56.64,928.21,928.21,56.64,15
04016600,Julia,194.442,38.56,194.44,154.34,30.60,11
04019600,Campbell,218.841,47.28,218.84,218.84,47.28,15
04021700,Grant,78.859,38.12,78.86,78.86,38.12,15
04022700,Long,663.847,99.42,663.85,663.85,99.42,15
04026500,Island,424.213,99.89,424.21,424.21,99.89,15
04029700,Buzzle,57.012,28.27,57.01,57.01,28.27,15
04029800,Little Buzzle,45.693,58.59,45.69,45.69,58.59,15
04033100,Dellwater,166.847,83.47,166.85,166.85,83.47,15
04034200,Moose,131.816,100.00,131.82,131.82,100.00,15
04034300,Clearwater,339.498,34.00,339.50,339.50,34.00,15
05000700,Mayhew,64.271,50.46,64.27,10.39,8.16,3
05001300,Little Rock,1240.123,94.98,1240.12,265.99,20.37,3.5
06000200,Artichoke,1964.416,99.66,1964.42,1007.48,51.11,8.3
06002900,Long Tom,138.695,100.00,138.69,51.65,37.24,6.5
06013800,East Toqua,436.64,100.00,436.64,436.64,100.00,15
06015200,Big Stone,9090.308,74.85,9090.31,4284.57,35.28,8.5
07004400,Madison,1026.222,71.15,1026.22,894.88,62.04,9
07004700,George,67.231,76.19,67.23,30.95,35.08,5
07005300,Duck,247.129,85.10,247.13,147.19,50.68,10
07005400,Ballantyne,328.587,88.06,328.59,294.31,78.88,9
07006001,Eagle (North),479.506,95.15,479.51,479.51,95.15,15
07007900,Lura,1361.061,100.00,1361.06,1361.06,100.00,10
07009000,Ida,129.451,99.75,129.45,129.45,99.75,8
07009600,Loon,809.627,100.00,809.63,180.06,22.24,2
07009700,Mills,237.077,100.00,237.08,237.08,100.00,8
07009800,Crystal,383.248,100.00,383.25,383.25,100.00,15
08001100,Clear,276.39,100.00,276.39,276.39,100.00,15
08004500,Sleepy Eye,189.297,89.50,189.30,145.83,68.95,11
08012900,Wellner-Hageman Reservoir,50.02,66.77,50.02,50.02,66.77,15
09000100,Thomson Reservoir,348.489,84.07,348.49,348.49,84.07,15
09000300,Graham,31.059,90.90,31.06,31.06,90.90,15
09000400,Soper,32.35,100.00,32.35,32.35,100.00,15
09000600,Blackhoof,40.888,100.00,40.89,17.85,43.65,3
09000700,Spring,30.771,84.51,30.77,28.21,77.47,10
09000800,Chub,172.923,55.17,172.92,163.52,52.17,14
09000900,Venoah,108.44,97.53,108.44,106.21,95.53,11
09001000,Hay,140.05,100.00,140.05,122.43,87.42,8
09001500,Ellstrom,32.183,100.00,32.18,32.18,100.00,15
09001600,Sand,126.873,99.43,126.87,123.02,96.40,7
09001800,Hizer,34.126,100.00,34.13,34.13,100.00,15
09001900,Munson,31.971,91.15,31.97,31.97,91.15,15
09002000,Crystal,27.045,58.46,27.05,27.05,58.46,15
09002100,Benfield,13.8,53.27,13.80,13.80,53.27,15
09002200,Twentynine,34.082,65.73,34.08,18.42,35.52,8
09002500,Torch Light,126.032,100.00,126.03,63.33,50.25,8
09002600,Bob,43.865,58.36,43.86,43.86,58.36,15
09002900,Park,381.267,100.00,381.27,259.61,68.09,9
09003200,Big,512.297,99.76,512.30,512.30,99.76,15
09003400,Bear,70.075,76.65,70.07,62.45,68.30,13
09003500,Little Hanging Horn,51.734,45.24,51.73,51.73,45.24,15
09003800,Hanging Horn,92.847,22.72,92.85,65.27,15.97,9
09003900,Eddy,19.814,84.17,19.81,9.50,40.35,7
09004100,Moosehead,244.932,89.12,244.93,82.54,30.03,9
09004300,Moose,48.195,36.29,48.20,45.52,34.28,14
09004400,Echo,40.916,38.39,40.92,38.11,35.76,14
09004500,Coffee,27.45,38.32,27.45,27.45,38.32,15
09004600,Bang,60.776,100.00,60.78,51.66,85.01,6
09004700,Spring,26.574,100.00,26.57,26.57,100.00,15
09004800,Corona,14.292,52.43,14.29,14.29,52.43,15
09005700,Eagle,118.851,31.07,118.85,80.28,20.99,10
09005800,Merwin,50.251,95.47,50.25,50.25,95.47,15
09006001,Upper (North) Island,97.993,86.29,97.99,97.99,86.29,15
09006002,Lower (South) Island,236.543,73.10,236.54,236.54,73.10,15
09006200,Cross,100.568,96.92,100.57,33.79,32.57,6
09006300,Woodbury,46.883,79.26,46.88,46.88,79.26,15
09006700,Tamarack,182.134,77.46,182.13,182.13,77.46,15
09006800,Cole,95.322,69.15,95.32,53.17,38.57,9
09007100,Walli,32.75,100.00,32.75,32.75,100.00,15
09007400,Kettle,13.775,62.40,13.77,13.77,62.40,15
09016700,Fond du Lac Reservoir,95.861,47.70,95.86,95.86,47.70,15
09016800,Knife Falls Reservoir,39.01,71.42,39.01,39.01,71.42,15
09016900,Scanlon Reservoir,55.289,75.80,55.29,55.29,75.80,15
09017300,Cloquet Res.,213.236,80.81,213.24,213.24,80.81,15
10000200,Riley,110.083,37.18,110.08,85.56,28.90,10
10000600,Lotus,182.41,74.38,182.41,69.45,28.32,5
10000700,Lucy,68.273,75.48,68.27,57.89,64.00,10
10000900,Minnewashta,337.891,50.21,337.89,330.74,49.15,14
10001100,St. Joe,11.047,56.50,11.05,11.05,56.50,15
10001200,Ann,43.459,38.06,43.46,35.71,31.27,13
10001300,Susan,71.994,81.50,71.99,20.53,23.24,5
10001500,Virginia,76.504,72.93,76.50,76.50,72.93,15
10001800,Schutz,40.844,38.40,40.84,40.84,38.40,15
10001900,Bavaria,65.71,39.48,65.71,59.69,35.86,13
10002900,Miller,142.493,100.00,142.49,142.49,100.00,15
10004100,Zumbra-Sunny,156.44,67.12,156.44,133.59,57.32,11
10004200,Parley,244.782,94.93,244.78,138.55,53.73,6
10004401,West Auburn,63.279,43.83,63.28,63.28,43.83,15
10004402,East Auburn,109.16,74.55,109.16,109.16,74.55,15
10004500,Steiger,102.631,61.87,102.63,79.31,47.81,10
10004600,Church,10.102,63.12,10.10,9.69,60.52,14
10004800,Wassermann,120.238,73.17,120.24,54.20,32.99,4
10005100,Turbid,26.992,66.72,26.99,26.99,66.72,15
10005200,Reitz,55.102,59.90,55.10,38.37,41.72,6
10005300,Piersons,141.561,47.72,141.56,141.56,47.72,15
10005600,Stone,72.578,72.22,72.58,72.58,72.22,15
10005900,Waconia,1783.651,57.30,1783.65,1482.37,47.63,11.5
10008000,Rutz,57.35,100.00,57.35,57.35,100.00,15
10008400,Burandt,70.903,73.32,70.90,70.90,73.32,15
10008800,Hydes,171.617,77.00,171.62,32.76,14.70,4.5
10008900,Goose,302.154,100.00,302.15,130.22,43.10,4
10009300,Oak,360.466,98.03,360.47,180.39,49.05,4
10009400,Mud,216.124,100.00,216.12,216.12,100.00,15
10012000,Smith,20.081,99.85,20.08,20.08,99.85,15
10012100,Eagle,183.942,100.00,183.94,84.85,46.13,7.5
10021800,Unnamed (Grace),16.171,80.13,16.17,8.57,42.45,10
11000600,Morrison,92.713,56.40,92.71,92.71,56.40,15
11000901,Little Thunder (West Bay),56.955,25.02,56.95,56.95,25.02,15
11000902,Little Thunder (East Bay),14.161,46.56,14.16,14.16,46.56,15
11002600,Sugar,354.611,50.49,354.61,472.77,67.31,19
11003700,Leavitt,34.953,28.76,34.95,34.95,28.76,15
11004300,Roosevelt,302.228,19.94,302.23,302.23,19.94,15
11005300,Lawrence,93.172,41.43,93.17,93.17,41.43,15
11005400,Little Andrus,14.605,54.82,14.61,14.61,54.82,15
11005900,Washburn,720.553,45.06,720.55,695.96,43.52,14
11006200,Thunder,308.697,22.86,308.70,403.47,29.88,20
11006300,Little Bass,92.64,66.71,92.64,92.64,66.71,15
11006900,Bass,55.539,28.18,55.54,55.54,28.18,15
11007700,Big Sand,627.9,86.02,627.90,627.90,86.02,15
11008200,Cedar,12.275,58.99,12.27,12.27,58.99,15
11008600,Grave,135.698,36.46,135.70,135.70,36.46,15
11008700,Knight,131.287,99.53,131.29,131.29,99.53,15
11009200,Little Sand,407.302,100.00,407.30,407.30,100.00,15
11010100,George,612.269,99.25,612.27,612.27,99.25,15
11010200,Island,146.128,40.64,146.13,146.13,40.64,15
11010400,Laura,1255.446,100.00,1255.45,1255.45,100.00,15
11010500,Upper Trelipe,143.677,34.09,143.68,143.68,34.09,15
11011400,Mitten,101.887,90.32,101.89,101.89,90.32,15
11011600,Stevens,58.517,58.46,58.52,67.31,67.25,18
11011700,Twenty-Six,108.679,100.00,108.68,108.68,100.00,15
11012001,Inguadona (N. Bay),185.135,51.52,185.14,185.14,51.52,15
11012002,Inguadona (S. Bay),391.215,50.57,391.22,391.22,50.57,15
11012100,Mabel,183.982,100.00,183.98,183.98,100.00,15
11012900,Lower Trelipe,371.62,59.44,371.62,371.62,59.44,15
11013300,Swift,186.763,52.38,186.76,186.76,52.38,15
11014200,Long,406.831,41.28,406.83,620.82,62.99,25
11014300,Boy,2237.001,64.38,2237.00,2154.23,62.00,14
11014600,Six Mile,624.963,47.35,624.96,624.96,47.35,15
11014700,Winnibigoshish,20917.666,36.77,20917.67,20917.67,36.77,15
11016200,Rice,213.516,79.03,213.52,213.52,79.03,15
11016300,Cooper,44.508,33.58,44.51,44.51,33.58,15
11016700,Little Boy,523.372,36.05,523.37,654.59,45.09,21
11017000,Hunter,56.179,30.58,56.18,56.18,30.58,15
11017101,Wabedo (North East Bay),234.862,39.50,234.86,234.86,39.50,15
11017102,Wabedo (South West Bay),200.955,31.80,200.95,200.95,31.80,15
11017400,Girl,265.94,63.11,265.94,304.69,72.31,20
11017700,Three Island,287.889,99.13,287.89,287.89,99.13,13
11018200,Kego,81.275,66.95,81.28,81.28,66.95,15
11019000,Town Line,697.656,100.00,697.66,624.62,89.53,8
11019900,Hay,191.172,52.56,191.17,268.55,73.84,25
11020000,Mule,235.426,44.88,235.43,228.22,43.51,14
11020101,Broadwater Bay,423.877,54.61,423.88,532.20,68.56,22
11020102,Woman (main lake),1756.022,36.94,1756.02,2612.02,54.94,22
11020200,Silver,96.241,78.45,96.24,120.04,97.84,18
11020301,Leech (Main Basin),51849.207,50.05,51849.21,51849.21,50.05,15
11020302,Leech (Kabekona Bay),381.852,39.68,381.85,381.85,39.68,15
11020400,Portage,722.612,46.97,722.61,669.13,43.49,13
11021600,Agate,157.41,100.00,157.41,157.41,100.00,15
11021800,Upper Gull,180.29,42.73,180.29,205.07,48.60,18
11022000,Ray,112.443,81.21,112.44,119.85,86.56,17
11022200,Margaret,170.02,69.93,170.02,141.24,58.09,13
11022600,Loon,225.523,97.31,225.52,225.52,97.31,15
11023200,Hattie,220.01,41.54,220.01,220.01,41.54,15
11023400,Ponto,137.716,35.49,137.72,199.75,51.48,26
11023700,Deep Portage,32.271,25.01,32.27,42.21,32.71,22
11024200,Hand,154.407,53.39,154.41,154.41,53.39,15
11024600,Sylvan,75.117,66.56,75.12,81.01,71.78,16
11025000,Ada,360.97,39.92,360.97,491.41,54.34,22
11025700,Island,109.083,58.93,109.08,144.80,78.23,25
11025800,Long,172.938,70.14,172.94,188.78,76.56,17
11026100,McKeown,147.831,88.02,147.83,147.83,88.02,15
11026200,Kid,38.048,22.64,38.05,38.05,22.64,15
11026300,Child,162.466,49.90,162.47,162.47,49.90,15
11026500,Little Woman,35.913,100.00,35.91,35.72,99.45,13
11027000,Trillium,108.19,69.59,108.19,128.59,82.71,21
11027300,Widow,83.622,41.72,83.62,130.00,64.85,25
11027400,Blackwater,365.48,47.55,365.48,476.08,61.94,26
11027500,Sand,41.06,99.36,41.06,41.06,99.36,9
11027700,Big Deep,85.28,15.92,85.28,135.53,25.30,26
11027900,Sand,60.513,40.83,60.51,51.26,34.59,12
11028100,Barnum,103.864,68.63,103.86,151.34,100.00,35
11028200,Man,115.614,23.80,115.61,135.94,27.98,18
11028300,Baby,240.431,31.62,240.43,407.31,53.56,22
11029200,Pine,181.154,69.45,181.15,181.15,69.45,15
11029500,Hazel,9.274,62.92,9.27,9.27,62.92,15
11029600,Moccasin,127.205,46.70,127.21,127.21,46.70,15
11030400,Sylvan,460.948,51.37,460.95,460.95,51.37,15
11030500,Gull,3390.462,34.01,3390.46,3390.46,34.01,15
11030700,Norway,514.879,100.00,514.88,514.88,100.00,14
11030801,Big Portage (West Bay),709.458,97.70,709.46,709.46,97.70,15
11030802,Big Portage (East Bay),176.183,100.00,176.18,176.18,100.00,15
11031100,Webb,263.162,35.37,263.16,421.30,56.62,24
11031300,Lower Sucker,302.436,51.44,302.44,283.81,48.27,14
11032000,Pillager,74.722,36.51,74.72,74.72,36.51,15
11032400,Rock,257.095,98.50,257.09,257.09,98.50,15
11035000,Bowen,51.062,28.03,51.06,51.06,28.03,15
11035100,Five Point,93.647,37.92,93.65,136.32,55.19,19
11035300,Beuber,89.649,68.07,89.65,79.43,60.32,13
11035500,Ox Yoke,106.079,56.81,106.08,136.33,73.01,25
11035800,Horseshoe,99.989,39.70,99.99,109.10,43.32,17
11036000,Island,101.062,93.40,101.06,101.06,93.40,15
11036100,Sanborn,86.203,39.13,86.20,135.31,61.42,27
11036700,Lind,288.766,65.64,288.77,347.41,78.97,19
11037100,Stony,198.936,35.32,198.94,229.25,40.70,20
11038100,Paquet,119.225,81.61,119.23,119.23,81.61,15
11038200,Boss,63.975,60.58,63.97,63.97,60.58,15
11038300,Pleasant,436.43,40.24,436.43,595.56,54.91,25
11038700,Little Webb,142.342,62.96,142.34,153.20,67.76,18
11039400,Hovde,118.921,89.44,118.92,68.69,51.66,6
11039600,Diamond,57.927,75.26,57.93,57.93,75.26,15
11040000,Jack,76.553,53.92,76.55,95.35,67.16,24
11041100,Pine Mountain,611.08,37.92,611.08,611.08,37.92,15
11041200,Birch,761.907,60.13,761.91,788.12,62.19,16
11041300,Ten Mile,1454.446,28.82,1454.45,1840.16,36.46,22
11041500,Pike Bay,2194.533,46.19,2194.53,2194.53,46.19,15
11045400,Long,64.529,45.28,64.53,60.74,42.62,14
11046300,Variety,71.137,44.54,71.14,71.14,44.54,15
11047200,Howard,121.461,31.50,121.46,185.18,48.03,22
11047600,Portage,90.674,32.02,90.67,118.44,41.82,23
11048000,Long,128.103,45.05,128.10,163.28,57.42,23
11048200,May,63.296,44.16,63.30,86.26,60.18,21
11048400,Twin,168.753,100.00,168.75,168.75,100.00,15
11048800,Thirteen,389.925,70.03,389.93,389.93,70.03,15
11049000,Portage,169.742,47.52,169.74,224.15,62.76,24
11049300,Welch,83.5,42.83,83.50,71.38,36.61,12
11049400,Crooked,255.379,45.21,255.38,232.63,41.18,12
11050000,Spider,133.211,91.36,133.21,107.20,73.52,8
11050200,Crystal,160.517,84.39,160.52,160.52,84.39,15
11050400,Steamboat,553.604,31.66,553.60,573.82,32.81,16
11050500,Little Wolf,266.205,50.42,266.20,266.20,50.42,15
13001200,Chisago,943.96,73.57,694.50,73.57,694.50,15
13001201,Chisago (north portion),287.705,61.98,287.71,287.71,61.98,15
13001202,Chisago (south portion),437.776,99.68,437.78,437.78,99.68,15
13001300,Kroon,140.317,77.34,140.32,112.56,62.04,8
13001900,Spider,130.683,98.53,130.68,130.68,98.53,15
13002300,Moody,45.33,48.53,22.00,48.53,22.00,15
13002700,South Center,544.508,65.48,544.51,462.13,55.57,10
13002800,South Lindstrom,261.419,47.67,261.42,245.01,44.68,14
13002900,Wallmark,139.963,98.34,139.96,139.96,98.34,15
13003100,Sunrise,767.257,96.01,767.26,743.11,92.99,12
13003200,North Center,,,,,,
13003201,North Center Lake,642.202,85.71,642.20,536.08,71.55,9
13003300,Little,113.979,75.80,113.98,41.99,27.93,6
13003500,North Lindstrom,61.923,43.54,61.92,61.92,43.54,15
13004100,Green,1809.49,67.86,1228.00,67.86,1228.00,15
13004101,Green (Little Green),225.468,100.00,225.47,225.47,100.00,15
13004102,Green (Main Basin),1073.367,67.33,1073.37,1073.37,67.33,15
13005300,Comfort,88.031,40.41,88.03,53.41,24.52,7
13005400,Little Comfort,17.832,48.93,17.83,9.64,26.45,6
13006800,Fish,157.438,50.13,157.44,105.98,33.75,10
13006901,East Rush,1136.436,76.56,1136.44,722.01,48.64,8
13006902,West Rush,902.792,54.96,902.79,692.00,42.13,10
13007300,Horseshoe,129.131,58.48,129.13,70.34,31.85,7.5
13007400,Mandall,33.287,71.11,33.29,23.48,50.15,9
13007900,Rabour,37.816,73.30,37.82,31.96,61.94,12
13008300,Goose,731.77,50.56,370.00,50.56,370.00,15
13008301,Goose (North Bay),271.999,100.00,272.00,272.00,100.00,15
13008302,Goose (South Bay),210.628,47.08,210.63,210.63,47.08,15
14000400,Tilde,249.678,99.57,249.68,52.91,21.10,6
14002100,Ten,128.893,93.09,128.89,128.89,93.09,15
14003000,Fifteen,92.547,69.55,92.55,88.96,66.85,14
14003500,Mayfield,45.982,100.00,45.98,45.98,100.00,15
14004900,Lee,70.137,51.93,70.14,95.56,70.75,18
14005100,Unnamed,28.857,100.00,28.86,28.86,100.00,15
14005600,Knudson,43.165,100.00,43.16,43.16,100.00,15
14006300,Overson,58.006,100.00,58.01,58.01,100.00,15
14010000,Silver,33.23,30.49,33.23,24.73,22.69,9
14039303,,24.848,100.02,24.85,24.85,100.02,15
15000100,Big LaSalle,42.333,18.25,42.33,49.03,21.13,17
15000500,Ozawindib,64.876,36.94,64.88,64.88,36.94,15
15001000,Elk,75.509,25.21,75.51,85.54,28.56,19.4
15001600,Itasca,426.805,39.98,426.80,494.84,46.36,17
15003800,Falk,28.064,38.13,28.06,28.06,38.13,15
15004000,Bagley,51.342,52.70,51.34,51.34,52.70,15
15005900,Upper Rice,1526.726,100.00,1526.73,1526.73,100.00,15
15006000,Walker Brook,39.831,41.82,39.83,39.83,41.82,15
15006800,Long Lost,382.532,70.84,382.53,382.53,70.84,15
15007500,Rockstad,141.348,100.00,141.35,141.35,100.00,15
15007900,Minerva,211.126,91.79,211.13,211.13,91.79,15
15008100,Lomond,38.836,40.92,38.84,38.84,40.92,15
15009000,Deep,12.084,27.69,12.08,12.08,27.69,15
15012100,Evey,63.645,97.03,63.65,63.65,97.03,15
15012400,McKenzie,88.506,99.41,88.51,88.51,99.41,15
15012700,Island,32.475,73.65,32.48,25.23,57.20,8
15012800,Waptus,32.623,63.22,32.62,32.62,63.22,15
15013700,Minnow,95.323,86.82,95.32,95.32,86.82,15
15014400,Lindberg,72.124,75.54,72.12,72.12,75.54,15
15014900,Pine,1236.15,98.45,1236.15,1236.15,98.45,15
16001900,Tom,223.823,54.97,223.82,189.05,46.43,12
16002700,McFarland,214.878,55.70,214.88,199.70,51.77,12
16002900,Devilfish,233.21,56.82,233.21,233.21,56.82,15
16003300,Chester,28.545,58.26,28.54,14.00,28.57,8
16004900,Trout,58.011,22.78,58.01,35.03,13.76,8
16007700,Greenwood,553.278,26.46,553.28,553.28,26.46,15
16011400,Alder,155.222,29.35,155.22,497.11,93.99,7
16014300,Devil Track,628.335,33.65,628.34,265.36,14.21,6
16014500,East Twin,156.564,90.60,156.56,156.56,90.60,15
16014600,East Bearskin,289.321,48.77,289.32,192.97,32.53,10
16014700,Flour,103.713,31.42,103.71,80.45,24.37,11
16015600,Two Island,725.105,96.19,725.11,725.11,96.19,15
16018200,Ball Club,171.742,83.37,171.74,59.18,28.73,6
16020400,Aspen,94.297,68.28,94.30,94.30,68.28,15
16022700,Hungry Jack,186.033,39.78,186.03,134.44,28.75,10
16022800,Bearskin,95.818,19.20,95.82,221.23,44.33,28
16023900,Poplar,342.629,39.48,342.63,342.63,39.48,15
16024700,Birch,69.801,29.46,69.80,236.86,99.95,10
16025200,Pike,287.042,35.25,287.04,328.31,40.31,18
16025300,Deer Yard,181.178,54.42,181.18,280.50,84.25,18
16031900,Gaskin,136.521,34.30,136.52,136.52,34.30,15
16032800,Iron,107.834,86.25,107.83,107.83,86.25,15
16034600,Cascade,449.716,99.61,449.72,449.72,99.61,15
16034700,Little Cascade,266.154,100.00,266.15,266.15,100.00,15
16034800,Brule,1381.518,28.92,1381.52,1381.52,28.92,15
16035500,Little Iron,115.062,98.22,115.06,94.31,80.51,6
16036000,Caribou,432.196,59.98,432.20,116.70,16.18,4.2
16038400,Tait,354.56,98.82,354.56,90.87,25.33,4.5
16044800,Loon,202.649,18.50,202.65,183.68,16.76,13
16045400,Crescent,586.388,77.62,586.39,404.33,53.52,10
16046300,Magnetic,99.585,22.27,99.59,99.59,22.27,15
16062200,Alton,368.201,37.56,368.20,368.20,37.56,15
16063400,Dyers,58.381,85.19,58.38,58.38,85.19,15
16063900,Four Mile,580.809,97.95,580.81,242.69,40.93,6
16064500,Toohey,368.932,100.00,368.93,270.46,73.31,6
16066400,Wonder,78.008,99.61,78.01,78.01,99.61,15
16081100,Gabimichigami,161.687,13.63,161.69,161.69,13.63,15
17000300,Mountain,219.788,100.00,219.79,206.08,93.77,7
17000700,Bingham,269.749,100.00,269.75,18.32,6.79,4
17002000,Eagle,105.405,100.00,105.41,32.27,30.62,5
17002200,Cottonwood,154.969,99.76,154.97,18.65,12.00,2
17002400,String,65.881,100.00,65.88,65.88,100.00,15
17004100,South Clear,240.801,100.00,240.80,240.80,100.00,15
17004801,Round,41.379,100.00,41.38,41.38,100.00,15
17004900,Carey,135.262,100.00,135.26,135.26,100.00,15
17005400,Bean,163.564,99.99,163.56,8.89,5.44,3.5
17005601,Double (North Portion),135.62,100.00,135.62,135.62,100.00,15
17006000,Talcot,873.039,99.57,873.04,347.81,39.67,4
17007300,Summit,64.138,100.00,64.14,43.93,68.49,8
18000100,Whitefish,433.995,59.78,434.00,425.66,58.63,14
18001800,Camp,241.156,45.16,241.16,241.16,45.16,15
18002000,Borden,370.936,35.93,370.94,370.94,35.93,15
18002800,Smith,225.287,45.90,225.29,225.29,45.90,15
18003400,Bay,878.981,37.89,878.98,1019.35,43.94,19
18003800,Clearwater,338.342,37.29,338.34,338.34,37.29,15
18004100,Crooked,462.68,50.57,234.00,50.57,234.00,15
18004101,Crooked (Sugar Bay),52.279,54.51,52.28,52.28,54.51,15
18004102,Crooked (Main Bay),187.154,51.83,187.15,187.15,51.83,15
18004400,Hanks,48.08,29.28,48.08,48.08,29.28,15
18005000,Portage,116.206,40.69,116.21,116.21,40.69,15
18008800,Platte,1615.908,94.32,1615.91,1615.91,94.32,15
18009000,Serpent,301.119,27.30,301.12,301.12,27.30,15
18009301,Rabbit (East Portion),240.878,35.77,240.88,349.10,51.84,19
18009302,Rabbit (West Portion),170.324,31.85,170.32,211.01,39.45,19
18009600,Upper South Long,292.083,36.72,292.08,243.28,30.59,12
18010400,Nokay,236.033,31.91,236.03,220.83,29.85,14
18011000,Grave,168.57,100.00,168.57,100.00,168.57,15
18011600,June,51.646,65.41,51.65,51.65,65.41,15
18013600,South Long,451.446,34.79,451.45,312.38,24.07,10
18014500,Rice,165.544,46.82,165.54,140.93,39.86,12
18015500,Crow Wing,202.023,54.14,202.02,152.86,40.97,12
18016100,Sebie,185.31,63.14,117.00,63.14,117.00,15
18016500,Ross,313.127,63.53,313.13,313.13,63.53,15
18018000,Lows,301.622,100.00,301.62,301.62,100.00,15
18018300,Island,153.488,63.61,153.49,90.16,37.36,8
18018400,Rogers,88.394,37.61,88.39,88.39,37.61,15
18018500,Mary,139.415,34.94,139.41,99.90,25.03,10
18018600,Perry,151.431,92.23,151.43,151.43,92.23,15
18019500,Dolney,271.497,99.94,271.50,271.50,99.94,15
18020300,Emily,720.621,99.85,720.62,720.62,99.85,15
18020500,Pickerel,89.969,76.89,89.97,89.97,76.89,15
18020800,Allen,20.027,44.42,20.03,20.03,44.42,15
18021100,Blue,69.026,38.93,69.03,69.03,38.93,15
18021200,Ruth,207.076,34.56,207.08,260.02,43.40,20
18021300,Anna,72.512,64.65,72.51,72.51,64.65,15
18021800,Trout,65.01,56.75,65.01,65.01,56.75,15
18022000,Smokey Hollow,68.642,54.70,68.64,68.64,54.70,15
18022400,Fool,241.738,99.54,241.74,241.74,99.54,15
18022500,Adney,151.779,48.95,151.78,216.33,69.77,22
18022600,Goodrich,253.533,66.35,253.53,253.53,66.35,15
18022701,O'Brien (Southwest Bay),68.794,69.11,68.79,68.79,69.11,15
18022702,O'Brien (Northeast Bay),33.113,38.44,33.11,33.11,38.44,15
18023100,Butterfield,167.298,86.37,167.30,167.30,86.37,15
18024200,Upper Mission,285.461,32.63,285.46,285.46,32.63,15
18024300,Lower Mission,470.595,64.96,470.59,414.96,57.28,13
18025100,Horseshoe,585.031,63.45,585.03,800.36,86.81,23
18026100,Pine,423.89,98.57,423.89,423.89,98.57,15
18026600,Little Pine,201.683,57.26,201.68,189.32,53.75,12
18026800,Loon,36.446,72.64,36.45,36.45,72.64,15
18026900,Island,88.074,48.94,88.07,97.86,54.38,20
18027000,Hen,59.38,51.25,59.38,59.38,51.25,15
18027100,Daggett,135.706,58.68,135.71,121.02,52.32,12
18027800,Pleasant,8.624,39.19,8.62,8.62,39.19,15
18028400,Velvet,82.108,50.18,82.11,82.11,50.18,15
18028700,Greer,287.535,81.14,287.53,287.53,81.14,15
18028800,Ox,137.065,55.39,137.07,137.07,55.39,15
18029300,Kego,186.518,63.02,186.52,186.52,63.02,15
18029400,Mitchell,118.179,27.58,118.18,118.18,27.58,15
18029600,Eagle,163.719,46.66,163.72,163.72,46.66,15
18029700,West Fox,138.393,31.27,138.39,138.39,31.27,15
18029800,East Fox,108.372,45.52,108.37,108.37,45.52,15
18030200,Little Ox,17.948,40.61,17.95,17.95,40.61,15
18030500,Edward,1397.324,54.24,1397.32,1397.32,54.24,15
18030800,Pelican,3883.672,46.34,3883.67,5320.70,63.49,24
18031000,Whitefish,2997.701,38.57,2997.70,3378.77,43.48,20
18031100,Rush,398.917,51.05,398.92,443.69,56.78,21
18031200,Cross Lake Reservoir,846.513,47.37,846.51,915.87,51.25,18
18031400,Duck,147.871,100.00,147.87,147.87,100.00,15
18031500,Big Trout,404.849,29.70,404.85,500.72,36.74,25
18033800,Gladstone,266.028,60.87,266.03,287.79,65.85,17
18034000,Little Hubert,153.479,79.14,153.48,153.48,79.14,15
18034200,Lougee,152.869,72.15,152.87,142.82,67.41,14
18035100,Little Pelican,195.788,72.15,195.79,217.50,80.15,18
18035200,Ossawinnamakee,259.431,37.56,259.43,314.39,45.52,20
18035400,Pig,64.525,35.43,64.52,67.47,37.05,16
18035500,Bertha,113.581,33.67,113.58,124.37,36.87,18
18035600,Clamshell,154.879,66.66,154.88,162.47,69.93,19
18035800,Bass,66.61,54.29,66.61,75.76,61.74,20
18035900,Star,29.318,23.00,29.32,42.84,33.61,22
18036100,Kimball,46.27,25.32,46.27,77.69,42.51,25
18036400,Clear,60.194,27.11,60.19,60.19,27.11,15
18036600,Arrowhead,296.368,100.00,296.37,296.37,100.00,11
18037100,Perch,157.976,57.53,157.98,155.44,56.61,14
18037200,North Long,4018.379,65.40,4018.38,4321.49,70.34,20
18037300,Round,593.594,35.97,593.59,611.61,37.07,16
18037400,Clark,239.074,77.92,239.07,253.77,82.71,18
18037500,Hubert,456.978,35.49,456.98,456.98,35.49,15
18037600,Upper Cullen,232.78,53.57,232.78,212.02,48.79,13
18037700,Middle Cullen,137.492,34.66,137.49,137.49,34.66,15
18037800,Lower Hay,149.895,21.63,149.89,159.11,22.96,17
18037900,White Sand,282.539,68.92,282.54,282.54,68.92,15
18038600,Red Sand,522.546,100.00,522.55,522.55,100.00,17.9
18038701,Upper Whipple,40.996,100.00,41.00,41.00,100.00,15
18038702,Middle Whipple,109.917,73.76,109.92,109.92,73.76,15
18038703,Lower Whipple,104.848,100.00,104.85,104.85,100.00,15
18038800,Love,64.671,82.37,64.67,56.94,72.52,9
18039600,Edna,93.119,58.78,93.12,93.12,58.78,15
18039700,Fawn,43.987,68.29,43.99,43.99,68.29,15
18039800,Roy,174.462,54.34,174.46,252.90,78.78,18
18039900,Nisswa,129.15,58.89,129.15,173.61,79.17,17
18040200,Bass,35.728,89.79,35.73,35.73,89.79,15
18040300,Lower Cullen,201.248,35.94,201.25,236.16,42.17,17
18040400,Sibley,274.499,61.67,274.50,254.67,57.22,12
18040700,East Twin,100.949,61.81,100.95,129.09,79.04,26
18040800,Mayo,156.391,94.55,156.39,146.76,88.73,12
18040900,West Twin,86.059,67.50,86.06,86.06,67.50,15
18041200,Upper Hay,208.364,34.98,208.36,268.78,45.12,18
18041400,Clough,245.265,99.72,245.26,245.26,99.72,15
18041500,Jail,122.923,67.00,122.92,60.32,32.88,10
18041600,Lizzie,413.771,99.50,413.77,413.77,99.50,15
18043400,Yawkey Mine,2.908,20.92,2.91,2.91,20.92,15
18043500,Manuel Mine,8.565,20.88,8.56,8.56,20.88,15
18043700,Portsmouth Mine,22.534,15.08,22.53,22.53,15.08,15
18043900,Pennington Mine,10.005,16.16,10.00,10.00,16.16,15
18044000,"Mahnomen, Alstead & Arco",48.023,19.03,48.02,48.02,19.03,15
18044100,Huntington Mine,18.955,17.87,18.95,18.95,17.87,15
18052300,Sagamore Mine,25.169,20.27,25.17,25.17,20.27,15
19000300,Rebecca,81.523,98.69,81.52,81.58,98.76,4
19000600,Byllesby,935.968,67.68,935.97,935.97,67.68,15
19002300,Farquar,63.581,100.00,63.58,63.58,100.00,15
19002600,Marion,417.991,79.27,417.99,406.15,77.02,14
19002700,Crystal,221.709,76.81,221.71,184.43,63.90,10
19003100,Orchard,172.065,74.22,172.06,137.93,59.50,9
19003400,Unnamed (Bohrer Pond),20.901,100.00,20.90,20.90,100.00,15
19005000,Sunfish,43.79,88.46,43.79,43.79,88.46,15
19005700,Fish,25.527,82.22,25.53,23.55,75.85,11
19006500,Holland,27.241,72.21,27.24,28.87,76.53,20
19006600,Carlson,8.913,75.03,8.91,8.91,75.03,15
19007900,Pickerel,104.454,100.00,104.45,104.45,100.00,15
19008000,Rogers,102.338,100.00,102.34,102.34,100.00,15
19008100,Augusta,17.13,37.49,17.13,17.13,37.49,15
19025900,Bur Oaks Pond,14.47,100.00,14.47,14.47,100.00,15
19045900,Ann,9.521,52.83,9.52,9.52,52.83,15
19046000,North,4.266,44.78,4.27,4.27,44.78,15
21001600,Smith,363.972,54.62,363.97,413.22,62.02,17
21004100,Union,57.335,53.43,57.34,62.08,57.85,18
21004900,Burgen,46.79,26.86,46.79,46.79,26.86,15
21005100,Henry,91.563,60.19,91.56,91.56,60.19,15
21005200,Geneva,295.381,46.17,295.38,295.38,46.17,15
21005300,Agnes,61.375,44.65,61.38,61.38,44.65,15
21005400,Victoria,131.166,31.47,131.17,131.17,31.47,15
21005500,Jessie,69.041,62.63,69.04,69.04,62.63,15
21005600,Le Homme Dieu,879.659,49.24,879.66,879.66,49.24,15
21005700,Carlos,922.22,35.38,922.22,965.39,37.04,17
21007300,Vermont,217.638,69.89,217.64,244.40,78.49,21
21007600,Irene,240.379,37.68,240.38,240.38,37.68,15
21007900,Maple,405.004,48.75,405.00,464.43,55.90,19
21008000,Darling,553.886,52.75,553.89,553.89,52.75,15
21008300,Miltona,2758.663,48.19,2758.66,3171.23,55.40,20
21008500,Andrew,322.666,35.14,322.67,345.58,37.63,17
21009000,Turtle,181.632,83.30,181.63,124.69,57.19,8
21009200,Mary,1096.448,44.75,1096.45,1943.19,79.30,22
21009400,Louise,98.146,45.76,98.15,98.15,45.76,15
21009500,North Union,88.267,78.01,88.27,84.78,74.93,13
21010100,Stony,58.034,67.48,58.03,56.83,66.08,14
21010200,Brophy,163.551,55.20,163.55,167.82,56.64,16
21010300,"Cowdrey,Lake",85.98,35.45,85.98,89.43,36.87,16
21010500,Lottie,40.781,87.95,40.78,38.84,83.76,13
21010600,Latoka,268.797,35.06,268.80,331.80,43.28,25
21010800,Mina,158.203,38.45,158.20,196.26,47.70,24
21011100,Cook,70.909,67.48,70.91,64.36,61.25,12
21012000,Charley,109.649,79.32,109.65,109.65,79.32,15
21012300,Ida,1751.072,39.56,1751.07,2106.87,47.59,21
21013000,Spring,53.571,45.72,53.57,53.57,45.72,15
21013600,Indian,70.115,67.83,70.12,47.59,46.03,8
21014000,Pocket,110.371,41.90,110.37,87.49,33.21,9
21014400,Lobster,1334.25,51.91,692.67,51.91,692.67,15
21014401,Lobster (East Bay),358.52,49.83,358.52,358.52,49.83,15
21014402,Lobster (West Bay),334.147,54.12,334.15,334.15,54.12,15
21014500,Chippewa,550.687,46.72,550.69,625.32,53.05,18
21015000,Grants,64.306,36.38,64.31,64.31,36.38,15
21015100,Blackwell,202.897,66.01,202.90,159.12,51.77,10
21015601,Little Oscar (Main),169.958,99.24,169.96,169.96,99.24,15
21015700,Echo,91.483,72.44,91.48,91.48,72.44,15
21016000,Rachel,104.029,31.99,104.03,151.25,46.52,25
21016200,Freeborn,171.874,70.71,171.87,95.87,39.44,11
21018000,Mill,196.417,43.62,196.42,196.42,43.62,15
21021200,Little Chippewa,147.945,55.37,147.94,147.94,55.37,15
21021300,Devils,163.766,70.10,163.77,163.77,70.10,15
21021600,Whiskey,72.627,45.53,72.63,52.32,32.80,9
21024200,Aaron,466.963,76.51,466.96,443.85,72.73,14
21024500,Moses,392.685,47.67,392.68,449.89,54.61,21
21025702,South Oscar,827.139,86.04,827.14,827.14,86.04,15
21026400,Stowe,388.819,100.00,388.82,381.35,98.08,13
21029100,Red Rock,519.518,56.59,519.52,306.33,33.37,7
21032300,Jennie,300.111,100.00,300.11,300.11,100.00,15
21035500,Ina,125.077,57.46,125.08,125.08,57.46,15
21055100,Nelson,57.315,66.02,57.31,57.31,66.02,15
22007400,Bass,152.236,77.04,152.24,86.68,43.87,9
24001400,Albert Lea,2685.174,100.00,2685.17,2685.17,100.00,15
24001500,Geneva,1884.249,100.00,1884.25,1884.25,100.00,15
24001801,Fountain (East Bay),252.156,99.89,252.16,252.16,99.89,15
24001802,Fountain (West Bay),144.924,100.00,144.92,144.92,100.00,15
24002400,White,168.14,100.00,168.14,168.14,100.00,15
24002500,Pickeral,587.565,98.99,587.57,587.57,98.99,15
24002700,Lower Twin,332.554,100.00,332.55,332.55,100.00,15
24004000,School Section,86.99,100.00,86.99,86.99,100.00,15
24004300,Morin,21.073,100.00,21.07,21.07,100.00,15
25000100,Pepin,8377.652,33.11,8377.65,8377.65,33.11,15
25001400,Sturgeon,822.557,99.37,822.56,822.56,99.37,15
25001700,U.S. Lock & Dam #3,1247.911,100.00,1247.91,1247.91,100.00,15
25001900,Clear,145.878,100.00,145.88,145.88,100.00,15
26000200,Pelican,3042.478,80.12,3042.48,1960.96,51.64,10
26002000,Thompson,73.858,48.07,73.86,14.29,9.30,3
26004000,Elk,109.396,52.95,109.40,76.93,37.24,9
26004600,Lower Elk,131.361,100.00,131.36,77.94,59.33,11
26009500,Barrett,422.305,79.74,422.30,278.14,52.52,7
26009700,Pomme de Terre,1613.058,89.17,1613.06,1011.73,55.93,8
27001600,Harriet,88.942,26.07,88.94,92.74,27.18,16
27001800,Hiawatha,26.573,48.87,26.57,13.80,25.38,8
27001900,Nokomis,104.259,51.01,104.26,55.58,27.19,12
27003100,Bde Maka Ska,113.946,27.17,113.95,113.95,27.17,15
27003400,Crystal,79.12,66.99,53.00,66.99,53.00,15
27003501,Sweeney,37.767,55.84,37.77,37.77,55.84,15
27003700,Wirth,23.051,60.36,23.05,20.74,54.32,13
27003800,Brownie,6.993,64.20,6.99,6.99,64.20,15
27003900,Cedar,60.061,36.67,60.06,60.06,36.67,15
27004000,Lake of the Isles,92.022,75.62,92.02,82.96,68.17,10
27004201,Upper Twin,123.503,96.59,123.50,123.50,96.59,15
27004202,Middle Twin,28.384,48.58,28.38,28.38,48.58,15
27004203,Lower Twin,26.604,81.12,26.60,26.60,81.12,15
27004700,Bush,117.926,64.92,117.93,117.93,64.92,15
27004800,Hyland,83.913,99.50,83.91,46.52,55.16,9
27005200,Hannan,34.191,100.00,34.19,34.19,100.00,15
27006201,North Anderson,177.994,100.00,177.99,177.99,100.00,15
27006202,Southeast Anderson,82.041,100.00,82.04,82.04,100.00,15
27006203,Southwest Anderson,102.603,100.00,102.60,102.60,100.00,15
27006700,Bryant,90.148,51.02,90.15,66.17,37.45,10
27007000,Mitchell,110.617,97.10,110.62,110.62,97.10,15
27007300,Smetana,52.225,98.48,52.23,52.23,98.48,15
27007600,Red Rock,96.611,99.58,96.61,96.61,99.58,15
27007800,Staring,156.217,95.05,156.22,147.75,89.90,12
27009000,Holiday,,,,,,
27009501,Gleason (Main Lake),165.848,99.38,165.85,165.85,99.38,15
27009800,Bass,149.282,81.49,149.28,149.28,81.49,15
27010000,Pomerleau,17.752,69.09,17.75,15.82,61.59,12
27010200,Schmidt,41.24,92.34,41.24,41.24,92.34,15
27010400,Medicine,434.53,46.74,434.53,434.53,46.74,15
27010700,Parkers,71.621,73.88,71.62,66.89,69.00,13
27010900,Hadley,,,,,,
27011101,Eagle,203.29,68.10,203.29,216.93,72.67,16
27011102,Pike,54.081,95.44,54.08,48.95,86.39,13
27011600,Rice,353.377,99.97,353.38,321.51,90.95,10
27011700,Weaver,73.243,48.16,73.24,66.34,43.62,11
27011800,Fish,80.411,33.81,80.41,80.41,33.81,15
27012500,Diamond,405.015,99.92,405.02,405.02,99.92,15
27013300,Minnetonka,6032.044,36.61,6032.04,6032.04,36.61,15
27013301,Minnetonka-Grays Bay,164.537,87.58,164.54,164.54,87.58,15
27013302,Minnetonka-Lower Lake,2059.409,32.94,2059.41,2059.41,32.94,15
27013303,Minnetonka-Carsons Bay,78.863,68.68,78.86,78.86,68.68,15
27013304,Minnetonka-St. Albans Bay,103.155,62.08,103.16,103.16,62.08,15
27013305,Minnetonka-Upper Lake,1699.304,37.59,1699.30,1699.30,37.59,15
27013306,Minnetonka-Black Lake,63.1,65.45,63.10,63.10,65.45,15
27013307,Minnetonka-Seton Lake,38.019,86.95,38.02,38.02,86.95,15
27013308,Minnetonka-Emerald Lake,14.214,97.48,14.21,14.21,97.48,15
27013309,Minnetonka-Halsteds Bay,321.84,55.02,321.84,321.84,55.02,15
27013310,Minnetonka-Crystal Bay,317.357,38.90,317.36,317.36,38.90,15
27013311,Minnetonka-Maxwell Bay,166.474,54.64,166.47,166.47,54.64,15
27013312,Minnetonka-Stubbs Bay,111.495,55.95,111.49,111.49,55.95,15
27013313,Minnetonka-North Arm,169.204,52.16,169.20,169.20,52.16,15
27013314,Minnetonka-West Arm,537.829,65.33,537.83,537.83,65.33,15
27013315,Minnetonka-Jennings Bay,187.503,59.92,187.50,187.50,59.92,15
27013400,Mooney,123.79,100.00,123.79,100.00,123.79,15
27013700,Christmas,69.711,26.09,69.71,74.04,27.71,18
27013800,Peavey,5.383,58.97,5.38,5.38,58.97,15
27013900,Forest,51.926,57.63,51.93,51.93,57.63,15
27014100,Tanager,41.379,77.38,41.38,41.38,77.38,15
27014900,Spurzem,49.542,60.50,49.54,49.54,60.50,15
27015100,School,9.384,83.81,9.38,9.38,83.81,15
27015200,Half Moon,21.805,66.03,21.81,21.81,66.03,15
27016000,Long,154.873,54.11,154.87,99.26,34.68,8.5
27016200,Classen,65.527,100.00,65.53,65.53,100.00,15
27017100,Sylvan,128.643,97.05,128.64,128.64,97.05,15
27017600,Independence,424.769,50.58,424.77,308.66,36.75,9
27017901,North Little Long,16.479,31.53,16.48,16.48,31.53,15
27017902,South Little Long,8.026,46.67,8.03,8.03,46.67,15
27018100,Dutch,93.864,54.34,93.86,44.97,26.04,6.5
27018200,Langdon,120.44,84.02,120.44,78.67,54.89,6
27018400,Whaletail,468.998,91.96,469.00,412.61,80.90,9
27019100,Sarah,557.23,66.94,373.00,66.94,373.00,15
27019101,West Sarah,242.6,67.83,242.60,242.60,67.83,15
27019102,East Sarah,113.38,55.70,113.38,113.38,55.70,15
27019200,Rebecca,122.716,46.61,122.72,40.86,15.52,4.5
27019500,Unnamed,12.607,100.00,12.61,12.61,100.00,15
27019900,Hafften,22.879,62.35,22.88,15.41,42.01,8
27030000,Unnamed,8.832,100.00,8.83,8.83,100.00,15
27066800,Highland Park Pond,10.386,91.86,10.39,10.39,91.86,15
27069300,Hidden,4.046,52.98,4.05,4.05,52.98,15
28003100,South Fork,35.468,100.00,35.47,35.47,100.00,15
29000200,Mow,66.943,63.01,66.94,66.94,63.01,15
29000300,Nagel,31.725,45.76,31.72,31.72,45.76,15
29000500,Tripp,69.439,44.65,69.44,69.44,44.65,15
29001700,Ham,190.543,98.13,190.54,190.54,98.13,15
29002500,Ninth Crow Wing,90.585,40.50,90.59,90.59,40.50,15
29003200,Big Bass,57.488,43.39,57.49,57.49,43.39,15
29003601,Eleventh Crow Wing (Main),90.239,18.84,90.24,90.24,18.84,15
29003602,Eleventh Crow Wing (East),83.172,30.43,83.17,83.17,30.43,15
29004300,Shingobee,51.801,30.13,51.80,51.80,30.13,15
29004500,Tenth Crow Wing,107.792,61.52,107.79,123.44,70.46,18
29004800,Benedict,180.544,38.81,180.54,194.85,41.88,20
29005900,Horseshoe,152.799,57.88,152.80,152.80,57.88,15
29006100,Garfield,517.27,53.90,517.27,588.91,61.37,20
29006300,Hart,226.308,100.00,226.31,226.31,100.00,15
29006600,Midge,520.738,95.42,520.74,520.74,95.42,15
29007100,Grace,352.934,40.94,352.93,352.93,40.94,15
29007200,Eighth Crow Wing,148.572,30.12,148.57,211.53,42.89,20
29007400,Indian,23.098,45.25,23.10,23.10,45.25,15
29007500,Kabekona,602.049,24.74,602.05,652.76,26.83,19
29007700,Third Crow Wing,402.455,63.35,402.46,402.46,63.35,15
29007800,Fourth Crow Wing,440.409,100.00,440.41,440.41,100.00,15
29008500,Second Crow Wing,114.418,52.75,114.42,128.47,59.23,17
29008600,First Crow Wing,519.137,99.86,519.14,519.14,99.86,15
29008700,Palmer,97.884,66.93,97.88,97.88,66.93,15
29008800,Island,149.665,62.77,149.67,189.97,79.68,18
29008900,Shallow,284.3,100.00,284.30,284.30,100.00,15
29009000,Deer,163.376,100.00,163.38,163.38,100.00,15
29009100,Seventh Crow Wing,120.138,46.44,120.14,120.14,46.44,15
29009200,Fifth Crow Wing,199.583,49.88,199.58,199.58,49.88,15
29009300,Sixth Crow Wing,168.45,49.61,168.45,168.45,49.61,15
29009700,Clausens,81.833,100.00,81.83,81.83,100.00,15
29009800,Waboose,146.692,83.72,146.69,159.04,90.77,19
29010101,East Crooked,128.297,33.85,128.30,128.30,33.85,15
29010102,Middle Crooked,254.417,84.13,254.42,236.35,78.16,8
29010103,West Crooked,132.657,49.17,132.66,132.66,49.17,15
29011000,Dead,54.102,41.41,54.10,54.10,41.41,15
29011701,Spider (NE/SW Bay),381.259,80.08,381.26,381.26,80.08,15
29011702,Spider (East Bay),44.282,42.96,44.28,44.28,42.96,15
29012700,Crappie,9.849,42.52,9.85,9.85,42.52,15
29013000,Twenty-One,28.396,79.32,28.40,28.40,79.32,15
29013100,Nelson,39.324,97.49,39.32,39.32,97.49,15
29014200,Duck,150.241,46.59,150.24,135.90,42.14,14
29014300,Big Stony,242.654,70.67,242.65,242.65,70.67,15
29014500,Round,44.389,99.25,44.39,44.39,99.25,15
29014600,Belle Taine,1007.016,69.84,1007.02,1153.71,80.01,26
29014800,Upper Bottle,172.473,37.56,172.47,172.47,37.51,15
29014900,Ojibway,132.5,72.67,132.50,132.50,72.67,15
29015000,Little Sand,163.162,39.84,163.16,198.50,48.47,20
29015101,Mantrap (East Basin),245.188,36.63,245.19,245.19,36.63,15
29015102,Mantrap (Middle Basin,456.18,63.27,456.18,456.18,63.27,15
29015103,Mantrap (Mirror Bay),7.415,100.00,7.41,7.41,100.00,15
29015104,Mantrap (West Arm),96.569,48.90,96.57,96.57,48.90,15
29015105,Mantrap (Home Bay),44.099,56.01,44.10,44.10,56.01,15
29015600,Plantagenet,970.975,38.37,970.98,970.98,38.37,15
29015700,Upper Twin,212.497,100.00,212.50,212.50,100.00,15
29016100,Long,698.842,36.28,698.84,698.84,36.28,15
29016200,Boulder,162.934,47.85,162.93,162.93,47.85,15
29016400,Sweitzer,113.517,100.00,113.52,113.52,100.00,15
29017000,Ida,46.655,62.64,46.65,46.65,62.64,15
29017200,Stocking,56.39,56.36,56.39,56.39,56.36,15
29017800,Pickerel,268.485,86.53,268.49,268.49,86.53,15
29018000,Lower Bottle,305.264,47.61,305.26,305.26,47.61,15
29018400,Blue,86.338,25.67,86.34,114.44,34.02,25
29018500,Big Sand,460.819,28.18,460.82,588.37,35.98,25
29018600,Emma,32.101,41.67,32.10,32.10,41.67,15
29018800,Gilmore,37.873,40.65,37.87,37.87,40.65,15
29020800,Bad Axe,303.26,41.22,125.00,41.22,125.00,15
29021500,Schoolcraft,112.466,65.99,112.47,112.47,65.99,15
29021600,George,504.705,61.12,504.71,504.71,61.12,15
29022400,McCarty,8.96,67.03,8.96,8.96,67.03,15
29022700,Evergreen,97.281,45.62,97.28,97.28,45.62,15
29023400,Minnie,43.839,58.19,43.84,43.84,58.19,15
29023700,Newman,17.167,37.81,17.17,17.17,37.81,15
29023900,Spearhead,72.813,37.47,72.81,72.81,37.47,15
29024100,Frontenac,177.348,84.61,177.35,177.35,84.61,15
29024200,Fish Hook,602.996,36.71,603.00,790.25,48.11,24
29024300,Potato,711.022,33.92,711.02,1082.39,51.64,24
29024600,Hennepin,417.608,100.00,417.61,417.61,100.00,15
29024700,Moran,100.629,100.00,100.63,100.63,100.00,15
29024800,Lord,55.323,89.64,55.32,55.32,89.64,15
29024900,Hinds,143.518,46.99,143.52,143.52,46.99,15
29025000,Portage,427.621,100.00,427.62,238.12,55.69,9.9
29025400,Island,221.707,41.51,221.71,231.12,43.27,16
29025600,Eagle,170.1,40.16,170.10,200.39,47.31,19
29027500,Blacksmith,19.95,51.76,19.95,19.95,51.76,15
29027700,Coon,69.059,72.82,69.06,69.06,72.82,15
29028900,Mary,20.136,35.94,20.14,20.14,35.94,15
29030000,Hattie,197.645,55.00,197.65,197.65,55.00,15
29030100,Beauty,65.822,100.00,65.82,65.82,100.00,15
29030900,LaSalle,30.643,12.88,30.64,30.64,12.88,15
29031000,Brush,77.973,97.91,77.97,77.97,97.91,15
29031200,Cedar,57.142,55.30,57.14,57.14,55.30,15
29031300,Little Mantrap,218.678,57.17,218.68,218.68,57.17,15
30000900,Typo,298.153,100.00,298.15,187.20,62.79,4
30002200,Skogman,129.77,58.78,129.77,96.09,43.52,9.1
30003500,Florence,120.203,88.59,120.20,120.20,88.59,15
30003600,Elms,41.802,81.01,40.80,38.02,10.00,10
30004300,Fannie,268.229,77.31,268.23,227.86,65.68,10
30004400,Little Stanchfield,150.063,100.00,150.06,42.75,28.49,3
30006200,Adams,6.58,54.96,6.58,6.58,54.96,15
30007200,Long,381.576,100.00,381.58,372.26,97.56,8
30008000,Francis,270.419,99.85,270.42,24.52,9.05,2
30009600,Lory,211.505,98.75,211.51,136.73,63.84,8
30010700,Blue,295.99,45.27,134.00,45.27,134.00,15
30010701,Blue (North Bay),31.718,100.00,31.72,31.72,100.00,15
30010702,Blue (South Bay),106.096,45.87,106.10,106.10,45.87,15
30011400,Baxter,88.454,100.00,88.45,88.45,100.00,15
30013500,Spectacle,170.287,70.37,170.29,166.09,68.63,14
30013600,Green,357.1,42.88,357.10,135.24,16.24,5
30013800,South Stanchfield,370.372,92.01,370.37,370.37,92.01,15
30014300,North Stanchfield,155.304,100.00,155.30,155.30,100.00,15
31000100,Long,54.34,40.95,54.34,54.34,40.95,15
31000300,South Sturgeon,46.497,22.74,46.50,46.50,22.74,15
31001600,Pancake,59.773,43.37,59.77,59.77,43.37,15
31002200,Little Island,63.418,50.96,63.42,63.42,50.96,15
31002300,Helen,86.444,53.03,86.44,86.44,53.03,15
31002800,Beauty,152.42,70.53,152.42,152.42,70.53,15
31005100,Stingy,157.511,43.60,157.51,157.51,43.60,15
31005800,Beatrice,85.378,68.97,85.38,91.43,73.86,16
31006701,Swan (West Bay),324.972,92.44,324.97,324.97,92.44,15
31006702,Swan (Main Basin),390.871,18.47,390.87,390.87,18.47,15
31008400,Shallow,278.888,51.75,278.89,278.89,51.75,15
31015400,Hartley,89.998,30.94,90.00,90.00,30.94,15
31015700,Bear,271.683,78.92,271.68,59.13,17.18,5.5
31015800,Thistledew,82.817,25.78,82.82,82.82,25.78,15
31016000,Mirror,53.05,48.62,53.05,53.05,48.62,15
31018300,Five Island,142.571,64.18,142.57,142.57,64.18,15
31019000,North Twin,69.746,29.09,69.75,69.75,29.09,15
31019100,South Twin,54.443,32.60,54.44,62.44,37.38,16
31019300,Crooked,213.033,45.83,213.03,213.03,45.83,15
31019600,Poplar,24.328,21.66,24.33,24.33,21.66,15
31019700,Battle,243.318,100.00,243.32,175.37,72.08,11
31021600,Trout,432.17,23.21,432.17,553.14,29.71,24
31023100,Lawrence,355.24,81.35,355.24,355.24,81.35,15
31023800,Lower Lawrence,123.117,81.10,123.12,123.12,81.10,15
31025500,Snaptail,76.272,43.11,76.27,76.27,43.11,15
31025900,Balsam,299.726,41.94,299.73,299.73,41.94,15
31026000,White Swan,136.221,82.35,136.22,136.22,82.35,15
31026800,Round,219.956,47.78,219.96,211.29,45.90,14
31028100,Wasson,265.587,59.05,265.59,265.59,59.05,15
31028900,Lost,45.417,51.29,45.42,45.42,51.29,15
31029200,Owen,209.927,78.41,209.93,209.93,78.41,15
31031600,Bass,36.117,29.68,36.12,36.12,29.68,15
31031700,Larson,63.162,30.28,63.16,74.59,35.76,20
31031800,Coon,258.019,74.84,258.02,258.02,74.84,15
31032000,Wilson,51.006,55.65,51.01,51.01,55.65,15
31033200,Little Bass,13.017,50.47,13.02,13.02,50.47,15
31033400,Deer,1413.354,76.21,1413.35,1346.82,72.62,12
31033900,Pickerel,104.867,43.52,104.87,69.25,28.74,9
31034900,Antler,73.887,30.92,73.89,73.89,30.92,15
31035000,Anderson,189.912,62.33,189.91,189.91,62.33,15
31035300,Split Hand,567.357,41.45,567.36,567.36,41.45,15
31036100,Hale,103.968,82.82,103.97,103.97,82.82,15
31037000,McKinney,105.6,93.75,99.00,93.75,99.00,15
31037300,Hale,35.325,27.10,35.33,35.33,27.10,15
31037400,Forest,15.415,41.32,15.41,15.41,41.32,15
31038400,Prairie,905.607,79.46,905.61,905.61,79.46,15
31038401,Lower Prairie,146.188,72.09,146.19,146.19,72.09,15
31039200,Wabana,861.322,38.78,861.32,1019.99,45.92,18
31039500,Bluewater,75.055,20.88,75.06,75.06,20.88,15
31039900,Little Wabana,36.581,31.61,36.58,36.58,31.61,15
31040200,Clearwater,51.386,67.51,51.39,51.39,67.51,15
31040600,Island,49.891,68.90,49.89,49.89,68.90,15
31040700,Hay,24.619,43.54,24.62,24.62,43.54,15
31041000,Trout,397.393,22.80,397.39,740.74,42.50,33
31041600,Black Island,80.777,67.69,80.78,80.78,67.69,15
31041700,Nose,61.808,54.02,61.81,61.81,54.02,15
31042200,Ruby,78.696,33.42,78.70,99.14,42.11,21
31045400,Eagle,120.408,42.20,120.41,120.41,42.20,15
31046000,East,96.652,50.31,96.65,96.65,50.31,15
31046300,Fox,180.616,68.50,180.62,180.62,68.50,15
31046600,Horseshoe,55.639,39.00,55.64,55.64,39.00,15
31047000,Unnamed (Nickel),6.569,46.24,6.57,6.57,46.24,15
31048000,Gunn,177.397,46.17,177.40,177.40,46.17,15
31048100,Highland,62.354,59.17,62.35,62.35,59.17,15
31049000,Elizabeth,90.483,46.93,90.48,90.48,46.93,15
31050200,Slauson,47.335,44.85,47.33,47.33,44.85,15
31051400,Brush Shanty,74.706,50.08,74.71,74.71,50.08,15
31052401,Coon-Sandwick (Coon),277.869,73.13,277.87,277.87,73.13,15
31052402,Coon-Sandwick (Sand),197.963,92.41,197.96,197.96,92.41,15
31053000,Busties,152.337,62.14,152.34,152.34,62.14,15
31053201,Pokegama (Main Bay),1981.401,35.09,1981.40,1981.40,35.09,15
31053202,Pokegama (Wendigo),331.282,29.45,331.28,331.28,29.45,15
31053300,Blandin,362.792,73.91,362.79,362.79,73.91,15
31053400,Shoal,675.838,100.00,675.84,675.84,100.00,15
31053800,Spider,767.264,55.03,767.26,767.26,55.03,15
31054000,Clubhouse,92.373,34.82,92.37,116.78,44.02,22
31054200,Three Island,90.808,36.07,90.81,90.81,36.07,15
31054300,Crooked,105.467,76.58,105.47,105.47,76.58,15
31054400,Cameron,34.212,53.61,34.21,34.21,53.61,15
31054700,Smith,35.981,83.22,35.98,35.98,83.22,15
31055100,Dinner Pail,21.558,45.61,21.56,21.56,45.61,15
31055400,Siseebakwet,272.185,22.49,272.19,272.19,22.49,15
31055500,South Sugar,45.378,48.58,45.38,47.37,50.71,16
31056500,Jay Gould,305.543,69.47,305.54,290.20,65.98,14
31056600,Little Jay Gould,75.502,50.79,75.50,75.50,50.79,15
31057500,Little Bass,56.818,35.30,56.82,62.21,38.66,17
31057600,Bass,1406.782,51.84,1406.78,1243.52,45.83,11
31058600,Johnson,121.881,26.77,121.88,121.88,26.77,15
31061600,East Smith,92.729,60.86,92.73,92.73,60.86,15
31062000,Caribou,48.93,19.84,48.93,48.93,19.84,15
31062200,Dead Horse,64.719,61.47,64.72,52.04,49.43,12
31062300,Boy,28.862,67.33,28.86,28.86,67.33,15
31062400,Grave,321.457,61.12,321.46,443.08,84.24,24
31065300,North Star,257.36,30.93,257.36,257.36,30.93,15
31065600,Big Dick,160.945,62.01,160.94,160.94,62.01,15
31065701,Jack the Horse (North),58.427,56.49,58.43,58.43,56.49,15
31065702,Jack the Horse (South),171.595,65.99,171.60,171.60,65.99,15
31066300,Forest,31.35,80.14,31.35,31.35,80.14,15
31066500,Little North Star,31.243,56.77,31.24,31.24,56.77,15
31066600,Unnamed,36.771,28.78,36.77,36.77,28.78,15
31067000,Big Ole,126.155,57.51,126.16,126.16,57.51,15
31067100,Big Island,207.209,78.31,207.21,207.21,78.31,15
31068700,Johnson,97.014,31.87,97.01,111.24,36.55,18
31069000,Aspen,67.62,93.06,67.62,67.62,93.06,15
31069600,Horseshoe,232.603,89.39,232.60,232.60,89.39,15
31070500,Lundeen,50.71,59.77,50.71,50.71,59.77,15
31070600,Mike,107.568,98.51,107.57,107.57,98.51,15
31070700,Rice,31.09,99.45,31.09,31.09,99.45,15
31071000,Connors,84.193,59.39,84.19,84.19,59.39,15
31071700,Rice,259.132,30.01,259.13,259.13,30.01,15
31071900,Deer,900.318,21.99,900.32,900.32,21.99,15
31072200,Moose,359.047,28.19,359.05,359.05,28.19,15
31072500,Turtle,617.021,28.62,617.02,617.02,28.62,15
31072600,Bello,314.083,59.32,314.08,314.08,59.32,15
31072700,Grass,99.91,83.58,99.91,99.91,83.58,15
31074900,Chase,68.661,32.49,68.66,68.66,32.49,15
31075800,Little Bowstring,124.283,38.06,124.28,117.56,36.00,14
31076900,Twin,15.884,68.25,15.88,15.88,68.25,15
31077100,Hatch,41.924,17.57,41.92,41.92,17.57,15
31077300,Maple,92.895,36.13,92.90,92.90,36.13,15
31077500,No-ta-she-bun,88.716,37.10,88.72,88.72,37.10,15
31077800,Little Too Much,39.071,49.76,39.07,39.07,49.76,15
31077900,Little Turtle,231.362,47.72,231.36,231.36,47.72,15
31078100,Long,73.47,47.22,73.47,73.47,47.22,15
31078400,Little Jessie,195.107,31.07,195.11,195.11,31.07,15
31078600,Jessie,465.34,26.74,465.34,434.38,24.96,13
31078800,La Croix,85.29,60.15,85.29,85.29,60.15,15
31078900,Spring,55.062,41.73,55.06,55.06,41.73,15
31079100,Peterson,121.654,74.78,121.65,119.75,73.61,14
31079300,Big Too Much,91.184,31.18,91.18,128.95,44.09,21
31079700,Little Spring,135.58,100.00,135.58,135.58,100.00,15
31080300,Trestle,44.548,40.04,44.55,44.55,40.04,15
31080900,Crooked,49.618,47.76,49.62,49.62,47.76,15
31081200,Ball Club,1091.004,28.38,1091.00,1091.00,28.38,15
31081300,Bowstring,4892.817,51.35,4892.82,4892.82,51.35,15
31081400,Four Towns,277.12,100.00,277.12,277.12,100.00,15
31082400,Portage,34.347,53.70,34.35,34.35,53.70,15
31082600,Sand,1923.657,44.43,1923.66,1923.66,44.43,15
31082900,Cedar,73.729,41.44,73.73,73.73,41.44,15
31083400,Bird's Eye,42.783,53.31,42.78,42.78,53.31,15
31083600,Little Whitefish,160.062,99.79,160.06,160.06,99.79,15
31084300,Whitefish,263.685,46.76,263.69,376.31,66.74,18
31084500,Clear,65.324,46.53,65.32,65.32,46.53,15
31085000,Little Winnibigoshish,350.151,37.04,350.15,350.15,37.04,15
31085300,Little Sand,221.502,62.78,221.50,221.50,62.78,15
31085701,Cut Foot Sioux(Main Bay),849.755,35.73,849.75,849.75,35.73,15
31085702,Cut Foot Sioux(East Bay),395.203,98.36,395.20,395.20,98.36,15
31087400,Alice,11.273,27.75,11.27,11.27,27.75,15
31087600,Rice,774.911,91.08,774.91,774.91,91.08,15
31087700,Natures,2250.246,98.22,2250.25,2250.25,98.22,15
31088200,Dora,428.826,99.55,428.83,428.83,99.55,15
31089600,Round,1948.408,68.12,1948.41,1948.41,68.12,15
31089800,Moose,129.776,31.48,129.78,129.78,31.48,15
31090400,Dunbar,175.247,65.46,175.25,82.07,30.65,8
31091000,Shallow Pond,224.724,99.81,224.72,224.42,99.67,10
31091300,Island,1202.92,38.70,1202.92,1202.92,38.70,15
31091700,Hendrickson,95.908,93.08,95.91,95.91,93.08,15
31092100,Dixon,480.003,77.06,480.00,390.63,62.72,10
31093400,Decker,324.632,100.00,324.63,324.63,100.00,15
31128000,Lind Pit,9.633,11.53,9.63,9.63,11.53,15
32001700,Independence,98.829,100.00,98.83,26.57,26.89,8
32001800,Fish,128.153,43.13,128.15,38.67,13.02,4
32001900,Summit,16.343,100.00,16.34,16.34,100.00,15
32002000,Loon,707.667,99.89,707.67,57.43,8.11,3
32002200,Clear,434.152,100.00,434.15,26.85,6.19,4
32002400,Little Spirit,624.268,100.00,624.27,249.01,39.89,4
32004500,Flahtery,457.32,100.00,457.32,457.32,100.00,15
32005800,Timber,191.32,100.00,191.32,61.33,32.06,4.5
32006900,Round,929.831,100.00,929.83,110.34,11.87,3.5
33000100,Eleven,314.527,100.00,314.53,174.50,55.48,8
33000900,Pomroy,410.384,99.30,410.38,202.38,48.97,6
33001500,Quamba,226.374,100.00,226.37,80.22,35.44,5
33002600,Snowshoe,44.654,100.00,44.65,44.65,100.00,15
33002800,Knife,1259.215,100.00,1259.21,177.06,14.06,5
33003200,Lewis,80.875,45.45,80.88,77.83,43.74,14.4
33003500,Kent,34.476,100.00,34.48,34.48,100.00,15
33003600,Fish,505.758,99.78,505.76,234.78,46.32,3.2
33004000,Ann,591.811,90.57,591.81,336.40,51.48,5.5
34002202,Elizabeth (Main Lake),1023.452,95.05,1023.45,1023.45,95.05,15
34003200,Carrie,63.48,69.57,63.48,64.84,71.05,15.5
34003300,Ella,150.456,100.00,150.46,22.49,14.95,0.5
34004400,Diamond,649.45,40.42,649.45,694.35,43.21,16
34006200,Calhoun,647.104,100.00,647.10,647.10,100.00,13
34006600,Long,154.016,47.62,154.02,213.60,66.04,24
34007200,Lillian,1146.851,100.00,1146.85,1021.56,89.08,5
34007900,Green,2119.753,38.12,2119.75,3380.74,60.80,35
34008600,Big Kandiyohi,1445.097,51.84,1445.10,763.89,27.40,9.5
34011600,Henderson,31.489,41.81,31.49,38.00,50.45,19
34011900,Elkhorn,38.161,48.32,38.16,43.44,54.99,20
34014200,George,113.706,49.84,113.71,148.38,65.04,20
34015400,Nest,577.166,57.26,577.17,558.19,55.38,14
34016903,"Wakanda, Lake (Main Basin",1588.751,100.00,1588.75,1436.18,90.40,11
34017100,Eagle,294.694,34.69,294.69,391.50,46.09,22
34017200,Ringo,733.126,98.74,733.13,733.13,98.74,7
34018000,Willmar,446.856,100.00,446.86,66.17,14.81,4
34018100,Foot,662.68,95.69,662.68,692.55,100.00,33.3
34019200,Long,1463.382,91.73,1463.38,1463.38,91.73,15
34019300,Point,141.271,81.28,141.27,151.24,87.01,16
34019600,Skataas,204.335,100.00,204.34,204.34,100.00,15
34020600,Andrew,255.324,34.70,255.32,350.74,47.66,19
34021700,Florida,278.964,40.20,278.96,395.59,57.01,23
34022400,Games,247.819,47.56,247.82,267.21,51.28,16
34024500,West Solomon,513.044,97.12,513.04,513.04,97.12,15
34024600,East Solomon,657.706,99.88,657.71,590.53,89.68,12
34025100,Norway,2106.345,90.83,2106.35,2149.69,92.70,16
34028300,Saint Johns,200.764,100.00,200.76,200.76,100.00,15
34029400,Lindgren,59.816,99.53,59.82,59.82,99.53,15
34029700,West Lindgren,69.548,100.00,69.55,69.55,100.00,15
34032100,Swenson,108.263,100.00,108.26,44.51,41.11,10
35000300,Bronson,200.788,61.43,200.79,81.91,25.06,6
36001100,Clear,60.458,72.11,60.46,60.46,72.11,15
36001400,Dark,86.231,73.95,86.23,86.23,73.95,15
37004601,Lac Qui Parle (S.E. Bay),3696.664,98.75,3696.66,3696.66,98.75,15
37004602,Lac Qui Parle (N.W. Bay),2154.554,99.87,2154.55,2154.55,99.87,15
38002000,East,77.175,94.49,77.17,39.42,48.26,8
38002401,Crooked (East Bay),148.21,86.30,148.21,148.21,86.30,15
38002402,Crooked (West Bay),100.136,100.00,100.14,100.14,100.00,15
38002800,Echo,11.074,26.31,11.07,11.07,26.31,15
38003300,Ninemile,289.174,97.45,289.17,289.17,97.45,15
38004700,Wilson,245.211,37.71,245.21,356.66,54.85,22
38004800,Harriet,191.277,68.77,191.28,191.28,68.77,15
38005100,Little Wilson,48.153,87.24,48.15,34.85,63.13,9
38006000,Whitefish,195.779,56.67,195.78,233.10,67.47,21
38006800,Windy,203.949,44.73,203.95,203.95,44.73,15
38021100,Ottertrack,264.341,23.08,264.34,264.34,23.08,15
38021900,Silver Island,1237.336,99.88,1237.34,544.39,43.94,6
38022000,Perent,1202.937,72.06,1202.94,1202.94,72.06,15
38022300,Beaver,89.652,39.79,89.65,89.65,39.79,15
38023000,Nicado,13.196,95.93,13.20,9.61,69.89,6
38023100,Tetagouche,66.558,100.00,66.56,66.56,100.00,15
38025600,Divide,41.504,70.10,41.50,31.33,52.92,12
38029200,Section 29,82.75,82.46,82.75,46.38,46.22,6
38033000,Alice,405.207,26.18,405.21,405.21,26.18,15
38033600,Amber,65.508,53.79,65.51,65.51,53.79,15
38035100,Thomas,469.144,29.76,469.14,469.14,29.76,15
38037200,Fraser,209.913,28.92,209.91,209.91,28.92,15
38039300,Dumbbell,188.136,47.63,188.14,139.40,35.29,10
38039600,Isabella,981.624,72.81,981.62,502.65,37.28,7
38040600,Lax,200.377,68.50,200.38,142.78,48.81,10
38040800,Bear,4.765,26.08,4.76,4.76,26.08,15
38040900,Bean,17.856,56.75,17.86,15.15,48.14,10
38051600,Ahsub,22.52,37.33,22.52,22.52,37.33,15
38052900,Snowbank,1273.97,27.37,1273.97,1273.97,27.37,15
38053900,Cloquet,174.535,99.41,174.53,170.74,97.24,6
38055400,Gander,116.897,100.00,116.90,116.90,100.00,15
38057300,Gegoka,143.586,98.94,143.59,143.59,98.94,7
38064200,Wind,615.707,64.76,615.71,615.71,64.76,15
38065600,Greenwood,1329.185,100.00,1329.19,412.63,31.04,4
38066400,Dunnigan,79.675,99.84,79.67,46.68,58.50,8
38066500,Gypsy,14.861,99.23,14.86,7.70,51.44,6
38067400,East Chub,62.503,99.88,62.50,61.71,98.60,7.5
38068600,North McDougal,272.843,100.00,272.84,38.91,14.26,4
38069100,August,219.302,95.90,219.30,97.97,42.84,6
38071201,Glacier Pond 1,15.478,85.05,15.48,15.48,85.05,15
38073500,Sand,486.205,99.75,486.20,193.58,39.72,5
38074400,Stewart,237.106,92.14,237.11,237.11,92.14,15
38075000,Christianson,150.131,100.00,150.13,150.13,100.00,15
38075100,Thomas,141.624,99.69,141.62,37.28,26.24,6
38077800,South Farm,299.021,53.02,299.02,136.88,24.27,6
38077900,Farm,435.267,33.69,435.27,200.85,15.55,6
38078200,Garden,297.214,45.49,297.21,140.66,21.53,6
38078400,Newton,334.878,65.24,334.88,334.88,65.24,15
38081000,Cedar,165.423,35.32,165.42,117.47,25.08,8
38081100,Fall,1213.134,54.03,1213.13,395.71,17.62,4
38090900,Jouppi,4.014,71.49,4.01,1.35,23.96,5
40000100,Horseshoe,316.616,76.00,316.62,151.27,36.31,7
40000200,Upper Sakatah,899.567,99.79,899.57,417.21,46.28,6
40000900,Sunfish,80.426,66.41,80.43,58.89,48.63,10
40001400,Sabre,258.11,100.00,258.11,62.87,24.36,4
40002000,Greenleaf,269.694,89.39,269.69,269.69,89.39,15
40003100,Tetonka,551.224,40.63,551.22,421.08,31.04,10
40003200,Gorman,521.104,100.00,521.10,102.45,19.66,4
40003300,Volney,124.119,46.13,124.12,101.20,37.61,10
40003900,Roemhildts,28.537,40.03,28.54,30.18,42.33,16
40004400,Steele,58.552,77.13,58.55,36.47,48.04,6
40005100,Fish,33.082,42.74,33.08,34.50,44.57,16
40005600,Rays,151.1,89.44,151.10,104.76,62.01,7
40005700,Frances,568.074,65.11,568.07,484.78,55.56,12
40006300,German,522.414,65.99,522.41,406.38,51.33,12
40007900,Clear,208.52,74.50,208.52,171.37,61.23,12
40009201,East Jefferson,331.516,51.11,331.52,275.17,42.43,12
40009202,West Jefferson,348.682,79.46,348.68,263.78,60.11,10
40009203,Swede's Bay,509.047,98.51,509.05,509.05,98.51,6
40009204,Middle Jefferson,654.932,98.60,654.93,216.66,32.62,4
40010900,Scotch,598.199,100.00,598.20,598.20,100.00,11
40011700,Washington,1131.369,74.46,1131.37,1003.31,66.03,12
40012400,Emily,219.862,73.85,219.86,155.98,52.39,7
41002100,Dead Coon,547.067,100.00,547.07,547.07,100.00,15
41004300,Benton,2649.413,100.00,2649.41,279.36,10.54,5
41006700,Perch,227.453,100.00,227.45,162.10,71.27,6.5
41008900,Shaokotan,996.264,99.84,996.26,996.26,99.84,15
41011000,Hendricks,1521.682,100.00,1521.68,387.70,25.48,5
42000200,School Grove,348.66,100.00,348.66,234.38,67.22,7
42001400,Cottonwood,382.592,100.00,382.59,362.51,94.75,7
42002000,Lady Slipper,284.458,100.00,284.46,259.03,91.06,8
42004700,Yankton,402.962,100.00,402.96,48.86,12.12,3
42005200,Rock,379.125,99.98,379.12,44.29,11.68,3
42005500,Clear,65.539,100.00,65.54,3.91,5.97,2
42007000,East Twin,95.921,26.91,95.92,41.78,11.72,8
42009300,Goose,149.737,100.00,149.74,149.74,100.00,2
42009600,Island,141.592,94.36,141.59,102.59,68.36,5
42014600,Swift,6.385,100.00,6.39,6.39,100.00,15
43001200,Winsted,382.443,100.00,382.44,65.07,17.01,3
43003400,Silver,452.716,100.00,452.72,452.72,100.00,15
43007300,Hook,309.367,91.21,309.37,148.82,43.88,5
43008400,Marion,524.059,99.48,524.06,524.06,99.48,15
43008500,Otter,641.783,99.46,641.78,641.78,99.46,15
43010400,Stahl's,75.569,55.51,75.57,53.86,39.56,8
43011500,Cedar,1860.015,97.54,1860.01,1860.01,97.54,9
44000100,Roy,592.524,86.01,592.52,592.52,86.01,15
44000300,Tulaby,316.215,38.00,316.22,365.02,43.87,20
44000600,Bass,351.834,51.07,351.83,502.23,72.90,20
44001400,South Twin,585.976,51.92,585.98,628.17,55.66,16
44002300,North Twin,956.859,99.93,956.86,956.86,99.93,15
44003800,Island,338.121,53.25,338.12,338.12,53.25,15
44004500,Snider,270.637,43.32,270.64,270.64,43.32,15
44007800,Wadena,26.502,100.00,26.50,26.50,100.00,15
44008000,McCraney,102.392,38.75,102.39,102.39,38.75,15
44011100,Buresh,36.145,45.10,36.15,36.15,45.10,15
44016900,Little Vanose,127.913,89.93,127.91,127.91,89.93,15
45000100,Thief,6896.161,100.00,6896.16,6896.16,100.00,15
45011900,Unnamed (Florian Pk Res.),47.381,97.26,47.38,47.38,97.26,15
46001200,Imogene,185.63,100.00,185.63,185.63,100.00,15
46001400,Wilmert,363.894,100.00,363.89,176.01,48.37,6
46001600,North Silver,207.936,100.00,207.94,207.94,100.00,15
46002000,South Silver,146.363,58.80,146.36,138.54,55.66,14
46002400,George,83.165,100.00,83.16,19.00,22.85,3.5
46002500,Sisseton,109.492,78.38,109.49,34.59,24.76,5
46003000,Budd,111.436,48.90,111.44,26.82,11.77,4
46003100,Hall,500.727,91.29,500.73,67.36,12.28,4
46003400,Amber,115.778,63.59,115.78,11.42,6.27,4
46009600,Clear,267.336,100.00,267.34,33.46,12.52,3
46010900,Fox,859.985,89.52,859.98,141.55,14.74,3
46011100,Clam,71.129,100.00,71.13,71.13,100.00,7
46012100,Cedar,706.858,100.00,706.86,199.99,28.29,3
46013300,Big Twin,460.735,99.98,460.74,58.06,12.60,3
46014500,Fish,155.627,100.00,155.63,11.07,7.11,2
47000200,Francis,801.277,78.17,801.28,905.75,88.36,16
47001500,Jennie,1064.033,100.00,1064.03,440.02,41.35,8
47002300,Arvilla,137.848,100.00,137.85,137.85,100.00,15
47002500,Little Swan,25.649,48.90,25.65,22.14,42.21,13
47002600,Long,113.606,67.65,113.61,85.84,51.12,10
47003200,Spring,156.246,77.04,156.25,42.73,21.07,3
47003800,Big Swan,382.144,55.10,382.14,157.01,22.64,5
47004200,Betty,94.267,61.35,94.27,27.76,18.07,3
47004600,Washington,2318.685,95.10,2318.68,1565.02,64.19,10
47004901,Belle Lake,376.547,44.06,376.55,305.60,35.76,12.3
47005000,Manuella,114.891,39.63,114.89,99.89,34.46,9
47006100,Willie,170.068,88.99,170.07,88.65,46.39,7
47006200,Greenleaf,193.012,80.90,193.01,61.11,25.62,4.8
47006400,Erie,115.681,60.09,115.68,95.06,49.38,11.5
47006800,Stella,300.409,50.37,300.41,246.76,41.38,10
47008200,Dunns,92.007,60.57,92.01,30.50,20.08,5.2
47008800,Richardson,43.934,37.71,43.93,25.79,22.14,7
47009500,Clear,479.659,90.66,479.66,207.09,39.14,7
47009600,Little Mud,25.74,68.88,25.74,21.30,56.99,9
47010200,Round,266.33,100.00,266.33,266.33,100.00,15
47010600,Hoff,138.532,98.80,138.53,138.53,98.80,15
47011900,Minnie-Belle,175.764,30.43,175.76,216.58,37.50,20
47012700,Goose,119.356,100.00,119.36,119.36,100.00,15
47012900,Star,552.767,99.99,552.77,409.63,74.10,11.3
47013402,Ripley (west portion),507.573,83.31,507.57,507.57,83.31,15
47015900,Thompson,225.746,100.00,225.75,225.75,100.00,15
47017700,Long,787.031,100.00,787.03,787.03,100.00,15
47018300,Hope,273.978,97.62,273.98,273.98,97.62,15
47026400,Unnamed,62.783,100.00,62.78,62.78,100.00,15
48000200,Mille Lacs,14759.777,11.51,14759.78,14759.78,11.51,15
48001100,Black Bass,25.166,80.28,25.17,25.17,80.28,15
48001200,Shakopee,584.885,100.00,584.89,476.85,81.53,11
49000500,Peavy,64.087,46.08,64.09,67.10,48.24,17
49001500,Long,68.593,54.32,68.59,66.38,52.57,14
49001600,Sullivan,622.012,56.38,622.01,559.69,50.73,12
49001900,Round,66.195,49.42,66.20,54.04,40.35,11
49002400,Pierz,79.732,43.17,79.73,79.73,43.17,15
49003500,Green Prairie Fish,92.988,50.96,92.99,62.61,34.31,10
49003600,Sylvan,190.974,59.40,190.97,184.72,57.46,14
49005600,Round,103.498,80.53,103.50,103.50,80.53,15
49006400,Fosdick,28.273,99.21,28.27,28.27,99.21,15
49006800,Cockburn,19.997,100.00,20.00,20.00,100.00,15
49007300,Alott,29.248,71.32,29.25,29.25,71.32,15
49007700,Unnamed,14.142,85.97,14.14,14.14,85.97,15
49007900,Alexander,843.851,31.09,843.85,1074.44,39.58,20
49008000,Placid,386.786,73.70,386.79,164.01,31.58,5
49008100,Pine,83.562,47.98,83.56,90.55,51.99,19
49008400,Stony,44.949,100.00,44.95,44.95,100.00,15
49010800,Lagerquist,13.743,43.43,13.74,13.74,43.43,15
49012700,Shamineau,630.542,43.23,630.54,717.49,49.19,18
49013100,Round,70.926,68.75,70.93,46.96,45.52,12
49013300,Crookneck,144.835,79.12,144.83,144.83,79.12,15
49013600,Ham,23.211,54.86,23.21,23.21,54.86,15
49013700,Fish Trap,357.286,30.05,357.29,357.29,30.05,15
49014000,Cedar,65.471,27.25,65.47,68.78,28.63,17
49032300,Zebulon Pike,692.648,58.91,692.65,692.65,58.91,15
50000200,East Side,40.002,99.99,40.00,40.00,99.99,15
50000300,Mill Pond,17.146,93.25,17.15,17.15,93.25,15
50001500,LeRoy Sand Pit,3.749,100.00,3.75,3.75,100.00,15
51001800,Buffalo,126.899,100.00,126.90,34.47,27.16,5
51002400,Lime,326.038,100.00,326.04,73.05,22.40,2.5
51004000,Bloody,272.551,100.00,272.55,272.55,100.00,15
51004300,Fox,172.119,100.00,172.12,26.80,15.57,3
51004600,Shetek,3370.975,95.62,3370.97,3370.97,95.62,15
51006300,Sarah,1144.059,100.00,1144.06,79.69,6.97,4
51006800,Summit,78.299,100.00,78.30,20.96,26.76,4.5
51008200,Currant,405.73,99.19,405.73,33.88,8.28,3
52000100,Unnamed (Hallett),3.543,29.35,3.54,3.54,29.35,15
52003400,Swan,8884.263,95.23,8884.26,8884.26,95.23,15
53000700,Indian,197.211,100.00,197.21,73.75,37.40,4.5
53001600,Kinbrae,98.421,100.00,98.42,98.42,100.00,15
53002100,West Graham,519.282,100.00,519.28,10.87,2.09,2
53002800,Okabena,775.93,99.77,775.93,105.39,13.55,5
55000400,Zumbro,354.904,49.60,354.90,354.90,49.60,15
56003100,Adley,242.415,99.68,242.42,242.42,99.68,15
56006600,Fish,481.464,96.94,481.46,481.46,96.94,15
56006900,Bear,134.171,67.92,134.17,126.71,64.14,13
56007000,Edna,104.787,100.00,104.79,104.79,100.00,15
56007900,Block,145.925,50.35,145.92,145.92,50.35,15
56011400,West Leaf,266.502,38.07,266.50,292.30,41.76,17
56011601,Middle Leaf,195.171,48.51,195.17,198.85,49.43,16
56011602,East Leaf,118.591,28.75,118.59,118.59,28.75,15
56013000,Big Pine,2375.962,50.23,2375.96,2375.96,50.23,15
56013800,East Battle,831.933,41.91,831.93,831.93,41.91,15
56014001,Portage (main bay),155.232,57.69,155.23,155.23,57.69,15
56014100,Rush,3287.884,62.82,3287.88,3510.90,67.08,16
56014200,Little Pine,764.201,36.74,764.20,764.20,36.74,15
56016000,Spitzer,638.489,86.43,638.49,638.49,86.43,15
56020000,Donalds,84.579,51.11,84.58,84.58,51.11,15
56021200,Boedigheimer,86.983,51.35,86.98,86.98,51.35,15
56023800,Clitherall,847.765,33.38,847.77,1434.59,56.48,31
56023900,West Battle,2570.306,46.15,2570.31,3358.14,60.29,26
56024000,Blanche,1044.374,79.50,1044.37,1044.37,79.50,15
56024100,Annie Battle,201.807,56.95,201.81,201.81,56.95,15
56024200,Otter Tail,6717.199,47.73,6717.20,6717.20,47.73,15
56024300,Marion,669.455,41.23,669.46,669.46,41.23,15
56025200,Middle,125.288,55.68,125.29,125.29,55.68,15
56025300,Eagle,175.193,19.31,175.19,175.19,19.31,15
56029800,Deer,299.287,67.32,299.29,444.39,99.96,25
56030201,First Silver,235.789,44.53,235.79,235.79,44.53,15
56030600,Elbow,79.065,41.98,79.06,79.06,41.98,15
56031000,Walker,362.878,62.44,362.88,362.88,62.44,15
56032800,Little McDonald,513.332,39.06,513.33,513.33,39.06,15
56035800,Scalp,67.585,26.88,67.59,114.00,45.34,28
56036000,Rose,490.607,40.87,490.61,651.57,54.28,30
56036900,Six,65.723,34.10,65.72,65.72,34.10,15
56037700,South Turtle,600.796,70.87,600.80,608.57,71.78,16
56037800,East Lost,316.422,65.45,316.42,401.01,82.95,24
56037900,North Turtle,1747.428,98.22,1747.43,1747.43,98.22,15
56038300,Dead,6258.354,82.71,6258.35,6880.35,90.93,18
56038500,Star,2658.616,58.63,2658.62,2658.62,58.63,15
56038601,Big McDonald,392.196,39.55,392.20,392.20,39.55,15
56038602,West McDonald,193.844,32.48,193.84,193.84,32.48,15
56038603,Big McDonald #2,388.762,68.53,388.76,388.76,68.53,15
56038700,Sybil,278.838,41.30,278.84,278.84,41.30,15
56038800,Long,551.585,42.80,551.59,551.59,42.80,15
56040800,Sewell,188.702,51.17,188.70,200.44,54.35,18
56043700,Stalker,607.789,44.80,607.79,607.79,44.80,15
56047500,Pickerel,244.176,29.14,244.18,350.49,41.82,25
56053200,Leek (Trowbridge),307.612,48.58,307.61,307.61,48.58,15
56054800,Bradbury,63.649,78.46,63.65,63.65,78.46,15
56055900,Clear,183.682,45.98,183.68,172.71,43.23,14
56061300,Ten Mile,713.521,49.98,713.52,575.25,40.30,10
56068200,Spring,46.368,91.32,46.37,46.37,91.32,15
56069100,Kempfer,20.139,54.35,20.14,20.14,54.35,15
56072700,Fladmark,19.268,37.11,19.27,29.24,56.30,24
56074701,North Lida,2399.716,43.51,2399.72,4026.85,73.01,27
56074702,South Lida,321.033,41.37,321.03,371.44,47.87,17
56074900,Crystal,712.72,49.87,712.72,712.72,49.87,15
56075900,Franklin,529.116,48.57,529.12,529.12,48.57,15
56076001,Lizzie (north portion),815.486,42.66,815.49,815.49,42.66,15
56076002,Rush-Lizzie(south portion,1831.466,100.00,1831.47,1831.47,100.00,15
56076100,Little Pelican,366.1,69.93,256.00,69.93,256.00,15
56078100,Swan,410.437,54.34,410.44,473.67,62.72,23
56078300,Wright,39.911,60.06,39.91,39.91,60.06,15
56078400,Long,287.04,37.89,287.04,287.04,37.89,15
56078600,Pelican,1608.247,40.58,1608.25,2116.26,53.40,25
56084600,Iverson,61.67,95.84,61.67,61.67,95.84,15
56087700,Jewett,264.837,36.27,264.84,264.84,36.27,15
56091500,Prairie,790.897,78.59,790.90,790.90,78.59,15
56092000,Unnamed,31.091,100.00,31.09,31.09,100.00,15
56094100,Pete,132.454,99.30,132.45,132.45,99.30,15
56095001,West Olaf,141.272,66.36,141.27,141.27,66.36,15
56095200,Grove,531.449,99.67,531.45,531.45,99.67,15
56098200,Oscar,454.45,82.17,454.45,454.45,82.17,15
56103900,Jacobs,157.006,99.79,157.01,157.01,99.79,15
57005100,Red Lake River Reservoir,84.791,93.13,84.79,84.79,93.13,15
58000700,Rock,79.323,100.00,79.32,60.86,76.73,7.7
58002400,Tamarack,36.08,51.73,36.08,43.21,61.95,18
58003100,Pickerel,58.703,100.00,58.70,57.12,97.31,7
58003800,Net,136.824,100.00,136.82,94.14,68.80,7.5
58004800,Oak,443.255,97.28,443.25,418.31,91.80,13
58006200,Island,292.501,54.55,292.50,182.99,34.03,9.5
58006700,Sturgeon,727.335,42.64,727.33,727.33,42.64,15
58006800,Eleven,40.094,37.12,40.09,40.09,37.12,15
58006900,Twelve,41.507,63.48,41.51,41.51,63.48,15
58008100,Sand,234.851,45.49,234.85,204.47,39.61,12
58011900,Cross,456.417,49.35,456.42,238.79,25.82,9.5
58012300,Grindstone,77.395,14.65,77.39,54.55,10.33,9
58012800,Bass,32.722,100.00,32.72,32.39,98.97,11
58013700,Bass,182.693,81.57,182.69,140.79,62.86,13
58013800,Big Pine,177.606,44.52,177.61,106.20,26.62,9.3
58014200,Pokegama,942.833,62.21,942.83,409.29,27.01,8
58014600,Unnamed,7.738,90.44,7.74,7.74,90.44,15
59002100,Indian Pond,2.087,100.00,2.09,2.09,100.00,15
60001500,Whitefish,197.607,81.41,197.61,197.61,81.41,15
60002701,Cross (North East Bay),83.677,100.00,83.68,83.68,100.00,15
60002702,Cross (Main  Basin),140.708,84.92,140.71,140.71,84.92,15
60002703,Cross (East Bay),70.442,100.00,70.44,70.44,100.00,15
60003200,Turtle,525.123,99.72,525.12,525.12,99.72,15
60013000,Store,25.146,50.64,25.15,11.65,23.46,7
60014200,Hill River,69.434,70.64,69.43,69.43,70.64,15
60018900,Cameron,224.829,100.00,224.83,224.83,100.00,15
60020200,Sarah,145.297,47.68,145.30,145.30,47.68,15
60021400,Badger,254.713,99.63,254.71,254.71,99.63,15
60021700,Union,376.241,47.07,376.24,395.77,49.51,16
60030500,Maple,1575.578,99.69,1575.58,1407.36,89.05,12
61002300,Grove,229.647,66.65,229.65,226.78,65.82,14
61002900,Westport,203.125,100.00,203.13,203.13,100.00,15
61003700,Linka,70.785,40.47,70.78,72.26,41.31,16
61004100,Scandinavian,229.728,55.24,229.73,239.80,57.67,16
61004300,Goose,323.827,99.26,323.83,323.83,99.26,15
61006400,Amelia,376.626,40.13,376.63,421.09,44.87,18
61006600,Leven,159.726,56.64,159.73,148.45,52.64,14
61006700,Villard,541.474,99.47,541.47,373.74,68.65,13
61007200,Gilchrist,209.326,62.31,209.33,168.41,50.13,7
61007800,Reno,2029.159,53.49,2029.16,1562.09,41.18,9
61009200,Hoff,83.844,82.93,83.84,83.84,82.93,15
61009700,Benson,347.064,100.00,347.06,347.06,100.00,15
61011100,Pelican,421.873,80.88,421.87,412.28,79.04,14
61012200,Ann,369.761,100.00,369.76,101.48,27.44,10
61012300,John,121.281,100.00,121.28,121.28,100.00,15
61013000,Minnewaska,3290.836,40.88,3290.84,3290.84,40.88,15
61016200,Malmedal,198.581,100.00,198.58,46.97,23.65,5
61018000,Emily,2311.006,100.00,2311.01,1059.46,45.84,2
62000100,Silver (East),71.816,98.12,71.82,70.90,96.86,11
62000200,Bald Eagle,589.063,56.13,589.06,211.86,20.19,6
62000500,Casey,11.821,100.00,11.82,11.82,100.00,15
62000600,Kohlman,82.899,100.00,82.90,44.19,53.30,4
62000700,Gervais,94.423,40.18,94.42,63.87,27.18,7
62001001,Spoon,6.821,100.00,6.82,6.82,100.00,6
62001002,Keller (main bay),73.316,95.55,73.32,73.32,95.55,15
62001100,Wakefield,20.518,100.00,20.52,20.52,100.00,15
62001200,Round,21.08,98.39,21.08,21.08,98.39,15
62001300,Phalen,84.529,42.76,84.53,74.23,37.55,11
62001600,Beaver,82.825,100.00,82.82,30.84,37.24,6
62002700,Gilfillan,96.28,99.72,96.28,96.28,99.72,15
62002800,Sucker,50.259,79.22,50.26,41.64,65.64,10
62003801,East Vadnais,145.182,36.94,145.18,93.66,23.83,9
62003802,West Vadnais,211.619,99.84,211.62,211.62,99.84,9
62003900,Twin,15.131,45.60,15.13,9.22,27.79,9
62004600,Pleasant,287.165,47.29,287.17,251.98,41.50,12
62004700,Crosby,70.912,97.70,70.91,69.55,95.83,12
62005400,McCarron,25.602,34.95,25.60,19.32,26.37,10.5
62005500,Como,65.645,97.75,65.65,19.90,29.63,3
62005600,Owasso,284.178,76.05,284.18,257.72,68.97,10.5
62005700,Josephine,78.88,69.36,78.88,75.84,66.68,14
62006100,Turtle,284.178,63.15,284.18,284.18,63.15,15
62006700,Long,117.286,61.62,117.29,103.22,54.23,12
62006900,Pike,34.618,91.13,34.62,9.84,25.90,3
62007100,Valentine,63.961,100.00,63.96,63.96,100.00,15
62007300,Snail,127.793,86.48,127.79,126.76,85.78,14
62007501,Island (Basin S.of I-694),41.856,100.00,41.86,41.86,100.00,15
62007502,Island (Basin N.of I-694),17.997,94.92,18.00,18.00,94.92,15
62007800,Johanna,92.929,43.92,92.93,68.06,32.17,10
62008200,Wabasso,23.534,54.96,23.53,24.74,57.77,18
62008300,Silver (West),63.259,85.11,63.26,63.26,85.11,15
64005800,Redwood,55.887,99.27,55.89,55.89,99.27,15
64015000,Laura,19.409,83.48,19.41,12.28,52.81,8
65000200,Preston,660.847,99.49,660.85,82.04,12.35,4
65000600,Allie,509.119,100.00,509.12,509.12,100.00,15
66000800,Cannon,1572.55,98.70,1572.55,378.47,23.76,6
66001000,Wells,653.895,98.13,653.90,653.90,98.13,15
66001400,Dudley,39.595,62.14,39.59,36.40,57.13,12
66001500,Kelly,51.133,79.29,51.13,51.13,79.29,15
66001800,Roberds,486.887,77.01,486.89,143.68,22.72,5
66002700,Circle,837.563,88.95,837.56,482.28,51.22,6
66002900,Fox,146.665,47.14,146.66,125.16,40.23,10
66003200,Union,396.734,99.45,396.73,396.73,99.45,15
66003800,French,379.026,43.28,379.03,291.71,33.31,12
66003900,Mazaska,333.003,48.88,333.00,235.47,34.56,11
66004500,Sprague,179.423,100.00,179.42,179.42,100.00,15
66004700,Hunt,148.64,84.28,148.64,77.50,43.94,9
66005200,Cedar,667.272,75.35,667.27,238.02,26.88,4
66005500,Shields,702.933,73.81,702.93,616.46,64.73,12
68000400,Hayes,131.529,72.22,131.53,63.64,34.94,7
69000100,Pine,450.064,100.00,450.06,450.06,100.00,15
69000200,Seven Beaver,1414.338,99.91,1414.34,1414.34,99.91,15
69000300,Birch,3562.018,51.56,3562.02,1556.59,22.53,5
69000400,White Iron,1539.521,47.54,1539.52,459.40,14.19,5
69001100,Pequaywan,190.964,44.02,190.96,93.88,21.64,7
69001600,Sand,26.331,98.41,26.33,26.33,98.41,15
69002800,Little Stone,179.754,98.39,179.75,179.75,98.39,15
69003000,White,99.707,81.02,99.71,63.84,51.87,6
69004100,Bassett,193.566,47.86,193.57,193.57,47.86,15
69004400,Butterball,450.658,99.84,450.66,450.66,99.84,15
69005000,Big,393.438,48.65,393.44,393.44,48.65,15
69005600,Little,58.316,83.60,58.32,58.32,83.60,15
69006400,Dry,16.497,20.12,16.50,16.50,20.12,15
69006900,Shagawa,745.172,31.78,745.17,411.44,17.55,7
69007100,High,97.002,35.46,97.00,97.00,35.46,15
69011400,Cadotte,287.401,99.89,287.40,287.40,99.89,15
69011500,Bear Island,937.899,39.70,937.90,447.54,18.94,7
69011700,Johnson,453.245,98.59,453.25,215.27,46.83,4
69011800,Burntside,5910.74,80.82,5910.74,886.85,12.13,10
69014600,Harris,43.088,63.07,43.09,43.09,63.07,15
69016700,West Twin,79.522,99.79,79.52,79.52,99.79,15
69017400,East Twin,69.334,56.27,69.33,69.33,56.27,15
69018600,Coxey Pond,191.817,98.92,191.82,191.82,98.92,15
69019000,Big,1649.092,86.61,1649.09,631.31,33.16,7
69020500,Stuart,299.422,37.42,299.42,155.05,19.38,7
69023700,Cameron,72.086,100.00,72.09,68.63,95.20,6
69024900,Colby,362.01,69.19,362.01,362.01,69.19,15
69025400,Bearhead,365.864,55.45,365.86,371.40,56.29,15.3
69027800,Armstrong,97.768,25.86,97.77,92.60,24.49,14
69028501,Eagles Nest #1,84.398,26.08,84.40,98.60,30.47,17
69028502,Eagles Nest #2,216.686,55.86,216.69,216.69,55.86,15
69028503,Eagles Nest #3,577.148,50.67,577.15,538.51,47.27,13
69029900,Hassel,85.918,99.16,85.92,85.92,99.16,15
69030600,Glimmer,16.634,98.45,16.63,16.63,98.45,15
69037100,Wild Rice,2368.542,98.64,2368.54,1387.15,57.77,6
69037201,Island Lake Rsvr(W.Basin),3204.757,48.66,3204.76,3204.76,48.66,15
69037202,Island Lake Rsvr(E.Basin),410.022,23.00,410.02,410.02,23.00,15
69037300,Boulder,3206.586,97.38,3206.59,863.20,26.21,5
69037500,Whiteface Reservoir,2933.574,64.23,2933.57,1016.11,22.25,5
69037600,Whitewater,563.369,45.35,563.37,251.19,20.22,8
69037801,East Vermilion,11123.397,32.75,11123.40,11123.40,32.75,15
69037802,West Vermilion,4240.033,36.05,4240.03,4240.03,36.05,15
69039400,Flowage,108.163,99.78,108.16,108.16,99.78,15
69039700,Clearwater,12.46,83.14,12.46,12.46,83.14,15
69041201,Upper Comstock,128.837,48.24,128.84,76.81,28.76,8
69041202,Lower Comstock,126.315,77.32,126.31,62.43,38.21,6
69042000,South Twin,52.279,44.28,52.28,29.15,24.69,8
69042600,Loon,68.874,25.37,68.87,68.87,25.37,15
69042900,Sabin (Embarrass Mine),14.216,9.11,14.22,14.22,9.11,15
69043401,Sabin,161.018,50.98,161.02,55.11,17.45,6
69043402,Wynne,71.965,25.42,71.97,33.30,11.76,5
69047000,Loon,953.811,35.77,953.81,953.81,35.77,15
69048900,Caribou,433.883,81.48,433.88,433.88,81.48,15
69049000,Pike,147.332,30.18,147.33,147.33,30.18,15
69049101,Fish Lk Flowage(Main Bas),2307.183,77.72,2307.18,1309.57,44.11,10
69049102,Fish Lk Flowage(East Bay),378.131,99.87,378.13,375.31,99.12,10
69049300,Long,89.405,44.85,89.41,89.41,44.85,15
69049400,Mud Hen,160.52,100.00,160.52,160.52,100.00,15
69049500,Long,374.232,100.00,374.23,244.91,65.44,6
69049600,Embarrass,425.624,90.17,425.62,425.62,90.17,15
69049800,Trout,1726.804,21.70,1726.80,1436.12,18.05,12
69050600,Little Grand,65.337,100.00,65.34,41.97,64.23,4
69051100,Grand,1572.278,94.80,1572.28,1550.73,93.50,14
69051300,Little Grand,87.594,49.85,87.59,87.59,49.85,15
69052100,Leora,107.299,40.84,107.30,77.56,29.52,10
69052900,Strand,325.436,98.56,325.44,325.44,98.56,15
69054400,Dinham,128.916,63.92,128.92,128.92,63.92,15
69054500,Cameron,89.817,54.13,89.82,89.82,54.13,15
69054600,Schubert,149.44,70.56,149.44,71.05,33.55,8
69055000,Section Fourteen,111.477,81.87,111.48,111.48,81.87,15
69055300,Bass,53.845,36.69,53.84,53.84,36.69,15
69055500,Silver,27.091,95.56,27.09,27.09,95.56,15
69055600,Lost,47.721,46.00,47.72,47.72,46.00,15
69056200,Coe,46.096,83.33,46.10,46.10,83.33,15
69056500,Esquagama,119.855,26.48,119.85,112.97,24.96,13
69058700,Oriniack,604.557,81.23,604.56,604.56,81.23,15
69060800,Little Vermilion,572.104,44.43,572.10,572.10,44.43,15
69061500,Echo,1139.047,99.97,1139.05,1139.00,99.97,11
69061600,Crane,1018.011,33.97,1018.01,634.33,21.17,9
69061700,Sand Point,2630.371,30.85,2630.37,2630.37,29.83,15
69061900,Simian,81.155,100.00,81.16,81.16,100.00,15
69062700,Nichols,369.797,88.00,369.80,369.80,88.00,15
69064200,Elliot,367.871,100.00,367.87,367.87,100.00,12
69064600,Murphy,232.623,65.68,232.62,102.33,28.89,7
69065100,St. Mary's,86.788,37.05,86.79,86.79,37.05,15
69065300,Long,82.886,52.88,82.89,52.16,33.28,10
69065500,Pleasant,153.935,45.76,153.93,153.93,45.76,15
69066000,Ely,248.864,35.12,248.86,248.86,35.12,15
69066200,Silver,32.235,73.00,32.24,28.80,65.22,12
69066300,Virginia,17.007,55.18,17.01,15.14,49.13,13
69066900,Big Rice,1917.224,99.99,1917.22,1917.22,99.99,15
69067100,Pfeiffer,39.282,65.14,39.28,34.51,57.23,13
69068200,Little Trout,103.428,38.05,103.43,103.43,38.05,15
69068400,Mukooda,163.922,20.97,163.92,174.84,22.37,17
69069100,Johnson,681.268,39.23,681.27,681.27,38.77,15
69069300,Namakan,11917.254,49.52,11917.25,11917.25,43.34,15
69069400,Rainy,5427.466,99.98,5427.47,5427.47,99.08,15
69069500,East Twin,114.824,100.00,114.82,114.82,100.00,15
69069600,West Twin,119.304,98.98,119.30,119.30,98.98,15
69069800,Lost,143.233,100.00,143.23,143.23,100.00,15
69070000,Maple Leaf,57.408,57.67,57.41,49.72,49.94,12
69070100,Aerie,101.441,69.31,101.44,88.92,60.76,12
69071700,Elbow,131.737,77.90,131.74,131.74,77.90,15
69072500,Mashkenode,127.76,100.00,127.76,127.76,100.00,15
69072600,Manganika,151.345,87.54,151.34,151.34,87.54,15
69073200,Little Sand,95.731,100.00,95.73,50.07,52.30,6
69073600,Sand,778.059,99.20,778.06,531.48,67.76,10
69074200,Ban,393.8,99.83,393.80,121.64,30.84,5
69074300,Unnamed,56.936,99.35,56.94,56.94,99.35,15
69074400,Elbow,703.286,39.03,703.29,703.29,39.03,15
69074500,West Elbow,77.87,99.73,77.87,77.87,99.73,15
69074800,Kjostad,235.827,53.51,235.83,174.02,39.49,11
69074900,Myrtle,854.192,97.46,854.19,854.19,97.46,15
69075500,Marion,182.874,99.97,182.87,89.97,49.19,7
69076000,Little Johnson,555.268,98.09,555.27,555.27,97.64,15
69076100,Spring,60.99,27.82,60.99,60.99,27.82,15
69076800,Martin,25.451,37.54,25.45,25.45,37.54,15
69077500,McQuade,166.71,96.26,166.71,110.82,63.99,10
69078800,Camp A,14.871,82.12,14.87,14.87,82.12,15
69079000,Dark,142.927,61.75,142.93,142.93,61.75,15
69079500,Gate,11.317,84.75,11.32,11.32,84.75,15
69079600,Leander,67.117,26.59,67.12,67.12,26.59,15
69081000,Elephant,326.525,45.12,326.53,232.16,32.08,11
69083200,Cruiser,23.969,20.29,23.97,115.32,97.62,4
69083500,Unnamed (Ryan),33.872,100.00,33.87,33.87,100.00,15
69083900,Brown,34.986,50.46,34.99,34.99,50.46,15
69084100,Pelican,10837.401,93.86,10837.40,10034.47,86.91,12
69084200,Black Duck,473.764,37.91,473.76,416.39,31.68,13.5
69084500,Kabetogama,7168.964,29.83,7168.96,7168.81,27.30,15
69084800,Prairie,255.261,32.14,255.26,255.26,32.04,15
69085600,Carey,145.399,100.00,145.40,145.40,100.00,15
69085900,Long,131.419,50.76,131.42,131.42,50.76,15
69086400,Ash,214.551,31.11,214.55,165.92,24.06,11
69086700,Jorgens,48.798,77.73,48.80,48.80,77.73,15
69087200,Loiten,26.446,27.76,26.45,15.16,15.91,7
69088900,Island,137.773,50.59,137.77,137.77,50.59,15
69091200,Dewey,96.593,47.85,96.59,96.59,47.85,15
69092500,Shannon,133.294,100.00,133.29,133.29,100.00,15
69093200,Perch,175.484,51.07,175.48,175.48,51.07,15
69093901,Sturgeon,662.859,41.34,662.86,662.86,41.34,15
69093902,Middle Sturgeon,73.884,54.75,73.88,73.88,54.75,15
69093903,West Sturgeon,50.837,43.49,50.84,50.84,43.49,15
69099400,West Two Rivers Reservoir,518.453,66.88,518.45,518.45,66.88,15
69104000,Little Dry,10.698,74.71,10.70,10.70,74.71,15
69131800,Cub,3.094,41.56,3.09,3.09,41.56,15
69132900,Little Elbow,3.474,65.05,3.47,3.47,65.05,15
69142800,Iron Chief Complex,20.291,9.80,20.29,20.29,9.80,15
70001000,Murphy,51.087,97.71,51.09,51.35,98.21,16
70002200,Cleary,144.743,99.02,144.74,130.59,89.34,7
70002600,Lower Prior,589.705,60.03,589.70,589.70,60.03,15
70002900,St. Catherine,135.287,100.00,135.29,135.29,100.00,15
70005000,McMahon,162.258,99.43,162.26,157.93,96.78,13
70005200,Cynthia,197.523,100.00,197.52,197.52,100.00,15
70005400,Spring,282.826,47.87,282.83,282.83,47.87,15
70005500,Unnamed,16.358,100.00,16.36,16.36,100.00,15
70006900,Fish,72.169,41.73,72.17,72.17,41.73,15
70007200,Upper Prior,310.512,81.32,310.51,310.51,81.32,15
70007800,Unnamed (Hass),29.358,96.17,29.36,29.36,96.17,15
70009100,Cedar,792.503,100.00,792.50,792.50,100.00,12.5
70009500,O'Dowd,273.579,87.11,273.58,161.28,51.35,6
70009800,Pleasant,316.862,100.00,316.86,49.81,15.72,2
70011000,Geis,182.605,100.00,182.60,182.60,100.00,15
70011300,Mill Pond,17.719,100.00,17.72,3.47,19.57,2
70012001,Thole,118.52,99.76,118.52,88.63,74.61,9
70012002,Schneider,38.031,100.00,38.03,38.03,100.00,15
70020000,Unnamed,14.359,100.00,14.36,14.36,100.00,15
70029400,Sweetbrier,19.486,99.06,19.49,19.49,99.06,15
71000100,Twin,39.945,99.09,39.95,39.95,99.09,15
71001300,Orono,246.642,99.07,246.64,246.64,99.07,15
71001600,Fremont,485.179,99.16,485.18,382.00,78.07,6
71002200,West Hunter,61.321,100.00,61.32,61.32,100.00,15
71002300,East Hunter,56.902,100.00,56.90,56.90,100.00,15
71004000,Sandy,38.95,63.37,38.95,47.18,76.76,25
71004600,Diann,61.961,100.00,61.96,61.96,100.00,15
71005500,Elk,360.053,99.80,360.05,175.90,48.76,8
71005700,Birch,118.395,76.75,118.40,64.92,42.09,10
71006700,Eagle,319.487,70.24,319.49,158.06,34.75,7
71006900,Ann,132.849,75.78,132.85,138.39,78.95,16.5
71008100,Mitchell,90.375,56.13,90.38,85.96,53.38,14
71008200,Big,116.407,45.67,116.41,145.03,56.90,20
71009600,Thompson,55.358,65.63,55.36,55.36,65.63,15
71012300,Camp,53.131,68.96,53.13,53.13,68.96,15
71012600,Masford,85.797,100.00,85.80,85.80,100.00,15
71013500,Unnamed,22.787,100.00,22.79,22.79,100.00,15
71014100,Elk,356.882,100.00,356.88,48.04,13.46,2
71014500,Julia,151.823,99.75,151.82,45.68,30.01,6
71014600,Briggs,219.68,54.35,219.68,145.72,36.05,8
71014700,Rush,160.818,100.00,160.82,103.31,64.24,7
71015300,Clear,70.158,62.32,70.16,70.16,62.32,15
71015800,Pickerel,92.656,85.88,92.66,92.66,85.88,15
71015900,Long,137.785,79.18,137.79,137.79,79.18,15
71016700,Round,22.445,62.72,22.44,22.44,62.72,15
72001300,Silver,652.14,100.00,652.14,652.14,100.00,15
72008900,Clear,505.076,100.00,505.08,505.08,100.00,15
73000100,Dallas,20.278,80.67,20.28,20.28,80.67,15
73000200,Feldges,22.506,92.44,22.51,22.51,92.44,15
73000300,Maria,70.075,99.36,70.08,70.08,99.36,15
73000400,Long,38.902,58.18,38.90,37.49,56.07,14
73000500,Hinz,6.267,42.46,6.27,6.27,42.46,15
73000600,Crooked,41.846,55.38,41.85,39.40,52.14,14
73000700,Quinn,10.644,47.42,10.64,10.64,47.42,15
73000800,Hulbert,10.589,61.77,10.59,10.59,61.77,15
73001100,Warner,20.676,62.04,20.68,13.74,41.22,10
73001200,Fuller,23.988,80.51,23.99,23.99,80.51,15
73001400,Marie,124.967,85.13,124.97,107.18,73.01,8
73001500,Otter,35.847,33.21,35.85,37.36,34.61,16
73002200,Mund,20.037,98.66,20.04,20.04,98.66,15
73002300,Beaver,67.085,49.57,67.08,67.08,49.57,15
73003500,School Section,192.978,100.00,192.98,192.98,100.00,15
73003700,Pearl,558.626,74.86,558.63,642.73,86.13,16
73003800,Carnelian,96.994,56.54,96.99,96.99,56.54,15
73004300,Days,23.569,65.98,23.57,23.57,65.98,15
73004400,Murray,35.22,68.92,35.22,35.22,68.92,15
73005100,Pleasant,113.292,51.74,113.29,113.29,51.74,15
73005500,Grand,233.22,35.95,233.22,233.22,35.95,15
73006400,Kraemer,102.301,52.46,102.30,102.30,52.46,15
73007000,Watab,38.278,39.61,38.28,38.28,39.61,15
73007200,Rossier,19.125,52.13,19.12,19.12,52.13,15
73007600,Goodners,148.472,80.79,148.47,109.69,59.69,9
73008200,Schneider,25.135,46.20,25.14,25.14,46.20,15
73008300,Great Northern,185.346,92.21,185.35,185.35,92.21,15
73008500,Byer,177.227,96.19,177.23,177.23,96.19,15
73008600,Knaus,209.7,96.82,209.70,209.70,96.82,15
73008700,Krays,86.938,90.48,86.94,86.94,90.48,15
73008800,Bolfing,67.37,62.99,67.37,67.37,62.99,15
73008900,Zumwalde,118.616,98.16,118.62,118.62,98.16,15
73009100,Stump,59.664,82.80,59.66,59.66,82.80,15
73009200,Sagatagan,180.16,78.87,180.16,190.13,83.24,18
73009700,Kreigle,60.05,62.27,60.05,60.05,62.27,15
73009800,Pitts,100.747,88.30,100.75,100.75,88.30,15
73009900,Minnie,9.985,37.62,9.98,9.98,37.62,15
73010000,Kalla,41.722,39.20,41.72,41.72,39.20,15
73010100,Schmid,23.124,60.86,23.12,23.12,60.86,15
73010200,Big Watab,57.184,23.29,57.18,86.83,35.36,28
73010400,Island,91.55,80.74,91.55,97.20,85.72,18
73010500,Long,31.01,100.00,31.01,31.01,100.00,15
73010600,Big Fish,183.985,34.53,183.99,183.99,34.53,15
73010700,Long,65.197,42.65,65.20,65.20,42.65,15
73010900,Little Watab,42.43,70.09,42.43,42.43,70.09,15
73011700,Big Spunk,160.023,38.53,160.02,171.85,41.38,16
73011800,Pelican,129.017,43.86,129.02,147.19,50.04,21
73012200,Ochotto,21.516,50.33,21.52,24.26,56.76,18
73012300,Lower Spunk,129.342,72.23,129.34,129.34,72.23,15
73012500,Achman,40.359,87.77,40.36,43.35,94.27,21
73012600,Anna,75.255,92.38,75.26,75.26,92.38,15
73012700,Linneman,109.552,100.00,109.55,109.55,100.00,15
73012800,Middle Spunk,79.006,33.30,79.01,90.63,38.20,20
73013300,Cedar Island,985.77,76.59,755.00,76.59,755.00,15
73013301,Cedar Island (Main Bay),238.998,53.45,239.00,239.00,53.45,15
73013302,Cedar Island (Mud Lk),54.969,70.55,54.97,54.97,70.55,15
73013303,Cedar Island (Koetter Lk),121.525,90.13,121.52,121.52,90.13,15
73013304,Cedar Island (East Lk),269.612,99.41,269.61,269.61,99.41,15
73013600,Pine,35.32,32.34,35.32,29.64,27.14,13
73013800,Two Rivers,221.09,37.89,221.09,157.59,27.01,7
73013900,Long,331.225,67.20,331.23,331.23,67.20,15
73014100,Deep,19.165,35.18,19.16,19.16,35.18,15
73014700,North Brown's,124.489,39.87,124.49,124.49,39.87,15
73015000,Eden,122.218,44.97,122.22,122.22,44.97,15
73015100,Vails,133.312,84.78,133.31,133.31,84.78,15
73015600,Becker,212.015,95.77,212.02,212.02,95.77,15
73015700,Horseshoe,341.053,54.37,341.05,341.05,53.62,15
73015900,Big,263.05,57.99,263.05,162.18,35.76,7
73016600,Koop,27.883,46.37,27.88,27.88,46.37,15
73016700,Little Rice,50.8,90.54,50.80,50.80,90.54,15
73017200,Clear,43.272,36.64,43.27,43.27,36.64,15
73018300,St. Anna,34.819,27.73,34.82,26.88,21.41,7
73019300,Beautiful,16.55,56.47,16.55,16.55,56.47,15
73019600,Rice,832.554,57.23,832.55,787.70,54.15,13
73019900,Sand,209.287,100.00,209.29,82.11,39.23,6
73020002,Koronis (main lake),1146.637,38.37,1146.64,1146.64,38.37,15
73021500,Maria,59.83,61.63,59.83,56.25,57.95,13
73022600,Cedar,86.823,78.29,86.82,88.66,79.95,16
73023100,Long,42.516,46.06,42.52,40.82,44.22,14
73023300,Kings,51.841,26.25,51.84,43.13,21.84,12
73024100,Black Oak,87.691,92.22,87.69,87.69,92.22,15
73024400,Ellering,18.306,49.43,18.31,18.31,49.43,15
73024900,Sylvia,23.233,27.52,23.23,23.23,27.52,15
73025100,Melrose,72.311,100.00,72.31,72.31,100.00,15
73027300,McCormic,206.092,100.00,206.09,206.09,100.00,15
73061100,George,3.937,46.05,3.94,3.94,46.05,15
73072300,Sauk River,,,,,,
73075200,Heratige Center Ponds,11.62,100.00,11.62,11.62,100.00,15
74000100,Rice,527.866,100.00,527.87,527.87,100.00,15
74001900,Kohlmeier,34.483,99.71,34.48,34.48,99.71,15
74002300,Beaver,45.269,46.34,45.27,19.33,19.79,4
75001900,Page,169.668,45.30,169.67,374.53,100.00,17
75002400,Long,635.97,100.00,635.97,297.55,46.79,5
75007500,Perkins,517.329,98.61,517.33,83.73,15.96,3
75020000,Hattie,463.852,100.00,463.85,111.40,24.02,4
76003300,Monson,191.714,92.18,191.71,207.99,100.00,19
76007200,Camp,126.99,55.12,126.99,133.69,58.02,16
76008600,Hassel,608.98,99.61,608.98,608.98,99.61,15
76014601,Oliver (east portion),238.197,66.49,238.20,238.20,66.49,15
76014602,Oliver (west portion),173.808,99.38,173.81,173.81,99.38,15
77000200,Schreiers,28.365,100.00,28.37,28.37,100.00,15
77000700,Mound,82.43,31.16,82.43,100.74,38.08,20
77000900,Trace,255.77,100.00,255.77,255.77,100.00,15
77001000,Bass,43.796,46.42,43.80,45.85,48.60,16
77001900,Mary,63.672,49.32,63.67,129.10,100.00,14.4
77002200,Mons,23.166,24.51,23.17,23.17,24.51,15
77002300,Big Swan,397.095,44.77,397.10,383.00,43.18,14
77002400,Bass,23.396,19.08,23.40,23.40,19.08,15
77002500,Pepin,20.515,38.38,20.52,17.11,32.01,11
77002600,Moose,50.84,40.07,50.84,36.33,28.63,9
77002700,Long,104.625,26.46,104.63,109.97,27.82,17
77002900,Buck,17.756,28.95,17.76,12.95,21.13,10
77003000,Mountain,23.501,50.97,23.50,23.50,50.97,15
77003200,Lady,43.89,26.82,43.89,43.89,26.82,15
77003400,Little Swan,61.153,37.93,61.15,54.14,33.58,10
77003500,Beauty,130.62,54.81,130.62,123.08,51.64,13.5
77004600,Coal,71.295,41.67,71.30,59.58,34.83,12
77005000,Mill,130.547,78.39,130.55,64.96,39.01,7
77005300,Star,56.735,82.30,56.73,50.78,76.66,10
77006300,Big,170.591,59.07,170.59,205.95,71.31,16
77006600,Thunder,215.36,100.00,215.36,89.24,41.44,6
77006700,Pine Island,121.517,51.89,121.52,133.72,57.11,17
77007600,Fawn,116.551,93.28,116.55,116.55,93.28,15
77008400,Big Birch,652.65,30.90,652.65,754.56,35.73,19
77008402,Big Birch (S portion),427.321,30.78,427.32,427.32,30.78,15
77008800,Turtle,40.368,34.62,40.37,35.80,30.70,13
77008900,Little Birch,271.937,32.44,271.94,265.51,31.68,14
77009500,Fuller,25.176,48.49,25.18,25.18,48.49,15
77009600,Hennessy,33.359,64.47,33.36,33.36,64.47,15
77010500,Latimer,83.069,41.23,83.07,36.23,17.98,8
77012000,Charlotte,35.999,24.94,36.00,43.67,30.26,20
77012800,Horseshoe,87.416,72.36,87.42,83.70,69.29,14
77013800,Dower,46.808,59.17,46.81,50.10,63.34,17
77014901,Long (Main Basin),70.842,44.83,70.84,70.84,44.83,15
77015001,Sauk (Southwest Bay),402.551,87.75,402.55,402.55,87.75,15
77015002,Sauk (North Bay),962.09,57.45,962.09,962.09,57.45,15
77016000,Cedar,63.458,45.76,63.46,79.50,57.33,18
77016300,Juergens,89.757,77.04,89.76,89.76,77.04,15
77016400,Little Sauk,189.845,66.35,189.84,102.57,35.85,7
77018100,Maple,183.361,47.22,183.36,183.36,47.22,15
77018200,Guernsey,113.205,93.50,113.21,55.59,45.91,6
77019500,Faille,68.157,100.00,68.16,68.16,100.00,15
77021500,Osakis,3389.006,53.53,3389.01,2855.78,45.11,12
77035700,Long,66.722,64.31,66.72,74.86,72.15,16
77035800,Lily,30.921,50.13,30.92,32.60,52.84,17
78002500,Traverse,10848.304,100.00,10848.30,2056.96,18.96,5
80002500,Unnamed,16.487,100.00,16.49,16.49,100.00,15
80003000,Lower Twin,134.506,53.39,134.51,134.51,53.39,15
80003400,Blueberry,532.532,100.00,532.53,532.53,100.00,15
80003600,Unnamed,35.264,100.00,35.26,35.26,100.00,15
80003700,Stocking,297.527,82.25,297.53,297.53,82.25,15
80003800,Morgan,11.972,52.06,11.97,11.97,52.06,15
80003900,Spirit,64.528,56.66,64.53,72.60,63.74,20
81000300,St. Olaf,51.399,56.36,51.40,47.95,52.57,13.6
81001401,Clear,563.674,86.89,563.67,215.16,33.16,8
81001500,Loon,122.639,99.30,122.64,83.65,67.73,6
81005500,Reeds,113.107,60.26,113.11,68.41,36.45,9
81009500,Elysian,2225.769,98.87,2225.77,1724.26,76.60,8
82001400,Little Carnelian,110.631,80.98,110.63,110.63,80.98,15
82002100,Long,97.338,93.91,97.34,90.89,87.69,7
82002300,Lily,24.991,57.07,24.99,24.23,55.33,14
82002500,Louise,40.526,97.96,40.53,40.53,97.96,15
82003100,Terrapin,121.701,99.35,121.70,121.70,99.35,15
82003300,Mays,37.373,92.92,37.37,37.37,92.92,15
82003400,East Boot,38.638,89.01,38.64,38.09,87.74,14
82003800,Unnamed (Maple Marsh),35.799,100.00,35.80,35.80,100.00,15
82004400,West Boot,35.253,72.98,35.25,25.98,53.79,6
82004600,Square,64.492,31.76,64.49,86.32,42.51,25
82004900,Big Carnelian,137.527,30.09,137.53,190.14,41.60,20
82005200,Big Marine,1180.442,69.79,1180.44,1278.62,75.59,18.5
82005400,Bone,119.403,54.71,119.40,59.26,27.16,6
82005900,Goose,40.938,55.46,40.94,27.58,37.36,9.5
82007700,Unnamed (Goggins),34.141,100.00,34.14,34.14,100.00,15
82008000,Halfbreed,78.568,89.73,78.57,78.57,89.73,15
82008700,Unnamed,18.626,97.15,18.63,18.63,97.15,15
82008900,Markgrafs,,,,,,
82009100,Battle Creek,96.888,99.64,96.89,89.70,92.24,8
82009200,Powers,29.671,52.45,29.67,29.67,52.45,15
82009400,Colby,70.94,97.08,68.87,97.08,68.87,15
82009700,La,,,,,,
82010100,DeMontreville,142.617,90.81,142.62,135.07,86.00,13
82010300,Olson,87.384,100.00,87.38,87.38,100.00,17
82010400,Jane,109.706,71.25,109.71,125.21,81.32,22
82010600,Elmo,66.382,25.85,66.38,72.10,28.08,17
82011500,Tanners,30.825,42.10,30.82,27.91,38.12,13
82011800,Long,35.936,56.90,35.94,13.92,22.04,7
82012200,Pine Tree,164.123,93.52,164.12,164.12,93.52,15
82013000,Long,49.46,93.12,49.46,49.46,93.12,15
82014800,Plaisted,37.653,100.00,37.65,37.65,100.00,15
82014900,North School Section,57.852,100.00,57.85,57.85,100.00,15
82015100,South School Section,83.841,87.82,83.84,75.96,79.56,14
82015300,Sunset,130.593,99.49,130.59,130.36,99.31,13
82015900,Forest,1561.192,68.75,1561.19,1404.75,61.86,13
82016200,Shields,25.527,86.44,25.53,20.19,68.35,9
82016300,Clear,270.307,63.02,270.31,145.89,34.01,5
82016600,Carver,23.834,49.99,23.83,13.00,27.27,8
82016700,White Bear,1334.411,53.61,1334.41,1504.40,60.44,18
83003600,Kansas,402.86,100.00,402.86,81.18,20.15,3.5
83004000,Long,257.929,100.00,257.93,78.91,30.59,5
83004300,St. James,204.945,100.00,204.95,204.95,100.00,14.4
85001100,Winona,308.43,90.13,278.00,90.13,278.00,15
85001101,Winona (South Bay),132.241,59.42,132.24,132.24,59.42,15
85001102,Winona (North Bay),78.76,91.74,78.76,78.76,91.74,15
86000100,Foster,115.301,100.00,115.30,115.30,100.00,15
86000900,Martha,71.046,75.75,71.05,57.66,61.48,9
86001100,Charlotte,89.711,37.71,89.71,128.36,53.95,25
86001200,Moore,12.1,98.11,12.10,12.10,98.11,15
86002000,Wilhelm,106.728,98.34,106.73,106.73,98.34,15
86002100,Mud,77.69,100.00,77.69,77.69,100.00,15
86002200,Steele,137.077,100.00,137.08,137.08,100.00,15
86002300,Beebe,179.487,58.99,179.49,162.18,53.30,12
86002800,Moore,208.136,99.77,208.14,208.14,99.77,15
86003100,Pelican,3513.24,94.92,3513.24,3513.24,94.92,15
86004100,Dean,126.941,72.22,126.94,39.76,22.62,5
86004600,Crawford,107.586,99.81,107.59,107.59,99.81,15
86004900,Mary,349.348,100.00,349.35,349.35,100.00,15
86005100,Constance,86.428,53.51,86.43,43.43,26.89,8.5
86005302,Pulaski (main bay),138.767,18.97,138.77,183.91,25.14,20
86005600,Washington,155.457,100.00,155.46,155.46,100.00,15
86006100,Pohl,45.657,99.02,45.66,45.66,99.02,15
86006300,Green Mountain,162.053,99.57,162.05,162.05,99.57,15
86006600,Birch,49.865,49.96,49.87,49.87,49.96,15
86006700,First,10.952,64.01,10.95,10.95,64.01,15
86006800,Mud,24.374,73.95,24.37,24.37,73.95,15
86006900,Long,64.445,67.10,64.44,64.44,67.10,15
86007000,Bertram,34.985,32.01,34.99,34.99,32.01,15
86007100,East Twin,27.425,100.00,27.43,27.43,100.00,15
86007200,North,88.003,96.20,88.00,88.00,96.20,15
86007300,Cedar,145.492,85.44,145.49,145.49,85.44,15
86007302,Little Cedar,16.636,46.01,16.64,16.64,46.01,15
86007800,Slough,45.813,100.00,45.81,45.81,100.00,15
86008300,Unnamed,11.038,100.00,11.04,11.04,100.00,15
86008600,Fountain,434.644,99.95,434.64,434.64,99.95,15
86008800,Mink,58.279,62.07,58.28,58.28,62.07,15
86008900,Tamarack,53.125,86.32,53.12,53.12,86.32,15
86009000,Buffalo,756.977,48.80,756.98,163.98,10.57,6
86009400,West Twin,31.272,100.00,31.27,31.27,100.00,15
86009500,Black,82.679,84.45,82.68,82.68,84.45,15
86010300,Ida,64.108,75.72,64.11,64.11,75.72,15
86010600,Little Waverly,338.001,100.00,338.00,114.12,33.76,5
86010700,Deer,135.457,79.19,135.46,98.32,57.48,8
86010800,Goose,51.931,100.00,51.93,51.93,100.00,15
86010900,Fadden,11.939,59.31,11.94,11.94,59.31,15
86011400,Waverly,146.751,30.05,146.75,107.78,22.07,9
86011600,Birch,74.121,75.10,74.12,74.12,75.10,15
86011800,Unnamed,6.002,100.00,6.00,6.00,100.00,15
86011900,Sullivan,39.432,55.87,39.43,45.85,64.96,20
86012000,Ramsey,155.23,50.21,155.23,128.59,41.59,11
86012200,Light Foot,60.424,87.99,60.42,60.42,87.99,15
86012300,North Twin,24.97,51.04,24.97,24.97,51.04,15
86012600,South Twin,36.29,82.62,36.29,36.29,82.62,15
86012700,Albert,35.09,60.62,35.09,35.09,60.62,15
86012900,Albert,32.151,100.00,32.15,32.15,100.00,15
86013101,North Berthiaume,18.683,78.73,18.68,18.68,78.73,15
86013102,South Berthiaume,11.587,58.94,11.59,11.59,58.94,15
86013200,Abbie,118.82,99.88,118.82,118.82,99.88,15
86013300,Angus,79.554,97.55,79.55,79.55,97.55,15
86013400,Maple,,,,,,
86013401,Upper Maple,393.403,51.95,393.40,393.40,51.95,15
86013402,Mud,118.53,100.00,118.53,118.53,100.00,15
86013900,Little Mary,127.208,98.93,127.21,127.21,98.93,15
86014000,Silver,37.667,45.54,37.67,17.24,20.84,6
86014600,Ida,108.385,47.69,108.38,135.39,59.58,23
86014700,Little Eagle,19.123,53.00,19.12,19.12,53.00,15
86014800,Eagle,99.318,53.21,99.32,83.10,44.52,12
86015200,Millstone,204.143,100.00,204.14,204.14,100.00,15
86015300,Unnamed (Otter),33.147,73.69,33.15,33.15,73.69,15
86015600,Mary,66.832,34.24,66.83,47.65,24.42,9
86016300,Limestone,97.929,53.34,97.93,87.88,47.87,13
86016400,Rice,77.025,83.93,77.03,55.09,60.03,6
86016800,Locke,61.93,46.44,61.93,26.52,19.88,7
86017100,Ember,36.03,61.14,36.03,36.03,61.14,15
86017600,Melrose,63.62,85.94,63.62,63.62,85.94,15
86017800,Dog,74.034,76.67,74.03,74.03,76.67,15
86018100,Little Rock,22.298,60.19,22.30,22.30,60.19,15
86018200,Rock,99.772,56.72,99.77,65.91,37.47,8
86018300,Fish,54.156,57.25,54.16,33.88,35.81,6
86018400,Dutch,119.602,73.69,119.60,119.60,73.69,15
86018800,Emma,188.569,100.00,188.57,188.57,100.00,15
86019000,Ann,282.162,75.16,282.16,111.89,29.81,7
86019200,Round,30.503,67.57,30.50,30.50,67.57,15
86019300,Mary,90.962,49.75,90.96,90.96,49.75,15
86019900,Howard,317.586,43.16,317.59,209.71,28.50,9
86020800,Swartout,292.865,98.92,292.86,292.86,98.92,15
86021100,Edward,100.338,99.77,100.34,100.34,99.77,15
86021200,Albion,249.038,100.00,249.04,249.04,100.00,15
86021300,Henshaw,272.2,100.00,272.20,272.20,100.00,15
86021700,Granite,118.179,33.47,118.18,87.98,24.92,11
86021800,Maxim,41.215,89.96,41.21,41.21,89.96,15
86022100,Camp,46.039,38.29,46.04,30.06,25.00,9
86022300,Indian,57.132,42.41,57.13,21.34,15.84,7
86022700,Cedar,276.719,35.33,276.72,263.25,33.61,14
86022900,Mink,251.823,84.50,251.82,251.82,84.50,15
86023000,Somers,147.267,99.71,147.27,147.27,99.71,15
86023300,Sugar,371.233,36.40,371.23,420.19,41.20,20
86023400,Bass,95.961,44.90,95.96,95.96,44.90,15
86023800,Nixon,36.601,61.45,36.60,36.60,61.45,15
86023900,Sheldon,18.81,37.84,18.81,18.81,37.84,15
86024200,Wiegand,35.743,84.21,35.74,35.74,84.21,15
86024300,Grass,63.908,69.43,63.91,61.61,66.93,13
86024700,Unnamed (Cassidy),9.229,61.10,9.23,9.23,61.10,15
86025100,Pleasant,291.243,50.98,291.24,326.45,57.15,18
86025200,Clearwater,3186.88,50.07,1595.60,50.07,1595.60,15
86025201,Clearwater (East),717.281,43.06,717.28,752.35,45.16,16
86025202,Clearwater (West),808.309,51.92,808.31,843.26,54.17,16
86025600,Chelgren,43.345,80.96,43.35,43.35,80.96,15
86026300,Cokato,183.613,33.67,183.61,88.85,16.29,4
86026400,Brooks,58.31,60.86,58.31,58.31,60.86,15
86026600,Mud,26.228,46.93,26.23,19.59,35.06,8
86026800,Unnamed,51.941,88.39,51.94,51.94,88.39,15
86027100,Moose,61.99,70.86,61.99,61.99,70.86,15
86027300,French,166.944,48.15,166.94,166.94,48.15,15
86027400,Dans,57.514,71.36,57.51,57.51,71.36,15
86027900,West Lake Sylvia,297.099,32.85,297.10,401.98,44.45,25
86028000,Pickeral,16.004,79.03,16.00,16.00,79.03,15
86028100,Caroline,65.754,50.14,65.75,45.86,34.96,9
86028200,Louisa,129.566,66.73,129.57,121.95,62.81,12
86028400,Augusta,60.937,34.31,60.94,58.71,33.05,14
86028600,Little John,23.257,48.83,23.26,23.26,48.83,15
86028800,John,284.53,71.58,284.53,284.53,71.58,15
86028900,East Lake Sylvia,209.542,31.34,209.54,259.53,38.82,24
86029300,Collinwood,383.202,60.27,383.20,224.79,35.35,9
86029700,Scott,54.662,66.82,54.66,25.48,31.15,3
86029800,Union,29.779,32.14,29.78,17.88,19.30,5.5
86032000,Unnamed (Hidden),4.126,52.23,4.13,4.13,52.23,15
86050600,Helmbrecht Pond,8.45,100.00,8.45,8.45,100.00,15
87001600,Curtis,381.531,100.00,381.53,381.53,100.00,15
87001900,Tyson,165.843,100.00,165.84,41.36,24.94,4
87003000,Wood,484.676,100.00,484.68,79.08,16.32,5
87018000,Del Clark,93.749,59.30,93.75,79.68,50.40,12
87018100,John Reservoir,19.337,100.00,19.34,5.60,28.94,2.5
NA,Teal,,,,,,
NA,Townline,,,,,,
