"permit_number","treatment_year","start_date","end_date","treatment_size","chemicals_units","active_ing","treatment_id","additional_data","lake_name","DOW","species_code","LAKE_NAME","LakeAreaAcres","15ft_LittoralZone_Acres","ObservedLittoralZone_Acres","Percentage_15ft_LittoralZone","Percentage_ObservedLittoralZone","Depth_ObservedLittoralZone","TreatmentSize_PercentofLake","TreatmentSize_PercentofLittoral"
"2017-0512",2022,2022-05-18,2022-05-18,27.6,"aquathol_k (gals)","Endothall","S_1645","Y","Middle Jefferson",40009204,"CLP","Middle Jefferson",654.932,654.93,216.66,98.6,32.62,4,4.21417796046002,12.7388535031847
"2020-0145",2022,2022-06-07,2022-06-07,10,"diquat (gals)","Diquat Dibromide","S_1883","Y","Keller (main bay)",62001002,"CLP","Keller (main bay)",73.316,73.32,73.32,95.55,95.55,15,13.6395875388728,13.6388434260775
"2020-0145",2022,2022-06-07,2022-06-07,10,"diquat (gals)","Diquat Dibromide","S_1883","Y","Keller (main bay)",62001002,"CLP","Keller (main bay)",73.316,73.32,73.32,95.55,95.55,15,13.6395875388728,13.6388434260775
"2020-0147",2022,2022-06-07,2022-06-07,5.8,"diquat (gals)","Diquat Dibromide","S_1884","Y","Gervais",62000700,"CLP","Gervais",94.423,94.42,63.87,40.18,27.18,7,6.14257119557735,9.080945670894
"2020-0148",2022,2022-06-07,2022-06-07,10.6,"diquat (gals)","Diquat Dibromide","S_1885","Y","Kohlman",62000600,"CLP","Kohlman",82.899,82.9,44.19,100,53.3,4,12.7866439884679,23.9873274496492
"2020-0148",2022,2022-06-07,2022-06-07,10.6,"diquat (gals)","Diquat Dibromide","S_1885","Y","Kohlman",62000600,"CLP","Kohlman",82.899,82.9,44.19,100,53.3,4,12.7866439884679,23.9873274496492
"2022-0338",2022,2022-05-26,2022-05-26,6.7,"diquat (gals)","Diquat Dibromide","S_1967","Y","Lobster",21014400,"CLP","Lobster",1334.25,692.67,51.91,51.91,692.67,15,0.50215476859659,12.906954344057
"2017-0442",2023,2023-10-17,2023-10-17,4.5,NA,NA,"S_2021","Y","Big",71008200,"EWM","Big",116.407,116.41,145.03,45.67,56.9,20,3.86574690525484,3.10280631593463
"2017-0663",2023,2023-05-15,2023-05-15,5.12,"aquathol_k (gals)","Endothall","S_2039","Y","Brooks",86026400,"CLP","Brooks",58.31,58.31,58.31,60.86,60.86,15,8.78065511919053,8.78065511919053
"2017-0663",2023,2023-05-15,2023-05-15,5.12,"aquathol_k (gals)","Endothall","S_2039","Y","Brooks",86026400,"CLP","Brooks",58.31,58.31,58.31,60.86,60.86,15,8.78065511919053,8.78065511919053
"2017-1367",2023,2023-08-25,2023-08-25,3.06,NA,NA,"S_2088","Y","East Lake Sylvia",86028900,"EWM","East Lake Sylvia",209.542,209.54,259.53,31.34,38.82,24,1.46032776245335,1.17905444457288
"2017-1367",2023,2023-08-25,2023-08-25,3.06,NA,NA,"S_2088","Y","East Lake Sylvia",86028900,"EWM","East Lake Sylvia",209.542,209.54,259.53,31.34,38.82,24,1.46032776245335,1.17905444457288
"2017-1367",2023,2023-08-25,2023-08-25,3.06,NA,NA,"S_2088","Y","East Lake Sylvia",86028900,"EWM","East Lake Sylvia",209.542,209.54,259.53,31.34,38.82,24,1.46032776245335,1.17905444457288
"2017-1367",2023,2023-08-25,2023-08-25,3.06,NA,NA,"S_2088","Y","East Lake Sylvia",86028900,"EWM","East Lake Sylvia",209.542,209.54,259.53,31.34,38.82,24,1.46032776245335,1.17905444457288
"2017-1779",2023,2023-05-23,2023-05-23,49.5,"aquathol_k (gals), diquat (gals)","Endothall, Diquat Dibromide","S_2100","Y","Smith",21001600,"CLP","Smith",363.972,363.97,413.22,54.62,62.02,17,13.5999472486895,11.9790910410919
"2017-1779",2023,2023-05-23,2023-05-23,49.5,"aquathol_k (gals), diquat (gals)","Endothall, Diquat Dibromide","S_2100","Y","Smith",21001600,"CLP","Smith",363.972,363.97,413.22,54.62,62.02,17,13.5999472486895,11.9790910410919
"2017-1779",2023,2023-05-23,2023-05-23,49.5,"aquathol_k (gals), diquat (gals)","Endothall, Diquat Dibromide","S_2100","Y","Smith",21001600,"CLP","Smith",363.972,363.97,413.22,54.62,62.02,17,13.5999472486895,11.9790910410919
"2017-1779",2023,2023-05-23,2023-05-23,49.5,"aquathol_k (gals), diquat (gals)","Endothall, Diquat Dibromide","S_2100","Y","Smith",21001600,"CLP","Smith",363.972,363.97,413.22,54.62,62.02,17,13.5999472486895,11.9790910410919
"2017-2060",2023,2023-07-21,2023-07-21,1.7,"copper_ethnolamine (gals)","Copper Complex","S_2115","Y","West Lake Sylvia",86027900,"SSW","West Lake Sylvia",297.099,297.1,401.98,32.85,44.45,25,0.572199839110869,0.422906612269267
"2017-2060",2023,2023-07-21,2023-07-21,1.7,"copper_ethnolamine (gals)","Copper Complex","S_2115","Y","West Lake Sylvia",86027900,"SSW","West Lake Sylvia",297.099,297.1,401.98,32.85,44.45,25,0.572199839110869,0.422906612269267
"2018-0668",2023,2023-05-20,2023-05-20,29.9,"aquathol_k (gals)","Endothall","S_2165","Y","Grand",73005500,"CLP","Grand",233.22,233.22,233.22,35.95,35.95,15,12.8205128205128,12.8205128205128
"2018-0668",2023,2023-05-20,2023-05-20,29.9,"aquathol_k (gals)","Endothall","S_2165","Y","Grand",73005500,"CLP","Grand",233.22,233.22,233.22,35.95,35.95,15,12.8205128205128,12.8205128205128
"2018-0668",2023,2023-05-20,2023-05-20,29.9,"aquathol_k (gals)","Endothall","S_2165","Y","Grand",73005500,"CLP","Grand",233.22,233.22,233.22,35.95,35.95,15,12.8205128205128,12.8205128205128
"2018-0668",2023,2023-05-20,2023-05-20,29.9,"aquathol_k (gals)","Endothall","S_2165","Y","Grand",73005500,"CLP","Grand",233.22,233.22,233.22,35.95,35.95,15,12.8205128205128,12.8205128205128
"2018-0668",2023,2023-05-20,2023-05-20,29.9,"aquathol_k (gals)","Endothall","S_2165","Y","Grand",73005500,"CLP","Grand",233.22,233.22,233.22,35.95,35.95,15,12.8205128205128,12.8205128205128
"2018-1045",2023,2023-05-31,2023-05-31,37.95,"flumioxazin (lbs)","Flumioxazin","S_2189","Y","East Rush",13006901,"CLP","East Rush",1136.436,1136.44,722.01,76.56,48.64,8,3.33938734781369,5.25615988698218
"2018-1664",2023,2023-05-26,2023-05-26,3.57,"aquathol_k (gals)","Endothall","S_2202","Y","West Lake Sylvia",86027900,"CLP","West Lake Sylvia",297.099,297.1,401.98,32.85,44.45,25,1.20161966213282,0.888103885765461
"2018-1664",2023,2023-05-26,2023-05-26,3.57,"aquathol_k (gals)","Endothall","S_2202","Y","West Lake Sylvia",86027900,"CLP","West Lake Sylvia",297.099,297.1,401.98,32.85,44.45,25,1.20161966213282,0.888103885765461
"2018-1664",2023,2023-05-26,2023-05-26,3.57,"aquathol_k (gals)","Endothall","S_2202","Y","West Lake Sylvia",86027900,"CLP","West Lake Sylvia",297.099,297.1,401.98,32.85,44.45,25,1.20161966213282,0.888103885765461
"2018-1664",2023,2023-05-26,2023-05-26,3.57,"aquathol_k (gals)","Endothall","S_2202","Y","West Lake Sylvia",86027900,"CLP","West Lake Sylvia",297.099,297.1,401.98,32.85,44.45,25,1.20161966213282,0.888103885765461
"2018-2165",2023,2023-08-25,2023-08-25,1.79,NA,NA,"S_2205","Y","West Lake Sylvia",86027900,"EWM","West Lake Sylvia",297.099,297.1,401.98,32.85,44.45,25,0.602492771769679,0.445295785859993
"2019-3016",2023,2023-08-24,2023-08-24,11,"alligare (gals)","2,4-D","S_2240","Y","Frances",40005700,"EWM","Frances",568.074,568.07,484.78,65.11,55.56,12,1.93636744508638,2.269070506209
"2019-3016",2023,2023-08-24,2023-08-24,11,"alligare (gals)","2,4-D","S_2240","Y","Frances",40005700,"EWM","Frances",568.074,568.07,484.78,65.11,55.56,12,1.93636744508638,2.269070506209
"2019-3016",2023,2023-08-24,2023-08-24,11,"alligare (gals)","2,4-D","S_2240","Y","Frances",40005700,"EWM","Frances",568.074,568.07,484.78,65.11,55.56,12,1.93636744508638,2.269070506209
"2023-0381",2023,2023-07-27,2023-07-27,1.9,NA,NA,"S_2355","Y","Rabour",13007900,"EWM","Rabour",37.816,37.82,31.96,73.3,61.94,12,5.02432832663423,5.94493116395494
"2023-1190",2023,2023-07-27,2023-07-27,0.5,NA,NA,"S_2369","Y","Mandall",13007400,"EWM","Mandall",33.287,33.29,23.48,71.11,50.15,9,1.50208790218404,2.12947189097104
"2017-0365",2024,2024-05-08,2024-05-08,48.8,"diquat (gals)","Diquat Dibromide","S_2407","Y","Long",47017700,"CLP","Long",787.031,787.03,787.03,100,100,15,6.20051814985687,6.20052602823272
"2017-0365",2024,2024-05-08,2024-05-08,48.8,"diquat (gals)","Diquat Dibromide","S_2407","Y","Long",47017700,"CLP","Long",787.031,787.03,787.03,100,100,15,6.20051814985687,6.20052602823272
"2017-0365",2024,2024-05-08,2024-05-08,48.8,"diquat (gals)","Diquat Dibromide","S_2407","Y","Long",47017700,"CLP","Long",787.031,787.03,787.03,100,100,15,6.20051814985687,6.20052602823272
"2017-0365",2024,2024-05-08,2024-05-08,48.8,"diquat (gals)","Diquat Dibromide","S_2407","Y","Long",47017700,"CLP","Long",787.031,787.03,787.03,100,100,15,6.20051814985687,6.20052602823272
"2017-0365",2024,2024-05-08,2024-05-08,48.8,"diquat (gals)","Diquat Dibromide","S_2407","Y","Long",47017700,"CLP","Long",787.031,787.03,787.03,100,100,15,6.20051814985687,6.20052602823272
"2017-0365",2024,2024-05-08,2024-05-08,48.8,"diquat (gals)","Diquat Dibromide","S_2407","Y","Long",47017700,"CLP","Long",787.031,787.03,787.03,100,100,15,6.20051814985687,6.20052602823272
"2017-0365",2024,2024-05-08,2024-05-08,48.8,"diquat (gals)","Diquat Dibromide","S_2407","Y","Long",47017700,"CLP","Long",787.031,787.03,787.03,100,100,15,6.20051814985687,6.20052602823272
"2017-0365",2024,2024-05-08,2024-05-08,48.8,"diquat (gals)","Diquat Dibromide","S_2407","Y","Long",47017700,"CLP","Long",787.031,787.03,787.03,100,100,15,6.20051814985687,6.20052602823272
"2017-0365",2024,2024-05-08,2024-05-08,48.8,"diquat (gals)","Diquat Dibromide","S_2407","Y","Long",47017700,"CLP","Long",787.031,787.03,787.03,100,100,15,6.20051814985687,6.20052602823272
"2017-0365",2024,2024-05-08,2024-05-08,48.8,"diquat (gals)","Diquat Dibromide","S_2407","Y","Long",47017700,"CLP","Long",787.031,787.03,787.03,100,100,15,6.20051814985687,6.20052602823272
"2017-0512",2024,2024-05-03,2024-05-03,18.69,"aquathol_k (gals)","Endothall","S_2420","Y","Middle Jefferson",40009204,"CLP","Middle Jefferson",654.932,654.93,216.66,98.6,32.62,4,2.85373137974629,8.62641927443921
"2017-0512",2024,2024-05-03,2024-05-03,18.69,"aquathol_k (gals)","Endothall","S_2420","Y","Middle Jefferson",40009204,"CLP","Middle Jefferson",654.932,654.93,216.66,98.6,32.62,4,2.85373137974629,8.62641927443921
"2017-0512",2024,2024-05-03,2024-05-03,18.69,"aquathol_k (gals)","Endothall","S_2420","Y","Middle Jefferson",40009204,"CLP","Middle Jefferson",654.932,654.93,216.66,98.6,32.62,4,2.85373137974629,8.62641927443921
"2017-0512",2024,2024-05-03,2024-05-03,18.69,"aquathol_k (gals)","Endothall","S_2420","Y","Middle Jefferson",40009204,"CLP","Middle Jefferson",654.932,654.93,216.66,98.6,32.62,4,2.85373137974629,8.62641927443921
"2017-0522",2024,2024-07-01,2024-07-01,37,"fluridone (gals)","Fluridone","S_2422","Y","Hyland",27004800,"CLP","Hyland",83.913,83.91,46.52,99.5,55.16,9,44.0932870949674,79.5356835769561
"2017-0522",2024,2024-07-01,2024-07-01,37,"fluridone (gals)","Fluridone","S_2422","Y","Hyland",27004800,"CLP","Hyland",83.913,83.91,46.52,99.5,55.16,9,44.0932870949674,79.5356835769561
"2017-0600",2024,2024-07-12,2024-07-12,7.9,NA,NA,"S_2433","Y","Fish",86018300,"CLP","Fish",54.156,54.16,33.88,57.25,35.81,6,14.5874879976365,23.3175914994097
"2017-0663",2024,2024-04-24,2024-04-24,7.12,"aquathol_k (gals)","Endothall","S_2439","Y","Brooks",86026400,"CLP","Brooks",58.31,58.31,58.31,60.86,60.86,15,12.2105985251243,12.2105985251243
"2017-0663",2024,2024-04-24,2024-04-24,7.12,"aquathol_k (gals)","Endothall","S_2439","Y","Brooks",86026400,"CLP","Brooks",58.31,58.31,58.31,60.86,60.86,15,12.2105985251243,12.2105985251243
"2017-0663",2024,2024-04-24,2024-04-24,7.12,"aquathol_k (gals)","Endothall","S_2439","Y","Brooks",86026400,"CLP","Brooks",58.31,58.31,58.31,60.86,60.86,15,12.2105985251243,12.2105985251243
"2017-0666",2024,2024-07-09,2024-07-09,428,"sonarone (lbs)","Fluridone","S_2440","Y","Clear",82016300,"EWM","Clear",270.307,270.31,145.89,63.02,34.01,5,158.338481800323,293.371718417986
"2017-0666",2024,2024-07-09,2024-07-09,428,"sonarone (lbs)","Fluridone","S_2440","Y","Clear",82016300,"EWM","Clear",270.307,270.31,145.89,63.02,34.01,5,158.338481800323,293.371718417986
"2017-0666",2024,2024-07-09,2024-07-09,428,"sonarone (lbs)","Fluridone","S_2440","Y","Clear",82016300,"EWM","Clear",270.307,270.31,145.89,63.02,34.01,5,158.338481800323,293.371718417986
"2017-0666",2024,2024-07-09,2024-07-09,428,"sonarone (lbs)","Fluridone","S_2440","Y","Clear",82016300,"EWM","Clear",270.307,270.31,145.89,63.02,34.01,5,158.338481800323,293.371718417986
"2017-0666",2024,2024-09-10,2024-09-10,428.9,"sonarone (lbs)","Fluridone","S_2441","Y","Clear",82016300,"EWM","Clear",270.307,270.31,145.89,63.02,34.01,5,158.671436551773,293.988621564192
"2017-0666",2024,2024-09-10,2024-09-10,428.9,"sonarone (lbs)","Fluridone","S_2441","Y","Clear",82016300,"EWM","Clear",270.307,270.31,145.89,63.02,34.01,5,158.671436551773,293.988621564192
"2017-0666",2024,2024-09-10,2024-09-10,428.9,"sonarone (lbs)","Fluridone","S_2441","Y","Clear",82016300,"EWM","Clear",270.307,270.31,145.89,63.02,34.01,5,158.671436551773,293.988621564192
"2017-0666",2024,2024-09-10,2024-09-10,428.9,"sonarone (lbs)","Fluridone","S_2441","Y","Clear",82016300,"EWM","Clear",270.307,270.31,145.89,63.02,34.01,5,158.671436551773,293.988621564192
"2017-0666",2024,2024-05-30,2024-05-30,428.9,"fluridone (gals)","Fluridone","S_2442","Y","Clear",82016300,"EWM","Clear",270.307,270.31,145.89,63.02,34.01,5,158.671436551773,293.988621564192
"2017-0666",2024,2024-05-30,2024-05-30,428.9,"fluridone (gals)","Fluridone","S_2442","Y","Clear",82016300,"EWM","Clear",270.307,270.31,145.89,63.02,34.01,5,158.671436551773,293.988621564192
"2017-0666",2024,2024-05-30,2024-05-30,428.9,"fluridone (gals)","Fluridone","S_2442","Y","Clear",82016300,"EWM","Clear",270.307,270.31,145.89,63.02,34.01,5,158.671436551773,293.988621564192
"2017-0666",2024,2024-05-30,2024-05-30,428.9,"fluridone (gals)","Fluridone","S_2442","Y","Clear",82016300,"EWM","Clear",270.307,270.31,145.89,63.02,34.01,5,158.671436551773,293.988621564192
"2017-0666",2024,2024-08-14,2024-08-14,428.9,"sonarone (lbs)","Fluridone","S_2443","Y","Clear",82016300,"EWM","Clear",270.307,270.31,145.89,63.02,34.01,5,158.671436551773,293.988621564192
"2017-0666",2024,2024-08-14,2024-08-14,428.9,"sonarone (lbs)","Fluridone","S_2443","Y","Clear",82016300,"EWM","Clear",270.307,270.31,145.89,63.02,34.01,5,158.671436551773,293.988621564192
"2017-0666",2024,2024-08-14,2024-08-14,428.9,"sonarone (lbs)","Fluridone","S_2443","Y","Clear",82016300,"EWM","Clear",270.307,270.31,145.89,63.02,34.01,5,158.671436551773,293.988621564192
"2017-0666",2024,2024-08-14,2024-08-14,428.9,"sonarone (lbs)","Fluridone","S_2443","Y","Clear",82016300,"EWM","Clear",270.307,270.31,145.89,63.02,34.01,5,158.671436551773,293.988621564192
"2017-0742",2024,2024-04-24,2024-04-24,59.7,"diquat (gals)","Diquat Dibromide","S_2447","Y","Diamond",27012500,"CLP","Diamond",405.015,405.02,405.02,99.92,99.92,15,14.7401948075997,14.7400128388722
"2017-0823",2024,2024-08-26,2024-08-26,28.8,NA,NA,"S_2451","Y","Linwood",2002600,"EWM","Linwood",484.91,484.91,179.37,85.24,31.53,6,5.93924645810563,16.0561966884094
"2017-0823",2024,2024-08-26,2024-08-26,28.8,NA,NA,"S_2451","Y","Linwood",2002600,"EWM","Linwood",484.91,484.91,179.37,85.24,31.53,6,5.93924645810563,16.0561966884094
"2017-0823",2024,2024-08-26,2024-08-26,28.8,NA,NA,"S_2451","Y","Linwood",2002600,"EWM","Linwood",484.91,484.91,179.37,85.24,31.53,6,5.93924645810563,16.0561966884094
"2017-1028",2024,2024-05-20,2024-05-20,37.1,"diquat (gals)","Diquat Dibromide","S_2462","Y","George",2009100,"EWM","George",383.264,383.26,383.26,78.66,78.66,15,9.68001168907072,9.68011271721547
"2017-1028",2024,2024-05-20,2024-05-20,37.1,"diquat (gals)","Diquat Dibromide","S_2462","Y","George",2009100,"EWM","George",383.264,383.26,383.26,78.66,78.66,15,9.68001168907072,9.68011271721547
"2017-1028",2024,2024-05-20,2024-05-20,37.1,"diquat (gals)","Diquat Dibromide","S_2462","Y","George",2009100,"EWM","George",383.264,383.26,383.26,78.66,78.66,15,9.68001168907072,9.68011271721547
"2017-1028",2024,2024-05-20,2024-05-20,37.1,"diquat (gals)","Diquat Dibromide","S_2462","Y","George",2009100,"EWM","George",383.264,383.26,383.26,78.66,78.66,15,9.68001168907072,9.68011271721547
"2017-1028",2024,2024-05-20,2024-05-20,37.1,"diquat (gals)","Diquat Dibromide","S_2462","Y","George",2009100,"EWM","George",383.264,383.26,383.26,78.66,78.66,15,9.68001168907072,9.68011271721547
"2018-0293",2024,2024-05-09,2024-05-09,18.96,"flumioxazin (lbs)","Flumioxazin","S_2547","Y","Fannie",30004300,"CLP","Fannie",268.229,268.23,227.86,77.31,65.68,10,7.06858691640352,8.32089879750724
"2018-0293",2024,2024-05-09,2024-05-09,18.96,"flumioxazin (lbs)","Flumioxazin","S_2547","Y","Fannie",30004300,"CLP","Fannie",268.229,268.23,227.86,77.31,65.68,10,7.06858691640352,8.32089879750724
"2018-0293",2024,2024-05-09,2024-05-09,18.96,"flumioxazin (lbs)","Flumioxazin","S_2547","Y","Fannie",30004300,"CLP","Fannie",268.229,268.23,227.86,77.31,65.68,10,7.06858691640352,8.32089879750724
"2018-0293",2024,2024-05-09,2024-05-09,18.96,"flumioxazin (lbs)","Flumioxazin","S_2547","Y","Fannie",30004300,"CLP","Fannie",268.229,268.23,227.86,77.31,65.68,10,7.06858691640352,8.32089879750724
"2018-0293",2024,2024-05-09,2024-05-09,18.96,"flumioxazin (lbs)","Flumioxazin","S_2547","Y","Fannie",30004300,"CLP","Fannie",268.229,268.23,227.86,77.31,65.68,10,7.06858691640352,8.32089879750724
"2018-0293",2024,2024-05-09,2024-05-09,18.96,"flumioxazin (lbs)","Flumioxazin","S_2547","Y","Fannie",30004300,"CLP","Fannie",268.229,268.23,227.86,77.31,65.68,10,7.06858691640352,8.32089879750724
"2018-0334",2024,2024-05-23,2024-05-23,12.7,"flumioxazin (lbs)","Flumioxazin","S_2551","Y","Ida",21012300,"CLP","Ida",1751.072,1751.07,2106.87,39.56,47.59,21,0.725270006030592,0.602789920593107
"2018-0543",2024,2024-05-08,2024-05-08,39,"aquathol_k (gals)","Endothall","S_2555","Y","Fish Trap",49013700,"CLP","Fish Trap",357.286,357.29,357.29,30.05,30.05,15,10.915625017493,10.9155028128411
"2018-0543",2024,2024-05-08,2024-05-08,39,"aquathol_k (gals)","Endothall","S_2555","Y","Fish Trap",49013700,"CLP","Fish Trap",357.286,357.29,357.29,30.05,30.05,15,10.915625017493,10.9155028128411
"2018-0543",2024,2024-05-08,2024-05-08,39,"aquathol_k (gals)","Endothall","S_2555","Y","Fish Trap",49013700,"CLP","Fish Trap",357.286,357.29,357.29,30.05,30.05,15,10.915625017493,10.9155028128411
"2018-0543",2024,2024-05-08,2024-05-08,39,"aquathol_k (gals)","Endothall","S_2555","Y","Fish Trap",49013700,"CLP","Fish Trap",357.286,357.29,357.29,30.05,30.05,15,10.915625017493,10.9155028128411
"2018-0543",2024,2024-05-08,2024-05-08,39,"aquathol_k (gals)","Endothall","S_2555","Y","Fish Trap",49013700,"CLP","Fish Trap",357.286,357.29,357.29,30.05,30.05,15,10.915625017493,10.9155028128411
"2018-0543",2024,2024-05-08,2024-05-08,39,"aquathol_k (gals)","Endothall","S_2555","Y","Fish Trap",49013700,"CLP","Fish Trap",357.286,357.29,357.29,30.05,30.05,15,10.915625017493,10.9155028128411
"2018-0668",2024,2024-04-24,2024-04-24,33,"aquathol_k (gals)","Endothall","S_2561","Y","Grand",73005500,"CLP","Grand",233.22,233.22,233.22,35.95,35.95,15,14.1497298687934,14.1497298687934
"2018-0668",2024,2024-04-24,2024-04-24,33,"aquathol_k (gals)","Endothall","S_2561","Y","Grand",73005500,"CLP","Grand",233.22,233.22,233.22,35.95,35.95,15,14.1497298687934,14.1497298687934
"2018-0668",2024,2024-04-24,2024-04-24,33,"aquathol_k (gals)","Endothall","S_2561","Y","Grand",73005500,"CLP","Grand",233.22,233.22,233.22,35.95,35.95,15,14.1497298687934,14.1497298687934
"2018-0668",2024,2024-04-24,2024-04-24,33,"aquathol_k (gals)","Endothall","S_2561","Y","Grand",73005500,"CLP","Grand",233.22,233.22,233.22,35.95,35.95,15,14.1497298687934,14.1497298687934
"2018-0668",2024,2024-04-24,2024-04-24,33,"aquathol_k (gals)","Endothall","S_2561","Y","Grand",73005500,"CLP","Grand",233.22,233.22,233.22,35.95,35.95,15,14.1497298687934,14.1497298687934
"2018-0668",2024,2024-04-24,2024-04-24,33,"aquathol_k (gals)","Endothall","S_2561","Y","Grand",73005500,"CLP","Grand",233.22,233.22,233.22,35.95,35.95,15,14.1497298687934,14.1497298687934
"2018-0668",2024,2024-04-24,2024-04-24,33,"aquathol_k (gals)","Endothall","S_2561","Y","Grand",73005500,"CLP","Grand",233.22,233.22,233.22,35.95,35.95,15,14.1497298687934,14.1497298687934
"2018-0833",2024,2024-05-05,2024-05-05,11,"aquathol_k (gals)","Endothall","S_2567","Y","Ann",33004000,"CLP","Ann",591.811,591.81,336.4,90.57,51.48,5.5,1.85870151112433,3.26991676575505
"2018-0833",2024,2024-05-05,2024-05-05,11,"aquathol_k (gals)","Endothall","S_2567","Y","Ann",33004000,"CLP","Ann",591.811,591.81,336.4,90.57,51.48,5.5,1.85870151112433,3.26991676575505
"2018-0910",2024,2024-04-29,2024-04-29,8.2,"diquat (gals)","Diquat Dibromide","S_2572","Y","Constance",86005100,"CLP","Constance",86.428,86.43,43.43,53.51,26.89,8.5,9.4876660341556,18.8809578632282
"2018-1159",2024,2024-05-05,2024-05-05,16,"aquathol_k (gals)","Endothall","S_2585","Y","Fish",33003600,"CLP","Fish",505.758,505.76,234.78,99.78,46.32,3.2,3.1635683469169,6.81489053582077
"2018-1459",2024,2024-07-08,2024-07-08,51.1,"alligare (gals)","2,4-D","S_2589","Y","Goose",13008300,"EWM","Goose",731.77,370,50.56,50.56,370,15,6.98306845046941,101.068037974684
"2018-1459",2024,2024-07-08,2024-07-08,51.1,"alligare (gals)","2,4-D","S_2589","Y","Goose",13008300,"EWM","Goose",731.77,370,50.56,50.56,370,15,6.98306845046941,101.068037974684
"2018-1459",2024,2024-07-08,2024-07-08,51.1,"alligare (gals)","2,4-D","S_2589","Y","Goose",13008300,"EWM","Goose",731.77,370,50.56,50.56,370,15,6.98306845046941,101.068037974684
"2018-1459",2024,2024-07-08,2024-07-08,51.1,"alligare (gals)","2,4-D","S_2589","Y","Goose",13008300,"EWM","Goose",731.77,370,50.56,50.56,370,15,6.98306845046941,101.068037974684
"2018-1459",2024,2024-07-08,2024-07-08,51.1,"alligare (gals)","2,4-D","S_2589","Y","Goose",13008300,"EWM","Goose",731.77,370,50.56,50.56,370,15,6.98306845046941,101.068037974684
"2019-1068",2024,2024-04-30,2024-04-30,5.5,"aquathol_k (gals)","Endothall","S_2617","Y","Green Prairie Fish",49003500,"CLP","Green Prairie Fish",92.988,92.99,62.61,50.96,34.31,10,5.91474168709941,8.78453921098866
"2019-1554",2024,2024-04-15,2024-04-15,8.15,"flumioxazin (lbs)","Flumioxazin","S_2622","Y","Josephine",62005700,"CLP","Josephine",78.88,78.88,75.84,69.36,66.68,14,10.3321501014199,10.7463080168776
"2019-1554",2024,2024-04-15,2024-04-15,8.15,"flumioxazin (lbs)","Flumioxazin","S_2622","Y","Josephine",62005700,"CLP","Josephine",78.88,78.88,75.84,69.36,66.68,14,10.3321501014199,10.7463080168776
"2020-0120",2024,2024-04-30,2024-04-30,11,"flumioxazin (lbs)","Flumioxazin","S_2646","Y","Knaus",73008600,"CLP","Knaus",209.7,209.7,209.7,96.82,96.82,15,5.24558893657606,5.24558893657606
"2020-0903",2024,2024-04-15,2024-04-15,42.49,"diquat (gals)","Diquat Dibromide","S_2662","Y","Centerville",2000600,"CLP","Centerville",288.639,288.64,157.56,60.89,33.24,8,14.7208104240938,26.967504442752
"2020-0903",2024,2024-04-15,2024-04-15,42.49,"diquat (gals)","Diquat Dibromide","S_2662","Y","Centerville",2000600,"CLP","Centerville",288.639,288.64,157.56,60.89,33.24,8,14.7208104240938,26.967504442752
"2020-3343",2024,2024-04-29,2024-04-29,5,"diquat (gals)","Diquat Dibromide","S_2676","Y","Elms",30003600,"CLP","Elms",41.802,40.8,38.02,81.01,10,10,11.9611501842017,13.1509731720147
"2020-3343",2024,2024-04-29,2024-04-29,5,"diquat (gals)","Diquat Dibromide","S_2676","Y","Elms",30003600,"CLP","Elms",41.802,40.8,38.02,81.01,10,10,11.9611501842017,13.1509731720147
"2022-1986",2024,2024-06-24,2024-06-24,403,"sonarone (lbs)","Fluridone","S_2722","Y","Owasso",62005600,"CLP","Owasso",284.178,284.18,257.72,76.05,68.97,10.5,141.812525952044,156.371255626261
"2022-1986",2024,2024-06-24,2024-06-24,403,"sonarone (lbs)","Fluridone","S_2722","Y","Owasso",62005600,"CLP","Owasso",284.178,284.18,257.72,76.05,68.97,10.5,141.812525952044,156.371255626261
"2022-1986",2024,2024-06-24,2024-06-24,403,"sonarone (lbs)","Fluridone","S_2722","Y","Owasso",62005600,"CLP","Owasso",284.178,284.18,257.72,76.05,68.97,10.5,141.812525952044,156.371255626261
"2022-1986",2024,2024-06-24,2024-06-24,403,"sonarone (lbs)","Fluridone","S_2722","Y","Owasso",62005600,"CLP","Owasso",284.178,284.18,257.72,76.05,68.97,10.5,141.812525952044,156.371255626261
"2022-1986",2024,2024-04-29,2024-04-29,403,"fluridone (gals)","Fluridone","S_2723","Y","Owasso",62005600,"CLP","Owasso",284.178,284.18,257.72,76.05,68.97,10.5,141.812525952044,156.371255626261
"2022-1986",2024,2024-04-29,2024-04-29,403,"fluridone (gals)","Fluridone","S_2723","Y","Owasso",62005600,"CLP","Owasso",284.178,284.18,257.72,76.05,68.97,10.5,141.812525952044,156.371255626261
"2022-1986",2024,2024-04-29,2024-04-29,403,"fluridone (gals)","Fluridone","S_2723","Y","Owasso",62005600,"CLP","Owasso",284.178,284.18,257.72,76.05,68.97,10.5,141.812525952044,156.371255626261
"2022-1986",2024,2024-04-29,2024-04-29,403,"fluridone (gals)","Fluridone","S_2723","Y","Owasso",62005600,"CLP","Owasso",284.178,284.18,257.72,76.05,68.97,10.5,141.812525952044,156.371255626261
"2022-1986",2024,2024-08-14,2024-08-14,374.96,"sonarone (lbs)","Fluridone","S_2724","Y","Owasso",62005600,"CLP","Owasso",284.178,284.18,257.72,76.05,68.97,10.5,131.945470796473,145.491230793109
"2022-1986",2024,2024-08-14,2024-08-14,374.96,"sonarone (lbs)","Fluridone","S_2724","Y","Owasso",62005600,"CLP","Owasso",284.178,284.18,257.72,76.05,68.97,10.5,131.945470796473,145.491230793109
"2022-1986",2024,2024-08-14,2024-08-14,374.96,"sonarone (lbs)","Fluridone","S_2724","Y","Owasso",62005600,"CLP","Owasso",284.178,284.18,257.72,76.05,68.97,10.5,131.945470796473,145.491230793109
"2022-1986",2024,2024-08-14,2024-08-14,374.96,"sonarone (lbs)","Fluridone","S_2724","Y","Owasso",62005600,"CLP","Owasso",284.178,284.18,257.72,76.05,68.97,10.5,131.945470796473,145.491230793109
"2022-1986",2024,2024-03-21,2024-03-21,374.96,"sonarone (lbs)","Fluridone","S_2725","Y","Owasso",62005600,"CLP","Owasso",284.178,284.18,257.72,76.05,68.97,10.5,131.945470796473,145.491230793109
"2022-1986",2024,2024-03-21,2024-03-21,374.96,"sonarone (lbs)","Fluridone","S_2725","Y","Owasso",62005600,"CLP","Owasso",284.178,284.18,257.72,76.05,68.97,10.5,131.945470796473,145.491230793109
"2022-1986",2024,2024-03-21,2024-03-21,374.96,"sonarone (lbs)","Fluridone","S_2725","Y","Owasso",62005600,"CLP","Owasso",284.178,284.18,257.72,76.05,68.97,10.5,131.945470796473,145.491230793109
"2022-1986",2024,2024-03-21,2024-03-21,374.96,"sonarone (lbs)","Fluridone","S_2725","Y","Owasso",62005600,"CLP","Owasso",284.178,284.18,257.72,76.05,68.97,10.5,131.945470796473,145.491230793109
"2023-0167",2024,2024-05-09,2024-05-09,32.2,"aquathol_k (gals)","Endothall","S_2742","Y","Jennie",47001500,"CLP","Jennie",1064.033,1064.03,440.02,100,41.35,8,3.02622193108672,7.31784918867324
"2023-0301",2024,2024-05-08,2024-05-08,39.8,"flumioxazin (lbs)","Flumioxazin","S_2744","Y","Andrew",21008500,"CLP","Andrew",322.666,322.67,345.58,35.14,37.63,17,12.3347362287939,11.5168701892471
"2023-0301",2024,2024-05-08,2024-05-08,39.8,"flumioxazin (lbs)","Flumioxazin","S_2744","Y","Andrew",21008500,"CLP","Andrew",322.666,322.67,345.58,35.14,37.63,17,12.3347362287939,11.5168701892471
"2023-0301",2024,2024-05-08,2024-05-08,39.8,"flumioxazin (lbs)","Flumioxazin","S_2744","Y","Andrew",21008500,"CLP","Andrew",322.666,322.67,345.58,35.14,37.63,17,12.3347362287939,11.5168701892471
"2023-0301",2024,2024-05-08,2024-05-08,39.8,"flumioxazin (lbs)","Flumioxazin","S_2744","Y","Andrew",21008500,"CLP","Andrew",322.666,322.67,345.58,35.14,37.63,17,12.3347362287939,11.5168701892471
"2023-0301",2024,2024-05-08,2024-05-08,39.8,"flumioxazin (lbs)","Flumioxazin","S_2744","Y","Andrew",21008500,"CLP","Andrew",322.666,322.67,345.58,35.14,37.63,17,12.3347362287939,11.5168701892471
"2017-0729",2025,2025-09-16,2025-09-16,46.2,NA,NA,"S_2848","Y","Scandinavian",61004100,"EWM","Scandinavian",229.728,229.73,239.8,55.24,57.67,16,20.1107396573339,19.2660550458716
"2017-0729",2025,2025-09-16,2025-09-16,46.2,NA,NA,"S_2848","Y","Scandinavian",61004100,"EWM","Scandinavian",229.728,229.73,239.8,55.24,57.67,16,20.1107396573339,19.2660550458716
"2017-0729",2025,2025-09-16,2025-09-16,46.2,NA,NA,"S_2848","Y","Scandinavian",61004100,"EWM","Scandinavian",229.728,229.73,239.8,55.24,57.67,16,20.1107396573339,19.2660550458716
"2017-0729",2025,2025-09-16,2025-09-16,46.2,NA,NA,"S_2848","Y","Scandinavian",61004100,"EWM","Scandinavian",229.728,229.73,239.8,55.24,57.67,16,20.1107396573339,19.2660550458716
"2017-0729",2025,2025-09-16,2025-09-16,46.2,NA,NA,"S_2848","Y","Scandinavian",61004100,"EWM","Scandinavian",229.728,229.73,239.8,55.24,57.67,16,20.1107396573339,19.2660550458716
"2017-0729",2025,2025-09-16,2025-09-16,46.2,NA,NA,"S_2848","Y","Scandinavian",61004100,"EWM","Scandinavian",229.728,229.73,239.8,55.24,57.67,16,20.1107396573339,19.2660550458716
"2017-0729",2025,2025-09-16,2025-09-16,46.2,NA,NA,"S_2848","Y","Scandinavian",61004100,"EWM","Scandinavian",229.728,229.73,239.8,55.24,57.67,16,20.1107396573339,19.2660550458716
"2017-0729",2025,2025-09-16,2025-09-16,46.2,NA,NA,"S_2848","Y","Scandinavian",61004100,"EWM","Scandinavian",229.728,229.73,239.8,55.24,57.67,16,20.1107396573339,19.2660550458716
"2017-0729",2025,2025-09-16,2025-09-16,46.2,NA,NA,"S_2848","Y","Scandinavian",61004100,"EWM","Scandinavian",229.728,229.73,239.8,55.24,57.67,16,20.1107396573339,19.2660550458716
"2017-0729",2025,2025-09-16,2025-09-16,46.2,NA,NA,"S_2848","Y","Scandinavian",61004100,"EWM","Scandinavian",229.728,229.73,239.8,55.24,57.67,16,20.1107396573339,19.2660550458716
"2017-0729",2025,2025-09-16,2025-09-16,46.2,NA,NA,"S_2848","Y","Scandinavian",61004100,"EWM","Scandinavian",229.728,229.73,239.8,55.24,57.67,16,20.1107396573339,19.2660550458716
"2017-0729",2025,2025-09-16,2025-09-16,46.2,NA,NA,"S_2848","Y","Scandinavian",61004100,"EWM","Scandinavian",229.728,229.73,239.8,55.24,57.67,16,20.1107396573339,19.2660550458716
"2017-0729",2025,2025-09-16,2025-09-16,46.2,NA,NA,"S_2848","Y","Scandinavian",61004100,"EWM","Scandinavian",229.728,229.73,239.8,55.24,57.67,16,20.1107396573339,19.2660550458716
"2017-0729",2025,2025-09-16,2025-09-16,46.2,NA,NA,"S_2848","Y","Scandinavian",61004100,"EWM","Scandinavian",229.728,229.73,239.8,55.24,57.67,16,20.1107396573339,19.2660550458716
"2017-0729",2025,2025-09-16,2025-09-16,46.2,NA,NA,"S_2848","Y","Scandinavian",61004100,"EWM","Scandinavian",229.728,229.73,239.8,55.24,57.67,16,20.1107396573339,19.2660550458716
"2017-0729",2025,2025-09-16,2025-09-16,46.2,NA,NA,"S_2848","Y","Scandinavian",61004100,"EWM","Scandinavian",229.728,229.73,239.8,55.24,57.67,16,20.1107396573339,19.2660550458716
"2021-0413",2025,2025-05-23,2025-05-23,29.06,"flumioxazin (lbs)","Flumioxazin","S_3093","Y","Byllesby",19000600,"CLP","Byllesby",935.968,935.97,935.97,67.68,67.68,15,3.10480700194878,3.10480036753315
"2022-0338",2025,2025-05-28,2025-05-28,5.6,"diquat (gals)","Diquat Dibromide","S_3115","Y","Lobster",21014400,"CLP","Lobster",1334.25,692.67,51.91,51.91,692.67,15,0.419711448379239,10.7879021383163
"2025-0951",2025,2025-08-26,2025-08-26,3.5,"komeen_liquid (gals)","Copper Complex","S_3197","Y","Middle Cullen",18037700,"SSW","Middle Cullen",137.492,137.49,137.49,34.66,34.66,15,2.54560265324528,2.54563968288603
"2017-0562",2023,2023-04-14,2023-04-14,NA,"fluridone (gals)","Fluridone","S_2033","N","Cedar",70009100,"CLP","Cedar",792.503,792.5,792.5,100,100,12.5,NA,NA
"2017-0562",2023,2023-05-15,2023-05-15,NA,"fluridone (gals)","Fluridone","S_2033","N","Cedar",70009100,"CLP","Cedar",792.503,792.5,792.5,100,100,12.5,NA,NA
"2018-1459",2023,2023-07-06,2023-07-07,NA,"alligare (gals)","2,4-D","S_2199","N","Goose",13008300,"EWM","Goose",731.77,370,50.56,50.56,370,15,NA,NA
"2018-1459",2023,2023-07-06,2023-07-07,NA,"alligare (gals)","2,4-D","S_2199","N","Goose",13008300,"EWM","Goose",731.77,370,50.56,50.56,370,15,NA,NA
"2018-1459",2023,2023-07-06,2023-07-07,NA,"alligare (gals)","2,4-D","S_2199","N","Goose",13008300,"EWM","Goose",731.77,370,50.56,50.56,370,15,NA,NA
"2018-1459",2023,2023-07-06,2023-07-07,NA,"alligare (gals)","2,4-D","S_2199","N","Goose",13008300,"EWM","Goose",731.77,370,50.56,50.56,370,15,NA,NA
"2018-1459",2023,2023-07-06,2023-07-07,NA,"alligare (gals)","2,4-D","S_2199","N","Goose",13008300,"EWM","Goose",731.77,370,50.56,50.56,370,15,NA,NA
"2018-0182",2024,2024-08-19,2024-08-20,NA,"copper_triethanola (gals)","Copper Complex","S_2539","N","Koronis (main lake)",73020002,"SSW","Koronis (main lake)",1146.637,1146.64,1146.64,38.37,38.37,15,NA,NA
"2018-0182",2024,2024-08-19,2024-08-20,NA,"copper_triethanola (gals)","Copper Complex","S_2539","N","Koronis (main lake)",73020002,"SSW","Koronis (main lake)",1146.637,1146.64,1146.64,38.37,38.37,15,NA,NA
"2018-0182",2024,2024-08-19,2024-08-20,NA,"copper_triethanola (gals)","Copper Complex","S_2539","N","Koronis (main lake)",73020002,"SSW","Koronis (main lake)",1146.637,1146.64,1146.64,38.37,38.37,15,NA,NA
"2018-0182",2024,2024-08-19,2024-08-20,NA,"copper_triethanola (gals)","Copper Complex","S_2539","N","Koronis (main lake)",73020002,"SSW","Koronis (main lake)",1146.637,1146.64,1146.64,38.37,38.37,15,NA,NA
"2018-0182",2024,2024-08-19,2024-08-20,NA,"copper_triethanola (gals)","Copper Complex","S_2539","N","Koronis (main lake)",73020002,"SSW","Koronis (main lake)",1146.637,1146.64,1146.64,38.37,38.37,15,NA,NA
"2018-0182",2024,2024-08-19,2024-08-20,NA,"copper_triethanola (gals)","Copper Complex","S_2539","N","Koronis (main lake)",73020002,"SSW","Koronis (main lake)",1146.637,1146.64,1146.64,38.37,38.37,15,NA,NA
"2018-0182",2024,2024-08-19,2024-08-20,NA,"copper_triethanola (gals)","Copper Complex","S_2539","N","Koronis (main lake)",73020002,"SSW","Koronis (main lake)",1146.637,1146.64,1146.64,38.37,38.37,15,NA,NA
"2018-0182",2024,2024-08-19,2024-08-20,NA,"copper_triethanola (gals)","Copper Complex","S_2539","N","Koronis (main lake)",73020002,"SSW","Koronis (main lake)",1146.637,1146.64,1146.64,38.37,38.37,15,NA,NA
"2018-0182",2024,2024-08-19,2024-08-20,NA,"copper_triethanola (gals)","Copper Complex","S_2539","N","Koronis (main lake)",73020002,"SSW","Koronis (main lake)",1146.637,1146.64,1146.64,38.37,38.37,15,NA,NA
"2018-0182",2024,2024-08-19,2024-08-20,NA,"copper_triethanola (gals)","Copper Complex","S_2539","N","Koronis (main lake)",73020002,"SSW","Koronis (main lake)",1146.637,1146.64,1146.64,38.37,38.37,15,NA,NA
"2018-0182",2024,2024-08-19,2024-08-20,NA,"copper_triethanola (gals)","Copper Complex","S_2539","N","Koronis (main lake)",73020002,"SSW","Koronis (main lake)",1146.637,1146.64,1146.64,38.37,38.37,15,NA,NA
"2018-0182",2024,2024-08-19,2024-08-20,NA,"copper_triethanola (gals)","Copper Complex","S_2539","N","Koronis (main lake)",73020002,"SSW","Koronis (main lake)",1146.637,1146.64,1146.64,38.37,38.37,15,NA,NA
"2018-0182",2024,2024-08-19,2024-08-20,NA,"copper_triethanola (gals)","Copper Complex","S_2539","N","Koronis (main lake)",73020002,"SSW","Koronis (main lake)",1146.637,1146.64,1146.64,38.37,38.37,15,NA,NA
"2018-0182",2024,2024-08-19,2024-08-20,NA,"copper_triethanola (gals)","Copper Complex","S_2539","N","Koronis (main lake)",73020002,"SSW","Koronis (main lake)",1146.637,1146.64,1146.64,38.37,38.37,15,NA,NA
"2018-0182",2024,2024-08-19,2024-08-20,NA,"copper_triethanola (gals)","Copper Complex","S_2539","N","Koronis (main lake)",73020002,"SSW","Koronis (main lake)",1146.637,1146.64,1146.64,38.37,38.37,15,NA,NA
"2018-0182",2024,2024-08-19,2024-08-20,NA,"copper_triethanola (gals)","Copper Complex","S_2539","N","Koronis (main lake)",73020002,"SSW","Koronis (main lake)",1146.637,1146.64,1146.64,38.37,38.37,15,NA,NA
"2018-0182",2024,2024-08-19,2024-08-20,NA,"copper_triethanola (gals)","Copper Complex","S_2539","N","Koronis (main lake)",73020002,"SSW","Koronis (main lake)",1146.637,1146.64,1146.64,38.37,38.37,15,NA,NA
"2018-0182",2024,2024-08-19,2024-08-20,NA,"copper_triethanola (gals)","Copper Complex","S_2539","N","Koronis (main lake)",73020002,"SSW","Koronis (main lake)",1146.637,1146.64,1146.64,38.37,38.37,15,NA,NA
"2018-0182",2024,2024-08-19,2024-08-20,NA,"copper_triethanola (gals)","Copper Complex","S_2539","N","Koronis (main lake)",73020002,"SSW","Koronis (main lake)",1146.637,1146.64,1146.64,38.37,38.37,15,NA,NA
"2018-0182",2024,2024-08-19,2024-08-20,NA,"copper_triethanola (gals)","Copper Complex","S_2539","N","Koronis (main lake)",73020002,"SSW","Koronis (main lake)",1146.637,1146.64,1146.64,38.37,38.37,15,NA,NA
"2018-0182",2024,2024-08-19,2024-08-20,NA,"copper_triethanola (gals)","Copper Complex","S_2539","N","Koronis (main lake)",73020002,"SSW","Koronis (main lake)",1146.637,1146.64,1146.64,38.37,38.37,15,NA,NA
"2018-0182",2024,2024-08-19,2024-08-20,NA,"copper_triethanola (gals)","Copper Complex","S_2539","N","Koronis (main lake)",73020002,"SSW","Koronis (main lake)",1146.637,1146.64,1146.64,38.37,38.37,15,NA,NA
"2018-0182",2024,2024-08-19,2024-08-20,NA,"copper_triethanola (gals)","Copper Complex","S_2539","N","Koronis (main lake)",73020002,"SSW","Koronis (main lake)",1146.637,1146.64,1146.64,38.37,38.37,15,NA,NA
"2018-0182",2024,2024-08-19,2024-08-20,NA,"copper_triethanola (gals)","Copper Complex","S_2539","N","Koronis (main lake)",73020002,"SSW","Koronis (main lake)",1146.637,1146.64,1146.64,38.37,38.37,15,NA,NA
"2018-0182",2024,2024-08-19,2024-08-20,NA,"copper_triethanola (gals)","Copper Complex","S_2539","N","Koronis (main lake)",73020002,"SSW","Koronis (main lake)",1146.637,1146.64,1146.64,38.37,38.37,15,NA,NA
"2018-0182",2024,2024-08-19,2024-08-20,NA,"copper_triethanola (gals)","Copper Complex","S_2539","N","Koronis (main lake)",73020002,"SSW","Koronis (main lake)",1146.637,1146.64,1146.64,38.37,38.37,15,NA,NA
"2018-0182",2024,2024-08-19,2024-08-20,NA,"copper_triethanola (gals)","Copper Complex","S_2539","N","Koronis (main lake)",73020002,"SSW","Koronis (main lake)",1146.637,1146.64,1146.64,38.37,38.37,15,NA,NA
"2018-0182",2024,2024-08-19,2024-08-20,NA,"copper_triethanola (gals)","Copper Complex","S_2539","N","Koronis (main lake)",73020002,"SSW","Koronis (main lake)",1146.637,1146.64,1146.64,38.37,38.37,15,NA,NA
"2018-0182",2024,2024-08-19,2024-08-20,NA,"copper_triethanola (gals)","Copper Complex","S_2539","N","Koronis (main lake)",73020002,"SSW","Koronis (main lake)",1146.637,1146.64,1146.64,38.37,38.37,15,NA,NA
"2018-0182",2024,2024-08-19,2024-08-20,NA,"copper_triethanola (gals)","Copper Complex","S_2539","N","Koronis (main lake)",73020002,"SSW","Koronis (main lake)",1146.637,1146.64,1146.64,38.37,38.37,15,NA,NA
"2018-0182",2024,2024-08-19,2024-08-20,NA,"copper_triethanola (gals)","Copper Complex","S_2539","N","Koronis (main lake)",73020002,"SSW","Koronis (main lake)",1146.637,1146.64,1146.64,38.37,38.37,15,NA,NA
"2018-0182",2024,2024-08-19,2024-08-20,NA,"copper_triethanola (gals)","Copper Complex","S_2539","N","Koronis (main lake)",73020002,"SSW","Koronis (main lake)",1146.637,1146.64,1146.64,38.37,38.37,15,NA,NA
"2018-3528",2024,2024-04-11,2024-04-11,NA,"fluridone (gals)","Fluridone","S_2602","N","Crooked",2008400,"EWM","Crooked",84.017,84.02,73.19,73.1,63.68,12,NA,NA
"2018-3528",2024,2024-04-11,2024-04-11,NA,"fluridone (gals)","Fluridone","S_2602","N","Crooked",2008400,"EWM","Crooked",84.017,84.02,73.19,73.1,63.68,12,NA,NA
"2018-3528",2024,2024-05-22,2024-05-22,NA,"fluridone (gals)","Fluridone","S_2602","N","Crooked",2008400,"EWM","Crooked",84.017,84.02,73.19,73.1,63.68,12,NA,NA
"2018-3528",2024,2024-05-22,2024-05-22,NA,"fluridone (gals)","Fluridone","S_2602","N","Crooked",2008400,"EWM","Crooked",84.017,84.02,73.19,73.1,63.68,12,NA,NA
"2023-2342",2024,2024-08-07,2024-08-07,NA,"copper_ethnolamine (gals)","Copper Complex","S_2760","N","Long",34006600,"SSW","Long",154.016,154.02,213.6,47.62,66.04,24,NA,NA
"2023-2342",2024,2024-08-07,2024-08-07,NA,"copper_ethnolamine (gals)","Copper Complex","S_2760","N","Long",34006600,"SSW","Long",154.016,154.02,213.6,47.62,66.04,24,NA,NA
"2023-2342",2024,2024-10-01,2024-10-01,NA,"copper_ethnolamine (gals)","Copper Complex","S_2760","N","Long",34006600,"SSW","Long",154.016,154.02,213.6,47.62,66.04,24,NA,NA
"2023-2342",2024,2024-10-01,2024-10-01,NA,"copper_ethnolamine (gals)","Copper Complex","S_2760","N","Long",34006600,"SSW","Long",154.016,154.02,213.6,47.62,66.04,24,NA,NA
"2023-2655",2024,2024-08-06,2024-08-06,NA,"copper_ethnolamine (gals), copper_sulfate (lbs), hydrothol_liquid (gals)","Copper Complex, Copper Sulfate, Endothall","S_2762","N","Long",29016100,"SSW","Long",698.842,698.84,698.84,36.28,36.28,15,NA,NA
"2023-2655",2024,2024-08-06,2024-08-06,NA,"copper_ethnolamine (gals), copper_sulfate (lbs), hydrothol_liquid (gals)","Copper Complex, Copper Sulfate, Endothall","S_2762","N","Long",29016100,"SSW","Long",698.842,698.84,698.84,36.28,36.28,15,NA,NA
"2023-2655",2024,2024-08-06,2024-08-06,NA,"copper_ethnolamine (gals), copper_sulfate (lbs), hydrothol_liquid (gals)","Copper Complex, Copper Sulfate, Endothall","S_2762","N","Long",29016100,"SSW","Long",698.842,698.84,698.84,36.28,36.28,15,NA,NA
"2023-2655",2024,2024-10-02,2024-10-02,NA,"copper_ethnolamine (gals), copper_sulfate (lbs), hydrothol_liquid (gals)","Copper Complex, Copper Sulfate, Endothall","S_2762","N","Long",29016100,"SSW","Long",698.842,698.84,698.84,36.28,36.28,15,NA,NA
"2023-2655",2024,2024-10-02,2024-10-02,NA,"copper_ethnolamine (gals), copper_sulfate (lbs), hydrothol_liquid (gals)","Copper Complex, Copper Sulfate, Endothall","S_2762","N","Long",29016100,"SSW","Long",698.842,698.84,698.84,36.28,36.28,15,NA,NA
"2023-2655",2024,2024-10-02,2024-10-02,NA,"copper_ethnolamine (gals), copper_sulfate (lbs), hydrothol_liquid (gals)","Copper Complex, Copper Sulfate, Endothall","S_2762","N","Long",29016100,"SSW","Long",698.842,698.84,698.84,36.28,36.28,15,NA,NA
"2017-1038",2025,2025-06-17,2025-06-17,NA,"fluridone (gals)","Fluridone","S_2873","N","Minnetonka-Carsons Bay",27013303,"CLP","Minnetonka-Carsons Bay",78.863,78.86,78.86,68.68,68.68,15,NA,NA
"2017-1985",2024,2024-06-26,2024-06-26,NA,"alligare (gals)","2,4-D","S_2511","N","Bay",18003400,"EWM","Bay",878.981,878.98,1019.35,37.89,43.94,19,NA,NA
"2017-1985",2024,2024-06-26,2024-06-26,NA,"alligare (gals)","2,4-D","S_2511","N","Bay",18003400,"EWM","Bay",878.981,878.98,1019.35,37.89,43.94,19,NA,NA
"2017-1985",2024,2024-06-26,2024-06-26,NA,"alligare (gals)","2,4-D","S_2511","N","Bay",18003400,"EWM","Bay",878.981,878.98,1019.35,37.89,43.94,19,NA,NA
"2017-1985",2024,2024-06-26,2024-06-26,NA,"alligare (gals)","2,4-D","S_2511","N","Bay",18003400,"EWM","Bay",878.981,878.98,1019.35,37.89,43.94,19,NA,NA
"2017-1985",2024,2024-06-26,2024-06-26,NA,"alligare (gals)","2,4-D","S_2511","N","Bay",18003400,"EWM","Bay",878.981,878.98,1019.35,37.89,43.94,19,NA,NA
"2017-1985",2024,2024-06-26,2024-06-26,NA,"alligare (gals)","2,4-D","S_2511","N","Bay",18003400,"EWM","Bay",878.981,878.98,1019.35,37.89,43.94,19,NA,NA
"2017-1985",2024,2024-06-26,2024-06-26,NA,"alligare (gals)","2,4-D","S_2511","N","Bay",18003400,"EWM","Bay",878.981,878.98,1019.35,37.89,43.94,19,NA,NA
"2017-1985",2024,2024-06-26,2024-06-26,NA,"alligare (gals)","2,4-D","S_2511","N","Bay",18003400,"EWM","Bay",878.981,878.98,1019.35,37.89,43.94,19,NA,NA
"2017-1985",2024,2024-06-26,2024-06-26,NA,"alligare (gals)","2,4-D","S_2511","N","Bay",18003400,"EWM","Bay",878.981,878.98,1019.35,37.89,43.94,19,NA,NA
"2017-1985",2024,2024-06-26,2024-06-26,NA,"alligare (gals)","2,4-D","S_2511","N","Bay",18003400,"EWM","Bay",878.981,878.98,1019.35,37.89,43.94,19,NA,NA
"2017-1985",2024,2024-06-26,2024-06-26,NA,"alligare (gals)","2,4-D","S_2511","N","Bay",18003400,"EWM","Bay",878.981,878.98,1019.35,37.89,43.94,19,NA,NA
"2017-1985",2024,2024-06-26,2024-06-26,NA,"alligare (gals)","2,4-D","S_2511","N","Bay",18003400,"EWM","Bay",878.981,878.98,1019.35,37.89,43.94,19,NA,NA
"2017-1985",2024,2024-06-26,2024-06-26,NA,"alligare (gals)","2,4-D","S_2511","N","Bay",18003400,"EWM","Bay",878.981,878.98,1019.35,37.89,43.94,19,NA,NA
"2017-1985",2024,2024-06-26,2024-06-26,NA,"alligare (gals)","2,4-D","S_2511","N","Bay",18003400,"EWM","Bay",878.981,878.98,1019.35,37.89,43.94,19,NA,NA
"2017-1985",2024,2024-06-26,2024-06-26,NA,"alligare (gals)","2,4-D","S_2511","N","Bay",18003400,"EWM","Bay",878.981,878.98,1019.35,37.89,43.94,19,NA,NA
"2017-1985",2024,2024-06-26,2024-06-26,NA,"alligare (gals)","2,4-D","S_2511","N","Bay",18003400,"EWM","Bay",878.981,878.98,1019.35,37.89,43.94,19,NA,NA
"2017-1985",2024,2024-06-26,2024-06-26,NA,"alligare (gals)","2,4-D","S_2511","N","Bay",18003400,"EWM","Bay",878.981,878.98,1019.35,37.89,43.94,19,NA,NA
"2017-1985",2024,2024-06-26,2024-06-26,NA,"alligare (gals)","2,4-D","S_2511","N","Bay",18003400,"EWM","Bay",878.981,878.98,1019.35,37.89,43.94,19,NA,NA
"2017-1985",2024,2024-06-26,2024-06-26,NA,"alligare (gals)","2,4-D","S_2511","N","Bay",18003400,"EWM","Bay",878.981,878.98,1019.35,37.89,43.94,19,NA,NA
"2017-1985",2024,2024-06-26,2024-06-26,NA,"alligare (gals)","2,4-D","S_2511","N","Bay",18003400,"EWM","Bay",878.981,878.98,1019.35,37.89,43.94,19,NA,NA
"2017-1985",2024,2024-06-26,2024-06-26,NA,"alligare (gals)","2,4-D","S_2511","N","Bay",18003400,"EWM","Bay",878.981,878.98,1019.35,37.89,43.94,19,NA,NA
"2017-1985",2024,2024-06-26,2024-06-26,NA,"alligare (gals)","2,4-D","S_2511","N","Bay",18003400,"EWM","Bay",878.981,878.98,1019.35,37.89,43.94,19,NA,NA
"2017-1985",2024,2024-06-26,2024-06-26,NA,"alligare (gals)","2,4-D","S_2511","N","Bay",18003400,"EWM","Bay",878.981,878.98,1019.35,37.89,43.94,19,NA,NA
"2017-1985",2024,2024-06-26,2024-06-26,NA,"alligare (gals)","2,4-D","S_2511","N","Bay",18003400,"EWM","Bay",878.981,878.98,1019.35,37.89,43.94,19,NA,NA
"2017-1985",2024,2024-06-26,2024-06-26,NA,"alligare (gals)","2,4-D","S_2511","N","Bay",18003400,"EWM","Bay",878.981,878.98,1019.35,37.89,43.94,19,NA,NA
"2017-1985",2024,2024-06-26,2024-06-26,NA,"alligare (gals)","2,4-D","S_2511","N","Bay",18003400,"EWM","Bay",878.981,878.98,1019.35,37.89,43.94,19,NA,NA
"2017-1985",2024,2024-06-26,2024-06-26,NA,"alligare (gals)","2,4-D","S_2511","N","Bay",18003400,"EWM","Bay",878.981,878.98,1019.35,37.89,43.94,19,NA,NA
"2017-1985",2024,2024-10-08,2024-10-09,NA,"alligare (gals)","2,4-D","S_2511","N","Bay",18003400,"EWM","Bay",878.981,878.98,1019.35,37.89,43.94,19,NA,NA
"2017-1985",2024,2024-10-08,2024-10-09,NA,"alligare (gals)","2,4-D","S_2511","N","Bay",18003400,"EWM","Bay",878.981,878.98,1019.35,37.89,43.94,19,NA,NA
"2017-1985",2024,2024-10-08,2024-10-09,NA,"alligare (gals)","2,4-D","S_2511","N","Bay",18003400,"EWM","Bay",878.981,878.98,1019.35,37.89,43.94,19,NA,NA
"2017-1985",2024,2024-10-08,2024-10-09,NA,"alligare (gals)","2,4-D","S_2511","N","Bay",18003400,"EWM","Bay",878.981,878.98,1019.35,37.89,43.94,19,NA,NA
"2017-1985",2024,2024-10-08,2024-10-09,NA,"alligare (gals)","2,4-D","S_2511","N","Bay",18003400,"EWM","Bay",878.981,878.98,1019.35,37.89,43.94,19,NA,NA
"2017-1985",2024,2024-10-08,2024-10-09,NA,"alligare (gals)","2,4-D","S_2511","N","Bay",18003400,"EWM","Bay",878.981,878.98,1019.35,37.89,43.94,19,NA,NA
"2017-1985",2024,2024-10-08,2024-10-09,NA,"alligare (gals)","2,4-D","S_2511","N","Bay",18003400,"EWM","Bay",878.981,878.98,1019.35,37.89,43.94,19,NA,NA
"2017-1985",2024,2024-10-08,2024-10-09,NA,"alligare (gals)","2,4-D","S_2511","N","Bay",18003400,"EWM","Bay",878.981,878.98,1019.35,37.89,43.94,19,NA,NA
"2017-1985",2024,2024-10-08,2024-10-09,NA,"alligare (gals)","2,4-D","S_2511","N","Bay",18003400,"EWM","Bay",878.981,878.98,1019.35,37.89,43.94,19,NA,NA
"2017-1985",2024,2024-10-08,2024-10-09,NA,"alligare (gals)","2,4-D","S_2511","N","Bay",18003400,"EWM","Bay",878.981,878.98,1019.35,37.89,43.94,19,NA,NA
"2017-1985",2024,2024-10-08,2024-10-09,NA,"alligare (gals)","2,4-D","S_2511","N","Bay",18003400,"EWM","Bay",878.981,878.98,1019.35,37.89,43.94,19,NA,NA
"2017-1985",2024,2024-10-08,2024-10-09,NA,"alligare (gals)","2,4-D","S_2511","N","Bay",18003400,"EWM","Bay",878.981,878.98,1019.35,37.89,43.94,19,NA,NA
"2017-1985",2024,2024-10-08,2024-10-09,NA,"alligare (gals)","2,4-D","S_2511","N","Bay",18003400,"EWM","Bay",878.981,878.98,1019.35,37.89,43.94,19,NA,NA
"2017-1985",2024,2024-10-08,2024-10-09,NA,"alligare (gals)","2,4-D","S_2511","N","Bay",18003400,"EWM","Bay",878.981,878.98,1019.35,37.89,43.94,19,NA,NA
"2017-1985",2024,2024-10-08,2024-10-09,NA,"alligare (gals)","2,4-D","S_2511","N","Bay",18003400,"EWM","Bay",878.981,878.98,1019.35,37.89,43.94,19,NA,NA
"2017-1985",2024,2024-10-08,2024-10-09,NA,"alligare (gals)","2,4-D","S_2511","N","Bay",18003400,"EWM","Bay",878.981,878.98,1019.35,37.89,43.94,19,NA,NA
"2017-1985",2024,2024-10-08,2024-10-09,NA,"alligare (gals)","2,4-D","S_2511","N","Bay",18003400,"EWM","Bay",878.981,878.98,1019.35,37.89,43.94,19,NA,NA
"2017-1985",2024,2024-10-08,2024-10-09,NA,"alligare (gals)","2,4-D","S_2511","N","Bay",18003400,"EWM","Bay",878.981,878.98,1019.35,37.89,43.94,19,NA,NA
"2017-1985",2024,2024-10-08,2024-10-09,NA,"alligare (gals)","2,4-D","S_2511","N","Bay",18003400,"EWM","Bay",878.981,878.98,1019.35,37.89,43.94,19,NA,NA
"2017-1985",2024,2024-10-08,2024-10-09,NA,"alligare (gals)","2,4-D","S_2511","N","Bay",18003400,"EWM","Bay",878.981,878.98,1019.35,37.89,43.94,19,NA,NA
"2017-1985",2024,2024-10-08,2024-10-09,NA,"alligare (gals)","2,4-D","S_2511","N","Bay",18003400,"EWM","Bay",878.981,878.98,1019.35,37.89,43.94,19,NA,NA
"2017-1985",2024,2024-10-08,2024-10-09,NA,"alligare (gals)","2,4-D","S_2511","N","Bay",18003400,"EWM","Bay",878.981,878.98,1019.35,37.89,43.94,19,NA,NA
"2017-1985",2024,2024-10-08,2024-10-09,NA,"alligare (gals)","2,4-D","S_2511","N","Bay",18003400,"EWM","Bay",878.981,878.98,1019.35,37.89,43.94,19,NA,NA
"2017-1985",2024,2024-10-08,2024-10-09,NA,"alligare (gals)","2,4-D","S_2511","N","Bay",18003400,"EWM","Bay",878.981,878.98,1019.35,37.89,43.94,19,NA,NA
"2017-1985",2024,2024-10-08,2024-10-09,NA,"alligare (gals)","2,4-D","S_2511","N","Bay",18003400,"EWM","Bay",878.981,878.98,1019.35,37.89,43.94,19,NA,NA
"2017-1985",2024,2024-10-08,2024-10-09,NA,"alligare (gals)","2,4-D","S_2511","N","Bay",18003400,"EWM","Bay",878.981,878.98,1019.35,37.89,43.94,19,NA,NA
"2017-1985",2024,2024-10-08,2024-10-09,NA,"alligare (gals)","2,4-D","S_2511","N","Bay",18003400,"EWM","Bay",878.981,878.98,1019.35,37.89,43.94,19,NA,NA
"2018-0182",2024,2024-07-08,2024-07-10,NA,"copper_triethanola (gals)","Copper Complex","S_2537","N","Koronis (main lake)",73020002,"SSW","Koronis (main lake)",1146.637,1146.64,1146.64,38.37,38.37,15,NA,NA
"2018-0182",2024,2024-07-08,2024-07-10,NA,"copper_triethanola (gals)","Copper Complex","S_2537","N","Koronis (main lake)",73020002,"SSW","Koronis (main lake)",1146.637,1146.64,1146.64,38.37,38.37,15,NA,NA
"2018-0182",2024,2024-07-08,2024-07-10,NA,"copper_triethanola (gals)","Copper Complex","S_2537","N","Koronis (main lake)",73020002,"SSW","Koronis (main lake)",1146.637,1146.64,1146.64,38.37,38.37,15,NA,NA
"2018-0182",2024,2024-07-08,2024-07-10,NA,"copper_triethanola (gals)","Copper Complex","S_2537","N","Koronis (main lake)",73020002,"SSW","Koronis (main lake)",1146.637,1146.64,1146.64,38.37,38.37,15,NA,NA
"2018-0182",2024,2024-07-08,2024-07-10,NA,"copper_triethanola (gals)","Copper Complex","S_2537","N","Koronis (main lake)",73020002,"SSW","Koronis (main lake)",1146.637,1146.64,1146.64,38.37,38.37,15,NA,NA
"2018-0182",2024,2024-07-08,2024-07-10,NA,"copper_triethanola (gals)","Copper Complex","S_2537","N","Koronis (main lake)",73020002,"SSW","Koronis (main lake)",1146.637,1146.64,1146.64,38.37,38.37,15,NA,NA
"2018-0182",2024,2024-07-08,2024-07-10,NA,"copper_triethanola (gals)","Copper Complex","S_2537","N","Koronis (main lake)",73020002,"SSW","Koronis (main lake)",1146.637,1146.64,1146.64,38.37,38.37,15,NA,NA
"2018-0182",2024,2024-07-08,2024-07-10,NA,"copper_triethanola (gals)","Copper Complex","S_2537","N","Koronis (main lake)",73020002,"SSW","Koronis (main lake)",1146.637,1146.64,1146.64,38.37,38.37,15,NA,NA
"2018-0182",2024,2024-07-08,2024-07-10,NA,"copper_triethanola (gals)","Copper Complex","S_2537","N","Koronis (main lake)",73020002,"SSW","Koronis (main lake)",1146.637,1146.64,1146.64,38.37,38.37,15,NA,NA
"2018-0182",2024,2024-07-08,2024-07-10,NA,"copper_triethanola (gals)","Copper Complex","S_2537","N","Koronis (main lake)",73020002,"SSW","Koronis (main lake)",1146.637,1146.64,1146.64,38.37,38.37,15,NA,NA
"2018-0182",2024,2024-07-08,2024-07-10,NA,"copper_triethanola (gals)","Copper Complex","S_2537","N","Koronis (main lake)",73020002,"SSW","Koronis (main lake)",1146.637,1146.64,1146.64,38.37,38.37,15,NA,NA
"2018-0182",2024,2024-07-08,2024-07-10,NA,"copper_triethanola (gals)","Copper Complex","S_2537","N","Koronis (main lake)",73020002,"SSW","Koronis (main lake)",1146.637,1146.64,1146.64,38.37,38.37,15,NA,NA
"2018-0182",2024,2024-07-08,2024-07-10,NA,"copper_triethanola (gals)","Copper Complex","S_2537","N","Koronis (main lake)",73020002,"SSW","Koronis (main lake)",1146.637,1146.64,1146.64,38.37,38.37,15,NA,NA
"2018-0182",2024,2024-07-08,2024-07-10,NA,"copper_triethanola (gals)","Copper Complex","S_2537","N","Koronis (main lake)",73020002,"SSW","Koronis (main lake)",1146.637,1146.64,1146.64,38.37,38.37,15,NA,NA
"2018-0182",2024,2024-07-08,2024-07-10,NA,"copper_triethanola (gals)","Copper Complex","S_2537","N","Koronis (main lake)",73020002,"SSW","Koronis (main lake)",1146.637,1146.64,1146.64,38.37,38.37,15,NA,NA
"2018-0182",2024,2024-07-08,2024-07-10,NA,"copper_triethanola (gals)","Copper Complex","S_2537","N","Koronis (main lake)",73020002,"SSW","Koronis (main lake)",1146.637,1146.64,1146.64,38.37,38.37,15,NA,NA
"2018-0182",2024,2024-07-08,2024-07-10,NA,"copper_triethanola (gals)","Copper Complex","S_2537","N","Koronis (main lake)",73020002,"SSW","Koronis (main lake)",1146.637,1146.64,1146.64,38.37,38.37,15,NA,NA
"2018-0182",2024,2024-07-08,2024-07-10,NA,"copper_triethanola (gals)","Copper Complex","S_2537","N","Koronis (main lake)",73020002,"SSW","Koronis (main lake)",1146.637,1146.64,1146.64,38.37,38.37,15,NA,NA
"2018-0182",2024,2024-07-08,2024-07-10,NA,"copper_triethanola (gals)","Copper Complex","S_2537","N","Koronis (main lake)",73020002,"SSW","Koronis (main lake)",1146.637,1146.64,1146.64,38.37,38.37,15,NA,NA
"2018-0182",2024,2024-07-08,2024-07-10,NA,"copper_triethanola (gals)","Copper Complex","S_2537","N","Koronis (main lake)",73020002,"SSW","Koronis (main lake)",1146.637,1146.64,1146.64,38.37,38.37,15,NA,NA
"2018-0182",2024,2024-07-08,2024-07-10,NA,"copper_triethanola (gals)","Copper Complex","S_2537","N","Koronis (main lake)",73020002,"SSW","Koronis (main lake)",1146.637,1146.64,1146.64,38.37,38.37,15,NA,NA
"2018-0182",2024,2024-07-08,2024-07-10,NA,"copper_triethanola (gals)","Copper Complex","S_2537","N","Koronis (main lake)",73020002,"SSW","Koronis (main lake)",1146.637,1146.64,1146.64,38.37,38.37,15,NA,NA
"2018-0182",2024,2024-07-08,2024-07-10,NA,"copper_triethanola (gals)","Copper Complex","S_2537","N","Koronis (main lake)",73020002,"SSW","Koronis (main lake)",1146.637,1146.64,1146.64,38.37,38.37,15,NA,NA
"2018-0182",2024,2024-07-08,2024-07-10,NA,"copper_triethanola (gals)","Copper Complex","S_2537","N","Koronis (main lake)",73020002,"SSW","Koronis (main lake)",1146.637,1146.64,1146.64,38.37,38.37,15,NA,NA
"2018-0182",2024,2024-07-08,2024-07-10,NA,"copper_triethanola (gals)","Copper Complex","S_2537","N","Koronis (main lake)",73020002,"SSW","Koronis (main lake)",1146.637,1146.64,1146.64,38.37,38.37,15,NA,NA
"2018-0182",2024,2024-07-08,2024-07-10,NA,"copper_triethanola (gals)","Copper Complex","S_2537","N","Koronis (main lake)",73020002,"SSW","Koronis (main lake)",1146.637,1146.64,1146.64,38.37,38.37,15,NA,NA
"2018-0182",2024,2024-07-08,2024-07-10,NA,"copper_triethanola (gals)","Copper Complex","S_2537","N","Koronis (main lake)",73020002,"SSW","Koronis (main lake)",1146.637,1146.64,1146.64,38.37,38.37,15,NA,NA
"2018-0182",2024,2024-07-08,2024-07-10,NA,"copper_triethanola (gals)","Copper Complex","S_2537","N","Koronis (main lake)",73020002,"SSW","Koronis (main lake)",1146.637,1146.64,1146.64,38.37,38.37,15,NA,NA
"2018-0182",2024,2024-07-08,2024-07-10,NA,"copper_triethanola (gals)","Copper Complex","S_2537","N","Koronis (main lake)",73020002,"SSW","Koronis (main lake)",1146.637,1146.64,1146.64,38.37,38.37,15,NA,NA
"2018-0182",2024,2024-07-08,2024-07-10,NA,"copper_triethanola (gals)","Copper Complex","S_2537","N","Koronis (main lake)",73020002,"SSW","Koronis (main lake)",1146.637,1146.64,1146.64,38.37,38.37,15,NA,NA
"2018-0182",2024,2024-07-08,2024-07-10,NA,"copper_triethanola (gals)","Copper Complex","S_2537","N","Koronis (main lake)",73020002,"SSW","Koronis (main lake)",1146.637,1146.64,1146.64,38.37,38.37,15,NA,NA
"2018-0182",2024,2024-07-08,2024-07-10,NA,"copper_triethanola (gals)","Copper Complex","S_2537","N","Koronis (main lake)",73020002,"SSW","Koronis (main lake)",1146.637,1146.64,1146.64,38.37,38.37,15,NA,NA
"2020-1556",2025,2025-05-08,2025-05-08,NA,"fluridone (gals)","Fluridone","S_3073","N","Oak",10009300,"EWM","Oak",360.466,360.47,180.39,98.03,49.05,4,NA,NA
"2020-1556",2025,2025-05-08,2025-05-08,NA,"fluridone (gals)","Fluridone","S_3073","N","Oak",10009300,"EWM","Oak",360.466,360.47,180.39,98.03,49.05,4,NA,NA
"2020-1556",2025,2025-06-18,2025-06-18,NA,"fluridone (gals)","Fluridone","S_3073","N","Oak",10009300,"EWM","Oak",360.466,360.47,180.39,98.03,49.05,4,NA,NA
"2020-1556",2025,2025-06-18,2025-06-18,NA,"fluridone (gals)","Fluridone","S_3073","N","Oak",10009300,"EWM","Oak",360.466,360.47,180.39,98.03,49.05,4,NA,NA
"2023-2720",2024,2024-07-26,2024-07-26,NA,"copper_triethanola (gals)","Copper Complex","S_2764","N","Clearwater",86025200,"SSW","Clearwater",3186.88,1595.6,50.07,50.07,1595.6,15,NA,NA
"2023-2720",2024,2024-07-26,2024-07-26,NA,"copper_triethanola (gals)","Copper Complex","S_2764","N","Clearwater",86025200,"SSW","Clearwater",3186.88,1595.6,50.07,50.07,1595.6,15,NA,NA
"2023-2720",2024,2024-07-26,2024-07-26,NA,"copper_triethanola (gals)","Copper Complex","S_2764","N","Clearwater",86025200,"SSW","Clearwater",3186.88,1595.6,50.07,50.07,1595.6,15,NA,NA
"2023-2720",2024,2024-07-26,2024-07-26,NA,"copper_triethanola (gals)","Copper Complex","S_2764","N","Clearwater",86025200,"SSW","Clearwater",3186.88,1595.6,50.07,50.07,1595.6,15,NA,NA
"2023-2720",2024,2024-08-09,2024-08-09,NA,"copper_triethanola (gals)","Copper Complex","S_2764","N","Clearwater",86025200,"SSW","Clearwater",3186.88,1595.6,50.07,50.07,1595.6,15,NA,NA
"2023-2720",2024,2024-08-09,2024-08-09,NA,"copper_triethanola (gals)","Copper Complex","S_2764","N","Clearwater",86025200,"SSW","Clearwater",3186.88,1595.6,50.07,50.07,1595.6,15,NA,NA
"2023-2720",2024,2024-08-09,2024-08-09,NA,"copper_triethanola (gals)","Copper Complex","S_2764","N","Clearwater",86025200,"SSW","Clearwater",3186.88,1595.6,50.07,50.07,1595.6,15,NA,NA
"2023-2720",2024,2024-08-09,2024-08-09,NA,"copper_triethanola (gals)","Copper Complex","S_2764","N","Clearwater",86025200,"SSW","Clearwater",3186.88,1595.6,50.07,50.07,1595.6,15,NA,NA
"2023-2720",2024,2024-08-30,2024-08-30,NA,"copper_triethanola (gals)","Copper Complex","S_2764","N","Clearwater",86025200,"SSW","Clearwater",3186.88,1595.6,50.07,50.07,1595.6,15,NA,NA
"2023-2720",2024,2024-08-30,2024-08-30,NA,"copper_triethanola (gals)","Copper Complex","S_2764","N","Clearwater",86025200,"SSW","Clearwater",3186.88,1595.6,50.07,50.07,1595.6,15,NA,NA
"2023-2720",2024,2024-08-30,2024-08-30,NA,"copper_triethanola (gals)","Copper Complex","S_2764","N","Clearwater",86025200,"SSW","Clearwater",3186.88,1595.6,50.07,50.07,1595.6,15,NA,NA
"2023-2720",2024,2024-08-30,2024-08-30,NA,"copper_triethanola (gals)","Copper Complex","S_2764","N","Clearwater",86025200,"SSW","Clearwater",3186.88,1595.6,50.07,50.07,1595.6,15,NA,NA
"2023-2720",2024,2024-10-10,2024-10-10,NA,"copper_triethanola (gals)","Copper Complex","S_2764","N","Clearwater",86025200,"SSW","Clearwater",3186.88,1595.6,50.07,50.07,1595.6,15,NA,NA
"2023-2720",2024,2024-10-10,2024-10-10,NA,"copper_triethanola (gals)","Copper Complex","S_2764","N","Clearwater",86025200,"SSW","Clearwater",3186.88,1595.6,50.07,50.07,1595.6,15,NA,NA
"2023-2720",2024,2024-10-10,2024-10-10,NA,"copper_triethanola (gals)","Copper Complex","S_2764","N","Clearwater",86025200,"SSW","Clearwater",3186.88,1595.6,50.07,50.07,1595.6,15,NA,NA
"2023-2720",2024,2024-10-10,2024-10-10,NA,"copper_triethanola (gals)","Copper Complex","S_2764","N","Clearwater",86025200,"SSW","Clearwater",3186.88,1595.6,50.07,50.07,1595.6,15,NA,NA
"2021-0006",2022,2022-05-01,2022-05-31,164,"galleon (gals)","Penoxsulam","S_1908","Y","Irene",21007600,"CLP","Irene",240.379,240.38,240.38,37.68,37.68,15,68.22559374987,68.2253099259506
"2017-0857",2022,2022-05-01,2022-05-31,119.5,"diquat (gals), galleon (gals)","Diquat Dibromide, Penoxsulam","S_1676","Y","Medicine",27010400,"SSW","Medicine",434.53,434.53,434.53,46.74,46.74,15,27.5009780682577,27.5009780682577
"2017-0857",2022,2022-05-01,2022-05-31,119.5,"diquat (gals), galleon (gals)","Diquat Dibromide, Penoxsulam","S_1676","Y","Medicine",27010400,"SSW","Medicine",434.53,434.53,434.53,46.74,46.74,15,27.5009780682577,27.5009780682577
"2017-0857",2022,2022-05-01,2022-05-31,119.5,"diquat (gals), galleon (gals)","Diquat Dibromide, Penoxsulam","S_1676","Y","Medicine",27010400,"SSW","Medicine",434.53,434.53,434.53,46.74,46.74,15,27.5009780682577,27.5009780682577
"2021-0437",2021,2021-04-01,2021-04-30,115,NA,NA,"S_1589","Y","Jennie",47001500,"CLP","Jennie",1064.033,1064.03,440.02,100,41.35,8,10.8079354681669,26.135175673833
"2017-0389",2022,2022-05-01,2022-05-31,67.51,"aquathol_k (gals), diquat (gals)","Endothall, Diquat Dibromide","S_1635","Y","Sarah",27019100,"CLP","Sarah",557.23,373,66.94,66.94,373,15,12.1152845324193,100.851508813863
"2017-0389",2022,2022-05-01,2022-05-31,67.51,"aquathol_k (gals), diquat (gals)","Endothall, Diquat Dibromide","S_1635","Y","Sarah",27019100,"CLP","Sarah",557.23,373,66.94,66.94,373,15,12.1152845324193,100.851508813863
"2021-0484",2021,2021-07-01,2021-07-31,57,"dma4_ivm (gals)","2,4-D","S_1595","Y","Clear",81001401,"EWM","Clear",563.674,563.67,215.16,86.89,33.16,8,10.1122279899374,26.4919129949805
"2021-0484",2021,2021-07-01,2021-07-31,57,"dma4_ivm (gals)","2,4-D","S_1595","Y","Clear",81001401,"EWM","Clear",563.674,563.67,215.16,86.89,33.16,8,10.1122279899374,26.4919129949805
"2021-0484",2021,2021-07-01,2021-07-31,57,"dma4_ivm (gals)","2,4-D","S_1595","Y","Clear",81001401,"EWM","Clear",563.674,563.67,215.16,86.89,33.16,8,10.1122279899374,26.4919129949805
"2021-0484",2021,2021-07-01,2021-07-31,57,"dma4_ivm (gals)","2,4-D","S_1595","Y","Clear",81001401,"EWM","Clear",563.674,563.67,215.16,86.89,33.16,8,10.1122279899374,26.4919129949805
"2021-0484",2021,2021-07-01,2021-07-31,57,"dma4_ivm (gals)","2,4-D","S_1595","Y","Clear",81001401,"EWM","Clear",563.674,563.67,215.16,86.89,33.16,8,10.1122279899374,26.4919129949805
"2021-0484",2021,2021-07-01,2021-07-31,57,"dma4_ivm (gals)","2,4-D","S_1595","Y","Clear",81001401,"EWM","Clear",563.674,563.67,215.16,86.89,33.16,8,10.1122279899374,26.4919129949805
"2017-1047",2022,2022-07-01,2022-07-31,52.9,NA,NA,"S_1698","Y","Minnetonka-Crystal Bay",27013310,"EWM","Minnetonka-Crystal Bay",317.357,317.36,317.36,38.9,38.9,15,16.6689249016092,16.6687673304764
"2022-0350",2022,2022-06-01,2022-06-30,52.3,"diquat (gals)","Diquat Dibromide","S_1970","Y","Minnetonka-Lower Lake",27013302,"EWM","Minnetonka-Lower Lake",2059.409,2059.41,2059.41,32.94,32.94,15,2.53956353497533,2.53956230182431
"2017-1379",2022,2022-08-01,2022-08-31,44.4,NA,NA,"S_1717","Y","Howard",86019900,"EWM","Howard",317.586,317.59,209.71,43.16,28.5,9,13.9804651338535,21.1720947975776
"2017-1379",2022,2022-08-01,2022-08-31,44.4,NA,NA,"S_1717","Y","Howard",86019900,"EWM","Howard",317.586,317.59,209.71,43.16,28.5,9,13.9804651338535,21.1720947975776
"2017-1379",2022,2022-08-01,2022-08-31,44.4,NA,NA,"S_1717","Y","Howard",86019900,"EWM","Howard",317.586,317.59,209.71,43.16,28.5,9,13.9804651338535,21.1720947975776
"2017-1379",2022,2022-08-01,2022-08-31,44.4,NA,NA,"S_1717","Y","Howard",86019900,"EWM","Howard",317.586,317.59,209.71,43.16,28.5,9,13.9804651338535,21.1720947975776
"2017-0434",2022,2022-07-01,2022-07-31,42.69,NA,NA,"S_1637","Y","Sturgeon",58006700,"EWM","Sturgeon",727.335,727.33,727.33,42.64,42.64,15,5.86937243498525,5.86941278374328
"2017-3315",2022,2022-06-01,2022-06-30,42.6,"diquat (gals)","Diquat Dibromide","S_1757","Y","Turtle",62006100,"EWM","Turtle",284.178,284.18,284.18,63.15,63.15,15,14.9906044802905,14.99049897952
"2017-3315",2022,2022-06-01,2022-06-30,42.6,"diquat (gals)","Diquat Dibromide","S_1757","Y","Turtle",62006100,"EWM","Turtle",284.178,284.18,284.18,63.15,63.15,15,14.9906044802905,14.99049897952
"2017-1985",2022,2022-10-01,2022-10-31,41.25,"alligare (gals)","2,4-D","S_1741","Y","Bay",18003400,"EWM","Bay",878.981,878.98,1019.35,37.89,43.94,19,4.69293420449361,4.04669642419189
"2017-1985",2022,2022-10-01,2022-10-31,41.25,"alligare (gals)","2,4-D","S_1741","Y","Bay",18003400,"EWM","Bay",878.981,878.98,1019.35,37.89,43.94,19,4.69293420449361,4.04669642419189
"2017-1985",2022,2022-10-01,2022-10-31,41.25,"alligare (gals)","2,4-D","S_1741","Y","Bay",18003400,"EWM","Bay",878.981,878.98,1019.35,37.89,43.94,19,4.69293420449361,4.04669642419189
"2017-1985",2022,2022-10-01,2022-10-31,41.25,"alligare (gals)","2,4-D","S_1741","Y","Bay",18003400,"EWM","Bay",878.981,878.98,1019.35,37.89,43.94,19,4.69293420449361,4.04669642419189
"2017-1985",2022,2022-10-01,2022-10-31,41.25,"alligare (gals)","2,4-D","S_1741","Y","Bay",18003400,"EWM","Bay",878.981,878.98,1019.35,37.89,43.94,19,4.69293420449361,4.04669642419189
"2017-1985",2022,2022-10-01,2022-10-31,41.25,"alligare (gals)","2,4-D","S_1741","Y","Bay",18003400,"EWM","Bay",878.981,878.98,1019.35,37.89,43.94,19,4.69293420449361,4.04669642419189
"2017-1985",2022,2022-10-01,2022-10-31,41.25,"alligare (gals)","2,4-D","S_1741","Y","Bay",18003400,"EWM","Bay",878.981,878.98,1019.35,37.89,43.94,19,4.69293420449361,4.04669642419189
"2017-1985",2022,2022-10-01,2022-10-31,41.25,"alligare (gals)","2,4-D","S_1741","Y","Bay",18003400,"EWM","Bay",878.981,878.98,1019.35,37.89,43.94,19,4.69293420449361,4.04669642419189
"2017-1985",2022,2022-10-01,2022-10-31,41.25,"alligare (gals)","2,4-D","S_1741","Y","Bay",18003400,"EWM","Bay",878.981,878.98,1019.35,37.89,43.94,19,4.69293420449361,4.04669642419189
"2017-1985",2022,2022-10-01,2022-10-31,41.25,"alligare (gals)","2,4-D","S_1741","Y","Bay",18003400,"EWM","Bay",878.981,878.98,1019.35,37.89,43.94,19,4.69293420449361,4.04669642419189
"2017-1985",2022,2022-10-01,2022-10-31,41.25,"alligare (gals)","2,4-D","S_1741","Y","Bay",18003400,"EWM","Bay",878.981,878.98,1019.35,37.89,43.94,19,4.69293420449361,4.04669642419189
"2017-1985",2022,2022-10-01,2022-10-31,41.25,"alligare (gals)","2,4-D","S_1741","Y","Bay",18003400,"EWM","Bay",878.981,878.98,1019.35,37.89,43.94,19,4.69293420449361,4.04669642419189
"2017-1985",2022,2022-10-01,2022-10-31,41.25,"alligare (gals)","2,4-D","S_1741","Y","Bay",18003400,"EWM","Bay",878.981,878.98,1019.35,37.89,43.94,19,4.69293420449361,4.04669642419189
"2017-1985",2022,2022-10-01,2022-10-31,41.25,"alligare (gals)","2,4-D","S_1741","Y","Bay",18003400,"EWM","Bay",878.981,878.98,1019.35,37.89,43.94,19,4.69293420449361,4.04669642419189
"2017-1985",2022,2022-10-01,2022-10-31,41.25,"alligare (gals)","2,4-D","S_1741","Y","Bay",18003400,"EWM","Bay",878.981,878.98,1019.35,37.89,43.94,19,4.69293420449361,4.04669642419189
"2017-1985",2022,2022-10-01,2022-10-31,41.25,"alligare (gals)","2,4-D","S_1741","Y","Bay",18003400,"EWM","Bay",878.981,878.98,1019.35,37.89,43.94,19,4.69293420449361,4.04669642419189
"2017-1985",2022,2022-10-01,2022-10-31,41.25,"alligare (gals)","2,4-D","S_1741","Y","Bay",18003400,"EWM","Bay",878.981,878.98,1019.35,37.89,43.94,19,4.69293420449361,4.04669642419189
"2017-1985",2022,2022-10-01,2022-10-31,41.25,"alligare (gals)","2,4-D","S_1741","Y","Bay",18003400,"EWM","Bay",878.981,878.98,1019.35,37.89,43.94,19,4.69293420449361,4.04669642419189
"2017-1985",2022,2022-10-01,2022-10-31,41.25,"alligare (gals)","2,4-D","S_1741","Y","Bay",18003400,"EWM","Bay",878.981,878.98,1019.35,37.89,43.94,19,4.69293420449361,4.04669642419189
"2017-1985",2022,2022-10-01,2022-10-31,41.25,"alligare (gals)","2,4-D","S_1741","Y","Bay",18003400,"EWM","Bay",878.981,878.98,1019.35,37.89,43.94,19,4.69293420449361,4.04669642419189
"2017-1985",2022,2022-10-01,2022-10-31,41.25,"alligare (gals)","2,4-D","S_1741","Y","Bay",18003400,"EWM","Bay",878.981,878.98,1019.35,37.89,43.94,19,4.69293420449361,4.04669642419189
"2017-1985",2022,2022-10-01,2022-10-31,41.25,"alligare (gals)","2,4-D","S_1741","Y","Bay",18003400,"EWM","Bay",878.981,878.98,1019.35,37.89,43.94,19,4.69293420449361,4.04669642419189
"2017-1985",2022,2022-10-01,2022-10-31,41.25,"alligare (gals)","2,4-D","S_1741","Y","Bay",18003400,"EWM","Bay",878.981,878.98,1019.35,37.89,43.94,19,4.69293420449361,4.04669642419189
"2017-1985",2022,2022-10-01,2022-10-31,41.25,"alligare (gals)","2,4-D","S_1741","Y","Bay",18003400,"EWM","Bay",878.981,878.98,1019.35,37.89,43.94,19,4.69293420449361,4.04669642419189
"2017-1985",2022,2022-10-01,2022-10-31,41.25,"alligare (gals)","2,4-D","S_1741","Y","Bay",18003400,"EWM","Bay",878.981,878.98,1019.35,37.89,43.94,19,4.69293420449361,4.04669642419189
"2017-1985",2022,2022-10-01,2022-10-31,41.25,"alligare (gals)","2,4-D","S_1741","Y","Bay",18003400,"EWM","Bay",878.981,878.98,1019.35,37.89,43.94,19,4.69293420449361,4.04669642419189
"2017-1985",2022,2022-10-01,2022-10-31,41.25,"alligare (gals)","2,4-D","S_1741","Y","Bay",18003400,"EWM","Bay",878.981,878.98,1019.35,37.89,43.94,19,4.69293420449361,4.04669642419189
"2017-1985",2022,2022-10-01,2022-10-31,41.25,"alligare (gals)","2,4-D","S_1741","Y","Bay",18003400,"EWM","Bay",878.981,878.98,1019.35,37.89,43.94,19,4.69293420449361,4.04669642419189
"2017-1985",2022,2022-10-01,2022-10-31,41.25,"alligare (gals)","2,4-D","S_1741","Y","Bay",18003400,"EWM","Bay",878.981,878.98,1019.35,37.89,43.94,19,4.69293420449361,4.04669642419189
"2017-1985",2022,2022-10-01,2022-10-31,41.25,"alligare (gals)","2,4-D","S_1741","Y","Bay",18003400,"EWM","Bay",878.981,878.98,1019.35,37.89,43.94,19,4.69293420449361,4.04669642419189
"2017-1985",2022,2022-10-01,2022-10-31,41.25,"alligare (gals)","2,4-D","S_1741","Y","Bay",18003400,"EWM","Bay",878.981,878.98,1019.35,37.89,43.94,19,4.69293420449361,4.04669642419189
"2017-1985",2022,2022-10-01,2022-10-31,41.25,"alligare (gals)","2,4-D","S_1741","Y","Bay",18003400,"EWM","Bay",878.981,878.98,1019.35,37.89,43.94,19,4.69293420449361,4.04669642419189
"2017-1985",2022,2022-10-01,2022-10-31,41.25,"alligare (gals)","2,4-D","S_1741","Y","Bay",18003400,"EWM","Bay",878.981,878.98,1019.35,37.89,43.94,19,4.69293420449361,4.04669642419189
"2017-1985",2022,2022-10-01,2022-10-31,41.25,"alligare (gals)","2,4-D","S_1741","Y","Bay",18003400,"EWM","Bay",878.981,878.98,1019.35,37.89,43.94,19,4.69293420449361,4.04669642419189
"2017-1985",2022,2022-10-01,2022-10-31,41.25,"alligare (gals)","2,4-D","S_1741","Y","Bay",18003400,"EWM","Bay",878.981,878.98,1019.35,37.89,43.94,19,4.69293420449361,4.04669642419189
"2017-1985",2022,2022-10-01,2022-10-31,41.25,"alligare (gals)","2,4-D","S_1741","Y","Bay",18003400,"EWM","Bay",878.981,878.98,1019.35,37.89,43.94,19,4.69293420449361,4.04669642419189
"2017-1985",2022,2022-10-01,2022-10-31,41.25,"alligare (gals)","2,4-D","S_1741","Y","Bay",18003400,"EWM","Bay",878.981,878.98,1019.35,37.89,43.94,19,4.69293420449361,4.04669642419189
"2017-1985",2022,2022-10-01,2022-10-31,41.25,"alligare (gals)","2,4-D","S_1741","Y","Bay",18003400,"EWM","Bay",878.981,878.98,1019.35,37.89,43.94,19,4.69293420449361,4.04669642419189
"2017-1985",2022,2022-10-01,2022-10-31,41.25,"alligare (gals)","2,4-D","S_1741","Y","Bay",18003400,"EWM","Bay",878.981,878.98,1019.35,37.89,43.94,19,4.69293420449361,4.04669642419189
"2017-1985",2022,2022-10-01,2022-10-31,41.25,"alligare (gals)","2,4-D","S_1741","Y","Bay",18003400,"EWM","Bay",878.981,878.98,1019.35,37.89,43.94,19,4.69293420449361,4.04669642419189
"2017-1985",2022,2022-10-01,2022-10-31,41.25,"alligare (gals)","2,4-D","S_1741","Y","Bay",18003400,"EWM","Bay",878.981,878.98,1019.35,37.89,43.94,19,4.69293420449361,4.04669642419189
"2017-1985",2022,2022-10-01,2022-10-31,41.25,"alligare (gals)","2,4-D","S_1741","Y","Bay",18003400,"EWM","Bay",878.981,878.98,1019.35,37.89,43.94,19,4.69293420449361,4.04669642419189
"2017-1985",2022,2022-10-01,2022-10-31,41.25,"alligare (gals)","2,4-D","S_1741","Y","Bay",18003400,"EWM","Bay",878.981,878.98,1019.35,37.89,43.94,19,4.69293420449361,4.04669642419189
"2017-1985",2022,2022-10-01,2022-10-31,41.25,"alligare (gals)","2,4-D","S_1741","Y","Bay",18003400,"EWM","Bay",878.981,878.98,1019.35,37.89,43.94,19,4.69293420449361,4.04669642419189
"2017-1985",2022,2022-10-01,2022-10-31,41.25,"alligare (gals)","2,4-D","S_1741","Y","Bay",18003400,"EWM","Bay",878.981,878.98,1019.35,37.89,43.94,19,4.69293420449361,4.04669642419189
"2017-1985",2022,2022-10-01,2022-10-31,41.25,"alligare (gals)","2,4-D","S_1741","Y","Bay",18003400,"EWM","Bay",878.981,878.98,1019.35,37.89,43.94,19,4.69293420449361,4.04669642419189
"2017-1985",2022,2022-10-01,2022-10-31,41.25,"alligare (gals)","2,4-D","S_1741","Y","Bay",18003400,"EWM","Bay",878.981,878.98,1019.35,37.89,43.94,19,4.69293420449361,4.04669642419189
"2017-1985",2022,2022-10-01,2022-10-31,41.25,"alligare (gals)","2,4-D","S_1741","Y","Bay",18003400,"EWM","Bay",878.981,878.98,1019.35,37.89,43.94,19,4.69293420449361,4.04669642419189
"2017-1985",2022,2022-10-01,2022-10-31,41.25,"alligare (gals)","2,4-D","S_1741","Y","Bay",18003400,"EWM","Bay",878.981,878.98,1019.35,37.89,43.94,19,4.69293420449361,4.04669642419189
"2017-1985",2022,2022-10-01,2022-10-31,41.25,"alligare (gals)","2,4-D","S_1741","Y","Bay",18003400,"EWM","Bay",878.981,878.98,1019.35,37.89,43.94,19,4.69293420449361,4.04669642419189
"2017-1985",2022,2022-10-01,2022-10-31,41.25,"alligare (gals)","2,4-D","S_1741","Y","Bay",18003400,"EWM","Bay",878.981,878.98,1019.35,37.89,43.94,19,4.69293420449361,4.04669642419189
"2017-1985",2022,2022-10-01,2022-10-31,41.25,"alligare (gals)","2,4-D","S_1741","Y","Bay",18003400,"EWM","Bay",878.981,878.98,1019.35,37.89,43.94,19,4.69293420449361,4.04669642419189
"2017-1985",2022,2022-10-01,2022-10-31,41.25,"alligare (gals)","2,4-D","S_1741","Y","Bay",18003400,"EWM","Bay",878.981,878.98,1019.35,37.89,43.94,19,4.69293420449361,4.04669642419189
"2017-1985",2022,2022-10-01,2022-10-31,41.25,"alligare (gals)","2,4-D","S_1741","Y","Bay",18003400,"EWM","Bay",878.981,878.98,1019.35,37.89,43.94,19,4.69293420449361,4.04669642419189
"2017-1985",2022,2022-10-01,2022-10-31,41.25,"alligare (gals)","2,4-D","S_1741","Y","Bay",18003400,"EWM","Bay",878.981,878.98,1019.35,37.89,43.94,19,4.69293420449361,4.04669642419189
"2017-1985",2022,2022-10-01,2022-10-31,41.25,"alligare (gals)","2,4-D","S_1741","Y","Bay",18003400,"EWM","Bay",878.981,878.98,1019.35,37.89,43.94,19,4.69293420449361,4.04669642419189
"2017-1985",2022,2022-10-01,2022-10-31,41.25,"alligare (gals)","2,4-D","S_1741","Y","Bay",18003400,"EWM","Bay",878.981,878.98,1019.35,37.89,43.94,19,4.69293420449361,4.04669642419189
"2017-1985",2022,2022-10-01,2022-10-31,41.25,"alligare (gals)","2,4-D","S_1741","Y","Bay",18003400,"EWM","Bay",878.981,878.98,1019.35,37.89,43.94,19,4.69293420449361,4.04669642419189
"2017-1985",2022,2022-10-01,2022-10-31,41.25,"alligare (gals)","2,4-D","S_1741","Y","Bay",18003400,"EWM","Bay",878.981,878.98,1019.35,37.89,43.94,19,4.69293420449361,4.04669642419189
"2017-1985",2022,2022-10-01,2022-10-31,41.25,"alligare (gals)","2,4-D","S_1741","Y","Bay",18003400,"EWM","Bay",878.981,878.98,1019.35,37.89,43.94,19,4.69293420449361,4.04669642419189
"2017-1985",2022,2022-10-01,2022-10-31,41.25,"alligare (gals)","2,4-D","S_1741","Y","Bay",18003400,"EWM","Bay",878.981,878.98,1019.35,37.89,43.94,19,4.69293420449361,4.04669642419189
"2017-1985",2022,2022-10-01,2022-10-31,41.25,"alligare (gals)","2,4-D","S_1741","Y","Bay",18003400,"EWM","Bay",878.981,878.98,1019.35,37.89,43.94,19,4.69293420449361,4.04669642419189
"2017-1985",2022,2022-10-01,2022-10-31,41.25,"alligare (gals)","2,4-D","S_1741","Y","Bay",18003400,"EWM","Bay",878.981,878.98,1019.35,37.89,43.94,19,4.69293420449361,4.04669642419189
"2021-0389",2022,2022-07-01,2022-07-31,41.2,NA,NA,"S_1916","Y","Minnie-Belle",47011900,"EWM","Minnie-Belle",175.764,175.76,216.58,30.43,37.5,20,23.4405225188321,19.0229938129098
"2020-0903",2022,2022-05-01,2022-05-31,40.76,"alligare (gals)","2,4-D","S_1894","Y","Centerville",2000600,"CLP","Centerville",288.639,288.64,157.56,60.89,33.24,8,14.121445819865,25.8695100279259
"2020-0903",2022,2022-05-01,2022-05-31,40.76,"alligare (gals)","2,4-D","S_1894","Y","Centerville",2000600,"CLP","Centerville",288.639,288.64,157.56,60.89,33.24,8,14.121445819865,25.8695100279259
"2018-0543",2022,2022-06-01,2022-06-30,40.5,"aquathol_k (gals)","Endothall","S_1789","Y","Fish Trap",49013700,"CLP","Fish Trap",357.286,357.29,357.29,30.05,30.05,15,11.335456748935,11.3353298441042
"2017-1028",2022,2022-05-01,2022-05-31,37.65,"diquat (gals)","Diquat Dibromide","S_1684","Y","George",2009100,"EWM","George",383.264,383.26,383.26,78.66,78.66,15,9.82351590548551,9.82361843135208
"2017-1028",2022,2022-05-01,2022-05-31,37.65,"diquat (gals)","Diquat Dibromide","S_1684","Y","George",2009100,"EWM","George",383.264,383.26,383.26,78.66,78.66,15,9.82351590548551,9.82361843135208
"2017-1028",2022,2022-05-01,2022-05-31,37.65,"diquat (gals)","Diquat Dibromide","S_1684","Y","George",2009100,"EWM","George",383.264,383.26,383.26,78.66,78.66,15,9.82351590548551,9.82361843135208
"2022-0400",2022,2022-05-01,2022-05-31,36.51,"diquat (gals)","Diquat Dibromide","S_1974","Y","Peltier",2000400,"CLP","Peltier",514.793,514.79,373.01,85.01,61.6,9.9,7.09217102796658,9.78794134205517
"2018-0728",2022,2022-06-01,2022-06-30,35.7,"aquathol_k (gals)","Endothall","S_1797","Y","Orono",71001300,"CLP","Orono",246.642,246.64,246.64,99.07,99.07,15,14.4744204150145,14.474537787869
"2017-0729",2022,2022-07-01,2022-07-31,32.5,"alligare (gals)","2,4-D","S_1667","Y","Scandinavian",61004100,"EWM","Scandinavian",229.728,229.73,239.8,55.24,57.67,16,14.1471653433626,13.5529608006672
"2022-0347",2022,2022-06-01,2022-06-30,30.13,"diquat (gals)","Diquat Dibromide","S_1969","Y","Minnetonka-Upper Lake",27013305,"CLP","Minnetonka-Upper Lake",1699.304,1699.3,1699.3,37.59,37.59,15,1.77307886052172,1.77308303419055
"2018-1087",2021,2021-06-01,2021-06-30,30,"aquathol_k (gals)","Endothall","S_1475","Y","Upper Cormorant",3058800,"CLP","Upper Cormorant",522.844,522.84,894.77,55.51,95,22,5.73784914812066,3.35281692501984
"2020-0181",2022,2022-05-01,2022-05-31,28.7,"diquat (gals)","Diquat Dibromide","S_1886","Y","Rice",2000800,"CLP","Rice",371.217,371.22,371.22,100,100,15,7.73132695970282,7.73126447928452
"2017-1985",2020,2020-10-01,2020-10-31,28.33,NA,NA,"S_1056","Y","Bay",18003400,"EWM","Bay",878.981,878.98,1019.35,37.89,43.94,19,3.22305032759525,2.77922205326924
"2017-1985",2020,2020-10-01,2020-10-31,28.33,NA,NA,"S_1056","Y","Bay",18003400,"EWM","Bay",878.981,878.98,1019.35,37.89,43.94,19,3.22305032759525,2.77922205326924
"2017-1985",2020,2020-10-01,2020-10-31,28.33,NA,NA,"S_1056","Y","Bay",18003400,"EWM","Bay",878.981,878.98,1019.35,37.89,43.94,19,3.22305032759525,2.77922205326924
"2017-1985",2020,2020-10-01,2020-10-31,28.33,NA,NA,"S_1056","Y","Bay",18003400,"EWM","Bay",878.981,878.98,1019.35,37.89,43.94,19,3.22305032759525,2.77922205326924
"2017-1985",2020,2020-10-01,2020-10-31,28.33,NA,NA,"S_1056","Y","Bay",18003400,"EWM","Bay",878.981,878.98,1019.35,37.89,43.94,19,3.22305032759525,2.77922205326924
"2017-1985",2020,2020-10-01,2020-10-31,28.33,NA,NA,"S_1056","Y","Bay",18003400,"EWM","Bay",878.981,878.98,1019.35,37.89,43.94,19,3.22305032759525,2.77922205326924
"2017-1985",2020,2020-10-01,2020-10-31,28.33,NA,NA,"S_1056","Y","Bay",18003400,"EWM","Bay",878.981,878.98,1019.35,37.89,43.94,19,3.22305032759525,2.77922205326924
"2017-1985",2020,2020-10-01,2020-10-31,28.33,NA,NA,"S_1056","Y","Bay",18003400,"EWM","Bay",878.981,878.98,1019.35,37.89,43.94,19,3.22305032759525,2.77922205326924
"2017-1985",2020,2020-10-01,2020-10-31,28.33,NA,NA,"S_1056","Y","Bay",18003400,"EWM","Bay",878.981,878.98,1019.35,37.89,43.94,19,3.22305032759525,2.77922205326924
"2017-1985",2020,2020-10-01,2020-10-31,28.33,NA,NA,"S_1056","Y","Bay",18003400,"EWM","Bay",878.981,878.98,1019.35,37.89,43.94,19,3.22305032759525,2.77922205326924
"2017-1985",2020,2020-10-01,2020-10-31,28.33,NA,NA,"S_1056","Y","Bay",18003400,"EWM","Bay",878.981,878.98,1019.35,37.89,43.94,19,3.22305032759525,2.77922205326924
"2017-1985",2020,2020-10-01,2020-10-31,28.33,NA,NA,"S_1056","Y","Bay",18003400,"EWM","Bay",878.981,878.98,1019.35,37.89,43.94,19,3.22305032759525,2.77922205326924
"2017-1985",2020,2020-10-01,2020-10-31,28.33,NA,NA,"S_1056","Y","Bay",18003400,"EWM","Bay",878.981,878.98,1019.35,37.89,43.94,19,3.22305032759525,2.77922205326924
"2017-1985",2020,2020-10-01,2020-10-31,28.33,NA,NA,"S_1056","Y","Bay",18003400,"EWM","Bay",878.981,878.98,1019.35,37.89,43.94,19,3.22305032759525,2.77922205326924
"2017-1985",2020,2020-10-01,2020-10-31,28.33,NA,NA,"S_1056","Y","Bay",18003400,"EWM","Bay",878.981,878.98,1019.35,37.89,43.94,19,3.22305032759525,2.77922205326924
"2017-1985",2020,2020-10-01,2020-10-31,28.33,NA,NA,"S_1056","Y","Bay",18003400,"EWM","Bay",878.981,878.98,1019.35,37.89,43.94,19,3.22305032759525,2.77922205326924
"2017-1985",2020,2020-10-01,2020-10-31,28.33,NA,NA,"S_1056","Y","Bay",18003400,"EWM","Bay",878.981,878.98,1019.35,37.89,43.94,19,3.22305032759525,2.77922205326924
"2017-1985",2020,2020-10-01,2020-10-31,28.33,NA,NA,"S_1056","Y","Bay",18003400,"EWM","Bay",878.981,878.98,1019.35,37.89,43.94,19,3.22305032759525,2.77922205326924
"2017-1985",2020,2020-10-01,2020-10-31,28.33,NA,NA,"S_1056","Y","Bay",18003400,"EWM","Bay",878.981,878.98,1019.35,37.89,43.94,19,3.22305032759525,2.77922205326924
"2017-1985",2020,2020-10-01,2020-10-31,28.33,NA,NA,"S_1056","Y","Bay",18003400,"EWM","Bay",878.981,878.98,1019.35,37.89,43.94,19,3.22305032759525,2.77922205326924
"2017-1985",2020,2020-10-01,2020-10-31,28.33,NA,NA,"S_1056","Y","Bay",18003400,"EWM","Bay",878.981,878.98,1019.35,37.89,43.94,19,3.22305032759525,2.77922205326924
"2017-1985",2020,2020-10-01,2020-10-31,28.33,NA,NA,"S_1056","Y","Bay",18003400,"EWM","Bay",878.981,878.98,1019.35,37.89,43.94,19,3.22305032759525,2.77922205326924
"2017-1985",2020,2020-10-01,2020-10-31,28.33,NA,NA,"S_1056","Y","Bay",18003400,"EWM","Bay",878.981,878.98,1019.35,37.89,43.94,19,3.22305032759525,2.77922205326924
"2017-1985",2020,2020-10-01,2020-10-31,28.33,NA,NA,"S_1056","Y","Bay",18003400,"EWM","Bay",878.981,878.98,1019.35,37.89,43.94,19,3.22305032759525,2.77922205326924
"2017-1985",2020,2020-10-01,2020-10-31,28.33,NA,NA,"S_1056","Y","Bay",18003400,"EWM","Bay",878.981,878.98,1019.35,37.89,43.94,19,3.22305032759525,2.77922205326924
"2017-1985",2020,2020-10-01,2020-10-31,28.33,NA,NA,"S_1056","Y","Bay",18003400,"EWM","Bay",878.981,878.98,1019.35,37.89,43.94,19,3.22305032759525,2.77922205326924
"2017-1985",2020,2020-10-01,2020-10-31,28.33,NA,NA,"S_1056","Y","Bay",18003400,"EWM","Bay",878.981,878.98,1019.35,37.89,43.94,19,3.22305032759525,2.77922205326924
"2017-1985",2020,2020-10-01,2020-10-31,28.33,NA,NA,"S_1056","Y","Bay",18003400,"EWM","Bay",878.981,878.98,1019.35,37.89,43.94,19,3.22305032759525,2.77922205326924
"2017-1985",2020,2020-10-01,2020-10-31,28.33,NA,NA,"S_1056","Y","Bay",18003400,"EWM","Bay",878.981,878.98,1019.35,37.89,43.94,19,3.22305032759525,2.77922205326924
"2017-1985",2020,2020-10-01,2020-10-31,28.33,NA,NA,"S_1056","Y","Bay",18003400,"EWM","Bay",878.981,878.98,1019.35,37.89,43.94,19,3.22305032759525,2.77922205326924
"2017-1985",2020,2020-10-01,2020-10-31,28.33,NA,NA,"S_1056","Y","Bay",18003400,"EWM","Bay",878.981,878.98,1019.35,37.89,43.94,19,3.22305032759525,2.77922205326924
"2017-1985",2020,2020-10-01,2020-10-31,28.33,NA,NA,"S_1056","Y","Bay",18003400,"EWM","Bay",878.981,878.98,1019.35,37.89,43.94,19,3.22305032759525,2.77922205326924
"2017-1985",2020,2020-10-01,2020-10-31,28.33,NA,NA,"S_1056","Y","Bay",18003400,"EWM","Bay",878.981,878.98,1019.35,37.89,43.94,19,3.22305032759525,2.77922205326924
"2017-1985",2020,2020-10-01,2020-10-31,28.33,NA,NA,"S_1056","Y","Bay",18003400,"EWM","Bay",878.981,878.98,1019.35,37.89,43.94,19,3.22305032759525,2.77922205326924
"2017-1985",2020,2020-10-01,2020-10-31,28.33,NA,NA,"S_1056","Y","Bay",18003400,"EWM","Bay",878.981,878.98,1019.35,37.89,43.94,19,3.22305032759525,2.77922205326924
"2017-1985",2020,2020-10-01,2020-10-31,28.33,NA,NA,"S_1056","Y","Bay",18003400,"EWM","Bay",878.981,878.98,1019.35,37.89,43.94,19,3.22305032759525,2.77922205326924
"2017-1985",2020,2020-10-01,2020-10-31,28.33,NA,NA,"S_1056","Y","Bay",18003400,"EWM","Bay",878.981,878.98,1019.35,37.89,43.94,19,3.22305032759525,2.77922205326924
"2017-1985",2020,2020-10-01,2020-10-31,28.33,NA,NA,"S_1056","Y","Bay",18003400,"EWM","Bay",878.981,878.98,1019.35,37.89,43.94,19,3.22305032759525,2.77922205326924
"2017-1985",2020,2020-10-01,2020-10-31,28.33,NA,NA,"S_1056","Y","Bay",18003400,"EWM","Bay",878.981,878.98,1019.35,37.89,43.94,19,3.22305032759525,2.77922205326924
"2017-1985",2020,2020-10-01,2020-10-31,28.33,NA,NA,"S_1056","Y","Bay",18003400,"EWM","Bay",878.981,878.98,1019.35,37.89,43.94,19,3.22305032759525,2.77922205326924
"2017-1985",2020,2020-10-01,2020-10-31,28.33,NA,NA,"S_1056","Y","Bay",18003400,"EWM","Bay",878.981,878.98,1019.35,37.89,43.94,19,3.22305032759525,2.77922205326924
"2017-1985",2020,2020-10-01,2020-10-31,28.33,NA,NA,"S_1056","Y","Bay",18003400,"EWM","Bay",878.981,878.98,1019.35,37.89,43.94,19,3.22305032759525,2.77922205326924
"2017-1985",2020,2020-10-01,2020-10-31,28.33,NA,NA,"S_1056","Y","Bay",18003400,"EWM","Bay",878.981,878.98,1019.35,37.89,43.94,19,3.22305032759525,2.77922205326924
"2017-1985",2020,2020-10-01,2020-10-31,28.33,NA,NA,"S_1056","Y","Bay",18003400,"EWM","Bay",878.981,878.98,1019.35,37.89,43.94,19,3.22305032759525,2.77922205326924
"2017-1985",2020,2020-10-01,2020-10-31,28.33,NA,NA,"S_1056","Y","Bay",18003400,"EWM","Bay",878.981,878.98,1019.35,37.89,43.94,19,3.22305032759525,2.77922205326924
"2017-1985",2020,2020-10-01,2020-10-31,28.33,NA,NA,"S_1056","Y","Bay",18003400,"EWM","Bay",878.981,878.98,1019.35,37.89,43.94,19,3.22305032759525,2.77922205326924
"2017-1985",2020,2020-10-01,2020-10-31,28.33,NA,NA,"S_1056","Y","Bay",18003400,"EWM","Bay",878.981,878.98,1019.35,37.89,43.94,19,3.22305032759525,2.77922205326924
"2017-1985",2020,2020-10-01,2020-10-31,28.33,NA,NA,"S_1056","Y","Bay",18003400,"EWM","Bay",878.981,878.98,1019.35,37.89,43.94,19,3.22305032759525,2.77922205326924
"2017-1985",2020,2020-10-01,2020-10-31,28.33,NA,NA,"S_1056","Y","Bay",18003400,"EWM","Bay",878.981,878.98,1019.35,37.89,43.94,19,3.22305032759525,2.77922205326924
"2017-1985",2020,2020-10-01,2020-10-31,28.33,NA,NA,"S_1056","Y","Bay",18003400,"EWM","Bay",878.981,878.98,1019.35,37.89,43.94,19,3.22305032759525,2.77922205326924
"2017-1985",2020,2020-10-01,2020-10-31,28.33,NA,NA,"S_1056","Y","Bay",18003400,"EWM","Bay",878.981,878.98,1019.35,37.89,43.94,19,3.22305032759525,2.77922205326924
"2017-1985",2020,2020-10-01,2020-10-31,28.33,NA,NA,"S_1056","Y","Bay",18003400,"EWM","Bay",878.981,878.98,1019.35,37.89,43.94,19,3.22305032759525,2.77922205326924
"2017-1985",2020,2020-10-01,2020-10-31,28.33,NA,NA,"S_1056","Y","Bay",18003400,"EWM","Bay",878.981,878.98,1019.35,37.89,43.94,19,3.22305032759525,2.77922205326924
"2017-1985",2020,2020-10-01,2020-10-31,28.33,NA,NA,"S_1056","Y","Bay",18003400,"EWM","Bay",878.981,878.98,1019.35,37.89,43.94,19,3.22305032759525,2.77922205326924
"2017-1985",2020,2020-10-01,2020-10-31,28.33,NA,NA,"S_1056","Y","Bay",18003400,"EWM","Bay",878.981,878.98,1019.35,37.89,43.94,19,3.22305032759525,2.77922205326924
"2017-1985",2020,2020-10-01,2020-10-31,28.33,NA,NA,"S_1056","Y","Bay",18003400,"EWM","Bay",878.981,878.98,1019.35,37.89,43.94,19,3.22305032759525,2.77922205326924
"2017-1985",2020,2020-10-01,2020-10-31,28.33,NA,NA,"S_1056","Y","Bay",18003400,"EWM","Bay",878.981,878.98,1019.35,37.89,43.94,19,3.22305032759525,2.77922205326924
"2017-1985",2020,2020-10-01,2020-10-31,28.33,NA,NA,"S_1056","Y","Bay",18003400,"EWM","Bay",878.981,878.98,1019.35,37.89,43.94,19,3.22305032759525,2.77922205326924
"2017-1985",2020,2020-10-01,2020-10-31,28.33,NA,NA,"S_1056","Y","Bay",18003400,"EWM","Bay",878.981,878.98,1019.35,37.89,43.94,19,3.22305032759525,2.77922205326924
"2017-1985",2020,2020-10-01,2020-10-31,28.33,NA,NA,"S_1056","Y","Bay",18003400,"EWM","Bay",878.981,878.98,1019.35,37.89,43.94,19,3.22305032759525,2.77922205326924
"2017-1985",2020,2020-10-01,2020-10-31,28.33,NA,NA,"S_1056","Y","Bay",18003400,"EWM","Bay",878.981,878.98,1019.35,37.89,43.94,19,3.22305032759525,2.77922205326924
"2017-1985",2020,2020-10-01,2020-10-31,28.33,NA,NA,"S_1056","Y","Bay",18003400,"EWM","Bay",878.981,878.98,1019.35,37.89,43.94,19,3.22305032759525,2.77922205326924
"2017-1985",2020,2020-10-01,2020-10-31,28.33,NA,NA,"S_1056","Y","Bay",18003400,"EWM","Bay",878.981,878.98,1019.35,37.89,43.94,19,3.22305032759525,2.77922205326924
"2017-1985",2020,2020-10-01,2020-10-31,28.33,NA,NA,"S_1056","Y","Bay",18003400,"EWM","Bay",878.981,878.98,1019.35,37.89,43.94,19,3.22305032759525,2.77922205326924
"2017-1985",2020,2020-10-01,2020-10-31,28.33,NA,NA,"S_1056","Y","Bay",18003400,"EWM","Bay",878.981,878.98,1019.35,37.89,43.94,19,3.22305032759525,2.77922205326924
"2017-1985",2020,2020-10-01,2020-10-31,28.33,NA,NA,"S_1056","Y","Bay",18003400,"EWM","Bay",878.981,878.98,1019.35,37.89,43.94,19,3.22305032759525,2.77922205326924
"2017-1985",2020,2020-10-01,2020-10-31,28.33,NA,NA,"S_1056","Y","Bay",18003400,"EWM","Bay",878.981,878.98,1019.35,37.89,43.94,19,3.22305032759525,2.77922205326924
"2017-1985",2020,2020-10-01,2020-10-31,28.33,NA,NA,"S_1056","Y","Bay",18003400,"EWM","Bay",878.981,878.98,1019.35,37.89,43.94,19,3.22305032759525,2.77922205326924
"2017-1985",2020,2020-10-01,2020-10-31,28.33,NA,NA,"S_1056","Y","Bay",18003400,"EWM","Bay",878.981,878.98,1019.35,37.89,43.94,19,3.22305032759525,2.77922205326924
"2017-1985",2020,2020-10-01,2020-10-31,28.33,NA,NA,"S_1056","Y","Bay",18003400,"EWM","Bay",878.981,878.98,1019.35,37.89,43.94,19,3.22305032759525,2.77922205326924
"2017-1985",2020,2020-10-01,2020-10-31,28.33,NA,NA,"S_1056","Y","Bay",18003400,"EWM","Bay",878.981,878.98,1019.35,37.89,43.94,19,3.22305032759525,2.77922205326924
"2017-1985",2020,2020-10-01,2020-10-31,28.33,NA,NA,"S_1056","Y","Bay",18003400,"EWM","Bay",878.981,878.98,1019.35,37.89,43.94,19,3.22305032759525,2.77922205326924
"2017-1985",2020,2020-10-01,2020-10-31,28.33,NA,NA,"S_1056","Y","Bay",18003400,"EWM","Bay",878.981,878.98,1019.35,37.89,43.94,19,3.22305032759525,2.77922205326924
"2017-1985",2020,2020-10-01,2020-10-31,28.33,NA,NA,"S_1056","Y","Bay",18003400,"EWM","Bay",878.981,878.98,1019.35,37.89,43.94,19,3.22305032759525,2.77922205326924
"2017-1985",2020,2020-10-01,2020-10-31,28.33,NA,NA,"S_1056","Y","Bay",18003400,"EWM","Bay",878.981,878.98,1019.35,37.89,43.94,19,3.22305032759525,2.77922205326924
"2017-1985",2020,2020-10-01,2020-10-31,28.33,NA,NA,"S_1056","Y","Bay",18003400,"EWM","Bay",878.981,878.98,1019.35,37.89,43.94,19,3.22305032759525,2.77922205326924
"2017-1985",2020,2020-10-01,2020-10-31,28.33,NA,NA,"S_1056","Y","Bay",18003400,"EWM","Bay",878.981,878.98,1019.35,37.89,43.94,19,3.22305032759525,2.77922205326924
"2017-1985",2020,2020-10-01,2020-10-31,28.33,NA,NA,"S_1056","Y","Bay",18003400,"EWM","Bay",878.981,878.98,1019.35,37.89,43.94,19,3.22305032759525,2.77922205326924
"2017-1985",2020,2020-10-01,2020-10-31,28.33,NA,NA,"S_1056","Y","Bay",18003400,"EWM","Bay",878.981,878.98,1019.35,37.89,43.94,19,3.22305032759525,2.77922205326924
"2017-1154",2022,2022-05-01,2022-05-31,26.47,"diquat (gals)","Diquat Dibromide","S_1706","Y","Bald Eagle",62000200,"CLP","Bald Eagle",589.063,589.06,211.86,56.13,20.19,6,4.49357708767993,12.4940998772774
"2017-1154",2022,2022-05-01,2022-05-31,26.47,"diquat (gals)","Diquat Dibromide","S_1706","Y","Bald Eagle",62000200,"CLP","Bald Eagle",589.063,589.06,211.86,56.13,20.19,6,4.49357708767993,12.4940998772774
"2017-1154",2022,2022-05-01,2022-05-31,26.47,"diquat (gals)","Diquat Dibromide","S_1706","Y","Bald Eagle",62000200,"CLP","Bald Eagle",589.063,589.06,211.86,56.13,20.19,6,4.49357708767993,12.4940998772774
"2017-1154",2022,2022-05-01,2022-05-31,26.47,"diquat (gals)","Diquat Dibromide","S_1706","Y","Bald Eagle",62000200,"CLP","Bald Eagle",589.063,589.06,211.86,56.13,20.19,6,4.49357708767993,12.4940998772774
"2017-1154",2022,2022-05-01,2022-05-31,26.47,"diquat (gals)","Diquat Dibromide","S_1706","Y","Bald Eagle",62000200,"CLP","Bald Eagle",589.063,589.06,211.86,56.13,20.19,6,4.49357708767993,12.4940998772774
"2017-1154",2022,2022-05-01,2022-05-31,26.47,"diquat (gals)","Diquat Dibromide","S_1706","Y","Bald Eagle",62000200,"CLP","Bald Eagle",589.063,589.06,211.86,56.13,20.19,6,4.49357708767993,12.4940998772774
"2017-1154",2022,2022-05-01,2022-05-31,26.47,"diquat (gals)","Diquat Dibromide","S_1706","Y","Bald Eagle",62000200,"CLP","Bald Eagle",589.063,589.06,211.86,56.13,20.19,6,4.49357708767993,12.4940998772774
"2017-1154",2022,2022-05-01,2022-05-31,26.47,"diquat (gals)","Diquat Dibromide","S_1706","Y","Bald Eagle",62000200,"CLP","Bald Eagle",589.063,589.06,211.86,56.13,20.19,6,4.49357708767993,12.4940998772774
"2017-1154",2022,2022-05-01,2022-05-31,26.47,"diquat (gals)","Diquat Dibromide","S_1706","Y","Bald Eagle",62000200,"CLP","Bald Eagle",589.063,589.06,211.86,56.13,20.19,6,4.49357708767993,12.4940998772774
"2017-1154",2022,2022-05-01,2022-05-31,26.47,"diquat (gals)","Diquat Dibromide","S_1706","Y","Bald Eagle",62000200,"CLP","Bald Eagle",589.063,589.06,211.86,56.13,20.19,6,4.49357708767993,12.4940998772774
"2019-3431",2022,2022-06-01,2022-06-30,26,"diquat (gals)","Diquat Dibromide","S_1876","Y","Darling",21008000,"CLP","Darling",553.886,553.89,553.89,52.75,52.75,15,4.69410672954363,4.69407283034538
"2019-3431",2022,2022-06-01,2022-06-30,26,"diquat (gals)","Diquat Dibromide","S_1876","Y","Darling",21008000,"CLP","Darling",553.886,553.89,553.89,52.75,52.75,15,4.69410672954363,4.69407283034538
"2019-3431",2022,2022-06-01,2022-06-30,26,"diquat (gals)","Diquat Dibromide","S_1876","Y","Darling",21008000,"CLP","Darling",553.886,553.89,553.89,52.75,52.75,15,4.69410672954363,4.69407283034538
"2017-1881",2022,2022-06-01,2022-06-30,25,"diquat (gals)","Diquat Dibromide","S_1736","Y","Minnetonka-Upper Lake",27013305,"CLP","Minnetonka-Upper Lake",1699.304,1699.3,1699.3,37.59,37.59,15,1.47119055801669,1.4711940210675
"2017-1037",2022,2022-06-01,2022-06-30,23.4,"diquat (gals)","Diquat Dibromide","S_1690","Y","Minnetonka-Carsons Bay",27013303,"CLP","Minnetonka-Carsons Bay",78.863,78.86,78.86,68.68,68.68,15,29.6717091665293,29.6728379406543
"2022-0180",2022,2022-05-01,2022-05-31,22.5,"aquathol_k (gals)","Endothall","S_1956","Y","German",40006300,"CLP","German",522.414,522.41,406.38,65.99,51.33,12,4.30692898735486,5.53668979772627
"2022-0180",2022,2022-05-01,2022-05-31,22.5,"aquathol_k (gals)","Endothall","S_1956","Y","German",40006300,"CLP","German",522.414,522.41,406.38,65.99,51.33,12,4.30692898735486,5.53668979772627
"2018-0787",2022,2022-05-01,2022-05-31,20,"aquathol_k (gals)","Endothall","S_1799","Y","Roberds",66001800,"CLP","Roberds",486.887,486.89,143.68,77.01,22.72,5,4.10772930885401,13.9198218262806
"2022-0176",2022,2022-05-01,2022-05-31,17.2,"aquathol_k (gals)","Endothall","S_1955","Y","Circle",66002700,"CLP","Circle",837.563,837.56,482.28,88.95,51.22,6,2.05357686526267,3.56639296674131
"2017-0109",2022,2022-05-01,2022-05-31,16.7,"aquathol_k (gals)","Endothall","S_1631","Y","Upper Sakatah",40000200,"CLP","Upper Sakatah",899.567,899.57,417.21,99.79,46.28,6,1.8564487136589,4.00278037439179
"2021-0466",2022,2022-05-01,2022-05-31,16.4,"aquathol_k (gals)","Endothall","S_1924","Y","Rice",73019600,"CLP","Rice",832.554,832.55,787.7,57.23,54.15,13,1.96984219642209,2.08201091786213
"2022-0315",2022,2022-06-01,2022-06-30,16,"aquathol_k (gals)","Endothall","S_1963","Y","Edward",18030500,"CLP","Edward",1397.324,1397.32,1397.32,54.24,54.24,15,1.14504581614572,1.1450490939799
"2020-3342",2022,2022-05-01,2022-05-31,15,"diquat (gals)","Diquat Dibromide","S_1906","Y","Florence",30003500,"CLP","Florence",120.203,120.2,120.2,88.59,88.59,15,12.4788898779565,12.4792013311148
"2020-3342",2022,2022-05-01,2022-05-31,15,"diquat (gals)","Diquat Dibromide","S_1906","Y","Florence",30003500,"CLP","Florence",120.203,120.2,120.2,88.59,88.59,15,12.4788898779565,12.4792013311148
"2020-3342",2022,2022-05-01,2022-05-31,15,"diquat (gals)","Diquat Dibromide","S_1906","Y","Florence",30003500,"CLP","Florence",120.203,120.2,120.2,88.59,88.59,15,12.4788898779565,12.4792013311148
"2020-3342",2022,2022-05-01,2022-05-31,15,"diquat (gals)","Diquat Dibromide","S_1906","Y","Florence",30003500,"CLP","Florence",120.203,120.2,120.2,88.59,88.59,15,12.4788898779565,12.4792013311148
"2020-3342",2022,2022-05-01,2022-05-31,15,"diquat (gals)","Diquat Dibromide","S_1906","Y","Florence",30003500,"CLP","Florence",120.203,120.2,120.2,88.59,88.59,15,12.4788898779565,12.4792013311148
"2020-0208",2022,2022-09-01,2022-09-30,14.63,"flumioxazin (lbs)","Flumioxazin","S_1887","Y","McKinney",31037000,"EWM","McKinney",105.6,99,93.75,93.75,99,15,13.8541666666667,15.6053333333333
"2017-1036",2022,2022-05-01,2022-05-31,14.3,"aquathol_k (gals)","Endothall","S_1689","Y","Marie",73001400,"CLP","Marie",124.967,124.97,107.18,85.13,73.01,8,11.4430209575328,13.3420414256391
"2017-0437",2022,2022-07-01,2022-07-31,13.95,NA,NA,"S_1638","Y","Sand",58008100,"EWM","Sand",234.851,234.85,204.47,45.49,39.61,12,5.93993638519742,6.82251675062356
"2018-0334",2022,2022-06-01,2022-06-30,13.8,"aquathol_k (gals)","Endothall","S_1783","Y","Ida",21012300,"CLP","Ida",1751.072,1751.07,2106.87,39.56,47.59,21,0.788088667970249,0.65500007119566
"2018-0408",2022,2022-06-01,2022-06-30,13.7,"aquathol_k (gals)","Endothall","S_1787","Y","Serpent",18009000,"CLP","Serpent",301.119,301.12,301.12,27.3,27.3,15,4.54969629946964,4.54968119022317
"2018-0293",2022,2022-05-01,2022-05-31,13.3,"aquathol_k (gals)","Endothall","S_1779","Y","Fannie",30004300,"EWM","Fannie",268.229,268.23,227.86,77.31,65.68,10,4.95844968292019,5.83691740542438
"2018-0293",2022,2022-05-01,2022-05-31,13.3,"aquathol_k (gals)","Endothall","S_1779","Y","Fannie",30004300,"CLP","Fannie",268.229,268.23,227.86,77.31,65.68,10,4.95844968292019,5.83691740542438
"2022-0173",2022,2022-06-01,2022-06-30,12.9,NA,NA,"S_1952","Y","Kroon",13001300,"EWM","Kroon",140.317,140.32,112.56,77.34,62.04,8,9.19346907359764,11.4605543710021
"2020-0141",2022,2022-05-01,2022-05-31,12.7,"aquathol_k (gals)","Endothall","S_1882","Y","Upper Cullen",18037600,"CLP","Upper Cullen",232.78,232.78,212.02,53.57,48.79,13,5.45579517140648,5.99000094330723
"2020-0141",2022,2022-05-01,2022-05-31,12.7,"aquathol_k (gals)","Endothall","S_1882","Y","Upper Cullen",18037600,"CLP","Upper Cullen",232.78,232.78,212.02,53.57,48.79,13,5.45579517140648,5.99000094330723
"2020-0141",2022,2022-05-01,2022-05-31,12.7,"aquathol_k (gals)","Endothall","S_1882","Y","Upper Cullen",18037600,"CLP","Upper Cullen",232.78,232.78,212.02,53.57,48.79,13,5.45579517140648,5.99000094330723
"2020-0141",2022,2022-05-01,2022-05-31,12.7,"aquathol_k (gals)","Endothall","S_1882","Y","Upper Cullen",18037600,"CLP","Upper Cullen",232.78,232.78,212.02,53.57,48.79,13,5.45579517140648,5.99000094330723
"2020-0141",2022,2022-05-01,2022-05-31,12.7,"aquathol_k (gals)","Endothall","S_1882","Y","Upper Cullen",18037600,"CLP","Upper Cullen",232.78,232.78,212.02,53.57,48.79,13,5.45579517140648,5.99000094330723
"2020-0141",2022,2022-05-01,2022-05-31,12.7,"aquathol_k (gals)","Endothall","S_1882","Y","Upper Cullen",18037600,"CLP","Upper Cullen",232.78,232.78,212.02,53.57,48.79,13,5.45579517140648,5.99000094330723
"2017-1038",2022,2022-08-01,2022-08-31,12,"diquat (gals)","Diquat Dibromide","S_1691","Y","Minnetonka-Carsons Bay",27013303,"EWM","Minnetonka-Carsons Bay",78.863,78.86,78.86,68.68,68.68,15,15.2162611110407,15.2168399695663
"2017-1041",2022,2022-07-01,2022-07-31,12,NA,NA,"S_1694","Y","Minnetonka-Upper Lake",27013305,"EWM","Minnetonka-Upper Lake",1699.304,1699.3,1699.3,37.59,37.59,15,0.706171467848013,0.706173130112399
"2017-2067",2022,2022-06-01,2022-06-30,12,NA,NA,"S_1744","Y","Elmo",82010600,"EWM","Elmo",66.382,66.38,72.1,25.85,28.08,17,18.0771895995902,16.6435506241331
"2022-0175",2022,2022-06-01,2022-06-30,11.95,NA,NA,"S_1954","Y","Chisago",13001200,"CLP","Chisago",943.96,694.5,73.57,73.57,694.5,15,1.26594347218102,16.2430338453174
"2018-0175",2022,2022-10-01,2022-10-31,11.9,NA,NA,"S_1769","Y","Ruth",18021200,"EWM","Ruth",207.076,207.08,260.02,34.56,43.4,20,5.7466823774846,4.57657103299746
"2018-1132",2022,2022-05-01,2022-05-31,11,"aquathol_k (gals)","Endothall","S_1822","Y","Chisago",13001200,"CLP","Chisago",943.96,694.5,73.57,73.57,694.5,15,1.16530361455994,14.951746635857
"2022-1398",2022,2022-07-01,2022-07-31,10.97,"alligare (gals)","2,4-D","S_1980","Y","French",66003800,"EWM","French",379.026,379.03,291.71,43.28,33.31,12,2.89426055204656,3.76058414178465
"2022-1398",2022,2022-07-01,2022-07-31,10.97,"alligare (gals)","2,4-D","S_1980","Y","French",66003800,"EWM","French",379.026,379.03,291.71,43.28,33.31,12,2.89426055204656,3.76058414178465
"2017-1092",2022,2022-07-01,2022-07-31,10.8,NA,NA,"S_1702","Y","Coon",2004200,"EWM","Coon",1331.965,1331.96,1283.59,89.92,86.66,12,0.810832116459517,0.841390163525737
"2017-1092",2022,2022-07-01,2022-07-31,10.8,NA,NA,"S_1702","Y","Coon",2004200,"EWM","Coon",1331.965,1331.96,1283.59,89.92,86.66,12,0.810832116459517,0.841390163525737
"2021-0081",2022,2022-05-01,2022-05-31,10.64,"aquathol_k (gals)","Endothall","S_1909","Y","Wilhelm",86002000,"CLP","Wilhelm",106.728,106.73,106.73,98.34,98.34,15,9.96926767108912,9.96908085824042
"2021-0081",2022,2022-05-01,2022-05-31,10.64,"aquathol_k (gals)","Endothall","S_1909","Y","Wilhelm",86002000,"CLP","Wilhelm",106.728,106.73,106.73,98.34,98.34,15,9.96926767108912,9.96908085824042
"2021-0081",2022,2022-05-01,2022-05-31,10.64,"aquathol_k (gals)","Endothall","S_1909","Y","Wilhelm",86002000,"CLP","Wilhelm",106.728,106.73,106.73,98.34,98.34,15,9.96926767108912,9.96908085824042
"2021-0460",2022,2022-07-01,2022-07-31,10.4,"diquat (gals)","Diquat Dibromide","S_1922","Y","Elk",71014100,"EWM","Elk",356.882,356.88,48.04,100,13.46,2,2.91412847944138,21.6486261448793
"2021-0460",2022,2022-07-01,2022-07-31,10.4,"diquat (gals)","Diquat Dibromide","S_1922","Y","Elk",71014100,"EWM","Elk",356.882,356.88,48.04,100,13.46,2,2.91412847944138,21.6486261448793
"2018-1512",2022,2022-06-01,2022-06-30,10.1,"aquathol_k (gals), diquat (gals)","Endothall, Diquat Dibromide","S_1830","Y","Weaver",27011700,"CLP","Weaver",73.243,73.24,66.34,48.16,43.62,11,13.7897136927761,15.224600542659
"2018-1512",2022,2022-06-01,2022-06-30,10.1,"aquathol_k (gals), diquat (gals)","Endothall, Diquat Dibromide","S_1830","Y","Weaver",27011700,"CLP","Weaver",73.243,73.24,66.34,48.16,43.62,11,13.7897136927761,15.224600542659
"2019-1554",2022,2022-05-01,2022-05-31,10,"galleon (gals)","Penoxsulam","S_1854","Y","Josephine",62005700,"CLP","Josephine",78.88,78.88,75.84,69.36,66.68,14,12.6774847870183,13.1856540084388
"2019-2512",2022,2022-07-01,2022-07-31,10,NA,NA,"S_1862","Y","Erie",47006400,"EWM","Erie",115.681,115.68,95.06,60.09,49.38,11.5,8.64446192546745,10.5196717862403
"2021-0483",2022,2022-05-01,2022-05-31,10,"aquathol_k (gals)","Endothall","S_1925","Y","Martha",86000900,"CLP","Martha",71.046,71.05,57.66,75.75,61.48,9,14.0753877769333,17.3430454387791
"2021-0483",2022,2022-05-01,2022-05-31,10,"aquathol_k (gals)","Endothall","S_1925","Y","Martha",86000900,"CLP","Martha",71.046,71.05,57.66,75.75,61.48,9,14.0753877769333,17.3430454387791
"2017-1707",2022,2022-05-01,2022-05-31,9.3,"aquathol_k (gals)","Endothall","S_1729","Y","Mayo",18040800,"CLP","Mayo",156.391,156.39,146.76,94.55,88.73,12,5.94663375769705,6.33687653311529
"2017-1297",2022,2022-05-01,2022-05-31,9.27,"aquathol_k (gals)","Endothall","S_1710","Y","Farquar",19002300,"CLP","Farquar",63.581,63.58,63.58,100,100,15,14.5798273068999,14.5800566215791
"2017-1297",2022,2022-05-01,2022-05-31,9.27,"aquathol_k (gals)","Endothall","S_1710","Y","Farquar",19002300,"CLP","Farquar",63.581,63.58,63.58,100,100,15,14.5798273068999,14.5800566215791
"2017-2726",2022,2022-07-01,2022-07-31,8.76,"diquat (gals)","Diquat Dibromide","S_1750","Y","Sarah",27019100,"EWM","Sarah",557.23,373,66.94,66.94,373,15,1.57206180571757,13.0863459814759
"2017-0378",2022,2022-06-01,2022-06-30,8.4,"aquathol_k (gals)","Endothall","S_1633","Y","Little Pelican",56076100,"CLP","Little Pelican",366.1,256,69.93,69.93,256,15,2.29445506692161,12.012012012012
"2017-0378",2022,2022-06-01,2022-06-30,8.4,"aquathol_k (gals)","Endothall","S_1633","Y","Little Pelican",56076100,"CLP","Little Pelican",366.1,256,69.93,69.93,256,15,2.29445506692161,12.012012012012
"2021-0312",2022,2022-05-01,2022-05-31,8,"aquathol_k (gals)","Endothall","S_1912","Y","Preston",65000200,"CLP","Preston",660.847,660.85,82.04,99.49,12.35,4,1.21056765030332,9.75134080936129
"2018-0395",2022,2022-05-01,2022-05-31,7.9,"aquathol_k (gals)","Endothall","S_1786","Y","Limestone",86016300,"CLP","Limestone",97.929,97.93,87.88,53.34,47.87,13,8.06706899896864,8.98953117888029
"2018-0395",2022,2022-05-01,2022-05-31,7.9,"aquathol_k (gals)","Endothall","S_1786","Y","Limestone",86016300,"CLP","Limestone",97.929,97.93,87.88,53.34,47.87,13,8.06706899896864,8.98953117888029
"2018-0093",2022,2022-05-01,2022-05-31,7.8,"diquat (gals)","Diquat Dibromide","S_1764","Y","Two Rivers",73013800,"CLP","Two Rivers",221.09,221.09,157.59,37.89,27.01,7,3.52797503279208,4.94955263658862
"2017-0534",2022,2022-06-01,2022-06-30,7.6,"diquat (gals)","Diquat Dibromide","S_1652","Y","Sallie",3035900,"CLP","Sallie",576.81,576.81,737.81,45.32,57.96,21,1.31759158128327,1.03007549369079
"2018-0750",2022,2022-05-01,2022-05-31,7.6,"diquat (gals)","Diquat Dibromide","S_1798","Y","Cedar",86022700,"CLP","Cedar",276.719,276.72,263.25,35.33,33.61,14,2.74646843910248,2.88698955365622
"2018-0750",2022,2022-05-01,2022-05-31,7.6,"diquat (gals)","Diquat Dibromide","S_1798","Y","Cedar",86022700,"EWM","Cedar",276.719,276.72,263.25,35.33,33.61,14,2.74646843910248,2.88698955365622
"2019-1061",2022,2022-05-01,2022-05-31,7.28,"diquat (gals)","Diquat Dibromide","S_1848","Y","Upper Prior",70007200,"CLP","Upper Prior",310.512,310.51,310.51,81.32,81.32,15,2.34451486577008,2.34452996682877
"2019-1846",2022,2022-06-01,2022-06-30,7.2,"aquathol_k (gals)","Endothall","S_1856","Y","Curfman",3036300,"CLP","Curfman",120.91,85,70.3,70.3,85,15,5.95484244479365,10.2418207681366
"2018-0244",2022,2022-05-01,2022-05-31,7,"aquathol_k (gals)","Endothall","S_1775","Y","Upper Mission",18024200,"CLP","Upper Mission",285.461,285.46,285.46,32.63,32.63,15,2.4521738521199,2.45218244237371
"2017-0377",2022,2022-06-01,2022-06-30,5.8,"aquathol_k (gals)","Endothall","S_1632","Y","Pelican",56078600,"CLP","Pelican",1608.247,1608.25,2116.26,40.58,53.4,25,0.36064112042491,0.274068403693308
"2017-0873",2022,2022-07-01,2022-07-31,5.75,NA,NA,"S_1678","Y","Indian",86022300,"EWM","Indian",57.132,57.13,21.34,42.41,15.84,7,10.0644122383253,26.9447047797563
"2017-0873",2022,2022-07-01,2022-07-31,5.75,NA,NA,"S_1678","Y","Indian",86022300,"EWM","Indian",57.132,57.13,21.34,42.41,15.84,7,10.0644122383253,26.9447047797563
"2017-0873",2022,2022-07-01,2022-07-31,5.75,NA,NA,"S_1678","Y","Indian",86022300,"EWM","Indian",57.132,57.13,21.34,42.41,15.84,7,10.0644122383253,26.9447047797563
"2017-0873",2022,2022-07-01,2022-07-31,5.75,NA,NA,"S_1678","Y","Indian",86022300,"EWM","Indian",57.132,57.13,21.34,42.41,15.84,7,10.0644122383253,26.9447047797563
"2019-0258",2022,2022-05-01,2022-05-31,5.5,"aquathol_k (gals)","Endothall","S_1841","Y","South Lida",56074702,"CLP","South Lida",321.033,321.03,371.44,41.37,47.87,17,1.71321951325876,1.48072367004092
"2017-1486",2022,2022-09-01,2022-09-30,5.27,"alligare (gals)","2,4-D","S_1720","Y","Minnewaska",61013000,"EWM","Minnewaska",3290.836,3290.84,3290.84,40.88,40.88,15,0.160141678284788,0.160141483633358
"2017-0417",2022,2022-06-01,2022-06-30,5,"diquat (gals)","Diquat Dibromide","S_1636","Y","Lower Prior",70002600,"EWM","Lower Prior",589.705,589.7,589.7,60.03,60.03,15,0.847881567902595,0.847888756995082
"2018-0247",2022,2022-08-01,2022-08-31,4.5,NA,NA,"S_1777","Y","Upper Mission",18024200,"EWM","Upper Mission",285.461,285.46,285.46,32.63,32.63,15,1.5763974763628,1.57640299866882
"2017-1005",2022,2022-06-01,2022-06-30,4.4,"aquathol_k (gals)","Endothall","S_1683","Y","Upper South Long",18009600,"CLP","Upper South Long",292.083,292.08,243.28,36.72,30.59,12,1.5064211200241,1.80861558697797
"2020-0211",2022,2022-07-01,2022-07-31,4,"diquat (gals)","Diquat Dibromide","S_1888","Y","Minnetonka-Upper Lake",27013305,"EWM","Minnetonka-Upper Lake",1699.304,1699.3,1699.3,37.59,37.59,15,0.235390489282671,0.2353910433708
"2020-0211",2022,2022-07-01,2022-07-31,4,"diquat (gals)","Diquat Dibromide","S_1888","Y","Minnetonka-Upper Lake",27013305,"EWM","Minnetonka-Upper Lake",1699.304,1699.3,1699.3,37.59,37.59,15,0.235390489282671,0.2353910433708
"2018-0672",2022,2022-05-01,2022-05-31,3.7,"aquathol_k (gals)","Endothall","S_1796","Y","Julia",71014500,"CLP","Julia",151.823,151.82,45.68,99.75,30.01,6,2.43704840505062,8.09982486865149
"2017-0825",2022,2022-08-01,2022-08-31,3.5,"alligare (gals)","2,4-D","S_1673","Y","Middle Spunk",73012800,"EWM","Middle Spunk",79.006,79.01,90.63,33.3,38.2,20,4.43004328785156,3.86185589760565
"2017-0600",2022,2022-09-01,2022-09-30,3.3,NA,NA,"S_1658","Y","Fish",86018300,"EWM","Fish",54.156,54.16,33.88,57.25,35.81,6,6.09350764458232,9.74025974025974
"2019-1303",2022,2022-05-01,2022-05-31,3.27,"aquathol_k (gals)","Endothall","S_1851","Y","Shields",82016200,"CLP","Shields",25.527,25.53,20.19,86.44,68.35,9,12.8099659184393,16.1961367013373
"2019-1303",2022,2022-05-01,2022-05-31,3.27,"aquathol_k (gals)","Endothall","S_1851","Y","Shields",82016200,"CLP","Shields",25.527,25.53,20.19,86.44,68.35,9,12.8099659184393,16.1961367013373
"2019-1303",2022,2022-05-01,2022-05-31,3.27,"aquathol_k (gals)","Endothall","S_1851","Y","Shields",82016200,"CLP","Shields",25.527,25.53,20.19,86.44,68.35,9,12.8099659184393,16.1961367013373
"2019-3106",2022,2022-08-01,2022-08-31,3.1,NA,NA,"S_1872","Y","White Sand",18037900,"EWM","White Sand",282.539,282.54,282.54,68.92,68.92,15,1.09719366175997,1.09718977843845
"2017-0871",2022,2022-05-01,2022-05-31,2.73,"aquathol_k (gals)","Endothall","S_1677","Y","Indian",86022300,"CLP","Indian",57.132,57.13,21.34,42.41,15.84,7,4.77840789750053,12.7928772258669
"2017-0871",2022,2022-05-01,2022-05-31,2.73,"aquathol_k (gals)","Endothall","S_1677","Y","Indian",86022300,"CLP","Indian",57.132,57.13,21.34,42.41,15.84,7,4.77840789750053,12.7928772258669
"2017-0871",2022,2022-05-01,2022-05-31,2.73,"aquathol_k (gals)","Endothall","S_1677","Y","Indian",86022300,"CLP","Indian",57.132,57.13,21.34,42.41,15.84,7,4.77840789750053,12.7928772258669
"2019-2135",2022,2022-10-01,2022-10-31,1.9,NA,NA,"S_1860","Y","Upper South Long",18009600,"EWM","Upper South Long",292.083,292.08,243.28,36.72,30.59,12,0.650500029101317,0.78099309437685
"2021-0371",2021,2021-08-01,2021-08-31,1.17,NA,NA,"S_1580","Y","Lower Twin",27004203,"EWM","Lower Twin",26.604,26.6,26.6,81.12,81.12,15,4.3978349120433,4.3984962406015
"2021-1320",2021,2021-05-01,2021-05-31,NA,NA,NA,"S_1600","Y","Hunt",66004700,"EWM","Hunt",148.64,148.64,77.5,84.28,43.94,9,NA,NA
"2021-1320",2021,2021-05-01,2021-05-31,NA,NA,NA,"S_1600","Y","Hunt",66004700,"EWM","Hunt",148.64,148.64,77.5,84.28,43.94,9,NA,NA
"2021-1320",2021,2021-05-01,2021-05-31,NA,NA,NA,"S_1600","Y","Hunt",66004700,"EWM","Hunt",148.64,148.64,77.5,84.28,43.94,9,NA,NA
"2021-1320",2021,2021-05-01,2021-05-31,NA,NA,NA,"S_1600","Y","Hunt",66004700,"EWM","Hunt",148.64,148.64,77.5,84.28,43.94,9,NA,NA
"2021-1320",2021,2021-05-01,2021-05-31,NA,NA,NA,"S_1600","Y","Hunt",66004700,"EWM","Hunt",148.64,148.64,77.5,84.28,43.94,9,NA,NA
"2017-0407",2022,2022-05-01,2022-05-31,NA,"diquat (gals)","Diquat Dibromide","S_3364","Y","Lucy",10000700,"CLP","Lucy",68.273,68.27,57.89,75.48,64,10,NA,NA
"2017-0365",2024,2024-05-01,2024-05-31,NA,NA,NA,"S_3417","Y","Long",47017700,"CLP","Long",787.031,787.03,787.03,100,100,15,NA,NA
"2017-0365",2024,2024-05-01,2024-05-31,NA,NA,NA,"S_3417","Y","Long",47017700,"CLP","Long",787.031,787.03,787.03,100,100,15,NA,NA
"2017-0365",2024,2024-05-01,2024-05-31,NA,NA,NA,"S_3417","Y","Long",47017700,"CLP","Long",787.031,787.03,787.03,100,100,15,NA,NA
"2017-0365",2024,2024-05-01,2024-05-31,NA,NA,NA,"S_3417","Y","Long",47017700,"CLP","Long",787.031,787.03,787.03,100,100,15,NA,NA
"2017-0365",2024,2024-05-01,2024-05-31,NA,NA,NA,"S_3417","Y","Long",47017700,"CLP","Long",787.031,787.03,787.03,100,100,15,NA,NA
"2017-0365",2024,2024-05-01,2024-05-31,NA,NA,NA,"S_3417","Y","Long",47017700,"CLP","Long",787.031,787.03,787.03,100,100,15,NA,NA
"2017-0365",2024,2024-05-01,2024-05-31,NA,NA,NA,"S_3417","Y","Long",47017700,"CLP","Long",787.031,787.03,787.03,100,100,15,NA,NA
"2017-0365",2024,2024-05-01,2024-05-31,NA,NA,NA,"S_3417","Y","Long",47017700,"CLP","Long",787.031,787.03,787.03,100,100,15,NA,NA
"2017-0365",2024,2024-05-01,2024-05-31,NA,NA,NA,"S_3417","Y","Long",47017700,"CLP","Long",787.031,787.03,787.03,100,100,15,NA,NA
"2017-0365",2024,2024-05-01,2024-05-31,NA,NA,NA,"S_3417","Y","Long",47017700,"CLP","Long",787.031,787.03,787.03,100,100,15,NA,NA
"2017-0447",2024,2024-05-01,2024-05-31,NA,"aquathol_k (gals)","Endothall","S_3423","Y","Ann",86019000,"CLP","Ann",282.162,282.16,111.89,75.16,29.81,7,NA,NA
"2022-0173",2024,2024-06-01,2024-06-30,NA,NA,NA,"S_3439","Y","Kroon",13001300,"EWM","Kroon",140.317,140.32,112.56,77.34,62.04,8,NA,NA
"2022-0173",2024,2024-06-01,2024-06-30,NA,NA,NA,"S_3439","Y","Kroon",13001300,"EWM","Kroon",140.317,140.32,112.56,77.34,62.04,8,NA,NA
"2022-0173",2024,2024-06-01,2024-06-30,NA,NA,NA,"S_3439","Y","Kroon",13001300,"EWM","Kroon",140.317,140.32,112.56,77.34,62.04,8,NA,NA
"2022-0173",2024,2024-06-01,2024-06-30,NA,NA,NA,"S_3439","Y","Kroon",13001300,"EWM","Kroon",140.317,140.32,112.56,77.34,62.04,8,NA,NA
"2022-0175",2024,2024-06-01,2024-06-30,NA,NA,NA,"S_3441","Y","Chisago",13001200,"EWM","Chisago",943.96,694.5,73.57,73.57,694.5,15,NA,NA
"2022-0175",2024,2024-06-01,2024-06-30,NA,NA,NA,"S_3441","Y","Chisago",13001200,"EWM","Chisago",943.96,694.5,73.57,73.57,694.5,15,NA,NA
"2022-0175",2024,2024-06-01,2024-06-30,NA,NA,NA,"S_3441","Y","Chisago",13001200,"EWM","Chisago",943.96,694.5,73.57,73.57,694.5,15,NA,NA
"2022-0175",2024,2024-06-01,2024-06-30,NA,NA,NA,"S_3441","Y","Chisago",13001200,"EWM","Chisago",943.96,694.5,73.57,73.57,694.5,15,NA,NA
"2022-0175",2024,2024-06-01,2024-06-30,NA,NA,NA,"S_3441","Y","Chisago",13001200,"EWM","Chisago",943.96,694.5,73.57,73.57,694.5,15,NA,NA
"2022-0175",2024,2024-06-01,2024-06-30,NA,NA,NA,"S_3441","Y","Chisago",13001200,"EWM","Chisago",943.96,694.5,73.57,73.57,694.5,15,NA,NA
"2022-0175",2024,2024-06-01,2024-06-30,NA,NA,NA,"S_3441","Y","Chisago",13001200,"EWM","Chisago",943.96,694.5,73.57,73.57,694.5,15,NA,NA
"2022-0175",2024,2024-06-01,2024-06-30,NA,NA,NA,"S_3441","Y","Chisago",13001200,"EWM","Chisago",943.96,694.5,73.57,73.57,694.5,15,NA,NA
"2022-0175",2024,2024-06-01,2024-06-30,NA,NA,NA,"S_3441","Y","Chisago",13001200,"EWM","Chisago",943.96,694.5,73.57,73.57,694.5,15,NA,NA
"2022-0175",2024,2024-06-01,2024-06-30,NA,NA,NA,"S_3441","Y","Chisago",13001200,"EWM","Chisago",943.96,694.5,73.57,73.57,694.5,15,NA,NA
"2022-0175",2024,2024-06-01,2024-06-30,NA,NA,NA,"S_3441","Y","Chisago",13001200,"EWM","Chisago",943.96,694.5,73.57,73.57,694.5,15,NA,NA
"2022-0175",2024,2024-06-01,2024-06-30,NA,NA,NA,"S_3441","Y","Chisago",13001200,"EWM","Chisago",943.96,694.5,73.57,73.57,694.5,15,NA,NA
"2022-0175",2024,2024-06-01,2024-06-30,NA,NA,NA,"S_3441","Y","Chisago",13001200,"EWM","Chisago",943.96,694.5,73.57,73.57,694.5,15,NA,NA
"2022-0175",2024,2024-06-01,2024-06-30,NA,NA,NA,"S_3441","Y","Chisago",13001200,"EWM","Chisago",943.96,694.5,73.57,73.57,694.5,15,NA,NA
"2022-0175",2024,2024-06-01,2024-06-30,NA,NA,NA,"S_3441","Y","Chisago",13001200,"EWM","Chisago",943.96,694.5,73.57,73.57,694.5,15,NA,NA
"2022-0175",2024,2024-06-01,2024-06-30,NA,NA,NA,"S_3441","Y","Chisago",13001200,"EWM","Chisago",943.96,694.5,73.57,73.57,694.5,15,NA,NA
"2022-0175",2024,2024-06-01,2024-06-30,NA,NA,NA,"S_3441","Y","Chisago",13001200,"EWM","Chisago",943.96,694.5,73.57,73.57,694.5,15,NA,NA
"2022-0175",2024,2024-06-01,2024-06-30,NA,NA,NA,"S_3441","Y","Chisago",13001200,"EWM","Chisago",943.96,694.5,73.57,73.57,694.5,15,NA,NA
"2022-0175",2024,2024-06-01,2024-06-30,NA,NA,NA,"S_3441","Y","Chisago",13001200,"EWM","Chisago",943.96,694.5,73.57,73.57,694.5,15,NA,NA
"2022-0175",2024,2024-06-01,2024-06-30,NA,NA,NA,"S_3441","Y","Chisago",13001200,"EWM","Chisago",943.96,694.5,73.57,73.57,694.5,15,NA,NA
"2022-0175",2024,2024-06-01,2024-06-30,NA,NA,NA,"S_3441","Y","Chisago",13001200,"EWM","Chisago",943.96,694.5,73.57,73.57,694.5,15,NA,NA
"2017-1050",2020,2020-04-01,2020-04-30,NA,"fluridone (gals)","Fluridone","S_1012","N","Benton",41004300,"CLP","Benton",2649.413,2649.41,279.36,100,10.54,5,NA,NA
"2022-0248",2022,2022-06-01,2022-06-30,NA,"fluridone (gals)","Fluridone","S_1960","N","Clear",81001401,"EWM","Clear",563.674,563.67,215.16,86.89,33.16,8,NA,NA
"2022-0248",2022,2022-06-01,2022-06-30,NA,"fluridone (gals)","Fluridone","S_1960","N","Clear",81001401,"EWM","Clear",563.674,563.67,215.16,86.89,33.16,8,NA,NA
"2022-0248",2022,2022-07-01,2022-07-31,NA,"fluridone (gals)","Fluridone","S_1960","N","Clear",81001401,"EWM","Clear",563.674,563.67,215.16,86.89,33.16,8,NA,NA
"2022-0248",2022,2022-07-01,2022-07-31,NA,"fluridone (gals)","Fluridone","S_1960","N","Clear",81001401,"EWM","Clear",563.674,563.67,215.16,86.89,33.16,8,NA,NA
"2017-0742",2020,2020-05-01,2020-05-31,NA,"fluridone (gals)","Fluridone","S_980","N","Diamond",27012500,"CLP","Diamond",405.015,405.02,405.02,99.92,99.92,15,NA,NA
"2017-0742",2022,2022-04-01,2022-04-30,NA,"fluridone (gals)","Fluridone","S_1669","N","Diamond",27012500,"CLP","Diamond",405.015,405.02,405.02,99.92,99.92,15,NA,NA
"2017-0742",2022,2022-05-01,2022-05-31,NA,"fluridone (gals)","Fluridone","S_1669","N","Diamond",27012500,"CLP","Diamond",405.015,405.02,405.02,99.92,99.92,15,NA,NA
"2019-0880",2020,2020-05-01,2020-05-31,NA,"fluridone (gals)","Fluridone","S_1183","N","Cleary",70002200,"CLP","Cleary",144.743,144.74,130.59,99.02,89.34,7,NA,NA
"2019-0880",2020,2020-05-01,2020-05-31,NA,"fluridone (gals)","Fluridone","S_1183","N","Cleary",70002200,"CLP","Cleary",144.743,144.74,130.59,99.02,89.34,7,NA,NA
"2019-0880",2022,2022-04-01,2022-04-30,NA,"fluridone (gals)","Fluridone","S_1847","N","Cleary",70002200,"CLP","Cleary",144.743,144.74,130.59,99.02,89.34,7,NA,NA
"2019-0880",2022,2022-05-01,2022-05-31,NA,"fluridone (gals)","Fluridone","S_1847","N","Cleary",70002200,"CLP","Cleary",144.743,144.74,130.59,99.02,89.34,7,NA,NA
"2017-0562",2022,2022-05-01,2022-05-31,NA,"diquat (gals)","Diquat Dibromide","S_1653","N","Cedar",70009100,"CLP","Cedar",792.503,792.5,792.5,100,100,12.5,NA,NA
"2017-0562",2022,2022-06-01,2022-06-30,NA,"diquat (gals)","Diquat Dibromide","S_1653","N","Cedar",70009100,"CLP","Cedar",792.503,792.5,792.5,100,100,12.5,NA,NA
"2022-0318",2022,2022-10-01,2022-10-31,NA,"fluridone (gals)","Fluridone","S_1964","N","Colby",82009400,"CLP","Colby",70.94,68.87,97.08,97.08,68.87,15,NA,NA
"2022-0318",2022,2022-10-01,2022-10-31,NA,"fluridone (gals)","Fluridone","S_1964","N","Colby",82009400,"CLP","Colby",70.94,68.87,97.08,97.08,68.87,15,NA,NA
"2022-0318",2022,2022-11-01,2022-11-30,NA,"fluridone (gals)","Fluridone","S_1964","N","Colby",82009400,"CLP","Colby",70.94,68.87,97.08,97.08,68.87,15,NA,NA
"2022-0318",2022,2022-11-01,2022-11-30,NA,"fluridone (gals)","Fluridone","S_1964","N","Colby",82009400,"CLP","Colby",70.94,68.87,97.08,97.08,68.87,15,NA,NA
"2017-1312",2022,2022-06-01,2022-06-30,NA,"diquat (gals)","Diquat Dibromide","S_1715","N","Sallie",3035900,"FR","Sallie",576.81,576.81,737.81,45.32,57.96,21,NA,NA
"2017-1312",2022,2022-06-01,2022-06-30,NA,"diquat (gals)","Diquat Dibromide","S_1715","N","Sallie",3035900,"FR","Sallie",576.81,576.81,737.81,45.32,57.96,21,NA,NA
"2017-1312",2022,2022-08-01,2022-08-31,NA,"diquat (gals)","Diquat Dibromide","S_1715","N","Sallie",3035900,"FR","Sallie",576.81,576.81,737.81,45.32,57.96,21,NA,NA
"2017-1312",2022,2022-08-01,2022-08-31,NA,"diquat (gals)","Diquat Dibromide","S_1715","N","Sallie",3035900,"FR","Sallie",576.81,576.81,737.81,45.32,57.96,21,NA,NA
"2022-0322",2022,2022-10-01,2022-10-31,NA,"fluridone (gals)","Fluridone","S_1965","N","Unnamed (Ravine)",82008700,"CLP","Unnamed",18.626,18.63,18.63,97.15,97.15,15,NA,NA
"2022-0322",2022,2022-10-01,2022-10-31,NA,"fluridone (gals)","Fluridone","S_1965","N","Unnamed (Ravine)",82008700,"CLP","Unnamed",18.626,18.63,18.63,97.15,97.15,15,NA,NA
"2022-0322",2022,2022-10-01,2022-10-31,NA,"fluridone (gals)","Fluridone","S_1965","N","Unnamed (Ravine)",82008700,"CLP","Unnamed",18.626,18.63,18.63,97.15,97.15,15,NA,NA
"2022-0322",2022,2022-11-01,2022-11-30,NA,"fluridone (gals)","Fluridone","S_1965","N","Unnamed (Ravine)",82008700,"CLP","Unnamed",18.626,18.63,18.63,97.15,97.15,15,NA,NA
"2022-0322",2022,2022-11-01,2022-11-30,NA,"fluridone (gals)","Fluridone","S_1965","N","Unnamed (Ravine)",82008700,"CLP","Unnamed",18.626,18.63,18.63,97.15,97.15,15,NA,NA
"2022-0322",2022,2022-11-01,2022-11-30,NA,"fluridone (gals)","Fluridone","S_1965","N","Unnamed (Ravine)",82008700,"CLP","Unnamed",18.626,18.63,18.63,97.15,97.15,15,NA,NA
"2017-1313",2021,2021-08-01,2021-08-31,NA,"diquat (gals)","Diquat Dibromide","S_1365","N","Melissa",3047500,"FR","Melissa",899.472,899.47,1192.62,48.59,64.43,22,NA,NA
"2021-3343",2022,2022-06-01,2022-06-30,NA,NA,NA,"S_1945","N","Spring",70005400,"EWM","Spring",282.826,282.83,282.83,47.87,47.87,15,NA,NA
"2021-3343",2022,2022-06-01,2022-06-30,NA,NA,NA,"S_1945","N","Spring",70005400,"EWM","Spring",282.826,282.83,282.83,47.87,47.87,15,NA,NA
"2021-3343",2022,2022-08-01,2022-08-31,NA,NA,NA,"S_1945","N","Spring",70005400,"EWM","Spring",282.826,282.83,282.83,47.87,47.87,15,NA,NA
"2021-3343",2022,2022-08-01,2022-08-31,NA,NA,NA,"S_1945","N","Spring",70005400,"EWM","Spring",282.826,282.83,282.83,47.87,47.87,15,NA,NA
"2017-3409",2020,2020-09-01,2020-09-30,NA,"diquat (gals)","Diquat Dibromide","S_1075","N","Forest",82015900,"FR","Forest",1561.192,1561.19,1404.75,68.75,61.86,13,NA,NA
"2017-3409",2020,2020-09-01,2020-09-30,NA,"diquat (gals)","Diquat Dibromide","S_1075","N","Forest",82015900,"FR","Forest",1561.192,1561.19,1404.75,68.75,61.86,13,NA,NA
"2019-2135",2020,2020-09-01,2020-09-30,NA,NA,NA,"S_1194","N","Upper South Long",18009600,"CLP","Upper South Long",292.083,292.08,243.28,36.72,30.59,12,NA,NA
"2019-2135",2020,2020-09-01,2020-09-30,NA,NA,NA,"S_1194","N","Upper South Long",18009600,"EWM","Upper South Long",292.083,292.08,243.28,36.72,30.59,12,NA,NA
"2017-1210",2020,2020-09-01,2020-09-30,NA,"diquat (gals)","Diquat Dibromide","S_1023","N","Big Marine",82005200,"EWM","Big Marine",1180.442,1180.44,1278.62,69.79,75.59,18.5,NA,NA
"2018-0175",2020,2020-09-01,2020-09-30,NA,NA,NA,"S_1090","N","Ruth",18021200,"EWM","Ruth",207.076,207.08,260.02,34.56,43.4,20,NA,NA
"2018-0175",2020,2020-09-01,2020-09-30,NA,NA,NA,"S_1090","N","Ruth",18021200,"EWM","Ruth",207.076,207.08,260.02,34.56,43.4,20,NA,NA
"2019-2082",2022,2022-06-01,2022-06-30,NA,"sonarone (lbs)","Fluridone","S_1858","N","Comfort",13005300,"EWM","Comfort",88.031,88.03,53.41,40.41,24.52,7,NA,NA
"2019-2082",2022,2022-06-01,2022-06-30,NA,"sonarone (lbs)","Fluridone","S_1858","N","Comfort",13005300,"EWM","Comfort",88.031,88.03,53.41,40.41,24.52,7,NA,NA
"2019-2082",2022,2022-07-01,2022-07-31,NA,"sonarone (lbs)","Fluridone","S_1858","N","Comfort",13005300,"EWM","Comfort",88.031,88.03,53.41,40.41,24.52,7,NA,NA
"2019-2082",2022,2022-07-01,2022-07-31,NA,"sonarone (lbs)","Fluridone","S_1858","N","Comfort",13005300,"EWM","Comfort",88.031,88.03,53.41,40.41,24.52,7,NA,NA
"2019-2082",2022,2022-09-01,2022-09-30,NA,"sonarone (lbs)","Fluridone","S_1858","N","Comfort",13005300,"EWM","Comfort",88.031,88.03,53.41,40.41,24.52,7,NA,NA
"2019-2082",2022,2022-09-01,2022-09-30,NA,"sonarone (lbs)","Fluridone","S_1858","N","Comfort",13005300,"EWM","Comfort",88.031,88.03,53.41,40.41,24.52,7,NA,NA
"2017-1043",2022,2022-05-01,2022-05-31,NA,"fluridone (gals)","Fluridone","S_1695","N","Minnetonka-St. Albans Bay",27013304,"CLP","Minnetonka-St. Albans Bay",103.155,103.16,103.16,62.08,62.08,15,NA,NA
"2017-1043",2022,2022-05-01,2022-05-31,NA,"fluridone (gals)","Fluridone","S_1695","N","Minnetonka-St. Albans Bay",27013304,"EWM","Minnetonka-St. Albans Bay",103.155,103.16,103.16,62.08,62.08,15,NA,NA
"2017-1043",2022,2022-06-01,2022-06-30,NA,"fluridone (gals)","Fluridone","S_1695","N","Minnetonka-St. Albans Bay",27013304,"CLP","Minnetonka-St. Albans Bay",103.155,103.16,103.16,62.08,62.08,15,NA,NA
"2017-1043",2022,2022-06-01,2022-06-30,NA,"fluridone (gals)","Fluridone","S_1695","N","Minnetonka-St. Albans Bay",27013304,"EWM","Minnetonka-St. Albans Bay",103.155,103.16,103.16,62.08,62.08,15,NA,NA
"2017-1043",2022,2022-07-01,2022-07-31,NA,"fluridone (gals)","Fluridone","S_1695","N","Minnetonka-St. Albans Bay",27013304,"CLP","Minnetonka-St. Albans Bay",103.155,103.16,103.16,62.08,62.08,15,NA,NA
"2017-1043",2022,2022-07-01,2022-07-31,NA,"fluridone (gals)","Fluridone","S_1695","N","Minnetonka-St. Albans Bay",27013304,"EWM","Minnetonka-St. Albans Bay",103.155,103.16,103.16,62.08,62.08,15,NA,NA
"2022-0385",2022,2022-05-01,2022-05-31,NA,"fluridone (gals)","Fluridone","S_1973","N","Staring",27007800,"CLP","Staring",156.217,156.22,147.75,95.05,89.9,12,NA,NA
"2022-0385",2022,2022-05-01,2022-05-31,NA,"fluridone (gals)","Fluridone","S_1973","N","Staring",27007800,"CLP","Staring",156.217,156.22,147.75,95.05,89.9,12,NA,NA
"2022-0385",2022,2022-06-01,2022-06-30,NA,"fluridone (gals)","Fluridone","S_1973","N","Staring",27007800,"CLP","Staring",156.217,156.22,147.75,95.05,89.9,12,NA,NA
"2022-0385",2022,2022-06-01,2022-06-30,NA,"fluridone (gals)","Fluridone","S_1973","N","Staring",27007800,"CLP","Staring",156.217,156.22,147.75,95.05,89.9,12,NA,NA
"2022-0385",2022,2022-07-01,2022-07-31,NA,"fluridone (gals)","Fluridone","S_1973","N","Staring",27007800,"CLP","Staring",156.217,156.22,147.75,95.05,89.9,12,NA,NA
"2022-0385",2022,2022-07-01,2022-07-31,NA,"fluridone (gals)","Fluridone","S_1973","N","Staring",27007800,"CLP","Staring",156.217,156.22,147.75,95.05,89.9,12,NA,NA
"2017-0384",2020,2020-06-01,2020-06-30,NA,"fluridone (gals)","Fluridone","S_940","N","Josephine",62005700,"EWM, CLP","Josephine",78.88,78.88,75.84,69.36,66.68,14,NA,NA
"2017-0384",2020,2020-06-01,2020-06-30,NA,"fluridone (gals)","Fluridone","S_940","N","Josephine",62005700,"EWM, CLP","Josephine",78.88,78.88,75.84,69.36,66.68,14,NA,NA
"2017-0384",2020,2020-06-01,2020-06-30,NA,"fluridone (gals)","Fluridone","S_940","N","Josephine",62005700,"EWM, CLP","Josephine",78.88,78.88,75.84,69.36,66.68,14,NA,NA
"2017-0384",2020,2020-07-01,2020-07-31,NA,"fluridone (gals)","Fluridone","S_940","N","Josephine",62005700,"EWM, CLP","Josephine",78.88,78.88,75.84,69.36,66.68,14,NA,NA
"2017-0384",2020,2020-07-01,2020-07-31,NA,"fluridone (gals)","Fluridone","S_940","N","Josephine",62005700,"EWM, CLP","Josephine",78.88,78.88,75.84,69.36,66.68,14,NA,NA
"2017-0384",2020,2020-07-01,2020-07-31,NA,"fluridone (gals)","Fluridone","S_940","N","Josephine",62005700,"EWM, CLP","Josephine",78.88,78.88,75.84,69.36,66.68,14,NA,NA
"2018-2398",2022,NA,NA,0.5,NA,NA,"S_1834","Y","Town Line",11019000,"EWM","Town Line",697.656,697.66,624.62,100,89.53,8,0.0716685587166168,0.0800486695911114
"2017-0038",2020,2020-05-27,2020-05-27,31.2,"Aquathol K (gal)","Endothall","P_1","Y","Knife",33002800,"CLP","Knife",1259.215,1259.21,177.06,100,14.06,5,2.47773414389123,17.6211453744493
"2017-0038",2021,2021-05-05,2021-05-05,24.28,"Aquathol K (gal)","Endothall","P_2","Y","Knife",33002800,"CLP","Knife",1259.215,1259.21,177.06,100,14.06,5,1.9281854171051,13.7128656952446
"2017-0038",2021,2021-05-05,2021-05-05,24.28,"Aquathol K (gal)","Endothall","P_2","Y","Knife",33002800,"CLP","Knife",1259.215,1259.21,177.06,100,14.06,5,1.9281854171051,13.7128656952446
"2017-0038",2021,2021-05-05,2021-05-05,24.28,"Aquathol K (gal)","Endothall","P_2","Y","Knife",33002800,"CLP","Knife",1259.215,1259.21,177.06,100,14.06,5,1.9281854171051,13.7128656952446
"2017-0038",2021,2021-05-05,2021-05-05,24.28,"Aquathol K (gal)","Endothall","P_2","Y","Knife",33002800,"CLP","Knife",1259.215,1259.21,177.06,100,14.06,5,1.9281854171051,13.7128656952446
"2017-0038",2021,2021-05-05,2021-05-05,24.28,"Aquathol K (gal)","Endothall","P_2","Y","Knife",33002800,"CLP","Knife",1259.215,1259.21,177.06,100,14.06,5,1.9281854171051,13.7128656952446
"2017-0038",2021,2021-05-05,2021-05-05,24.28,"Aquathol K (gal)","Endothall","P_2","Y","Knife",33002800,"CLP","Knife",1259.215,1259.21,177.06,100,14.06,5,1.9281854171051,13.7128656952446
"2017-0038",2021,2021-05-05,2021-05-05,24.28,"Aquathol K (gal)","Endothall","P_2","Y","Knife",33002800,"CLP","Knife",1259.215,1259.21,177.06,100,14.06,5,1.9281854171051,13.7128656952446
"2017-0038",2021,2021-05-05,2021-05-05,24.28,"Aquathol K (gal)","Endothall","P_2","Y","Knife",33002800,"CLP","Knife",1259.215,1259.21,177.06,100,14.06,5,1.9281854171051,13.7128656952446
"2017-0038",2021,2021-05-05,2021-05-05,24.28,"Aquathol K (gal)","Endothall","P_2","Y","Knife",33002800,"CLP","Knife",1259.215,1259.21,177.06,100,14.06,5,1.9281854171051,13.7128656952446
"2017-0038",2021,2021-05-05,2021-05-05,24.28,"Aquathol K (gal)","Endothall","P_2","Y","Knife",33002800,"CLP","Knife",1259.215,1259.21,177.06,100,14.06,5,1.9281854171051,13.7128656952446
"2017-0040",2025,2025-05-06,2025-05-06,14,"FlumigardSC (gal)","Flumioxazin","P_3","Y","Cedar Island",73013300,"CLP","Cedar Island",985.77,755,76.59,76.59,755,15,1.42020958235694,18.2791487139313
"2017-0040",2025,2025-05-06,2025-05-06,14,"FlumigardSC (gal)","Flumioxazin","P_3","Y","Cedar Island",73013300,"CLP","Cedar Island",985.77,755,76.59,76.59,755,15,1.42020958235694,18.2791487139313
"2017-0040",2025,2025-05-06,2025-05-06,14,"FlumigardSC (gal)","Flumioxazin","P_3","Y","Cedar Island",73013300,"CLP","Cedar Island",985.77,755,76.59,76.59,755,15,1.42020958235694,18.2791487139313
"2017-0040",2025,2025-05-06,2025-05-06,14,"FlumigardSC (gal)","Flumioxazin","P_3","Y","Cedar Island",73013300,"CLP","Cedar Island",985.77,755,76.59,76.59,755,15,1.42020958235694,18.2791487139313
"2017-0040",2025,2025-05-06,2025-05-06,14,"FlumigardSC (gal)","Flumioxazin","P_3","Y","Cedar Island",73013300,"CLP","Cedar Island",985.77,755,76.59,76.59,755,15,1.42020958235694,18.2791487139313
"2017-0040",2025,2025-05-06,2025-05-06,14,"FlumigardSC (gal)","Flumioxazin","P_3","Y","Cedar Island",73013300,"CLP","Cedar Island",985.77,755,76.59,76.59,755,15,1.42020958235694,18.2791487139313
"2017-0045",2020,2020-05-21,2020-05-21,5.4,"Aquathol K (gal)","Endothall","P_4","Y","Horseshoe",73015700,"CLP","Horseshoe",341.053,341.05,341.05,54.37,53.62,15,1.58333162294423,1.58334555050579
"2017-0047",2020,2020-05-21,2020-05-21,2,"Aquathol K (gal)","Endothall","P_5","Y","Long",73013900,"CLP","Long",331.225,331.23,331.23,67.2,67.2,15,0.603819156162729,0.603810041360988
"2017-0109",2020,2020-05-14,2020-05-14,14.6,"Aquathol K (gal)","Endothall","P_6","Y","Upper Sakatah",40000200,"CLP","Upper Sakatah",899.567,899.57,417.21,99.79,46.28,6,1.62300306703114,3.49943673449821
"2017-0109",2020,2020-05-14,2020-05-14,14.6,"Aquathol K (gal)","Endothall","P_6","Y","Upper Sakatah",40000200,"CLP","Upper Sakatah",899.567,899.57,417.21,99.79,46.28,6,1.62300306703114,3.49943673449821
"2017-0109",2020,2020-05-14,2020-05-14,14.6,"Aquathol K (gal)","Endothall","P_6","Y","Upper Sakatah",40000200,"CLP","Upper Sakatah",899.567,899.57,417.21,99.79,46.28,6,1.62300306703114,3.49943673449821
"2017-0109",2021,2021-05-12,2021-05-12,21.2,"Aquathol K (gal)","Endothall","P_7","Y","Upper Sakatah",40000200,"CLP","Upper Sakatah",899.567,899.57,417.21,99.79,46.28,6,2.35668938500412,5.08137388844946
"2017-0120",2020,2020-05-21,2020-05-21,4,"Aquathol K (gal)","Endothall","P_8","Y","Garfield",29006100,"CLP","Garfield",517.27,517.27,588.91,53.9,61.37,20,0.773290544589866,0.679220933589173
"2017-0121",2020,2020-05-21,2020-05-21,1,"Aquathol K (gal)","Endothall","P_9","Y",NA,NA,"CLP","Teal",NA,NA,NA,NA,NA,NA,NA,NA
"2017-0121",2020,2020-05-21,2020-05-21,1,"Aquathol K (gal)","Endothall","P_9","Y",NA,NA,"CLP","Townline",NA,NA,NA,NA,NA,NA,NA,NA
"2017-0122",2020,2020-05-21,2020-05-21,1.8,"Aquathol K (gal)","Endothall","P_10","Y","Minnetonka-Maxwell Bay",27013311,"CLP","Minnetonka-Maxwell Bay",166.474,166.47,166.47,54.64,54.64,15,1.0812499249132,1.08127590556857
"2017-0123",2020,2020-05-21,2020-05-21,1.7,"Aquathol K (gal)","Endothall","P_11","Y",NA,NA,"CLP","Teal",NA,NA,NA,NA,NA,NA,NA,NA
"2017-0123",2020,2020-05-21,2020-05-21,1.7,"Aquathol K (gal)","Endothall","P_11","Y",NA,NA,"CLP","Townline",NA,NA,NA,NA,NA,NA,NA,NA
"2017-0125",2020,2020-05-21,2020-05-21,1.7,"Aquathol K (gal)","Endothall","P_12","Y",NA,NA,"CLP","Teal",NA,NA,NA,NA,NA,NA,NA,NA
"2017-0125",2020,2020-05-21,2020-05-21,1.7,"Aquathol K (gal)","Endothall","P_12","Y",NA,NA,"CLP","Townline",NA,NA,NA,NA,NA,NA,NA,NA
"2017-0365",2020,2020-05-06,2020-05-06,19,"Aquathol K (gal)","Endothall","P_13","Y","Long",47017700,"CLP","Long",787.031,787.03,787.03,100,100,15,2.41413616490329,2.41413923230372
"2017-0365",2020,2020-05-06,2020-05-06,19,"Aquathol K (gal)","Endothall","P_13","Y","Long",47017700,"CLP","Long",787.031,787.03,787.03,100,100,15,2.41413616490329,2.41413923230372
"2017-0365",2020,2020-05-06,2020-05-06,19,"Aquathol K (gal)","Endothall","P_13","Y","Long",47017700,"CLP","Long",787.031,787.03,787.03,100,100,15,2.41413616490329,2.41413923230372
"2017-0365",2020,2020-05-06,2020-05-06,19,"Aquathol K (gal)","Endothall","P_13","Y","Long",47017700,"CLP","Long",787.031,787.03,787.03,100,100,15,2.41413616490329,2.41413923230372
"2017-0365",2021,2021-05-12,2021-05-12,7,"Tribune (gal)","Diquat Dibromide","P_15","Y","Long",47017700,"CLP","Long",787.031,787.03,787.03,100,100,15,0.889418587069633,0.88941971716453
"2017-0365",2021,2021-05-12,2021-05-12,7,"Tribune (gal)","Diquat Dibromide","P_15","Y","Long",47017700,"CLP","Long",787.031,787.03,787.03,100,100,15,0.889418587069633,0.88941971716453
"2017-0365",2021,2021-05-12,2021-05-12,7,"Tribune (gal)","Diquat Dibromide","P_15","Y","Long",47017700,"CLP","Long",787.031,787.03,787.03,100,100,15,0.889418587069633,0.88941971716453
"2017-0365",2021,2021-05-12,2021-05-12,7,"Tribune (gal)","Diquat Dibromide","P_15","Y","Long",47017700,"CLP","Long",787.031,787.03,787.03,100,100,15,0.889418587069633,0.88941971716453
"2017-0365",2021,2021-05-12,2021-05-12,18.5,"Aquathol K (gal)","Endothall","P_14","Y","Long",47017700,"CLP","Long",787.031,787.03,787.03,100,100,15,2.35060626582689,2.35060925250626
"2017-0365",2021,2021-05-12,2021-05-12,18.5,"Aquathol K (gal)","Endothall","P_14","Y","Long",47017700,"CLP","Long",787.031,787.03,787.03,100,100,15,2.35060626582689,2.35060925250626
"2017-0365",2021,2021-05-12,2021-05-12,18.5,"Aquathol K (gal)","Endothall","P_14","Y","Long",47017700,"CLP","Long",787.031,787.03,787.03,100,100,15,2.35060626582689,2.35060925250626
"2017-0365",2021,2021-05-12,2021-05-12,18.5,"Aquathol K (gal)","Endothall","P_14","Y","Long",47017700,"CLP","Long",787.031,787.03,787.03,100,100,15,2.35060626582689,2.35060925250626
"2017-0384",2020,2020-04-30,2020-04-30,117,"Sonar A.S. (gal)","Fluridone","P_16","Y","Josephine",62005700,"EWM, CLP","Josephine",78.88,78.88,75.84,69.36,66.68,14,148.326572008114,154.272151898734
"2017-0384",2020,2020-04-30,2020-04-30,117,"Sonar A.S. (gal)","Fluridone","P_16","Y","Josephine",62005700,"EWM, CLP","Josephine",78.88,78.88,75.84,69.36,66.68,14,148.326572008114,154.272151898734
"2017-0384",2020,2020-04-30,2020-04-30,117,"Sonar A.S. (gal)","Fluridone","P_16","Y","Josephine",62005700,"EWM, CLP","Josephine",78.88,78.88,75.84,69.36,66.68,14,148.326572008114,154.272151898734
"2017-0389",2021,2021-05-16,2021-05-16,66.2,"Aquathol K (gal)","Endothall","P_17","Y","Sarah",27019100,"CLP","Sarah",557.23,373,66.94,66.94,373,15,11.8801930980026,98.8945324170899
"2017-0389",2021,2021-05-16,2021-05-16,66.2,"Aquathol K (gal)","Endothall","P_17","Y","Sarah",27019100,"CLP","Sarah",557.23,373,66.94,66.94,373,15,11.8801930980026,98.8945324170899
"2017-0389",2021,2021-05-16,2021-05-16,66.2,"Aquathol K (gal)","Endothall","P_17","Y","Sarah",27019100,"CLP","Sarah",557.23,373,66.94,66.94,373,15,11.8801930980026,98.8945324170899
"2017-0389",2021,2021-05-16,2021-05-16,66.2,"Aquathol K (gal)","Endothall","P_17","Y","Sarah",27019100,"CLP","Sarah",557.23,373,66.94,66.94,373,15,11.8801930980026,98.8945324170899
"2017-0389",2021,2021-05-16,2021-05-16,66.2,"Aquathol K (gal)","Endothall","P_17","Y","Sarah",27019100,"CLP","Sarah",557.23,373,66.94,66.94,373,15,11.8801930980026,98.8945324170899
"2017-0389",2021,2021-05-16,2021-05-16,66.2,"Aquathol K (gal)","Endothall","P_17","Y","Sarah",27019100,"CLP","Sarah",557.23,373,66.94,66.94,373,15,11.8801930980026,98.8945324170899
"2017-0389",2021,2021-05-16,2021-05-16,66.2,"Aquathol K (gal)","Endothall","P_17","Y","Sarah",27019100,"CLP","Sarah",557.23,373,66.94,66.94,373,15,11.8801930980026,98.8945324170899
"2017-0389",2021,2021-05-16,2021-05-16,66.2,"Aquathol K (gal)","Endothall","P_17","Y","Sarah",27019100,"CLP","Sarah",557.23,373,66.94,66.94,373,15,11.8801930980026,98.8945324170899
"2017-0389",2021,2021-05-16,2021-05-16,66.2,"Aquathol K (gal)","Endothall","P_17","Y","Sarah",27019100,"CLP","Sarah",557.23,373,66.94,66.94,373,15,11.8801930980026,98.8945324170899
"2017-0389",2021,2021-05-16,2021-05-16,66.2,"Aquathol K (gal)","Endothall","P_17","Y","Sarah",27019100,"CLP","Sarah",557.23,373,66.94,66.94,373,15,11.8801930980026,98.8945324170899
"2017-0389",2021,2021-05-16,2021-05-16,66.2,"Aquathol K (gal)","Endothall","P_17","Y","Sarah",27019100,"CLP","Sarah",557.23,373,66.94,66.94,373,15,11.8801930980026,98.8945324170899
"2017-0389",2021,2021-05-16,2021-05-16,66.2,"Aquathol K (gal)","Endothall","P_17","Y","Sarah",27019100,"CLP","Sarah",557.23,373,66.94,66.94,373,15,11.8801930980026,98.8945324170899
"2017-0389",2021,2021-05-19,2021-05-23,29.05,"Tribune (gal)","Diquat Dibromide","P_18","Y","Sarah",27019100,"CLP","Sarah",557.23,373,66.94,66.94,373,15,5.2132871525223,43.3970720047804
"2017-0389",2021,2021-05-19,2021-05-23,29.05,"Tribune (gal)","Diquat Dibromide","P_18","Y","Sarah",27019100,"CLP","Sarah",557.23,373,66.94,66.94,373,15,5.2132871525223,43.3970720047804
"2017-0389",2021,2021-05-19,2021-05-23,29.05,"Tribune (gal)","Diquat Dibromide","P_18","Y","Sarah",27019100,"CLP","Sarah",557.23,373,66.94,66.94,373,15,5.2132871525223,43.3970720047804
"2017-0389",2021,2021-05-19,2021-05-23,29.05,"Tribune (gal)","Diquat Dibromide","P_18","Y","Sarah",27019100,"CLP","Sarah",557.23,373,66.94,66.94,373,15,5.2132871525223,43.3970720047804
"2017-0389",2021,2021-05-19,2021-05-23,29.05,"Tribune (gal)","Diquat Dibromide","P_18","Y","Sarah",27019100,"CLP","Sarah",557.23,373,66.94,66.94,373,15,5.2132871525223,43.3970720047804
"2017-0389",2021,2021-05-19,2021-05-23,29.05,"Tribune (gal)","Diquat Dibromide","P_18","Y","Sarah",27019100,"CLP","Sarah",557.23,373,66.94,66.94,373,15,5.2132871525223,43.3970720047804
"2017-0389",2021,2021-05-19,2021-05-23,29.05,"Tribune (gal)","Diquat Dibromide","P_18","Y","Sarah",27019100,"CLP","Sarah",557.23,373,66.94,66.94,373,15,5.2132871525223,43.3970720047804
"2017-0389",2021,2021-05-19,2021-05-23,29.05,"Tribune (gal)","Diquat Dibromide","P_18","Y","Sarah",27019100,"CLP","Sarah",557.23,373,66.94,66.94,373,15,5.2132871525223,43.3970720047804
"2017-0389",2021,2021-05-19,2021-05-23,29.05,"Tribune (gal)","Diquat Dibromide","P_18","Y","Sarah",27019100,"CLP","Sarah",557.23,373,66.94,66.94,373,15,5.2132871525223,43.3970720047804
"2017-0389",2021,2021-05-19,2021-05-23,29.05,"Tribune (gal)","Diquat Dibromide","P_18","Y","Sarah",27019100,"CLP","Sarah",557.23,373,66.94,66.94,373,15,5.2132871525223,43.3970720047804
"2017-0389",2021,2021-05-19,2021-05-23,29.05,"Tribune (gal)","Diquat Dibromide","P_18","Y","Sarah",27019100,"CLP","Sarah",557.23,373,66.94,66.94,373,15,5.2132871525223,43.3970720047804
"2017-0389",2021,2021-05-19,2021-05-23,29.05,"Tribune (gal)","Diquat Dibromide","P_18","Y","Sarah",27019100,"CLP","Sarah",557.23,373,66.94,66.94,373,15,5.2132871525223,43.3970720047804
"2017-0389",2023,2023-05-23,2023-05-23,4.4,"Tribune (gal)","Diquat Dibromide","P_19","Y","Sarah",27019100,"CLP","Sarah",557.23,373,66.94,66.94,373,15,0.789620085063618,6.57305049297879
"2017-0389",2025,2025-05-08,2025-05-08,26.7,"FlumigardSC (gal)","Flumioxazin","P_20","Y","Sarah",27019100,"CLP","Sarah",557.23,373,66.94,66.94,373,15,4.79155824345423,39.8864654914849
"2017-039",2020,2020-05-21,2020-05-21,1.7,"Aquathol K (gal)","Endothall","P_21","Y",NA,NA,"CLP","Teal",NA,NA,NA,NA,NA,NA,NA,NA
"2017-039",2020,2020-05-21,2020-05-21,1.7,"Aquathol K (gal)","Endothall","P_21","Y",NA,NA,"CLP","Townline",NA,NA,NA,NA,NA,NA,NA,NA
"2017-039",2020,2020-05-21,2020-05-21,1.7,"Aquathol K (gal)","Endothall","P_21","Y",NA,NA,"CLP","Teal",NA,NA,NA,NA,NA,NA,NA,NA
"2017-039",2020,2020-05-21,2020-05-21,1.7,"Aquathol K (gal)","Endothall","P_21","Y",NA,NA,"CLP","Townline",NA,NA,NA,NA,NA,NA,NA,NA
"2017-0417",2020,2020-06-03,2020-06-03,5,"Tribune (gal)","Diquat Dibromide","P_22","Y","Lower Prior",70002600,"EWM","Lower Prior",589.705,589.7,589.7,60.03,60.03,15,0.847881567902595,0.847888756995082
"2017-0422",2020,2020-07-17,2020-07-17,15,"2,4-D Amine (gal)",NA,"P_23","Y","Fish",27011800,"EWM","Fish",80.411,80.41,80.41,33.81,33.81,15,18.6541642312619,18.6543962193757
"2017-0422",2020,2020-07-17,2020-07-17,15,"2,4-D Amine (gal)",NA,"P_23","Y","Fish",27011800,"EWM","Fish",80.411,80.41,80.41,33.81,33.81,15,18.6541642312619,18.6543962193757
"2017-0422",2020,2020-07-17,2020-07-17,15,"2,4-D Amine (gal)",NA,"P_23","Y","Fish",27011800,"EWM","Fish",80.411,80.41,80.41,33.81,33.81,15,18.6541642312619,18.6543962193757
"2017-0434",2020,2020-08-18,2020-08-18,8.43,"ProcellaCOR EC (PDU)","Florpyrauxifen-benzyl","P_25","Y","Sturgeon",58006700,"EWM","Sturgeon",727.335,727.33,727.33,42.64,42.64,15,1.15902575841944,1.15903372609407
"2017-0434",2020,2020-08-18,2020-08-18,8.43,"ProcellaCOR EC (PDU)","Florpyrauxifen-benzyl","P_25","Y","Sturgeon",58006700,"EWM","Sturgeon",727.335,727.33,727.33,42.64,42.64,15,1.15902575841944,1.15903372609407
"2017-0434",2020,2020-08-18,2020-08-18,8.43,"ProcellaCOR EC (PDU)","Florpyrauxifen-benzyl","P_25","Y","Sturgeon",58006700,"EWM","Sturgeon",727.335,727.33,727.33,42.64,42.64,15,1.15902575841944,1.15903372609407
"2017-0434",2020,2020-08-18,2020-08-18,8.43,"ProcellaCOR EC (PDU)","Florpyrauxifen-benzyl","P_25","Y","Sturgeon",58006700,"EWM","Sturgeon",727.335,727.33,727.33,42.64,42.64,15,1.15902575841944,1.15903372609407
"2017-0434",2020,2020-08-18,2020-08-18,8.43,"ProcellaCOR EC (PDU)","Florpyrauxifen-benzyl","P_25","Y","Sturgeon",58006700,"EWM","Sturgeon",727.335,727.33,727.33,42.64,42.64,15,1.15902575841944,1.15903372609407
"2017-0434",2020,2020-08-18,2020-08-18,8.43,"ProcellaCOR EC (PDU)","Florpyrauxifen-benzyl","P_25","Y","Sturgeon",58006700,"EWM","Sturgeon",727.335,727.33,727.33,42.64,42.64,15,1.15902575841944,1.15903372609407
"2017-0434",2020,2020-08-18,2020-08-18,27.63,"2,4-D Amine (gal)",NA,"P_24","Y","Sturgeon",58006700,"EWM","Sturgeon",727.335,727.33,727.33,42.64,42.64,15,3.79879972777331,3.79882584246491
"2017-0434",2020,2020-08-18,2020-08-18,27.63,"2,4-D Amine (gal)",NA,"P_24","Y","Sturgeon",58006700,"EWM","Sturgeon",727.335,727.33,727.33,42.64,42.64,15,3.79879972777331,3.79882584246491
"2017-0434",2020,2020-08-18,2020-08-18,27.63,"2,4-D Amine (gal)",NA,"P_24","Y","Sturgeon",58006700,"EWM","Sturgeon",727.335,727.33,727.33,42.64,42.64,15,3.79879972777331,3.79882584246491
"2017-0434",2020,2020-08-18,2020-08-18,27.63,"2,4-D Amine (gal)",NA,"P_24","Y","Sturgeon",58006700,"EWM","Sturgeon",727.335,727.33,727.33,42.64,42.64,15,3.79879972777331,3.79882584246491
"2017-0434",2020,2020-08-18,2020-08-18,27.63,"2,4-D Amine (gal)",NA,"P_24","Y","Sturgeon",58006700,"EWM","Sturgeon",727.335,727.33,727.33,42.64,42.64,15,3.79879972777331,3.79882584246491
"2017-0434",2020,2020-08-18,2020-08-18,27.63,"2,4-D Amine (gal)",NA,"P_24","Y","Sturgeon",58006700,"EWM","Sturgeon",727.335,727.33,727.33,42.64,42.64,15,3.79879972777331,3.79882584246491
"2017-0434",2025,2025-08-20,2025-08-20,5.92,"ProcellaCOR EC (oz)","Florpyrauxifen-benzyl","P_26","Y","Sturgeon",58006700,"EWM","Sturgeon",727.335,727.33,727.33,42.64,42.64,15,0.813930307217444,0.813935902547674
"2017-0437",2020,2020-08-18,2020-08-18,10,"ProcellaCOR EC (PDU)","Florpyrauxifen-benzyl","P_27","Y","Sand",58008100,"EWM","Sand",234.851,234.85,204.47,45.49,39.61,12,4.25801891412002,4.89069301119969
"2017-0437",2020,2020-08-18,2020-08-18,10,"ProcellaCOR EC (PDU)","Florpyrauxifen-benzyl","P_27","Y","Sand",58008100,"EWM","Sand",234.851,234.85,204.47,45.49,39.61,12,4.25801891412002,4.89069301119969
"2017-0437",2020,2020-08-18,2020-08-18,10,"ProcellaCOR EC (PDU)","Florpyrauxifen-benzyl","P_27","Y","Sand",58008100,"EWM","Sand",234.851,234.85,204.47,45.49,39.61,12,4.25801891412002,4.89069301119969
"2017-0437",2020,2020-08-18,2020-08-18,10,"ProcellaCOR EC (PDU)","Florpyrauxifen-benzyl","P_27","Y","Sand",58008100,"EWM","Sand",234.851,234.85,204.47,45.49,39.61,12,4.25801891412002,4.89069301119969
"2017-0437",2020,2020-08-18,2020-08-18,10,"ProcellaCOR EC (PDU)","Florpyrauxifen-benzyl","P_27","Y","Sand",58008100,"EWM","Sand",234.851,234.85,204.47,45.49,39.61,12,4.25801891412002,4.89069301119969
"2017-0437",2020,2020-08-18,2020-08-18,10,"ProcellaCOR EC (PDU)","Florpyrauxifen-benzyl","P_27","Y","Sand",58008100,"EWM","Sand",234.851,234.85,204.47,45.49,39.61,12,4.25801891412002,4.89069301119969
"2017-0437",2020,2020-08-18,2020-08-18,10,"ProcellaCOR EC (PDU)","Florpyrauxifen-benzyl","P_27","Y","Sand",58008100,"EWM","Sand",234.851,234.85,204.47,45.49,39.61,12,4.25801891412002,4.89069301119969
"2017-0437",2020,2020-08-18,2020-08-18,10,"ProcellaCOR EC (PDU)","Florpyrauxifen-benzyl","P_27","Y","Sand",58008100,"EWM","Sand",234.851,234.85,204.47,45.49,39.61,12,4.25801891412002,4.89069301119969
"2017-0437",2020,2020-08-18,2020-08-18,10,"ProcellaCOR EC (PDU)","Florpyrauxifen-benzyl","P_27","Y","Sand",58008100,"EWM","Sand",234.851,234.85,204.47,45.49,39.61,12,4.25801891412002,4.89069301119969
"2017-0437",2020,2020-08-18,2020-08-18,10,"ProcellaCOR EC (PDU)","Florpyrauxifen-benzyl","P_27","Y","Sand",58008100,"EWM","Sand",234.851,234.85,204.47,45.49,39.61,12,4.25801891412002,4.89069301119969
"2017-0437",2020,2020-08-18,2020-08-18,10,"ProcellaCOR EC (PDU)","Florpyrauxifen-benzyl","P_27","Y","Sand",58008100,"EWM","Sand",234.851,234.85,204.47,45.49,39.61,12,4.25801891412002,4.89069301119969
"2017-0437",2020,2020-08-18,2020-08-18,10,"ProcellaCOR EC (PDU)","Florpyrauxifen-benzyl","P_27","Y","Sand",58008100,"EWM","Sand",234.851,234.85,204.47,45.49,39.61,12,4.25801891412002,4.89069301119969
"2017-0437",2020,2020-08-18,2020-08-18,10,"ProcellaCOR EC (PDU)","Florpyrauxifen-benzyl","P_27","Y","Sand",58008100,"EWM","Sand",234.851,234.85,204.47,45.49,39.61,12,4.25801891412002,4.89069301119969
"2017-0437",2020,2020-08-18,2020-08-18,10,"ProcellaCOR EC (PDU)","Florpyrauxifen-benzyl","P_27","Y","Sand",58008100,"EWM","Sand",234.851,234.85,204.47,45.49,39.61,12,4.25801891412002,4.89069301119969
"2017-0437",2020,2020-08-18,2020-08-18,10,"ProcellaCOR EC (PDU)","Florpyrauxifen-benzyl","P_27","Y","Sand",58008100,"EWM","Sand",234.851,234.85,204.47,45.49,39.61,12,4.25801891412002,4.89069301119969
"2017-0437",2020,2020-08-18,2020-08-18,10,"ProcellaCOR EC (PDU)","Florpyrauxifen-benzyl","P_27","Y","Sand",58008100,"EWM","Sand",234.851,234.85,204.47,45.49,39.61,12,4.25801891412002,4.89069301119969
"2017-0437",2020,2020-08-18,2020-08-18,10,"ProcellaCOR EC (PDU)","Florpyrauxifen-benzyl","P_27","Y","Sand",58008100,"EWM","Sand",234.851,234.85,204.47,45.49,39.61,12,4.25801891412002,4.89069301119969
"2017-0442",2020,2020-07-17,2020-07-17,1.65,"2,4-D Amine (gal)",NA,"P_28","Y","Big",71008200,"EWM","Big",116.407,116.41,145.03,45.67,56.9,20,1.41744053192677,1.13769564917603
"2017-0442",2020,2020-07-17,2020-07-17,1.65,"2,4-D Amine (gal)",NA,"P_28","Y","Big",71008200,"EWM","Big",116.407,116.41,145.03,45.67,56.9,20,1.41744053192677,1.13769564917603
"2017-0442",2023,2023-07-21,2023-07-21,4.5,"ProcellaCOR EC (oz)","Florpyrauxifen-benzyl","P_29","Y","Big",71008200,"EWM","Big",116.407,116.41,145.03,45.67,56.9,20,3.86574690525484,3.10280631593463
"2017-0445",2020,2020-07-17,2020-07-17,13.3,"2,4-D Amine (gal)",NA,"P_30","Y","Mitchell",71008100,"EWM","Mitchell",90.375,90.38,85.96,56.13,53.38,14,14.716459197787,15.4723127035831
"2017-0445",2020,2020-07-17,2020-07-17,13.3,"2,4-D Amine (gal)",NA,"P_30","Y","Mitchell",71008100,"EWM","Mitchell",90.375,90.38,85.96,56.13,53.38,14,14.716459197787,15.4723127035831
"2017-0445",2020,2020-07-17,2020-07-17,13.3,"2,4-D Amine (gal)",NA,"P_30","Y","Mitchell",71008100,"EWM","Mitchell",90.375,90.38,85.96,56.13,53.38,14,14.716459197787,15.4723127035831
"2017-0445",2020,2020-07-17,2020-07-17,13.3,"2,4-D Amine (gal)",NA,"P_30","Y","Mitchell",71008100,"EWM","Mitchell",90.375,90.38,85.96,56.13,53.38,14,14.716459197787,15.4723127035831
"2017-0445",2020,2020-07-17,2020-07-17,13.3,"2,4-D Amine (gal)",NA,"P_30","Y","Mitchell",71008100,"EWM","Mitchell",90.375,90.38,85.96,56.13,53.38,14,14.716459197787,15.4723127035831
"2017-0445",2020,2020-07-17,2020-07-17,13.3,"2,4-D Amine (gal)",NA,"P_30","Y","Mitchell",71008100,"EWM","Mitchell",90.375,90.38,85.96,56.13,53.38,14,14.716459197787,15.4723127035831
"2017-0445",2020,2020-07-17,2020-07-17,13.3,"2,4-D Amine (gal)",NA,"P_30","Y","Mitchell",71008100,"EWM","Mitchell",90.375,90.38,85.96,56.13,53.38,14,14.716459197787,15.4723127035831
"2017-0447",2022,2024-05-23,2024-05-23,11.9,"Aquathol K (gal)","Endothall","P_31","Y","Ann",86019000,"CLP","Ann",282.162,282.16,111.89,75.16,29.81,7,4.217435374005,10.6354455268567
"2017-0511",2023,2023-05-09,2023-05-09,6.58,"Aquathol K (gal)","Endothall","P_32","Y","East Jefferson",40009201,"CLP","East Jefferson",331.516,331.52,275.17,51.11,42.43,12,1.98482124543008,2.39124904604426
"2017-0511",2023,2023-05-09,2023-05-09,6.58,"Aquathol K (gal)","Endothall","P_32","Y","East Jefferson",40009201,"CLP","East Jefferson",331.516,331.52,275.17,51.11,42.43,12,1.98482124543008,2.39124904604426
"2017-0512",2021,2021-05-19,2021-05-19,29.9,"Aquathol K (gal)","Endothall","P_33","Y","Middle Jefferson",40009204,"CLP","Middle Jefferson",654.932,654.93,216.66,98.6,32.62,4,4.56535945716502,13.8004246284501
"2017-0512",2021,2021-05-19,2021-05-19,29.9,"Aquathol K (gal)","Endothall","P_33","Y","Middle Jefferson",40009204,"CLP","Middle Jefferson",654.932,654.93,216.66,98.6,32.62,4,4.56535945716502,13.8004246284501
"2017-0512",2021,2021-05-19,2021-05-19,29.9,"Aquathol K (gal)","Endothall","P_33","Y","Middle Jefferson",40009204,"CLP","Middle Jefferson",654.932,654.93,216.66,98.6,32.62,4,4.56535945716502,13.8004246284501
"2017-0512",2021,2021-05-19,2021-05-19,29.9,"Aquathol K (gal)","Endothall","P_33","Y","Middle Jefferson",40009204,"CLP","Middle Jefferson",654.932,654.93,216.66,98.6,32.62,4,4.56535945716502,13.8004246284501
"2017-0513",2021,2021-05-19,2021-05-19,7.72,"Aquathol K (gal)","Endothall","P_34","Y","West Jefferson",40009202,"CLP","West Jefferson",348.682,348.68,263.78,79.46,60.11,10,2.2140517721018,2.92668132534688
"2017-0513",2021,2021-05-19,2021-05-19,7.72,"Aquathol K (gal)","Endothall","P_34","Y","West Jefferson",40009202,"CLP","West Jefferson",348.682,348.68,263.78,79.46,60.11,10,2.2140517721018,2.92668132534688
"2017-0513",2021,2021-05-19,2021-05-19,7.72,"Aquathol K (gal)","Endothall","P_34","Y","West Jefferson",40009202,"CLP","West Jefferson",348.682,348.68,263.78,79.46,60.11,10,2.2140517721018,2.92668132534688
"2017-0522",2020,2020-04-30,2020-04-30,9,"Tribune (gal)","Diquat Dibromide","P_35","Y","Hyland",27004800,"CLP","Hyland",83.913,83.91,46.52,99.5,55.16,9,10.7253941582353,19.3465176268272
"2017-0522",2021,2021-04-05,2021-04-05,84,"Sonar A.S. (gal)","Fluridone","P_36","Y","Hyland",27004800,"CLP","Hyland",83.913,83.91,46.52,99.5,55.16,9,100.103678810196,180.567497850387
"2017-0522",2021,2021-04-05,2021-04-05,84,"Sonar A.S. (gal)","Fluridone","P_36","Y","Hyland",27004800,"CLP","Hyland",83.913,83.91,46.52,99.5,55.16,9,100.103678810196,180.567497850387
"2017-0525",2023,2023-05-02,2023-05-02,157.06,"Sonar A.S. (gal)","Fluridone","P_37","Y","DeMontreville",82010100,"EWM","DeMontreville",142.617,142.62,135.07,90.81,86,13,110.127123694931,116.280447175539
"2017-0526",2021,2021-06-02,2021-06-02,9.2,"Tribune (gal)","Diquat Dibromide","P_38","Y","Olson",82010300,"EWM","Olson",87.384,87.38,87.38,100,100,17,10.5282431566419,10.5287251087205
"2017-0533",2021,2021-05-26,2021-05-26,8.2,"Aquathol K (gal)","Endothall","P_39","Y","Detroit",3038100,"CLP","Detroit",1868.577,1868.58,2065.12,60.92,67.33,18,0.438836612031508,0.397071356628186
"2017-0534",2021,2021-05-26,2021-05-26,4.7,"Aquathol K (gal)","Endothall","P_40","Y","Sallie",3035900,"CLP","Sallie",576.81,576.81,737.81,45.32,57.96,21,0.814826372635703,0.63702037109825
"2017-0534",2021,2021-05-26,2021-05-26,4.7,"Aquathol K (gal)","Endothall","P_40","Y","Sallie",3035900,"CLP","Sallie",576.81,576.81,737.81,45.32,57.96,21,0.814826372635703,0.63702037109825
"2017-0534",2021,2021-05-26,2021-05-26,7.6,"Tribune (gal)","Diquat Dibromide","P_41","Y","Sallie",3035900,"CLP","Sallie",576.81,576.81,737.81,45.32,57.96,21,1.31759158128327,1.03007549369079
"2017-0534",2021,2021-05-26,2021-05-26,7.6,"Tribune (gal)","Diquat Dibromide","P_41","Y","Sallie",3035900,"CLP","Sallie",576.81,576.81,737.81,45.32,57.96,21,1.31759158128327,1.03007549369079
"2017-0566",2021,2021-05-17,2021-05-17,16.5,"Tribune (gal)","Diquat Dibromide","P_42","Y","McMahon",70005000,"CLP","McMahon",162.258,162.26,157.93,99.43,96.78,13,10.168990126835,10.4476666877731
"2017-0573",2021,2021-05-07,2021-05-07,35,"Tribune (gal)","Diquat Dibromide","P_43","Y","Rebecca",27019200,"CLP","Rebecca",122.716,122.72,40.86,46.61,15.52,4.5,28.5211382378826,85.6583455702398
"2017-0582",2021,2021-05-24,2021-05-24,17.64,"Tribune (gal)","Diquat Dibromide","P_44","Y","O'Dowd",70009500,"CLP","O'Dowd",273.579,273.58,161.28,87.11,51.35,6,6.44786332284276,10.9375
"2017-0600",2021,2021-07-16,2021-07-16,5.3,"ProcellaCOR (oz)","Florpyrauxifen-benzyl","P_45","Y","Fish",86018300,"EWM","Fish",54.156,54.16,33.88,57.25,35.81,6,9.78654258069281,15.6434474616293
"2017-0620",2020,2020-05-19,2020-05-19,27.8,"Aquathol K (gal)","Endothall","P_46","Y","Quamba",33001500,"CLP","Quamba",226.374,226.37,80.22,100,35.44,5,12.2805622553827,34.6546995761655
"2017-0620",2020,2020-05-19,2020-05-19,27.8,"Aquathol K (gal)","Endothall","P_46","Y","Quamba",33001500,"CLP","Quamba",226.374,226.37,80.22,100,35.44,5,12.2805622553827,34.6546995761655
"2017-0621",2020,2020-05-04,2020-05-04,40.9,"Dibrox (gal)","Diquat Dibromide","P_47","Y","Linwood",2002600,"CLP","Linwood",484.91,484.91,179.37,85.24,31.53,6,8.43455486585139,22.8020293248592
"2017-0621",2020,2020-05-04,2020-05-04,40.9,"Dibrox (gal)","Diquat Dibromide","P_47","Y","Linwood",2002600,"CLP","Linwood",484.91,484.91,179.37,85.24,31.53,6,8.43455486585139,22.8020293248592
"2017-0621",2020,2020-05-04,2020-05-04,40.9,"Dibrox (gal)","Diquat Dibromide","P_47","Y","Linwood",2002600,"CLP","Linwood",484.91,484.91,179.37,85.24,31.53,6,8.43455486585139,22.8020293248592
"2017-0621",2021,2021-05-05,2021-05-05,42.3,"Dibrox (gal)","Diquat Dibromide","P_48","Y","Linwood",2002600,"CLP","Linwood",484.91,484.91,179.37,85.24,31.53,6,8.72326823534264,23.5825388861014
"2017-0621",2021,2021-05-05,2021-05-05,42.3,"Dibrox (gal)","Diquat Dibromide","P_48","Y","Linwood",2002600,"CLP","Linwood",484.91,484.91,179.37,85.24,31.53,6,8.72326823534264,23.5825388861014
"2017-0645",2021,2021-05-24,2021-05-24,7.42,"Tribune (gal)","Diquat Dibromide","P_49","Y","Thole",70012001,"CLP","Thole",118.52,118.52,88.63,99.76,74.61,9,6.26054674316571,8.37188310955658
"2017-0653",2020,2020-07-20,2020-07-20,4.91,"Dibrox (gal)","Diquat Dibromide","P_50","Y","Long",62006700,"EWM","Long",117.286,117.29,103.22,61.62,54.23,12,4.18634790171035,4.75683007169153
"2017-0653",2020,2020-07-20,2020-07-20,4.91,"Dibrox (gal)","Diquat Dibromide","P_50","Y","Long",62006700,"EWM","Long",117.286,117.29,103.22,61.62,54.23,12,4.18634790171035,4.75683007169153
"2017-0653",2020,2020-07-20,2020-07-20,4.91,"Dibrox (gal)","Diquat Dibromide","P_50","Y","Long",62006700,"EWM","Long",117.286,117.29,103.22,61.62,54.23,12,4.18634790171035,4.75683007169153
"2017-0653",2020,2020-07-20,2020-07-20,4.91,"Dibrox (gal)","Diquat Dibromide","P_50","Y","Long",62006700,"EWM","Long",117.286,117.29,103.22,61.62,54.23,12,4.18634790171035,4.75683007169153
"2017-0653",2020,2020-07-20,2020-07-20,4.91,"Dibrox (gal)","Diquat Dibromide","P_50","Y","Long",62006700,"EWM","Long",117.286,117.29,103.22,61.62,54.23,12,4.18634790171035,4.75683007169153
"2017-0653",2020,2020-07-20,2020-07-20,4.91,"Dibrox (gal)","Diquat Dibromide","P_50","Y","Long",62006700,"EWM","Long",117.286,117.29,103.22,61.62,54.23,12,4.18634790171035,4.75683007169153
"2017-0653",2020,2020-07-20,2020-07-20,4.91,"Dibrox (gal)","Diquat Dibromide","P_50","Y","Long",62006700,"EWM","Long",117.286,117.29,103.22,61.62,54.23,12,4.18634790171035,4.75683007169153
"2017-0653",2025,2025-07-02,2025-07-02,8.79,"ProcellaCOR EC (PDU)","Florpyrauxifen-benzyl","P_51","Y","Long",62006700,"EWM","Long",117.286,117.29,103.22,61.62,54.23,12,7.49450062241018,8.51579151327262
"2017-0653",2025,2025-07-02,2025-07-02,8.79,"ProcellaCOR EC (PDU)","Florpyrauxifen-benzyl","P_51","Y","Long",62006700,"EWM","Long",117.286,117.29,103.22,61.62,54.23,12,7.49450062241018,8.51579151327262
"2017-0653",2025,2025-07-02,2025-07-02,8.79,"ProcellaCOR EC (PDU)","Florpyrauxifen-benzyl","P_51","Y","Long",62006700,"EWM","Long",117.286,117.29,103.22,61.62,54.23,12,7.49450062241018,8.51579151327262
"2017-0653",2025,2025-07-02,2025-07-02,8.79,"ProcellaCOR EC (PDU)","Florpyrauxifen-benzyl","P_51","Y","Long",62006700,"EWM","Long",117.286,117.29,103.22,61.62,54.23,12,7.49450062241018,8.51579151327262
"2017-0653",2025,2025-07-02,2025-07-02,8.79,"ProcellaCOR EC (PDU)","Florpyrauxifen-benzyl","P_51","Y","Long",62006700,"EWM","Long",117.286,117.29,103.22,61.62,54.23,12,7.49450062241018,8.51579151327262
"2017-0653",2025,2025-07-02,2025-07-02,8.79,"ProcellaCOR EC (PDU)","Florpyrauxifen-benzyl","P_51","Y","Long",62006700,"EWM","Long",117.286,117.29,103.22,61.62,54.23,12,7.49450062241018,8.51579151327262
"2017-0653",2025,2025-07-02,2025-07-02,8.79,"ProcellaCOR EC (PDU)","Florpyrauxifen-benzyl","P_51","Y","Long",62006700,"EWM","Long",117.286,117.29,103.22,61.62,54.23,12,7.49450062241018,8.51579151327262
"2017-0663",2022,2022-05-22,2022-05-22,5.12,"Aquathol K (gal)","Endothall","P_52","Y","Brooks",86026400,"CLP","Brooks",58.31,58.31,58.31,60.86,60.86,15,8.78065511919053,8.78065511919053
"2017-0663",2022,2022-05-22,2022-05-22,5.12,"Aquathol K (gal)","Endothall","P_52","Y","Brooks",86026400,"CLP","Brooks",58.31,58.31,58.31,60.86,60.86,15,8.78065511919053,8.78065511919053
"2017-0663",2023,2022-05-15,2022-05-15,2,"Aquathol K (gal)","Endothall","P_53","Y","Brooks",86026400,"CLP","Brooks",58.31,58.31,58.31,60.86,60.86,15,3.4299434059338,3.4299434059338
"2017-0663",2023,2022-05-15,2022-05-15,2,"Aquathol K (gal)","Endothall","P_53","Y","Brooks",86026400,"CLP","Brooks",58.31,58.31,58.31,60.86,60.86,15,3.4299434059338,3.4299434059338
"2017-0667",2020,2020-05-12,2020-05-12,5.31,"Aquathol K (gal)","Endothall","P_54","Y","Clear",82016300,"CLP","Clear",270.307,270.31,145.89,63.02,34.01,5,1.96443303355074,3.63972856261567
"2017-0671",2020,2020-05-15,2020-05-15,24,"Aquathol K (gal)","Endothall","P_55","Y","Limestone",86016300,"CLP","Limestone",97.929,97.93,87.88,53.34,47.87,13,24.5075513892718,27.3099681383705
"2017-0671",2020,2020-05-15,2020-05-15,24,"Aquathol K (gal)","Endothall","P_55","Y","Limestone",86016300,"CLP","Limestone",97.929,97.93,87.88,53.34,47.87,13,24.5075513892718,27.3099681383705
"2017-0671",2021,2021-05-05,2021-05-05,23.96,"Aquathol K (gal)","Endothall","P_56","Y","Limestone",86016300,"CLP","Limestone",97.929,97.93,87.88,53.34,47.87,13,24.4667054702897,27.2644515248066
"2017-0671",2021,2021-05-05,2021-05-05,23.96,"Aquathol K (gal)","Endothall","P_56","Y","Limestone",86016300,"CLP","Limestone",97.929,97.93,87.88,53.34,47.87,13,24.4667054702897,27.2644515248066
"2017-0729",2020,2020-08-06,2020-08-06,9.72,"Dibrox (gal)","Diquat Dibromide","P_57","Y","Scandinavian",61004100,"EWM","Scandinavian",229.728,229.73,239.8,55.24,57.67,16,4.23109068115336,4.0533778148457
"2017-0729",2020,2020-08-06,2020-08-06,9.72,"Dibrox (gal)","Diquat Dibromide","P_57","Y","Scandinavian",61004100,"EWM","Scandinavian",229.728,229.73,239.8,55.24,57.67,16,4.23109068115336,4.0533778148457
"2017-0729",2020,2020-08-06,2020-08-06,9.72,"Dibrox (gal)","Diquat Dibromide","P_57","Y","Scandinavian",61004100,"EWM","Scandinavian",229.728,229.73,239.8,55.24,57.67,16,4.23109068115336,4.0533778148457
"2017-0729",2020,2020-08-06,2020-08-06,9.72,"Dibrox (gal)","Diquat Dibromide","P_57","Y","Scandinavian",61004100,"EWM","Scandinavian",229.728,229.73,239.8,55.24,57.67,16,4.23109068115336,4.0533778148457
"2017-0729",2020,2020-08-06,2020-08-06,9.72,"Dibrox (gal)","Diquat Dibromide","P_57","Y","Scandinavian",61004100,"EWM","Scandinavian",229.728,229.73,239.8,55.24,57.67,16,4.23109068115336,4.0533778148457
"2017-0729",2020,2020-08-06,2020-08-06,9.72,"Dibrox (gal)","Diquat Dibromide","P_57","Y","Scandinavian",61004100,"EWM","Scandinavian",229.728,229.73,239.8,55.24,57.67,16,4.23109068115336,4.0533778148457
"2017-0729",2020,2020-08-06,2020-08-06,9.72,"Dibrox (gal)","Diquat Dibromide","P_57","Y","Scandinavian",61004100,"EWM","Scandinavian",229.728,229.73,239.8,55.24,57.67,16,4.23109068115336,4.0533778148457
"2017-0729",2020,2020-08-06,2020-08-06,9.72,"Dibrox (gal)","Diquat Dibromide","P_57","Y","Scandinavian",61004100,"EWM","Scandinavian",229.728,229.73,239.8,55.24,57.67,16,4.23109068115336,4.0533778148457
"2017-0729",2020,2020-08-06,2020-08-06,9.72,"Dibrox (gal)","Diquat Dibromide","P_57","Y","Scandinavian",61004100,"EWM","Scandinavian",229.728,229.73,239.8,55.24,57.67,16,4.23109068115336,4.0533778148457
"2017-0729",2020,2020-08-06,2020-08-06,9.72,"Dibrox (gal)","Diquat Dibromide","P_57","Y","Scandinavian",61004100,"EWM","Scandinavian",229.728,229.73,239.8,55.24,57.67,16,4.23109068115336,4.0533778148457
"2017-0729",2025,2025-07-17,2025-07-17,42.5,"2,4-D Amine (gal)",NA,"P_58","Y","Scandinavian",61004100,"EWM","Scandinavian",229.728,229.73,239.8,55.24,57.67,16,18.5001392951665,17.7231025854879
"2017-0729",2025,2025-07-17,2025-07-17,42.5,"2,4-D Amine (gal)",NA,"P_58","Y","Scandinavian",61004100,"EWM","Scandinavian",229.728,229.73,239.8,55.24,57.67,16,18.5001392951665,17.7231025854879
"2017-0729",2025,2025-07-17,2025-07-17,42.5,"2,4-D Amine (gal)",NA,"P_58","Y","Scandinavian",61004100,"EWM","Scandinavian",229.728,229.73,239.8,55.24,57.67,16,18.5001392951665,17.7231025854879
"2017-0729",2025,2025-07-17,2025-07-17,42.5,"2,4-D Amine (gal)",NA,"P_58","Y","Scandinavian",61004100,"EWM","Scandinavian",229.728,229.73,239.8,55.24,57.67,16,18.5001392951665,17.7231025854879
"2017-0729",2025,2025-07-17,2025-07-17,42.5,"2,4-D Amine (gal)",NA,"P_58","Y","Scandinavian",61004100,"EWM","Scandinavian",229.728,229.73,239.8,55.24,57.67,16,18.5001392951665,17.7231025854879
"2017-0729",2025,2025-07-17,2025-07-17,42.5,"2,4-D Amine (gal)",NA,"P_58","Y","Scandinavian",61004100,"EWM","Scandinavian",229.728,229.73,239.8,55.24,57.67,16,18.5001392951665,17.7231025854879
"2017-0729",2025,2025-07-17,2025-07-17,42.5,"2,4-D Amine (gal)",NA,"P_58","Y","Scandinavian",61004100,"EWM","Scandinavian",229.728,229.73,239.8,55.24,57.67,16,18.5001392951665,17.7231025854879
"2017-0729",2025,2025-07-17,2025-07-17,42.5,"2,4-D Amine (gal)",NA,"P_58","Y","Scandinavian",61004100,"EWM","Scandinavian",229.728,229.73,239.8,55.24,57.67,16,18.5001392951665,17.7231025854879
"2017-0729",2025,2025-07-17,2025-07-17,42.5,"2,4-D Amine (gal)",NA,"P_58","Y","Scandinavian",61004100,"EWM","Scandinavian",229.728,229.73,239.8,55.24,57.67,16,18.5001392951665,17.7231025854879
"2017-0729",2025,2025-07-17,2025-07-17,42.5,"2,4-D Amine (gal)",NA,"P_58","Y","Scandinavian",61004100,"EWM","Scandinavian",229.728,229.73,239.8,55.24,57.67,16,18.5001392951665,17.7231025854879
"2017-0729",2025,2025-07-17,2025-07-17,42.5,"2,4-D Amine (gal)",NA,"P_58","Y","Scandinavian",61004100,"EWM","Scandinavian",229.728,229.73,239.8,55.24,57.67,16,18.5001392951665,17.7231025854879
"2017-0729",2025,2025-07-17,2025-07-17,42.5,"2,4-D Amine (gal)",NA,"P_58","Y","Scandinavian",61004100,"EWM","Scandinavian",229.728,229.73,239.8,55.24,57.67,16,18.5001392951665,17.7231025854879
"2017-0729",2025,2025-07-17,2025-07-17,42.5,"2,4-D Amine (gal)",NA,"P_58","Y","Scandinavian",61004100,"EWM","Scandinavian",229.728,229.73,239.8,55.24,57.67,16,18.5001392951665,17.7231025854879
"2017-0729",2025,2025-07-17,2025-07-17,42.5,"2,4-D Amine (gal)",NA,"P_58","Y","Scandinavian",61004100,"EWM","Scandinavian",229.728,229.73,239.8,55.24,57.67,16,18.5001392951665,17.7231025854879
"2017-0729",2025,2025-07-17,2025-07-17,42.5,"2,4-D Amine (gal)",NA,"P_58","Y","Scandinavian",61004100,"EWM","Scandinavian",229.728,229.73,239.8,55.24,57.67,16,18.5001392951665,17.7231025854879
"2017-0729",2025,2025-07-17,2025-07-17,42.5,"2,4-D Amine (gal)",NA,"P_58","Y","Scandinavian",61004100,"EWM","Scandinavian",229.728,229.73,239.8,55.24,57.67,16,18.5001392951665,17.7231025854879
"2017-0742",2020,2020-04-13,2020-04-13,405,"Sonar A.S. (gal)","Fluridone","P_59","Y","Diamond",27012500,"CLP","Diamond",405.015,405.02,405.02,99.92,99.92,15,99.9962964334654,99.9950619722483
"2017-0742",2021,2021-04-07,2021-04-07,405,"Sonar A.S. (gal)","Fluridone","P_60","Y","Diamond",27012500,"CLP","Diamond",405.015,405.02,405.02,99.92,99.92,15,99.9962964334654,99.9950619722483
"2017-0742",2021,2021-04-07,2021-04-07,405,"Sonar A.S. (gal)","Fluridone","P_60","Y","Diamond",27012500,"CLP","Diamond",405.015,405.02,405.02,99.92,99.92,15,99.9962964334654,99.9950619722483
"2017-0742",2023,2023-05-15,2023-05-15,45.1,"Tribune (gal)","Diquat Dibromide","P_61","Y","Diamond",27012500,"CLP","Diamond",405.015,405.02,405.02,99.92,99.92,15,11.1353900472822,11.1352525801195
"2017-0743",2020,2020-05-27,2020-05-27,2.73,"Aquathol K (gal)","Endothall","P_62","Y","Gun",1009900,"CLP","Gun",370.283,370.28,370.28,50.97,50.97,15,0.737273922918416,0.737279896294696
"2017-0743",2020,2020-05-27,2020-05-27,2.73,"Aquathol K (gal)","Endothall","P_62","Y","Gun",1009900,"CLP","Gun",370.283,370.28,370.28,50.97,50.97,15,0.737273922918416,0.737279896294696
"2017-0743",2020,2020-05-27,2020-05-27,2.73,"Aquathol K (gal)","Endothall","P_62","Y","Gun",1009900,"CLP","Gun",370.283,370.28,370.28,50.97,50.97,15,0.737273922918416,0.737279896294696
"2017-0743",2020,2020-05-27,2020-05-27,2.73,"Aquathol K (gal)","Endothall","P_62","Y","Gun",1009900,"CLP","Gun",370.283,370.28,370.28,50.97,50.97,15,0.737273922918416,0.737279896294696
"2017-0753",2021,2021-05-07,2021-05-07,9.1,"Dibrox (gal)","Diquat Dibromide","P_63","Y","Mooney",27013400,"CLP","Mooney",123.79,123.79,100,100,123.79,15,7.35115922126181,9.1
"2017-0753",2021,2021-05-07,2021-05-07,9.1,"Dibrox (gal)","Diquat Dibromide","P_63","Y","Mooney",27013400,"CLP","Mooney",123.79,123.79,100,100,123.79,15,7.35115922126181,9.1
"2017-0753",2021,2021-05-07,2021-05-07,9.1,"Dibrox (gal)","Diquat Dibromide","P_63","Y","Mooney",27013400,"CLP","Mooney",123.79,123.79,100,100,123.79,15,7.35115922126181,9.1
"2017-0753",2021,2021-05-07,2021-05-07,9.1,"Dibrox (gal)","Diquat Dibromide","P_63","Y","Mooney",27013400,"CLP","Mooney",123.79,123.79,100,100,123.79,15,7.35115922126181,9.1
"2017-0820",2020,2020-05-19,2020-05-19,13.5,"Tribune (gal)","Diquat Dibromide","P_64","Y","Cedar",86022700,"CLP","Cedar",276.719,276.72,263.25,35.33,33.61,14,4.87859525366888,5.12820512820513
"2017-0825",2020,2020-08-20,2020-08-20,6.82,"2,4-D Amine (gal)",NA,"P_65","Y","Middle Spunk",73012800,"EWM","Middle Spunk",79.006,79.01,90.63,33.3,38.2,20,8.63225577804218,7.52510206333444
"2017-0825",2021,2021-08-09,2021-08-09,1.23,"Platoon (gal)","2,4-D","P_66","Y","Middle Spunk",73012800,"EWM","Middle Spunk",79.006,79.01,90.63,33.3,38.2,20,1.5568437840164,1.35716650115856
"2017-0825",2021,2021-08-09,2021-08-09,1.23,"Platoon (gal)","2,4-D","P_66","Y","Middle Spunk",73012800,"EWM","Middle Spunk",79.006,79.01,90.63,33.3,38.2,20,1.5568437840164,1.35716650115856
"2017-0825",2021,2021-08-09,2021-08-09,1.23,"Platoon (gal)","2,4-D","P_66","Y","Middle Spunk",73012800,"EWM","Middle Spunk",79.006,79.01,90.63,33.3,38.2,20,1.5568437840164,1.35716650115856
"2017-0828",2020,2020-07-22,2020-07-22,17.2,"ProcellaCOR EC (oz)","Florpyrauxifen-benzyl","P_67","Y","Pulaski (main bay)",86005302,"EWM","Pulaski (main bay)",138.767,138.77,183.91,18.97,25.14,20,12.3948777447088,9.3524006307433
"2017-0828",2021,2021-07-09,2021-07-09,16.7,"ProcellaCOR EC (oz)","Florpyrauxifen-benzyl","P_68","Y","Pulaski (main bay)",86005302,"EWM","Pulaski (main bay)",138.767,138.77,183.91,18.97,25.14,20,12.0345615311998,9.08052851938448
"2017-0830",2021,2021-05-26,2021-05-26,1.17,"Aquathol K (gal)","Endothall","P_69","Y","Lewis",33003200,"CLP","Lewis",80.875,80.88,77.83,45.45,43.74,14.4,1.44667697063369,1.50327637157908
"2017-0830",2021,2021-05-26,2021-05-26,1.17,"Aquathol K (gal)","Endothall","P_69","Y","Lewis",33003200,"CLP","Lewis",80.875,80.88,77.83,45.45,43.74,14.4,1.44667697063369,1.50327637157908
"2017-0830",2021,2021-05-26,2021-05-26,1.17,"Aquathol K (gal)","Endothall","P_69","Y","Lewis",33003200,"CLP","Lewis",80.875,80.88,77.83,45.45,43.74,14.4,1.44667697063369,1.50327637157908
"2017-0857",2021,2021-05-06,2021-05-06,63.21,"Tribune (gal)","Diquat Dibromide","P_70","Y","Medicine",27010400,"CLP","Medicine",434.53,434.53,434.53,46.74,46.74,15,14.546751662716,14.546751662716
"2017-0871",2020,2020-05-27,2020-05-27,2.5,"Aquathol K (gal)","Endothall","P_71","Y","Indian",86022300,"CLP","Indian",57.132,57.13,21.34,42.41,15.84,7,4.37583140796751,11.7150890346767
"2017-0871",2020,2020-05-27,2020-05-27,2.5,"Aquathol K (gal)","Endothall","P_71","Y","Indian",86022300,"CLP","Indian",57.132,57.13,21.34,42.41,15.84,7,4.37583140796751,11.7150890346767
"2017-0871",2021,2021-05-05,2021-05-05,4.6,"Aquathol K (gal)","Endothall","P_72","Y","Indian",86022300,"CLP","Indian",57.132,57.13,21.34,42.41,15.84,7,8.05152979066023,21.5557638238051
"2017-0871",2021,2021-05-05,2021-05-05,4.6,"Aquathol K (gal)","Endothall","P_72","Y","Indian",86022300,"CLP","Indian",57.132,57.13,21.34,42.41,15.84,7,8.05152979066023,21.5557638238051
"2017-0871",2021,2021-05-05,2021-05-05,4.6,"Aquathol K (gal)","Endothall","P_72","Y","Indian",86022300,"CLP","Indian",57.132,57.13,21.34,42.41,15.84,7,8.05152979066023,21.5557638238051
"2017-0873",2020,2020-07-01,2020-07-01,8.5,"2,4-D Amine (gal)",NA,"P_73","Y","Indian",86022300,"EWM","Indian",57.132,57.13,21.34,42.41,15.84,7,14.8778267870895,39.8313027179007
"2017-0873",2020,2020-07-01,2020-07-01,8.5,"2,4-D Amine (gal)",NA,"P_73","Y","Indian",86022300,"EWM","Indian",57.132,57.13,21.34,42.41,15.84,7,14.8778267870895,39.8313027179007
"2017-0873",2020,2020-07-01,2020-07-01,8.5,"2,4-D Amine (gal)",NA,"P_73","Y","Indian",86022300,"EWM","Indian",57.132,57.13,21.34,42.41,15.84,7,14.8778267870895,39.8313027179007
"2017-0873",2020,2020-07-01,2020-07-01,8.5,"2,4-D Amine (gal)",NA,"P_73","Y","Indian",86022300,"EWM","Indian",57.132,57.13,21.34,42.41,15.84,7,14.8778267870895,39.8313027179007
"2017-0873",2020,2020-07-01,2020-07-01,8.5,"2,4-D Amine (gal)",NA,"P_73","Y","Indian",86022300,"EWM","Indian",57.132,57.13,21.34,42.41,15.84,7,14.8778267870895,39.8313027179007
"2017-0892",2022,2022-05-17,2022-05-17,14.39,"Aquathol K (gal)","Endothall","P_74","Y","Beebe",86002300,"CLP","Beebe",179.487,179.49,162.18,58.99,53.3,12,8.01729373157945,8.87285731902824
"2017-0892",2022,2022-05-17,2022-05-17,14.39,"Aquathol K (gal)","Endothall","P_74","Y","Beebe",86002300,"CLP","Beebe",179.487,179.49,162.18,58.99,53.3,12,8.01729373157945,8.87285731902824
"2017-0892",2022,2022-05-17,2022-05-17,14.39,"Aquathol K (gal)","Endothall","P_74","Y","Beebe",86002300,"CLP","Beebe",179.487,179.49,162.18,58.99,53.3,12,8.01729373157945,8.87285731902824
"2017-0892",2023,2023-05-07,2023-05-07,14.39,"Aquathol K (gal)","Endothall","P_75","Y","Beebe",86002300,"CLP","Beebe",179.487,179.49,162.18,58.99,53.3,12,8.01729373157945,8.87285731902824
"2017-0892",2023,2023-05-07,2023-05-07,14.39,"Aquathol K (gal)","Endothall","P_75","Y","Beebe",86002300,"CLP","Beebe",179.487,179.49,162.18,58.99,53.3,12,8.01729373157945,8.87285731902824
"2017-0892",2023,2023-05-07,2023-05-07,14.39,"Aquathol K (gal)","Endothall","P_75","Y","Beebe",86002300,"CLP","Beebe",179.487,179.49,162.18,58.99,53.3,12,8.01729373157945,8.87285731902824
"2017-0917",2020,2020-05-12,2020-05-12,59.31,"Aquathol K (gal)","Endothall","P_76","Y","Forest",82015900,"CLP","Forest",1561.192,1561.19,1404.75,68.75,61.86,13,3.79902023581981,4.22210357714896
"2017-0917",2020,2020-05-12,2020-05-12,59.31,"Aquathol K (gal)","Endothall","P_76","Y","Forest",82015900,"CLP","Forest",1561.192,1561.19,1404.75,68.75,61.86,13,3.79902023581981,4.22210357714896
"2017-0917",2020,2020-05-12,2020-05-12,59.31,"Aquathol K (gal)","Endothall","P_76","Y","Forest",82015900,"CLP","Forest",1561.192,1561.19,1404.75,68.75,61.86,13,3.79902023581981,4.22210357714896
"2017-0917",2020,2020-05-12,2020-05-12,59.31,"Aquathol K (gal)","Endothall","P_76","Y","Forest",82015900,"CLP","Forest",1561.192,1561.19,1404.75,68.75,61.86,13,3.79902023581981,4.22210357714896
"2017-0917",2020,2020-05-12,2020-05-12,59.31,"Aquathol K (gal)","Endothall","P_76","Y","Forest",82015900,"CLP","Forest",1561.192,1561.19,1404.75,68.75,61.86,13,3.79902023581981,4.22210357714896
"2017-0917",2020,2020-05-12,2020-05-12,59.31,"Aquathol K (gal)","Endothall","P_76","Y","Forest",82015900,"CLP","Forest",1561.192,1561.19,1404.75,68.75,61.86,13,3.79902023581981,4.22210357714896
"2017-0917",2020,2020-05-12,2020-05-12,59.31,"Aquathol K (gal)","Endothall","P_76","Y","Forest",82015900,"CLP","Forest",1561.192,1561.19,1404.75,68.75,61.86,13,3.79902023581981,4.22210357714896
"2017-0917",2020,2020-05-12,2020-05-12,59.31,"Aquathol K (gal)","Endothall","P_76","Y","Forest",82015900,"CLP","Forest",1561.192,1561.19,1404.75,68.75,61.86,13,3.79902023581981,4.22210357714896
"2017-0917",2020,2020-05-12,2020-05-12,59.31,"Aquathol K (gal)","Endothall","P_76","Y","Forest",82015900,"CLP","Forest",1561.192,1561.19,1404.75,68.75,61.86,13,3.79902023581981,4.22210357714896
"2017-0917",2020,2020-05-12,2020-05-12,59.31,"Aquathol K (gal)","Endothall","P_76","Y","Forest",82015900,"CLP","Forest",1561.192,1561.19,1404.75,68.75,61.86,13,3.79902023581981,4.22210357714896
"2017-0968",2021,2021-05-10,2021-05-10,5.1,"Aquathol K (gal)","Endothall","P_77","Y","Crystal",27003400,"CLP","Crystal",79.12,53,66.99,66.99,53,15,6.44590495449949,7.61307657859382
"2017-0973",2020,2020-05-08,2020-05-08,5.18,"Aquathol K (gal)","Endothall","P_78","Y","Sebie",18016100,"CLP","Sebie",185.31,117,63.14,63.14,117,15,2.79531595704495,8.2039911308204
"2017-0973",2020,2020-05-08,2020-05-08,5.18,"Aquathol K (gal)","Endothall","P_78","Y","Sebie",18016100,"CLP","Sebie",185.31,117,63.14,63.14,117,15,2.79531595704495,8.2039911308204
"2017-0973",2020,2020-05-08,2020-05-08,5.18,"Aquathol K (gal)","Endothall","P_78","Y","Sebie",18016100,"CLP","Sebie",185.31,117,63.14,63.14,117,15,2.79531595704495,8.2039911308204
"2017-0973",2020,2020-05-08,2020-05-08,5.18,"Aquathol K (gal)","Endothall","P_78","Y","Sebie",18016100,"CLP","Sebie",185.31,117,63.14,63.14,117,15,2.79531595704495,8.2039911308204
"2017-0973",2020,2020-05-08,2020-05-08,5.18,"Aquathol K (gal)","Endothall","P_78","Y","Sebie",18016100,"CLP","Sebie",185.31,117,63.14,63.14,117,15,2.79531595704495,8.2039911308204
"2017-0973",2020,2020-05-08,2020-05-08,5.18,"Aquathol K (gal)","Endothall","P_78","Y","Sebie",18016100,"CLP","Sebie",185.31,117,63.14,63.14,117,15,2.79531595704495,8.2039911308204
"2017-0973",2020,2020-05-08,2020-05-08,5.18,"Aquathol K (gal)","Endothall","P_78","Y","Sebie",18016100,"CLP","Sebie",185.31,117,63.14,63.14,117,15,2.79531595704495,8.2039911308204
"2017-0973",2020,2020-05-08,2020-05-08,5.18,"Aquathol K (gal)","Endothall","P_78","Y","Sebie",18016100,"CLP","Sebie",185.31,117,63.14,63.14,117,15,2.79531595704495,8.2039911308204
"2017-0973",2020,2020-05-08,2020-05-08,5.18,"Aquathol K (gal)","Endothall","P_78","Y","Sebie",18016100,"CLP","Sebie",185.31,117,63.14,63.14,117,15,2.79531595704495,8.2039911308204
"2017-0973",2020,2020-05-08,2020-05-08,5.18,"Aquathol K (gal)","Endothall","P_78","Y","Sebie",18016100,"CLP","Sebie",185.31,117,63.14,63.14,117,15,2.79531595704495,8.2039911308204
"2017-1005",2021,2021-05-19,2021-05-19,7.8,"Aquathol K (gal)","Endothall","P_79","Y","Upper South Long",18009600,"CLP","Upper South Long",292.083,292.08,243.28,36.72,30.59,12,2.67047380367909,3.20618217691549
"2017-1027",2020,2020-05-11,2020-05-11,46.9,"Dibrox (gal)","Diquat Dibromide","P_80","Y","George",2009100,"CLP","George",383.264,383.26,383.26,78.66,78.66,15,12.2369959088252,12.2371236236497
"2017-1027",2020,2020-05-11,2020-05-11,46.9,"Dibrox (gal)","Diquat Dibromide","P_80","Y","George",2009100,"CLP","George",383.264,383.26,383.26,78.66,78.66,15,12.2369959088252,12.2371236236497
"2017-1027",2020,2020-05-11,2020-05-11,46.9,"Dibrox (gal)","Diquat Dibromide","P_80","Y","George",2009100,"CLP","George",383.264,383.26,383.26,78.66,78.66,15,12.2369959088252,12.2371236236497
"2017-1027",2020,2020-05-11,2020-05-11,46.9,"Dibrox (gal)","Diquat Dibromide","P_80","Y","George",2009100,"CLP","George",383.264,383.26,383.26,78.66,78.66,15,12.2369959088252,12.2371236236497
"2017-1027",2020,2020-05-11,2020-05-11,46.9,"Dibrox (gal)","Diquat Dibromide","P_80","Y","George",2009100,"CLP","George",383.264,383.26,383.26,78.66,78.66,15,12.2369959088252,12.2371236236497
"2017-1027",2021,2021-05-24,2021-05-24,28.33,"Dibrox (gal)","Diquat Dibromide","P_81","Y","George",2009100,"CLP","George",383.264,383.26,383.26,78.66,78.66,15,7.39177172914753,7.39184887543704
"2017-1027",2021,2021-05-24,2021-05-24,28.33,"Dibrox (gal)","Diquat Dibromide","P_81","Y","George",2009100,"CLP","George",383.264,383.26,383.26,78.66,78.66,15,7.39177172914753,7.39184887543704
"2017-1027",2021,2021-05-24,2021-05-24,28.33,"Dibrox (gal)","Diquat Dibromide","P_81","Y","George",2009100,"CLP","George",383.264,383.26,383.26,78.66,78.66,15,7.39177172914753,7.39184887543704
"2017-1027",2021,2021-05-24,2021-05-24,28.33,"Dibrox (gal)","Diquat Dibromide","P_81","Y","George",2009100,"CLP","George",383.264,383.26,383.26,78.66,78.66,15,7.39177172914753,7.39184887543704
"2017-1028",2025,2025-05-14,2025-05-14,32.23,"Diquat Herbicide (gal)","Diquat Dibromide","P_82","Y","George",2009100,"EWM","George",383.264,383.26,383.26,78.66,78.66,15,8.40934708190699,8.40943484840578
"2017-1028",2025,2025-05-14,2025-05-14,32.23,"Diquat Herbicide (gal)","Diquat Dibromide","P_82","Y","George",2009100,"EWM","George",383.264,383.26,383.26,78.66,78.66,15,8.40934708190699,8.40943484840578
"2017-1028",2025,2025-05-14,2025-05-14,32.23,"Diquat Herbicide (gal)","Diquat Dibromide","P_82","Y","George",2009100,"EWM","George",383.264,383.26,383.26,78.66,78.66,15,8.40934708190699,8.40943484840578
"2017-1028",2025,2025-05-14,2025-05-14,32.23,"Diquat Herbicide (gal)","Diquat Dibromide","P_82","Y","George",2009100,"EWM","George",383.264,383.26,383.26,78.66,78.66,15,8.40934708190699,8.40943484840578
"2017-1032",2023,2023-06-28,2023-06-28,11,"ProcellaCOR EC (oz)","Florpyrauxifen-benzyl","P_83","Y","Charlotte",86001100,"EWM","Charlotte",89.711,89.71,128.36,37.71,53.95,25,12.2615955679905,8.56964786537862
"2017-1034",2020,2020-07-09,2020-07-09,6.9,"ProcellaCOR EC (oz)","Florpyrauxifen-benzyl","P_84","Y","Granite",86021700,"EWM","Granite",118.179,118.18,87.98,33.47,24.92,11,5.83860076663367,7.84269152080018
"2017-1034",2025,2025-09-22,2025-09-22,6.5,"ProcellaCOR EC (oz)","Florpyrauxifen-benzyl","P_85","Y","Granite",86021700,"EWM","Granite",118.179,118.18,87.98,33.47,24.92,11,5.50013115697374,7.38804273698568
"2017-1037",2020,2020-05-15,2020-05-15,4.8,"Tribune (gal)","Diquat Dibromide","P_86","Y","Minnetonka-Carsons Bay",27013303,"CLP","Minnetonka-Carsons Bay",78.863,78.86,78.86,68.68,68.68,15,6.08650444441627,6.08673598782653
"2017-1037",2021,2021-05-24,2021-05-24,14.1,"Tribune (gal)","Diquat Dibromide","P_87","Y","Minnetonka-Carsons Bay",27013303,"CLP","Minnetonka-Carsons Bay",78.863,78.86,78.86,68.68,68.68,15,17.8791068054728,17.8797869642404
"2017-1038",2020,2020-07-10,2020-07-10,4.95,"Kammo Plus (gal), ProcellaCOR EC (oz), Tribune (gal)","Limonene, Florpyrauxifen-benzyl, Diquat Dibromide","P_88, P_89, P_90","Y","Minnetonka-Carsons Bay",27013303,"EWM","Minnetonka-Carsons Bay",78.863,78.86,78.86,68.68,68.68,15,6.27670770830427,6.27694648744611
"2017-1038",2020,2020-07-10,2020-07-10,4.95,"Kammo Plus (gal), ProcellaCOR EC (oz), Tribune (gal)","Limonene, Florpyrauxifen-benzyl, Diquat Dibromide","P_88, P_89, P_90","Y","Minnetonka-Carsons Bay",27013303,"EWM","Minnetonka-Carsons Bay",78.863,78.86,78.86,68.68,68.68,15,6.27670770830427,6.27694648744611
"2017-1038",2020,2020-07-10,2020-07-10,4.95,"Kammo Plus (gal), ProcellaCOR EC (oz), Tribune (gal)","Limonene, Florpyrauxifen-benzyl, Diquat Dibromide","P_88, P_89, P_90","Y","Minnetonka-Carsons Bay",27013303,"EWM","Minnetonka-Carsons Bay",78.863,78.86,78.86,68.68,68.68,15,6.27670770830427,6.27694648744611
"2017-1038",2021,2021-06-29,2021-06-29,10.5,"ProcellaCOR (oz), Tribune (gal)","Florpyrauxifen-benzyl, Diquat Dibromide","P_91, P_92","Y","Minnetonka-Carsons Bay",27013303,"EWM","Minnetonka-Carsons Bay",78.863,78.86,78.86,68.68,68.68,15,13.3142284721606,13.3147349733705
"2017-1038",2021,2021-06-29,2021-06-29,10.5,"ProcellaCOR (oz), Tribune (gal)","Florpyrauxifen-benzyl, Diquat Dibromide","P_91, P_92","Y","Minnetonka-Carsons Bay",27013303,"EWM","Minnetonka-Carsons Bay",78.863,78.86,78.86,68.68,68.68,15,13.3142284721606,13.3147349733705
"2017-1038",2025,2025-04-29,2025-04-29,115,"Sonar A.S. (gal)","Fluridone","P_93","Y","Minnetonka-Carsons Bay",27013303,"CLP","Minnetonka-Carsons Bay",78.863,78.86,78.86,68.68,68.68,15,145.82250231414,145.828049708344
"2017-1039",2020,2020-07-08,2020-07-08,33.25,"ProcellaCOR EC (oz), Tribune (gal)","Florpyrauxifen-benzyl, Diquat Dibromide","P_94, P_95","Y","Minnetonka-Grays Bay",27013301,"EWM","Minnetonka-Grays Bay",164.537,164.54,164.54,87.58,87.58,15,20.2082206433811,20.2078521939954
"2017-1039",2020,2020-07-08,2020-07-08,33.25,"ProcellaCOR EC (oz), Tribune (gal)","Florpyrauxifen-benzyl, Diquat Dibromide","P_94, P_95","Y","Minnetonka-Grays Bay",27013301,"EWM","Minnetonka-Grays Bay",164.537,164.54,164.54,87.58,87.58,15,20.2082206433811,20.2078521939954
"2017-1039",2021,2021-06-29,2021-06-29,22.98,"ProcellaCOR (oz), Tribune (gal)","Florpyrauxifen-benzyl, Diquat Dibromide","P_96, P_97","Y","Minnetonka-Grays Bay",27013301,"EWM","Minnetonka-Grays Bay",164.537,164.54,164.54,87.58,87.58,15,13.9664634702225,13.9662088246019
"2017-1039",2021,2021-06-29,2021-06-29,22.98,"ProcellaCOR (oz), Tribune (gal)","Florpyrauxifen-benzyl, Diquat Dibromide","P_96, P_97","Y","Minnetonka-Grays Bay",27013301,"EWM","Minnetonka-Grays Bay",164.537,164.54,164.54,87.58,87.58,15,13.9664634702225,13.9662088246019
"2017-1041",2021,2021-06-18,2021-06-18,11.6,"ProcellaCOR EC (gal), Tribune (gal)","Florpyrauxifen-benzyl, Diquat Dibromide","P_98, P_99","Y","Minnetonka-Upper Lake",27013305,"EWM","Minnetonka-Upper Lake",1699.304,1699.3,1699.3,37.59,37.59,15,0.682632418919746,0.682634025775319
"2017-1041",2021,2021-06-18,2021-06-18,11.6,"ProcellaCOR EC (gal), Tribune (gal)","Florpyrauxifen-benzyl, Diquat Dibromide","P_98, P_99","Y","Minnetonka-Upper Lake",27013305,"EWM","Minnetonka-Upper Lake",1699.304,1699.3,1699.3,37.59,37.59,15,0.682632418919746,0.682634025775319
"2017-1042",2020,2020-05-29,2020-05-29,12.7,"Tribune (gal)","Diquat Dibromide","P_100","Y","Minnetonka-St. Albans Bay",27013304,"CLP","Minnetonka-St. Albans Bay",103.155,103.16,103.16,62.08,62.08,15,12.3115699675246,12.310973245444
"2017-1042",2021,2021-05-26,2021-05-26,28.2,"Tribune (gal)","Diquat Dibromide","P_101","Y","Minnetonka-St. Albans Bay",27013304,"CLP","Minnetonka-St. Albans Bay",103.155,103.16,103.16,62.08,62.08,15,27.337501817653,27.3361768127181
"2017-1043",2020,2020-07-23,2020-07-23,3.84,"Kammo Plus (gal), ProcellaCOR EC (oz), Tribune (gal)","Limonene, Florpyrauxifen-benzyl, Diquat Dibromide","P_102, P_103, P_104","Y","Minnetonka-St. Albans Bay",27013304,"EWM","Minnetonka-St. Albans Bay",103.155,103.16,103.16,62.08,62.08,15,3.72255343899956,3.72237301279566
"2017-1043",2020,2020-07-23,2020-07-23,3.84,"Kammo Plus (gal), ProcellaCOR EC (oz), Tribune (gal)","Limonene, Florpyrauxifen-benzyl, Diquat Dibromide","P_102, P_103, P_104","Y","Minnetonka-St. Albans Bay",27013304,"EWM","Minnetonka-St. Albans Bay",103.155,103.16,103.16,62.08,62.08,15,3.72255343899956,3.72237301279566
"2017-1043",2020,2020-07-23,2020-07-23,3.84,"Kammo Plus (gal), ProcellaCOR EC (oz), Tribune (gal)","Limonene, Florpyrauxifen-benzyl, Diquat Dibromide","P_102, P_103, P_104","Y","Minnetonka-St. Albans Bay",27013304,"EWM","Minnetonka-St. Albans Bay",103.155,103.16,103.16,62.08,62.08,15,3.72255343899956,3.72237301279566
"2017-1044",2020,2020-05-15,2020-05-15,47.7,"Tribune (gal)","Diquat Dibromide","P_105","Y","Minnetonka-North Arm",27013313,"CLP","Minnetonka-North Arm",169.204,169.2,169.2,52.16,52.16,15,28.1908229119879,28.1914893617021
"2017-1044",2021,2021-05-26,2021-05-26,50.1,"Tribune (gal)","Diquat Dibromide","P_106","Y","Minnetonka-North Arm",27013313,"CLP","Minnetonka-North Arm",169.204,169.2,169.2,52.16,52.16,15,29.6092290962389,29.6099290780142
"2017-1044",2025,2025-05-07,2025-05-07,53.62,"Tribune (gal)","Diquat Dibromide","P_107","Y","Minnetonka-North Arm",27013313,"CLP","Minnetonka-North Arm",169.204,169.2,169.2,52.16,52.16,15,31.6895581664736,31.6903073286052
"2017-1047",2020,2020-06-11,2020-06-11,17,"Tribune (gal)","Diquat Dibromide","P_108","Y","Minnetonka-Crystal Bay",27013310,"EWM","Minnetonka-Crystal Bay",317.357,317.36,317.36,38.9,38.9,15,5.35674335212395,5.35669271489791
"2017-1050",2020,2020-05-14,2020-05-14,1034,"Sonar A.S. (gal)","Fluridone","P_109","Y","Benton",41004300,"CLP","Benton",2649.413,2649.41,279.36,100,10.54,5,39.0275128868168,370.131729667812
"2017-1050",2021,2021-04-14,2021-04-14,1034,"Sonar A.S. (gal)","Fluridone","P_110","Y","Benton",41004300,"CLP","Benton",2649.413,2649.41,279.36,100,10.54,5,39.0275128868168,370.131729667812
"2017-1072",2020,2020-05-20,2020-05-20,43.2,"Aquathol K (gal)","Endothall","P_111","Y","Platte",18008800,"CLP","Platte",1615.908,1615.91,1615.91,94.32,94.32,15,2.67341952635917,2.67341621748736
"2017-1072",2021,2021-05-21,2021-05-21,42.3,"Aquathol K (gal)","Endothall","P_112","Y","Platte",18008800,"CLP","Platte",1615.908,1615.91,1615.91,94.32,94.32,15,2.61772328622669,2.61772004628971
"2017-1072",2021,2021-05-21,2021-05-21,42.3,"Aquathol K (gal)","Endothall","P_112","Y","Platte",18008800,"CLP","Platte",1615.908,1615.91,1615.91,94.32,94.32,15,2.61772328622669,2.61772004628971
"2017-1072",2021,2021-05-21,2021-05-21,42.3,"Aquathol K (gal)","Endothall","P_112","Y","Platte",18008800,"CLP","Platte",1615.908,1615.91,1615.91,94.32,94.32,15,2.61772328622669,2.61772004628971
"2017-1072",2021,2021-05-21,2021-05-21,42.3,"Aquathol K (gal)","Endothall","P_112","Y","Platte",18008800,"CLP","Platte",1615.908,1615.91,1615.91,94.32,94.32,15,2.61772328622669,2.61772004628971
"2017-1072",2021,2021-05-21,2021-05-21,42.3,"Aquathol K (gal)","Endothall","P_112","Y","Platte",18008800,"CLP","Platte",1615.908,1615.91,1615.91,94.32,94.32,15,2.61772328622669,2.61772004628971
"2017-1083",2021,2021-05-05,2021-05-05,9.2,"Tribune (gal)","Diquat Dibromide","P_113","Y","Coon",2004200,"CLP","Coon",1331.965,1331.96,1283.59,89.92,86.66,12,0.690708839946996,0.716739768929331
"2017-1092",2021,2021-07-12,2021-07-12,22.83,"ProcellaCOR EC (oz), Tribune (gal)","Florpyrauxifen-benzyl, Diquat Dibromide","P_114, P_115","Y","Coon",2004200,"EWM","Coon",1331.965,1331.96,1283.59,89.92,86.66,12,1.71400900173803,1.77860531789746
"2017-1092",2021,2021-07-12,2021-07-12,22.83,"ProcellaCOR EC (oz), Tribune (gal)","Florpyrauxifen-benzyl, Diquat Dibromide","P_114, P_115","Y","Coon",2004200,"EWM","Coon",1331.965,1331.96,1283.59,89.92,86.66,12,1.71400900173803,1.77860531789746
"2017-1097",2020,2020-05-19,2020-05-19,36.6,"Dibrox (gal)","Diquat Dibromide","P_116","Y","Minnewashta",10000900,"CLP","Minnewashta",337.891,337.89,330.74,50.21,49.15,14,10.8318954929252,11.066094212977
"2017-1097",2020,2020-05-19,2020-05-19,36.6,"Dibrox (gal)","Diquat Dibromide","P_116","Y","Minnewashta",10000900,"CLP","Minnewashta",337.891,337.89,330.74,50.21,49.15,14,10.8318954929252,11.066094212977
"2017-1097",2020,2020-05-19,2020-05-19,36.6,"Dibrox (gal)","Diquat Dibromide","P_116","Y","Minnewashta",10000900,"CLP","Minnewashta",337.891,337.89,330.74,50.21,49.15,14,10.8318954929252,11.066094212977
"2017-1097",2020,2020-05-19,2020-05-19,36.6,"Dibrox (gal)","Diquat Dibromide","P_116","Y","Minnewashta",10000900,"CLP","Minnewashta",337.891,337.89,330.74,50.21,49.15,14,10.8318954929252,11.066094212977
"2017-1097",2020,2020-05-19,2020-05-19,36.6,"Dibrox (gal)","Diquat Dibromide","P_116","Y","Minnewashta",10000900,"CLP","Minnewashta",337.891,337.89,330.74,50.21,49.15,14,10.8318954929252,11.066094212977
"2017-1097",2020,2020-05-19,2020-05-19,36.6,"Dibrox (gal)","Diquat Dibromide","P_116","Y","Minnewashta",10000900,"CLP","Minnewashta",337.891,337.89,330.74,50.21,49.15,14,10.8318954929252,11.066094212977
"2017-1097",2020,2020-05-19,2020-05-19,36.6,"Dibrox (gal)","Diquat Dibromide","P_116","Y","Minnewashta",10000900,"CLP","Minnewashta",337.891,337.89,330.74,50.21,49.15,14,10.8318954929252,11.066094212977
"2017-1097",2020,2020-05-19,2020-05-19,36.6,"Dibrox (gal)","Diquat Dibromide","P_116","Y","Minnewashta",10000900,"CLP","Minnewashta",337.891,337.89,330.74,50.21,49.15,14,10.8318954929252,11.066094212977
"2017-1097",2020,2020-05-19,2020-05-19,36.6,"Dibrox (gal)","Diquat Dibromide","P_116","Y","Minnewashta",10000900,"CLP","Minnewashta",337.891,337.89,330.74,50.21,49.15,14,10.8318954929252,11.066094212977
"2017-1097",2021,2021-05-18,2021-05-18,41.1,"Dibrox (gal)","Diquat Dibromide","P_117","Y","Minnewashta",10000900,"CLP","Minnewashta",337.891,337.89,330.74,50.21,49.15,14,12.1636859223833,12.4266795670315
"2017-1097",2021,2021-05-18,2021-05-18,41.1,"Dibrox (gal)","Diquat Dibromide","P_117","Y","Minnewashta",10000900,"CLP","Minnewashta",337.891,337.89,330.74,50.21,49.15,14,12.1636859223833,12.4266795670315
"2017-1097",2021,2021-05-18,2021-05-18,41.1,"Dibrox (gal)","Diquat Dibromide","P_117","Y","Minnewashta",10000900,"CLP","Minnewashta",337.891,337.89,330.74,50.21,49.15,14,12.1636859223833,12.4266795670315
"2017-1097",2021,2021-05-18,2021-05-18,41.1,"Dibrox (gal)","Diquat Dibromide","P_117","Y","Minnewashta",10000900,"CLP","Minnewashta",337.891,337.89,330.74,50.21,49.15,14,12.1636859223833,12.4266795670315
"2017-1097",2021,2021-05-18,2021-05-18,41.1,"Dibrox (gal)","Diquat Dibromide","P_117","Y","Minnewashta",10000900,"CLP","Minnewashta",337.891,337.89,330.74,50.21,49.15,14,12.1636859223833,12.4266795670315
"2017-1097",2021,2021-05-18,2021-05-18,41.1,"Dibrox (gal)","Diquat Dibromide","P_117","Y","Minnewashta",10000900,"CLP","Minnewashta",337.891,337.89,330.74,50.21,49.15,14,12.1636859223833,12.4266795670315
"2017-1097",2021,2021-05-18,2021-05-18,41.1,"Dibrox (gal)","Diquat Dibromide","P_117","Y","Minnewashta",10000900,"CLP","Minnewashta",337.891,337.89,330.74,50.21,49.15,14,12.1636859223833,12.4266795670315
"2017-1154",2020,2020-05-04,2020-05-04,72.6,"Diquat Herbicide (gal)","Diquat Dibromide","P_118","Y","Bald Eagle",62000200,"CLP","Bald Eagle",589.063,589.06,211.86,56.13,20.19,6,12.3246579737651,34.2679127725857
"2017-1154",2020,2020-05-04,2020-05-04,72.6,"Diquat Herbicide (gal)","Diquat Dibromide","P_118","Y","Bald Eagle",62000200,"CLP","Bald Eagle",589.063,589.06,211.86,56.13,20.19,6,12.3246579737651,34.2679127725857
"2017-1154",2020,2020-05-04,2020-05-04,72.6,"Diquat Herbicide (gal)","Diquat Dibromide","P_118","Y","Bald Eagle",62000200,"CLP","Bald Eagle",589.063,589.06,211.86,56.13,20.19,6,12.3246579737651,34.2679127725857
"2017-1154",2020,2020-05-04,2020-05-04,72.6,"Diquat Herbicide (gal)","Diquat Dibromide","P_118","Y","Bald Eagle",62000200,"CLP","Bald Eagle",589.063,589.06,211.86,56.13,20.19,6,12.3246579737651,34.2679127725857
"2017-1154",2020,2020-05-04,2020-05-04,72.6,"Diquat Herbicide (gal)","Diquat Dibromide","P_118","Y","Bald Eagle",62000200,"CLP","Bald Eagle",589.063,589.06,211.86,56.13,20.19,6,12.3246579737651,34.2679127725857
"2017-1154",2020,2020-05-04,2020-05-04,72.6,"Diquat Herbicide (gal)","Diquat Dibromide","P_118","Y","Bald Eagle",62000200,"CLP","Bald Eagle",589.063,589.06,211.86,56.13,20.19,6,12.3246579737651,34.2679127725857
"2017-1154",2022,2023-05-16,2023-05-16,68.93,"Tribune (gal)","Diquat Dibromide","P_119","Y","Bald Eagle",62000200,"CLP","Bald Eagle",589.063,589.06,211.86,56.13,20.19,6,11.7016346299122,32.5356367412442
"2017-1154",2022,2023-05-16,2023-05-16,68.93,"Tribune (gal)","Diquat Dibromide","P_119","Y","Bald Eagle",62000200,"CLP","Bald Eagle",589.063,589.06,211.86,56.13,20.19,6,11.7016346299122,32.5356367412442
"2017-1154",2022,2023-05-16,2023-05-16,68.93,"Tribune (gal)","Diquat Dibromide","P_119","Y","Bald Eagle",62000200,"CLP","Bald Eagle",589.063,589.06,211.86,56.13,20.19,6,11.7016346299122,32.5356367412442
"2017-1154",2022,2023-05-16,2023-05-16,68.93,"Tribune (gal)","Diquat Dibromide","P_119","Y","Bald Eagle",62000200,"CLP","Bald Eagle",589.063,589.06,211.86,56.13,20.19,6,11.7016346299122,32.5356367412442
"2017-1154",2022,2023-05-16,2023-05-16,68.93,"Tribune (gal)","Diquat Dibromide","P_119","Y","Bald Eagle",62000200,"CLP","Bald Eagle",589.063,589.06,211.86,56.13,20.19,6,11.7016346299122,32.5356367412442
"2017-1154",2022,2023-05-16,2023-05-16,68.93,"Tribune (gal)","Diquat Dibromide","P_119","Y","Bald Eagle",62000200,"CLP","Bald Eagle",589.063,589.06,211.86,56.13,20.19,6,11.7016346299122,32.5356367412442
"2017-1154",2022,2023-05-16,2023-05-16,68.93,"Tribune (gal)","Diquat Dibromide","P_119","Y","Bald Eagle",62000200,"CLP","Bald Eagle",589.063,589.06,211.86,56.13,20.19,6,11.7016346299122,32.5356367412442
"2017-1154",2022,2023-05-16,2023-05-16,68.93,"Tribune (gal)","Diquat Dibromide","P_119","Y","Bald Eagle",62000200,"CLP","Bald Eagle",589.063,589.06,211.86,56.13,20.19,6,11.7016346299122,32.5356367412442
"2017-1154",2022,2023-05-16,2023-05-16,68.93,"Tribune (gal)","Diquat Dibromide","P_119","Y","Bald Eagle",62000200,"CLP","Bald Eagle",589.063,589.06,211.86,56.13,20.19,6,11.7016346299122,32.5356367412442
"2017-1154",2022,2023-05-16,2023-05-16,68.93,"Tribune (gal)","Diquat Dibromide","P_119","Y","Bald Eagle",62000200,"CLP","Bald Eagle",589.063,589.06,211.86,56.13,20.19,6,11.7016346299122,32.5356367412442
"2017-1210",2020,2020-07-16,2020-07-16,3.76,"ProcellaCOR EC (oz)","Florpyrauxifen-benzyl","P_120","Y","Big Marine",82005200,"EWM","Big Marine",1180.442,1180.44,1278.62,69.79,75.59,18.5,0.318524755981234,0.294067041028609
"2017-1210",2022,2022-08-04,2022-08-04,5.18,"ProcellaCOR (oz), Tribune (gal)","Florpyrauxifen-benzyl, Diquat Dibromide","P_121, P_122","Y","Big Marine",82005200,"EWM","Big Marine",1180.442,1180.44,1278.62,69.79,75.59,18.5,0.438818679782658,0.405124274608562
"2017-1210",2022,2022-08-04,2022-08-04,5.18,"ProcellaCOR (oz), Tribune (gal)","Florpyrauxifen-benzyl, Diquat Dibromide","P_121, P_122","Y","Big Marine",82005200,"EWM","Big Marine",1180.442,1180.44,1278.62,69.79,75.59,18.5,0.438818679782658,0.405124274608562
"2017-1297",2021,2021-05-05,2021-05-05,10,"Aquathol K (gal)","Endothall","P_123","Y","Farquar",19002300,"CLP","Farquar",63.581,63.58,63.58,100,100,15,15.7279690473569,15.7282164202579
"2017-1297",2021,2021-05-05,2021-05-05,10,"Aquathol K (gal)","Endothall","P_123","Y","Farquar",19002300,"CLP","Farquar",63.581,63.58,63.58,100,100,15,15.7279690473569,15.7282164202579
"2017-1306",2020,2020-05-11,2020-05-11,24.5,"Aquathol K (gal)","Endothall","P_124","Y","Cedar",66005200,"CLP","Cedar",667.272,667.27,238.02,75.35,26.88,4,3.67166612715654,10.293252667843
"2017-1306",2020,2020-05-11,2020-05-11,24.5,"Aquathol K (gal)","Endothall","P_124","Y","Cedar",66005200,"CLP","Cedar",667.272,667.27,238.02,75.35,26.88,4,3.67166612715654,10.293252667843
"2017-1306",2020,2020-05-11,2020-05-11,24.5,"Aquathol K (gal)","Endothall","P_124","Y","Cedar",66005200,"CLP","Cedar",667.272,667.27,238.02,75.35,26.88,4,3.67166612715654,10.293252667843
"2017-1306",2020,2020-05-11,2020-05-11,24.5,"Aquathol K (gal)","Endothall","P_124","Y","Cedar",66005200,"CLP","Cedar",667.272,667.27,238.02,75.35,26.88,4,3.67166612715654,10.293252667843
"2017-1306",2020,2020-05-11,2020-05-11,24.5,"Aquathol K (gal)","Endothall","P_124","Y","Cedar",66005200,"CLP","Cedar",667.272,667.27,238.02,75.35,26.88,4,3.67166612715654,10.293252667843
"2017-1306",2021,2021-05-12,2021-05-12,18.8,"Aquathol K (gal)","Endothall","P_125","Y","Cedar",66005200,"CLP","Cedar",667.272,667.27,238.02,75.35,26.88,4,2.81744176287931,7.89849592471221
"2017-1306",2021,2021-05-12,2021-05-12,18.8,"Aquathol K (gal)","Endothall","P_125","Y","Cedar",66005200,"CLP","Cedar",667.272,667.27,238.02,75.35,26.88,4,2.81744176287931,7.89849592471221
"2017-1306",2021,2021-05-12,2021-05-12,18.8,"Aquathol K (gal)","Endothall","P_125","Y","Cedar",66005200,"CLP","Cedar",667.272,667.27,238.02,75.35,26.88,4,2.81744176287931,7.89849592471221
"2017-1306",2021,2021-05-12,2021-05-12,18.8,"Aquathol K (gal)","Endothall","P_125","Y","Cedar",66005200,"CLP","Cedar",667.272,667.27,238.02,75.35,26.88,4,2.81744176287931,7.89849592471221
"2017-1306",2022,2022-05-10,2022-05-10,35,"Aquathol K (gal)","Endothall","P_126","Y","Cedar",66005200,"CLP","Cedar",667.272,667.27,238.02,75.35,26.88,4,5.24523732450935,14.7046466683472
"2017-1306",2022,2022-05-10,2022-05-10,35,"Aquathol K (gal)","Endothall","P_126","Y","Cedar",66005200,"CLP","Cedar",667.272,667.27,238.02,75.35,26.88,4,5.24523732450935,14.7046466683472
"2017-1306",2022,2022-05-10,2022-05-10,35,"Aquathol K (gal)","Endothall","P_126","Y","Cedar",66005200,"CLP","Cedar",667.272,667.27,238.02,75.35,26.88,4,5.24523732450935,14.7046466683472
"2017-1306",2023,2023-05-11,2023-05-11,50,"Aquathol K (gal)","Endothall","P_127","Y","Cedar",66005200,"CLP","Cedar",667.272,667.27,238.02,75.35,26.88,4,7.49319617787049,21.0066380976389
"2017-1306",2023,2023-05-11,2023-05-11,50,"Aquathol K (gal)","Endothall","P_127","Y","Cedar",66005200,"CLP","Cedar",667.272,667.27,238.02,75.35,26.88,4,7.49319617787049,21.0066380976389
"2017-1306",2023,2023-05-11,2023-05-11,50,"Aquathol K (gal)","Endothall","P_127","Y","Cedar",66005200,"CLP","Cedar",667.272,667.27,238.02,75.35,26.88,4,7.49319617787049,21.0066380976389
"2017-1306",2023,2023-05-11,2023-05-11,50,"Aquathol K (gal)","Endothall","P_127","Y","Cedar",66005200,"CLP","Cedar",667.272,667.27,238.02,75.35,26.88,4,7.49319617787049,21.0066380976389
"2017-1307",2020,2020-05-06,2020-05-06,5.8,"Aquathol K (gal)","Endothall","P_129","Y","Clear",81001401,"CLP","Clear",563.674,563.67,215.16,86.89,33.16,8,1.02896354985328,2.69566833984012
"2017-1307",2020,2020-05-06,2020-05-06,5.8,"Aquathol K (gal)","Endothall","P_129","Y","Clear",81001401,"CLP","Clear",563.674,563.67,215.16,86.89,33.16,8,1.02896354985328,2.69566833984012
"2017-1307",2020,2020-05-06,2020-05-06,5.8,"Aquathol K (gal)","Endothall","P_129","Y","Clear",81001401,"CLP","Clear",563.674,563.67,215.16,86.89,33.16,8,1.02896354985328,2.69566833984012
"2017-1307",2020,2020-05-06,2020-05-06,24.2,"Aquathol K ()","Endothall","P_128","Y","Clear",81001401,"CLP","Clear",563.674,563.67,215.16,86.89,33.16,8,4.29326170800853,11.2474437627812
"2017-1307",2020,2020-05-06,2020-05-06,24.2,"Aquathol K ()","Endothall","P_128","Y","Clear",81001401,"CLP","Clear",563.674,563.67,215.16,86.89,33.16,8,4.29326170800853,11.2474437627812
"2017-1307",2020,2020-05-06,2020-05-06,24.2,"Aquathol K ()","Endothall","P_128","Y","Clear",81001401,"CLP","Clear",563.674,563.67,215.16,86.89,33.16,8,4.29326170800853,11.2474437627812
"2017-1313",2021,2021-06-28,2021-06-28,24,"Tribune (gal)","Diquat Dibromide","P_130","Y","Melissa",3047500,"FR","Melissa",899.472,899.47,1192.62,48.59,64.43,22,2.66823202945728,2.01237611309554
"2017-1486",2020,2020-08-21,2020-08-21,18.14,"2,4-D Amine (gal)",NA,"P_131","Y","Minnewaska",61013000,"EWM","Minnewaska",3290.836,3290.84,3290.84,40.88,40.88,15,0.551227712350296,0.551227042335695
"2017-1486",2020,2020-08-21,2020-08-21,18.14,"2,4-D Amine (gal)",NA,"P_131","Y","Minnewaska",61013000,"EWM","Minnewaska",3290.836,3290.84,3290.84,40.88,40.88,15,0.551227712350296,0.551227042335695
"2017-1486",2020,2020-08-21,2020-08-21,18.14,"2,4-D Amine (gal)",NA,"P_131","Y","Minnewaska",61013000,"EWM","Minnewaska",3290.836,3290.84,3290.84,40.88,40.88,15,0.551227712350296,0.551227042335695
"2017-1486",2020,2020-08-21,2020-08-21,18.14,"2,4-D Amine (gal)",NA,"P_131","Y","Minnewaska",61013000,"EWM","Minnewaska",3290.836,3290.84,3290.84,40.88,40.88,15,0.551227712350296,0.551227042335695
"2017-1486",2020,2020-08-21,2020-08-21,18.14,"2,4-D Amine (gal)",NA,"P_131","Y","Minnewaska",61013000,"EWM","Minnewaska",3290.836,3290.84,3290.84,40.88,40.88,15,0.551227712350296,0.551227042335695
"2017-1486",2020,2020-08-21,2020-08-21,18.14,"2,4-D Amine (gal)",NA,"P_131","Y","Minnewaska",61013000,"EWM","Minnewaska",3290.836,3290.84,3290.84,40.88,40.88,15,0.551227712350296,0.551227042335695
"2017-1486",2020,2020-08-21,2020-08-21,18.14,"2,4-D Amine (gal)",NA,"P_131","Y","Minnewaska",61013000,"EWM","Minnewaska",3290.836,3290.84,3290.84,40.88,40.88,15,0.551227712350296,0.551227042335695
"2017-1486",2020,2020-08-21,2020-08-21,18.14,"2,4-D Amine (gal)",NA,"P_131","Y","Minnewaska",61013000,"EWM","Minnewaska",3290.836,3290.84,3290.84,40.88,40.88,15,0.551227712350296,0.551227042335695
"2017-1486",2020,2020-08-21,2020-08-21,18.14,"2,4-D Amine (gal)",NA,"P_131","Y","Minnewaska",61013000,"EWM","Minnewaska",3290.836,3290.84,3290.84,40.88,40.88,15,0.551227712350296,0.551227042335695
"2017-1486",2021,2021-07-16,2021-07-16,16.74,"2,4-D Amine (gal)",NA,"P_132","Y","Minnewaska",61013000,"EWM","Minnewaska",3290.836,3290.84,3290.84,40.88,40.88,15,0.508685331022269,0.508684712717726
"2017-1486",2021,2021-07-16,2021-07-16,16.74,"2,4-D Amine (gal)",NA,"P_132","Y","Minnewaska",61013000,"EWM","Minnewaska",3290.836,3290.84,3290.84,40.88,40.88,15,0.508685331022269,0.508684712717726
"2017-1486",2021,2021-07-16,2021-07-16,16.74,"2,4-D Amine (gal)",NA,"P_132","Y","Minnewaska",61013000,"EWM","Minnewaska",3290.836,3290.84,3290.84,40.88,40.88,15,0.508685331022269,0.508684712717726
"2017-1486",2021,2021-07-16,2021-07-16,16.74,"2,4-D Amine (gal)",NA,"P_132","Y","Minnewaska",61013000,"EWM","Minnewaska",3290.836,3290.84,3290.84,40.88,40.88,15,0.508685331022269,0.508684712717726
"2017-1486",2021,2021-07-16,2021-07-16,16.74,"2,4-D Amine (gal)",NA,"P_132","Y","Minnewaska",61013000,"EWM","Minnewaska",3290.836,3290.84,3290.84,40.88,40.88,15,0.508685331022269,0.508684712717726
"2017-1486",2021,2021-07-16,2021-07-16,16.74,"2,4-D Amine (gal)",NA,"P_132","Y","Minnewaska",61013000,"EWM","Minnewaska",3290.836,3290.84,3290.84,40.88,40.88,15,0.508685331022269,0.508684712717726
"2017-1486",2021,2021-07-16,2021-07-16,16.74,"2,4-D Amine (gal)",NA,"P_132","Y","Minnewaska",61013000,"EWM","Minnewaska",3290.836,3290.84,3290.84,40.88,40.88,15,0.508685331022269,0.508684712717726
"2017-1486",2021,2021-07-16,2021-07-16,16.74,"2,4-D Amine (gal)",NA,"P_132","Y","Minnewaska",61013000,"EWM","Minnewaska",3290.836,3290.84,3290.84,40.88,40.88,15,0.508685331022269,0.508684712717726
"2017-1486",2021,2021-07-16,2021-07-16,16.74,"2,4-D Amine (gal)",NA,"P_132","Y","Minnewaska",61013000,"EWM","Minnewaska",3290.836,3290.84,3290.84,40.88,40.88,15,0.508685331022269,0.508684712717726
"2017-1500",2022,2022-06-22,2022-06-22,37.1,"2,4-D Amine (gal)",NA,"P_133","Y","Ballantyne",7005400,"EWM","Ballantyne",328.587,328.59,294.31,88.06,78.88,9,11.2907692635436,12.6057558356835
"2017-1500",2022,2022-06-22,2022-06-22,37.1,"2,4-D Amine (gal)",NA,"P_133","Y","Ballantyne",7005400,"EWM","Ballantyne",328.587,328.59,294.31,88.06,78.88,9,11.2907692635436,12.6057558356835
"2017-1500",2022,2022-06-22,2022-06-22,37.1,"2,4-D Amine (gal)",NA,"P_133","Y","Ballantyne",7005400,"EWM","Ballantyne",328.587,328.59,294.31,88.06,78.88,9,11.2907692635436,12.6057558356835
"2017-1500",2023,2023-06-27,2023-06-27,10.6,"2,4-D Amine (gal)",NA,"P_134","Y","Ballantyne",7005400,"EWM","Ballantyne",328.587,328.59,294.31,88.06,78.88,9,3.22593407529817,3.60164452448099
"2017-1500",2023,2023-06-27,2023-06-27,10.6,"2,4-D Amine (gal)",NA,"P_134","Y","Ballantyne",7005400,"EWM","Ballantyne",328.587,328.59,294.31,88.06,78.88,9,3.22593407529817,3.60164452448099
"2017-1500",2023,2023-06-27,2023-06-27,10.6,"2,4-D Amine (gal)",NA,"P_134","Y","Ballantyne",7005400,"EWM","Ballantyne",328.587,328.59,294.31,88.06,78.88,9,3.22593407529817,3.60164452448099
"2017-1500",2023,2023-06-27,2023-06-27,10.6,"2,4-D Amine (gal)",NA,"P_134","Y","Ballantyne",7005400,"EWM","Ballantyne",328.587,328.59,294.31,88.06,78.88,9,3.22593407529817,3.60164452448099
"2017-1507",2020,2020-05-12,2020-05-12,10.1,"Tribune (gal)","Diquat Dibromide","P_135","Y","Maple",86013400,"CLP","Maple",862,393,393,45.59164733,45.59164733,15,1.17169373549884,2.56997455470738
"2017-1507",2021,2021-05-11,2021-05-11,10.1,"Tribune (gal)","Diquat Dibromide","P_136","Y","Maple",86013400,"CLP","Maple",862,393,393,45.59164733,45.59164733,15,1.17169373549884,2.56997455470738
"2017-1512",2020,2020-07-10,2020-07-10,11,"ProcellaCOR EC (oz)","Florpyrauxifen-benzyl","P_137","Y","Chub",9000800,"EWM","Chub",172.923,172.92,163.52,55.17,52.17,14,6.36121279413381,6.72700587084149
"2017-1512",2021,2021-06-24,2021-06-24,13.2,"ProcellaCOR (oz)","Florpyrauxifen-benzyl","P_138","Y","Chub",9000800,"EWM","Chub",172.923,172.92,163.52,55.17,52.17,14,7.63345535296057,8.07240704500978
"2017-1565",2021,2021-05-17,2021-05-17,16.46,"Tribune (gal)","Diquat Dibromide","P_139","Y","Marion",19002600,"CLP","Marion",417.991,417.99,406.15,79.27,77.02,14,3.93788383003462,4.05268989289671
"2017-1709",2020,2020-05-12,2020-05-12,5.14,"Aquathol K (gal)","Endothall","P_140","Y","Bone",82005400,"CLP","Bone",119.403,119.4,59.26,54.71,27.16,6,4.30474946190632,8.67364157948026
"2017-1709",2020,2020-05-12,2020-05-12,5.14,"Aquathol K (gal)","Endothall","P_140","Y","Bone",82005400,"CLP","Bone",119.403,119.4,59.26,54.71,27.16,6,4.30474946190632,8.67364157948026
"2017-1709",2021,2021-05-26,2021-05-26,4.38,"Aquathol K (gal)","Endothall","P_141","Y","Bone",82005400,"CLP","Bone",119.403,119.4,59.26,54.71,27.16,6,3.66824954146881,7.39115761052987
"2017-1709",2021,2021-05-26,2021-05-26,4.38,"Aquathol K (gal)","Endothall","P_141","Y","Bone",82005400,"CLP","Bone",119.403,119.4,59.26,54.71,27.16,6,3.66824954146881,7.39115761052987
"2017-1779",2023,2023-05-30,2023-05-30,42.6,"Aquathol K (gal)","Endothall","P_142","Y","Smith",21001600,"CLP","Smith",363.972,363.97,413.22,54.62,62.02,17,11.7041970261449,10.3092783505155
"2017-1779",2023,2023-05-30,2023-05-30,42.6,"Aquathol K (gal)","Endothall","P_142","Y","Smith",21001600,"CLP","Smith",363.972,363.97,413.22,54.62,62.02,17,11.7041970261449,10.3092783505155
"2017-1779",2023,2023-05-30,2023-05-30,42.6,"Aquathol K (gal)","Endothall","P_142","Y","Smith",21001600,"CLP","Smith",363.972,363.97,413.22,54.62,62.02,17,11.7041970261449,10.3092783505155
"2017-1779",2023,2023-05-30,2023-05-30,42.6,"Aquathol K (gal)","Endothall","P_142","Y","Smith",21001600,"CLP","Smith",363.972,363.97,413.22,54.62,62.02,17,11.7041970261449,10.3092783505155
"2017-1825",2020,2020-05-15,2020-05-15,58.74,"Aquathol K (gal)","Endothall","P_143","Y","Tetonka",40003100,"CLP","Tetonka",551.224,551.22,421.08,40.63,31.04,10,10.656284922282,13.9498432601881
"2017-1825",2020,2020-05-15,2020-05-15,58.74,"Aquathol K (gal)","Endothall","P_143","Y","Tetonka",40003100,"CLP","Tetonka",551.224,551.22,421.08,40.63,31.04,10,10.656284922282,13.9498432601881
"2017-1825",2020,2020-05-15,2020-05-15,58.74,"Aquathol K (gal)","Endothall","P_143","Y","Tetonka",40003100,"CLP","Tetonka",551.224,551.22,421.08,40.63,31.04,10,10.656284922282,13.9498432601881
"2017-1825",2020,2020-05-15,2020-05-15,58.74,"Aquathol K (gal)","Endothall","P_143","Y","Tetonka",40003100,"CLP","Tetonka",551.224,551.22,421.08,40.63,31.04,10,10.656284922282,13.9498432601881
"2017-1825",2020,2020-05-15,2020-05-15,58.74,"Aquathol K (gal)","Endothall","P_143","Y","Tetonka",40003100,"CLP","Tetonka",551.224,551.22,421.08,40.63,31.04,10,10.656284922282,13.9498432601881
"2017-1825",2020,2020-05-15,2020-05-15,58.74,"Aquathol K (gal)","Endothall","P_143","Y","Tetonka",40003100,"CLP","Tetonka",551.224,551.22,421.08,40.63,31.04,10,10.656284922282,13.9498432601881
"2017-1825",2020,2020-05-15,2020-05-15,58.74,"Aquathol K (gal)","Endothall","P_143","Y","Tetonka",40003100,"CLP","Tetonka",551.224,551.22,421.08,40.63,31.04,10,10.656284922282,13.9498432601881
"2017-1825",2020,2020-05-15,2020-05-15,58.74,"Aquathol K (gal)","Endothall","P_143","Y","Tetonka",40003100,"CLP","Tetonka",551.224,551.22,421.08,40.63,31.04,10,10.656284922282,13.9498432601881
"2017-1825",2021,2021-05-18,2021-05-18,58.74,"Aquathol K (gal)","Endothall","P_144","Y","Tetonka",40003100,"CLP","Tetonka",551.224,551.22,421.08,40.63,31.04,10,10.656284922282,13.9498432601881
"2017-1825",2021,2021-05-18,2021-05-18,58.74,"Aquathol K (gal)","Endothall","P_144","Y","Tetonka",40003100,"CLP","Tetonka",551.224,551.22,421.08,40.63,31.04,10,10.656284922282,13.9498432601881
"2017-1825",2021,2021-05-18,2021-05-18,58.74,"Aquathol K (gal)","Endothall","P_144","Y","Tetonka",40003100,"CLP","Tetonka",551.224,551.22,421.08,40.63,31.04,10,10.656284922282,13.9498432601881
"2017-1825",2021,2021-05-18,2021-05-18,58.74,"Aquathol K (gal)","Endothall","P_144","Y","Tetonka",40003100,"CLP","Tetonka",551.224,551.22,421.08,40.63,31.04,10,10.656284922282,13.9498432601881
"2017-1825",2021,2021-05-18,2021-05-18,58.74,"Aquathol K (gal)","Endothall","P_144","Y","Tetonka",40003100,"CLP","Tetonka",551.224,551.22,421.08,40.63,31.04,10,10.656284922282,13.9498432601881
"2017-1825",2021,2021-05-18,2021-05-18,58.74,"Aquathol K (gal)","Endothall","P_144","Y","Tetonka",40003100,"CLP","Tetonka",551.224,551.22,421.08,40.63,31.04,10,10.656284922282,13.9498432601881
"2017-1825",2021,2021-05-18,2021-05-18,58.74,"Aquathol K (gal)","Endothall","P_144","Y","Tetonka",40003100,"CLP","Tetonka",551.224,551.22,421.08,40.63,31.04,10,10.656284922282,13.9498432601881
"2017-1825",2021,2021-05-18,2021-05-18,58.74,"Aquathol K (gal)","Endothall","P_144","Y","Tetonka",40003100,"CLP","Tetonka",551.224,551.22,421.08,40.63,31.04,10,10.656284922282,13.9498432601881
"2017-1826",2025,2025-05-05,2025-05-05,5.5,"FlumigardSC (gal)","Flumioxazin","P_145","Y","Grave",18011000,"CLP","Grave",168.57,168.57,100,100,168.57,15,3.26273951474165,5.5
"2017-1881",2020,2020-05-15,2020-05-15,27.3,"Tribune (gal)","Diquat Dibromide","P_146","Y","Minnetonka-Upper Lake",27013305,"CLP","Minnetonka-Upper Lake",1699.304,1699.3,1699.3,37.59,37.59,15,1.60654008935423,1.60654387100571
"2017-1978",2020,2020-09-18,2020-09-18,6.71,"ProcellaCOR EC (oz)","Florpyrauxifen-benzyl","P_147","Y","Jane",82010400,"EWM","Jane",109.706,109.71,125.21,71.25,81.32,22,6.11634732831386,5.35899688523281
"2017-1982",2020,2020-05-29,2020-05-29,6.52,"Tribune (gal)","Diquat Dibromide","P_148","Y","Silver",62000100,"CLP","Silver (East)",71.816,71.82,70.9,98.12,96.86,11,9.07875682299209,9.19605077574048
"2017-1982",2020,2020-05-29,2020-05-29,6.52,"Tribune (gal)","Diquat Dibromide","P_148","Y","Silver",62000100,"CLP","Silver (East)",71.816,71.82,70.9,98.12,96.86,11,9.07875682299209,9.19605077574048
"2017-1982",2020,2020-05-29,2020-05-29,6.52,"Tribune (gal)","Diquat Dibromide","P_148","Y","Silver",62000100,"CLP","Silver (East)",71.816,71.82,70.9,98.12,96.86,11,9.07875682299209,9.19605077574048
"2017-1982",2020,2020-05-29,2020-05-29,6.52,"Tribune (gal)","Diquat Dibromide","P_148","Y","Silver",62000100,"CLP","Silver (East)",71.816,71.82,70.9,98.12,96.86,11,9.07875682299209,9.19605077574048
"2017-1982",2020,2020-05-29,2020-05-29,6.52,"Tribune (gal)","Diquat Dibromide","P_148","Y","Silver",62000100,"CLP","Silver (East)",71.816,71.82,70.9,98.12,96.86,11,9.07875682299209,9.19605077574048
"2017-1985",2020,2020-06-22,2020-06-22,16.415,"2,4-D Amine (gal)",NA,"P_149","Y","Bay",18003400,"EWM","Bay",878.981,878.98,1019.35,37.89,43.94,19,1.86750339313364,1.61033992249963
"2017-1985",2020,2020-06-22,2020-06-22,16.415,"2,4-D Amine (gal)",NA,"P_149","Y","Bay",18003400,"EWM","Bay",878.981,878.98,1019.35,37.89,43.94,19,1.86750339313364,1.61033992249963
"2017-1985",2020,2020-06-22,2020-06-22,16.415,"2,4-D Amine (gal)",NA,"P_149","Y","Bay",18003400,"EWM","Bay",878.981,878.98,1019.35,37.89,43.94,19,1.86750339313364,1.61033992249963
"2017-1985",2020,2020-06-22,2020-06-22,16.415,"2,4-D Amine (gal)",NA,"P_149","Y","Bay",18003400,"EWM","Bay",878.981,878.98,1019.35,37.89,43.94,19,1.86750339313364,1.61033992249963
"2017-1985",2020,2020-06-22,2020-06-22,16.415,"2,4-D Amine (gal)",NA,"P_149","Y","Bay",18003400,"EWM","Bay",878.981,878.98,1019.35,37.89,43.94,19,1.86750339313364,1.61033992249963
"2017-1985",2020,2020-06-22,2020-06-22,16.415,"2,4-D Amine (gal)",NA,"P_149","Y","Bay",18003400,"EWM","Bay",878.981,878.98,1019.35,37.89,43.94,19,1.86750339313364,1.61033992249963
"2017-1985",2020,2020-06-22,2020-06-22,16.415,"2,4-D Amine (gal)",NA,"P_149","Y","Bay",18003400,"EWM","Bay",878.981,878.98,1019.35,37.89,43.94,19,1.86750339313364,1.61033992249963
"2017-1985",2020,2020-06-22,2020-06-22,16.415,"2,4-D Amine (gal)",NA,"P_149","Y","Bay",18003400,"EWM","Bay",878.981,878.98,1019.35,37.89,43.94,19,1.86750339313364,1.61033992249963
"2017-1985",2020,2020-06-22,2020-06-22,16.415,"2,4-D Amine (gal)",NA,"P_149","Y","Bay",18003400,"EWM","Bay",878.981,878.98,1019.35,37.89,43.94,19,1.86750339313364,1.61033992249963
"2017-1985",2020,2020-06-22,2020-06-22,16.415,"2,4-D Amine (gal)",NA,"P_149","Y","Bay",18003400,"EWM","Bay",878.981,878.98,1019.35,37.89,43.94,19,1.86750339313364,1.61033992249963
"2017-1985",2020,2020-06-22,2020-06-22,16.415,"2,4-D Amine (gal)",NA,"P_149","Y","Bay",18003400,"EWM","Bay",878.981,878.98,1019.35,37.89,43.94,19,1.86750339313364,1.61033992249963
"2017-1985",2020,2020-06-22,2020-06-22,16.415,"2,4-D Amine (gal)",NA,"P_149","Y","Bay",18003400,"EWM","Bay",878.981,878.98,1019.35,37.89,43.94,19,1.86750339313364,1.61033992249963
"2017-1985",2020,2020-06-22,2020-06-22,16.415,"2,4-D Amine (gal)",NA,"P_149","Y","Bay",18003400,"EWM","Bay",878.981,878.98,1019.35,37.89,43.94,19,1.86750339313364,1.61033992249963
"2017-1985",2020,2020-06-22,2020-06-22,16.415,"2,4-D Amine (gal)",NA,"P_149","Y","Bay",18003400,"EWM","Bay",878.981,878.98,1019.35,37.89,43.94,19,1.86750339313364,1.61033992249963
"2017-1985",2020,2020-06-22,2020-06-22,16.415,"2,4-D Amine (gal)",NA,"P_149","Y","Bay",18003400,"EWM","Bay",878.981,878.98,1019.35,37.89,43.94,19,1.86750339313364,1.61033992249963
"2017-1985",2020,2020-06-22,2020-06-22,16.415,"2,4-D Amine (gal)",NA,"P_149","Y","Bay",18003400,"EWM","Bay",878.981,878.98,1019.35,37.89,43.94,19,1.86750339313364,1.61033992249963
"2017-1985",2020,2020-06-22,2020-06-22,16.415,"2,4-D Amine (gal)",NA,"P_149","Y","Bay",18003400,"EWM","Bay",878.981,878.98,1019.35,37.89,43.94,19,1.86750339313364,1.61033992249963
"2017-1985",2020,2020-06-22,2020-06-22,16.415,"2,4-D Amine (gal)",NA,"P_149","Y","Bay",18003400,"EWM","Bay",878.981,878.98,1019.35,37.89,43.94,19,1.86750339313364,1.61033992249963
"2017-1985",2020,2020-06-22,2020-06-22,16.415,"2,4-D Amine (gal)",NA,"P_149","Y","Bay",18003400,"EWM","Bay",878.981,878.98,1019.35,37.89,43.94,19,1.86750339313364,1.61033992249963
"2017-1985",2020,2020-06-22,2020-06-22,16.415,"2,4-D Amine (gal)",NA,"P_149","Y","Bay",18003400,"EWM","Bay",878.981,878.98,1019.35,37.89,43.94,19,1.86750339313364,1.61033992249963
"2017-1985",2020,2020-06-22,2020-06-22,16.415,"2,4-D Amine (gal)",NA,"P_149","Y","Bay",18003400,"EWM","Bay",878.981,878.98,1019.35,37.89,43.94,19,1.86750339313364,1.61033992249963
"2017-1985",2020,2020-06-22,2020-06-22,16.415,"2,4-D Amine (gal)",NA,"P_149","Y","Bay",18003400,"EWM","Bay",878.981,878.98,1019.35,37.89,43.94,19,1.86750339313364,1.61033992249963
"2017-1985",2020,2020-06-22,2020-06-22,16.415,"2,4-D Amine (gal)",NA,"P_149","Y","Bay",18003400,"EWM","Bay",878.981,878.98,1019.35,37.89,43.94,19,1.86750339313364,1.61033992249963
"2017-1985",2020,2020-06-22,2020-06-22,16.415,"2,4-D Amine (gal)",NA,"P_149","Y","Bay",18003400,"EWM","Bay",878.981,878.98,1019.35,37.89,43.94,19,1.86750339313364,1.61033992249963
"2017-1985",2020,2020-06-22,2020-06-22,16.415,"2,4-D Amine (gal)",NA,"P_149","Y","Bay",18003400,"EWM","Bay",878.981,878.98,1019.35,37.89,43.94,19,1.86750339313364,1.61033992249963
"2017-1985",2020,2020-06-22,2020-06-22,16.415,"2,4-D Amine (gal)",NA,"P_149","Y","Bay",18003400,"EWM","Bay",878.981,878.98,1019.35,37.89,43.94,19,1.86750339313364,1.61033992249963
"2017-1985",2020,2020-06-22,2020-06-22,16.415,"2,4-D Amine (gal)",NA,"P_149","Y","Bay",18003400,"EWM","Bay",878.981,878.98,1019.35,37.89,43.94,19,1.86750339313364,1.61033992249963
"2017-1985",2020,2020-06-22,2020-06-22,16.415,"2,4-D Amine (gal)",NA,"P_149","Y","Bay",18003400,"EWM","Bay",878.981,878.98,1019.35,37.89,43.94,19,1.86750339313364,1.61033992249963
"2017-1985",2020,2020-06-22,2020-06-22,16.415,"2,4-D Amine (gal)",NA,"P_149","Y","Bay",18003400,"EWM","Bay",878.981,878.98,1019.35,37.89,43.94,19,1.86750339313364,1.61033992249963
"2017-1985",2020,2020-06-22,2020-06-22,16.415,"2,4-D Amine (gal)",NA,"P_149","Y","Bay",18003400,"EWM","Bay",878.981,878.98,1019.35,37.89,43.94,19,1.86750339313364,1.61033992249963
"2017-1985",2020,2020-06-22,2020-06-22,16.415,"2,4-D Amine (gal)",NA,"P_149","Y","Bay",18003400,"EWM","Bay",878.981,878.98,1019.35,37.89,43.94,19,1.86750339313364,1.61033992249963
"2017-1985",2020,2020-06-22,2020-06-22,16.415,"2,4-D Amine (gal)",NA,"P_149","Y","Bay",18003400,"EWM","Bay",878.981,878.98,1019.35,37.89,43.94,19,1.86750339313364,1.61033992249963
"2017-1985",2020,2020-06-22,2020-06-22,16.415,"2,4-D Amine (gal)",NA,"P_149","Y","Bay",18003400,"EWM","Bay",878.981,878.98,1019.35,37.89,43.94,19,1.86750339313364,1.61033992249963
"2017-1985",2020,2020-06-22,2020-06-22,16.415,"2,4-D Amine (gal)",NA,"P_149","Y","Bay",18003400,"EWM","Bay",878.981,878.98,1019.35,37.89,43.94,19,1.86750339313364,1.61033992249963
"2017-1985",2020,2020-06-22,2020-06-22,16.415,"2,4-D Amine (gal)",NA,"P_149","Y","Bay",18003400,"EWM","Bay",878.981,878.98,1019.35,37.89,43.94,19,1.86750339313364,1.61033992249963
"2017-1985",2020,2020-06-22,2020-06-22,16.415,"2,4-D Amine (gal)",NA,"P_149","Y","Bay",18003400,"EWM","Bay",878.981,878.98,1019.35,37.89,43.94,19,1.86750339313364,1.61033992249963
"2017-1985",2020,2020-06-22,2020-06-22,16.415,"2,4-D Amine (gal)",NA,"P_149","Y","Bay",18003400,"EWM","Bay",878.981,878.98,1019.35,37.89,43.94,19,1.86750339313364,1.61033992249963
"2017-1985",2020,2020-06-22,2020-06-22,16.415,"2,4-D Amine (gal)",NA,"P_149","Y","Bay",18003400,"EWM","Bay",878.981,878.98,1019.35,37.89,43.94,19,1.86750339313364,1.61033992249963
"2017-1985",2020,2020-06-22,2020-06-22,16.415,"2,4-D Amine (gal)",NA,"P_149","Y","Bay",18003400,"EWM","Bay",878.981,878.98,1019.35,37.89,43.94,19,1.86750339313364,1.61033992249963
"2017-1985",2020,2020-06-22,2020-06-22,16.415,"2,4-D Amine (gal)",NA,"P_149","Y","Bay",18003400,"EWM","Bay",878.981,878.98,1019.35,37.89,43.94,19,1.86750339313364,1.61033992249963
"2017-1985",2020,2020-06-22,2020-06-22,16.415,"2,4-D Amine (gal)",NA,"P_149","Y","Bay",18003400,"EWM","Bay",878.981,878.98,1019.35,37.89,43.94,19,1.86750339313364,1.61033992249963
"2017-1985",2020,2020-06-22,2020-06-22,16.415,"2,4-D Amine (gal)",NA,"P_149","Y","Bay",18003400,"EWM","Bay",878.981,878.98,1019.35,37.89,43.94,19,1.86750339313364,1.61033992249963
"2017-1985",2020,2020-06-22,2020-06-22,16.415,"2,4-D Amine (gal)",NA,"P_149","Y","Bay",18003400,"EWM","Bay",878.981,878.98,1019.35,37.89,43.94,19,1.86750339313364,1.61033992249963
"2017-1985",2020,2020-06-22,2020-06-22,16.415,"2,4-D Amine (gal)",NA,"P_149","Y","Bay",18003400,"EWM","Bay",878.981,878.98,1019.35,37.89,43.94,19,1.86750339313364,1.61033992249963
"2017-1985",2020,2020-06-22,2020-06-22,16.415,"2,4-D Amine (gal)",NA,"P_149","Y","Bay",18003400,"EWM","Bay",878.981,878.98,1019.35,37.89,43.94,19,1.86750339313364,1.61033992249963
"2017-1985",2020,2020-06-22,2020-06-22,16.415,"2,4-D Amine (gal)",NA,"P_149","Y","Bay",18003400,"EWM","Bay",878.981,878.98,1019.35,37.89,43.94,19,1.86750339313364,1.61033992249963
"2017-1985",2020,2020-06-22,2020-06-22,16.415,"2,4-D Amine (gal)",NA,"P_149","Y","Bay",18003400,"EWM","Bay",878.981,878.98,1019.35,37.89,43.94,19,1.86750339313364,1.61033992249963
"2017-1985",2020,2020-06-22,2020-06-22,16.415,"2,4-D Amine (gal)",NA,"P_149","Y","Bay",18003400,"EWM","Bay",878.981,878.98,1019.35,37.89,43.94,19,1.86750339313364,1.61033992249963
"2017-1985",2020,2020-06-22,2020-06-22,16.415,"2,4-D Amine (gal)",NA,"P_149","Y","Bay",18003400,"EWM","Bay",878.981,878.98,1019.35,37.89,43.94,19,1.86750339313364,1.61033992249963
"2017-1985",2020,2020-06-22,2020-06-22,16.415,"2,4-D Amine (gal)",NA,"P_149","Y","Bay",18003400,"EWM","Bay",878.981,878.98,1019.35,37.89,43.94,19,1.86750339313364,1.61033992249963
"2017-1985",2020,2020-06-22,2020-06-22,16.415,"2,4-D Amine (gal)",NA,"P_149","Y","Bay",18003400,"EWM","Bay",878.981,878.98,1019.35,37.89,43.94,19,1.86750339313364,1.61033992249963
"2017-1985",2020,2020-06-22,2020-06-22,16.415,"2,4-D Amine (gal)",NA,"P_149","Y","Bay",18003400,"EWM","Bay",878.981,878.98,1019.35,37.89,43.94,19,1.86750339313364,1.61033992249963
"2017-1985",2020,2020-06-22,2020-06-22,16.415,"2,4-D Amine (gal)",NA,"P_149","Y","Bay",18003400,"EWM","Bay",878.981,878.98,1019.35,37.89,43.94,19,1.86750339313364,1.61033992249963
"2017-1985",2020,2020-06-22,2020-06-22,16.415,"2,4-D Amine (gal)",NA,"P_149","Y","Bay",18003400,"EWM","Bay",878.981,878.98,1019.35,37.89,43.94,19,1.86750339313364,1.61033992249963
"2017-1985",2020,2020-06-22,2020-06-22,16.415,"2,4-D Amine (gal)",NA,"P_149","Y","Bay",18003400,"EWM","Bay",878.981,878.98,1019.35,37.89,43.94,19,1.86750339313364,1.61033992249963
"2017-1985",2020,2020-06-22,2020-06-22,16.415,"2,4-D Amine (gal)",NA,"P_149","Y","Bay",18003400,"EWM","Bay",878.981,878.98,1019.35,37.89,43.94,19,1.86750339313364,1.61033992249963
"2017-1985",2020,2020-06-22,2020-06-22,16.415,"2,4-D Amine (gal)",NA,"P_149","Y","Bay",18003400,"EWM","Bay",878.981,878.98,1019.35,37.89,43.94,19,1.86750339313364,1.61033992249963
"2017-1985",2020,2020-06-22,2020-06-22,16.415,"2,4-D Amine (gal)",NA,"P_149","Y","Bay",18003400,"EWM","Bay",878.981,878.98,1019.35,37.89,43.94,19,1.86750339313364,1.61033992249963
"2017-1985",2020,2020-06-22,2020-06-22,16.415,"2,4-D Amine (gal)",NA,"P_149","Y","Bay",18003400,"EWM","Bay",878.981,878.98,1019.35,37.89,43.94,19,1.86750339313364,1.61033992249963
"2017-1985",2020,2020-06-22,2020-06-22,16.415,"2,4-D Amine (gal)",NA,"P_149","Y","Bay",18003400,"EWM","Bay",878.981,878.98,1019.35,37.89,43.94,19,1.86750339313364,1.61033992249963
"2017-1985",2020,2020-06-22,2020-06-22,16.415,"2,4-D Amine (gal)",NA,"P_149","Y","Bay",18003400,"EWM","Bay",878.981,878.98,1019.35,37.89,43.94,19,1.86750339313364,1.61033992249963
"2017-1985",2020,2020-06-22,2020-06-22,16.415,"2,4-D Amine (gal)",NA,"P_149","Y","Bay",18003400,"EWM","Bay",878.981,878.98,1019.35,37.89,43.94,19,1.86750339313364,1.61033992249963
"2017-1985",2020,2020-06-22,2020-06-22,16.415,"2,4-D Amine (gal)",NA,"P_149","Y","Bay",18003400,"EWM","Bay",878.981,878.98,1019.35,37.89,43.94,19,1.86750339313364,1.61033992249963
"2017-1985",2020,2020-06-22,2020-06-22,16.415,"2,4-D Amine (gal)",NA,"P_149","Y","Bay",18003400,"EWM","Bay",878.981,878.98,1019.35,37.89,43.94,19,1.86750339313364,1.61033992249963
"2017-1985",2020,2020-06-22,2020-06-22,16.415,"2,4-D Amine (gal)",NA,"P_149","Y","Bay",18003400,"EWM","Bay",878.981,878.98,1019.35,37.89,43.94,19,1.86750339313364,1.61033992249963
"2017-1985",2020,2020-06-22,2020-06-22,16.415,"2,4-D Amine (gal)",NA,"P_149","Y","Bay",18003400,"EWM","Bay",878.981,878.98,1019.35,37.89,43.94,19,1.86750339313364,1.61033992249963
"2017-1985",2020,2020-06-22,2020-06-22,16.415,"2,4-D Amine (gal)",NA,"P_149","Y","Bay",18003400,"EWM","Bay",878.981,878.98,1019.35,37.89,43.94,19,1.86750339313364,1.61033992249963
"2017-1985",2020,2020-06-22,2020-06-22,16.415,"2,4-D Amine (gal)",NA,"P_149","Y","Bay",18003400,"EWM","Bay",878.981,878.98,1019.35,37.89,43.94,19,1.86750339313364,1.61033992249963
"2017-1985",2020,2020-06-22,2020-06-22,16.415,"2,4-D Amine (gal)",NA,"P_149","Y","Bay",18003400,"EWM","Bay",878.981,878.98,1019.35,37.89,43.94,19,1.86750339313364,1.61033992249963
"2017-1985",2020,2020-06-22,2020-06-22,16.415,"2,4-D Amine (gal)",NA,"P_149","Y","Bay",18003400,"EWM","Bay",878.981,878.98,1019.35,37.89,43.94,19,1.86750339313364,1.61033992249963
"2017-1985",2020,2020-06-22,2020-06-22,16.415,"2,4-D Amine (gal)",NA,"P_149","Y","Bay",18003400,"EWM","Bay",878.981,878.98,1019.35,37.89,43.94,19,1.86750339313364,1.61033992249963
"2017-1985",2020,2020-06-22,2020-06-22,16.415,"2,4-D Amine (gal)",NA,"P_149","Y","Bay",18003400,"EWM","Bay",878.981,878.98,1019.35,37.89,43.94,19,1.86750339313364,1.61033992249963
"2017-1985",2020,2020-06-22,2020-06-22,16.415,"2,4-D Amine (gal)",NA,"P_149","Y","Bay",18003400,"EWM","Bay",878.981,878.98,1019.35,37.89,43.94,19,1.86750339313364,1.61033992249963
"2017-1985",2020,2020-06-22,2020-06-22,16.415,"2,4-D Amine (gal)",NA,"P_149","Y","Bay",18003400,"EWM","Bay",878.981,878.98,1019.35,37.89,43.94,19,1.86750339313364,1.61033992249963
"2017-1985",2020,2020-06-22,2020-06-22,16.415,"2,4-D Amine (gal)",NA,"P_149","Y","Bay",18003400,"EWM","Bay",878.981,878.98,1019.35,37.89,43.94,19,1.86750339313364,1.61033992249963
"2017-1985",2020,2020-06-22,2020-06-22,16.415,"2,4-D Amine (gal)",NA,"P_149","Y","Bay",18003400,"EWM","Bay",878.981,878.98,1019.35,37.89,43.94,19,1.86750339313364,1.61033992249963
"2017-1985",2020,2020-06-22,2020-06-22,16.415,"2,4-D Amine (gal)",NA,"P_149","Y","Bay",18003400,"EWM","Bay",878.981,878.98,1019.35,37.89,43.94,19,1.86750339313364,1.61033992249963
"2017-1985",2020,2020-06-22,2020-06-22,16.415,"2,4-D Amine (gal)",NA,"P_149","Y","Bay",18003400,"EWM","Bay",878.981,878.98,1019.35,37.89,43.94,19,1.86750339313364,1.61033992249963
"2017-1985",2020,2020-06-22,2020-06-22,16.415,"2,4-D Amine (gal)",NA,"P_149","Y","Bay",18003400,"EWM","Bay",878.981,878.98,1019.35,37.89,43.94,19,1.86750339313364,1.61033992249963
"2017-1985",2021,2021-06-22,2021-06-22,7.288,"Platoon (gal)","2,4-D","P_152","Y","Bay",18003400,"EWM","Bay",878.981,878.98,1019.35,37.89,43.94,19,0.829141926844835,0.714965419139648
"2017-1985",2021,2021-06-22,2021-06-22,7.288,"Platoon (gal)","2,4-D","P_152","Y","Bay",18003400,"EWM","Bay",878.981,878.98,1019.35,37.89,43.94,19,0.829141926844835,0.714965419139648
"2017-1985",2021,2021-06-22,2021-06-22,7.288,"Platoon (gal)","2,4-D","P_152","Y","Bay",18003400,"EWM","Bay",878.981,878.98,1019.35,37.89,43.94,19,0.829141926844835,0.714965419139648
"2017-1985",2021,2021-06-22,2021-06-22,7.288,"Platoon (gal)","2,4-D","P_152","Y","Bay",18003400,"EWM","Bay",878.981,878.98,1019.35,37.89,43.94,19,0.829141926844835,0.714965419139648
"2017-1985",2021,2021-06-22,2021-06-22,7.288,"Platoon (gal)","2,4-D","P_152","Y","Bay",18003400,"EWM","Bay",878.981,878.98,1019.35,37.89,43.94,19,0.829141926844835,0.714965419139648
"2017-1985",2021,2021-06-22,2021-06-22,7.288,"Platoon (gal)","2,4-D","P_152","Y","Bay",18003400,"EWM","Bay",878.981,878.98,1019.35,37.89,43.94,19,0.829141926844835,0.714965419139648
"2017-1985",2021,2021-06-22,2021-06-22,7.288,"Platoon (gal)","2,4-D","P_152","Y","Bay",18003400,"EWM","Bay",878.981,878.98,1019.35,37.89,43.94,19,0.829141926844835,0.714965419139648
"2017-1985",2021,2021-06-22,2021-06-22,7.288,"Platoon (gal)","2,4-D","P_152","Y","Bay",18003400,"EWM","Bay",878.981,878.98,1019.35,37.89,43.94,19,0.829141926844835,0.714965419139648
"2017-1985",2021,2021-06-22,2021-06-22,7.288,"Platoon (gal)","2,4-D","P_152","Y","Bay",18003400,"EWM","Bay",878.981,878.98,1019.35,37.89,43.94,19,0.829141926844835,0.714965419139648
"2017-1985",2021,2021-06-22,2021-06-22,7.288,"Platoon (gal)","2,4-D","P_152","Y","Bay",18003400,"EWM","Bay",878.981,878.98,1019.35,37.89,43.94,19,0.829141926844835,0.714965419139648
"2017-1985",2021,2021-06-22,2021-06-22,7.288,"Platoon (gal)","2,4-D","P_152","Y","Bay",18003400,"EWM","Bay",878.981,878.98,1019.35,37.89,43.94,19,0.829141926844835,0.714965419139648
"2017-1985",2021,2021-06-22,2021-06-22,7.288,"Platoon (gal)","2,4-D","P_152","Y","Bay",18003400,"EWM","Bay",878.981,878.98,1019.35,37.89,43.94,19,0.829141926844835,0.714965419139648
"2017-1985",2021,2021-06-22,2021-06-22,7.288,"Platoon (gal)","2,4-D","P_152","Y","Bay",18003400,"EWM","Bay",878.981,878.98,1019.35,37.89,43.94,19,0.829141926844835,0.714965419139648
"2017-1985",2021,2021-06-22,2021-06-22,7.288,"Platoon (gal)","2,4-D","P_152","Y","Bay",18003400,"EWM","Bay",878.981,878.98,1019.35,37.89,43.94,19,0.829141926844835,0.714965419139648
"2017-1985",2021,2021-06-22,2021-06-22,7.288,"Platoon (gal)","2,4-D","P_152","Y","Bay",18003400,"EWM","Bay",878.981,878.98,1019.35,37.89,43.94,19,0.829141926844835,0.714965419139648
"2017-1985",2021,2021-06-22,2021-06-22,7.288,"Platoon (gal)","2,4-D","P_152","Y","Bay",18003400,"EWM","Bay",878.981,878.98,1019.35,37.89,43.94,19,0.829141926844835,0.714965419139648
"2017-1985",2021,2021-06-22,2021-06-22,7.288,"Platoon (gal)","2,4-D","P_152","Y","Bay",18003400,"EWM","Bay",878.981,878.98,1019.35,37.89,43.94,19,0.829141926844835,0.714965419139648
"2017-1985",2021,2021-06-22,2021-06-22,7.288,"Platoon (gal)","2,4-D","P_152","Y","Bay",18003400,"EWM","Bay",878.981,878.98,1019.35,37.89,43.94,19,0.829141926844835,0.714965419139648
"2017-1985",2021,2021-06-22,2021-06-22,7.288,"Platoon (gal)","2,4-D","P_152","Y","Bay",18003400,"EWM","Bay",878.981,878.98,1019.35,37.89,43.94,19,0.829141926844835,0.714965419139648
"2017-1985",2021,2021-06-22,2021-06-22,7.288,"Platoon (gal)","2,4-D","P_152","Y","Bay",18003400,"EWM","Bay",878.981,878.98,1019.35,37.89,43.94,19,0.829141926844835,0.714965419139648
"2017-1985",2021,2021-06-22,2021-06-22,7.288,"Platoon (gal)","2,4-D","P_152","Y","Bay",18003400,"EWM","Bay",878.981,878.98,1019.35,37.89,43.94,19,0.829141926844835,0.714965419139648
"2017-1985",2021,2021-06-22,2021-06-22,7.288,"Platoon (gal)","2,4-D","P_152","Y","Bay",18003400,"EWM","Bay",878.981,878.98,1019.35,37.89,43.94,19,0.829141926844835,0.714965419139648
"2017-1985",2021,2021-06-22,2021-06-22,7.288,"Platoon (gal)","2,4-D","P_152","Y","Bay",18003400,"EWM","Bay",878.981,878.98,1019.35,37.89,43.94,19,0.829141926844835,0.714965419139648
"2017-1985",2021,2021-06-22,2021-06-22,7.288,"Platoon (gal)","2,4-D","P_152","Y","Bay",18003400,"EWM","Bay",878.981,878.98,1019.35,37.89,43.94,19,0.829141926844835,0.714965419139648
"2017-1985",2021,2021-06-22,2021-06-22,7.288,"Platoon (gal)","2,4-D","P_152","Y","Bay",18003400,"EWM","Bay",878.981,878.98,1019.35,37.89,43.94,19,0.829141926844835,0.714965419139648
"2017-1985",2021,2021-06-22,2021-06-22,7.288,"Platoon (gal)","2,4-D","P_152","Y","Bay",18003400,"EWM","Bay",878.981,878.98,1019.35,37.89,43.94,19,0.829141926844835,0.714965419139648
"2017-1985",2021,2021-06-22,2021-06-22,7.288,"Platoon (gal)","2,4-D","P_152","Y","Bay",18003400,"EWM","Bay",878.981,878.98,1019.35,37.89,43.94,19,0.829141926844835,0.714965419139648
"2017-1985",2021,2021-06-22,2021-06-22,7.288,"Platoon (gal)","2,4-D","P_152","Y","Bay",18003400,"EWM","Bay",878.981,878.98,1019.35,37.89,43.94,19,0.829141926844835,0.714965419139648
"2017-1985",2021,2021-06-22,2021-06-22,7.288,"Platoon (gal)","2,4-D","P_152","Y","Bay",18003400,"EWM","Bay",878.981,878.98,1019.35,37.89,43.94,19,0.829141926844835,0.714965419139648
"2017-1985",2021,2021-06-22,2021-06-22,7.288,"Platoon (gal)","2,4-D","P_152","Y","Bay",18003400,"EWM","Bay",878.981,878.98,1019.35,37.89,43.94,19,0.829141926844835,0.714965419139648
"2017-1985",2021,2021-06-22,2021-06-22,7.288,"Platoon (gal)","2,4-D","P_152","Y","Bay",18003400,"EWM","Bay",878.981,878.98,1019.35,37.89,43.94,19,0.829141926844835,0.714965419139648
"2017-1985",2021,2021-06-22,2021-06-22,7.288,"Platoon (gal)","2,4-D","P_152","Y","Bay",18003400,"EWM","Bay",878.981,878.98,1019.35,37.89,43.94,19,0.829141926844835,0.714965419139648
"2017-1985",2021,2021-06-22,2021-06-22,7.288,"Platoon (gal)","2,4-D","P_152","Y","Bay",18003400,"EWM","Bay",878.981,878.98,1019.35,37.89,43.94,19,0.829141926844835,0.714965419139648
"2017-1985",2021,2021-06-22,2021-06-22,7.288,"Platoon (gal)","2,4-D","P_152","Y","Bay",18003400,"EWM","Bay",878.981,878.98,1019.35,37.89,43.94,19,0.829141926844835,0.714965419139648
"2017-1985",2021,2021-06-22,2021-06-22,7.288,"Platoon (gal)","2,4-D","P_152","Y","Bay",18003400,"EWM","Bay",878.981,878.98,1019.35,37.89,43.94,19,0.829141926844835,0.714965419139648
"2017-1985",2021,2021-06-22,2021-06-22,7.288,"Platoon (gal)","2,4-D","P_152","Y","Bay",18003400,"EWM","Bay",878.981,878.98,1019.35,37.89,43.94,19,0.829141926844835,0.714965419139648
"2017-1985",2021,2021-06-22,2021-06-22,7.288,"Platoon (gal)","2,4-D","P_152","Y","Bay",18003400,"EWM","Bay",878.981,878.98,1019.35,37.89,43.94,19,0.829141926844835,0.714965419139648
"2017-1985",2021,2021-06-22,2021-06-22,7.288,"Platoon (gal)","2,4-D","P_152","Y","Bay",18003400,"EWM","Bay",878.981,878.98,1019.35,37.89,43.94,19,0.829141926844835,0.714965419139648
"2017-1985",2021,2021-06-22,2021-06-22,7.288,"Platoon (gal)","2,4-D","P_152","Y","Bay",18003400,"EWM","Bay",878.981,878.98,1019.35,37.89,43.94,19,0.829141926844835,0.714965419139648
"2017-1985",2021,2021-06-22,2021-06-22,7.288,"Platoon (gal)","2,4-D","P_152","Y","Bay",18003400,"EWM","Bay",878.981,878.98,1019.35,37.89,43.94,19,0.829141926844835,0.714965419139648
"2017-1985",2021,2021-06-22,2021-06-22,7.288,"Platoon (gal)","2,4-D","P_152","Y","Bay",18003400,"EWM","Bay",878.981,878.98,1019.35,37.89,43.94,19,0.829141926844835,0.714965419139648
"2017-1985",2021,2021-06-22,2021-06-22,7.288,"Platoon (gal)","2,4-D","P_152","Y","Bay",18003400,"EWM","Bay",878.981,878.98,1019.35,37.89,43.94,19,0.829141926844835,0.714965419139648
"2017-1985",2021,2021-06-22,2021-06-22,7.288,"Platoon (gal)","2,4-D","P_152","Y","Bay",18003400,"EWM","Bay",878.981,878.98,1019.35,37.89,43.94,19,0.829141926844835,0.714965419139648
"2017-1985",2021,2021-06-22,2021-06-22,7.288,"Platoon (gal)","2,4-D","P_152","Y","Bay",18003400,"EWM","Bay",878.981,878.98,1019.35,37.89,43.94,19,0.829141926844835,0.714965419139648
"2017-1985",2021,2021-06-22,2021-06-22,7.288,"Platoon (gal)","2,4-D","P_152","Y","Bay",18003400,"EWM","Bay",878.981,878.98,1019.35,37.89,43.94,19,0.829141926844835,0.714965419139648
"2017-1985",2021,2021-06-22,2021-06-22,7.288,"Platoon (gal)","2,4-D","P_152","Y","Bay",18003400,"EWM","Bay",878.981,878.98,1019.35,37.89,43.94,19,0.829141926844835,0.714965419139648
"2017-1985",2021,2021-06-22,2021-06-22,7.288,"Platoon (gal)","2,4-D","P_152","Y","Bay",18003400,"EWM","Bay",878.981,878.98,1019.35,37.89,43.94,19,0.829141926844835,0.714965419139648
"2017-1985",2021,2021-06-22,2021-06-22,7.288,"Platoon (gal)","2,4-D","P_152","Y","Bay",18003400,"EWM","Bay",878.981,878.98,1019.35,37.89,43.94,19,0.829141926844835,0.714965419139648
"2017-1985",2021,2021-06-22,2021-06-22,7.288,"Platoon (gal)","2,4-D","P_152","Y","Bay",18003400,"EWM","Bay",878.981,878.98,1019.35,37.89,43.94,19,0.829141926844835,0.714965419139648
"2017-1985",2021,2021-06-22,2021-06-22,7.288,"Platoon (gal)","2,4-D","P_152","Y","Bay",18003400,"EWM","Bay",878.981,878.98,1019.35,37.89,43.94,19,0.829141926844835,0.714965419139648
"2017-1985",2021,2021-06-22,2021-06-22,7.288,"Platoon (gal)","2,4-D","P_152","Y","Bay",18003400,"EWM","Bay",878.981,878.98,1019.35,37.89,43.94,19,0.829141926844835,0.714965419139648
"2017-1985",2021,2021-06-22,2021-06-22,7.288,"Platoon (gal)","2,4-D","P_152","Y","Bay",18003400,"EWM","Bay",878.981,878.98,1019.35,37.89,43.94,19,0.829141926844835,0.714965419139648
"2017-1985",2021,2021-06-22,2021-06-22,7.288,"Platoon (gal)","2,4-D","P_152","Y","Bay",18003400,"EWM","Bay",878.981,878.98,1019.35,37.89,43.94,19,0.829141926844835,0.714965419139648
"2017-1985",2021,2021-06-22,2021-06-22,7.288,"Platoon (gal)","2,4-D","P_152","Y","Bay",18003400,"EWM","Bay",878.981,878.98,1019.35,37.89,43.94,19,0.829141926844835,0.714965419139648
"2017-1985",2021,2021-06-22,2021-06-22,7.288,"Platoon (gal)","2,4-D","P_152","Y","Bay",18003400,"EWM","Bay",878.981,878.98,1019.35,37.89,43.94,19,0.829141926844835,0.714965419139648
"2017-1985",2021,2021-06-22,2021-06-22,7.288,"Platoon (gal)","2,4-D","P_152","Y","Bay",18003400,"EWM","Bay",878.981,878.98,1019.35,37.89,43.94,19,0.829141926844835,0.714965419139648
"2017-1985",2021,2021-06-22,2021-06-22,7.288,"Platoon (gal)","2,4-D","P_152","Y","Bay",18003400,"EWM","Bay",878.981,878.98,1019.35,37.89,43.94,19,0.829141926844835,0.714965419139648
"2017-1985",2021,2021-06-22,2021-06-22,7.288,"Platoon (gal)","2,4-D","P_152","Y","Bay",18003400,"EWM","Bay",878.981,878.98,1019.35,37.89,43.94,19,0.829141926844835,0.714965419139648
"2017-1985",2021,2021-06-22,2021-06-22,7.288,"Platoon (gal)","2,4-D","P_152","Y","Bay",18003400,"EWM","Bay",878.981,878.98,1019.35,37.89,43.94,19,0.829141926844835,0.714965419139648
"2017-1985",2021,2021-06-22,2021-06-22,7.288,"Platoon (gal)","2,4-D","P_152","Y","Bay",18003400,"EWM","Bay",878.981,878.98,1019.35,37.89,43.94,19,0.829141926844835,0.714965419139648
"2017-1985",2021,2021-06-22,2021-06-22,7.288,"Platoon (gal)","2,4-D","P_152","Y","Bay",18003400,"EWM","Bay",878.981,878.98,1019.35,37.89,43.94,19,0.829141926844835,0.714965419139648
"2017-1985",2021,2021-06-22,2021-06-22,7.288,"Platoon (gal)","2,4-D","P_152","Y","Bay",18003400,"EWM","Bay",878.981,878.98,1019.35,37.89,43.94,19,0.829141926844835,0.714965419139648
"2017-1985",2021,2021-06-22,2021-06-22,7.288,"Platoon (gal)","2,4-D","P_152","Y","Bay",18003400,"EWM","Bay",878.981,878.98,1019.35,37.89,43.94,19,0.829141926844835,0.714965419139648
"2017-1985",2021,2021-06-22,2021-06-22,7.288,"Platoon (gal)","2,4-D","P_152","Y","Bay",18003400,"EWM","Bay",878.981,878.98,1019.35,37.89,43.94,19,0.829141926844835,0.714965419139648
"2017-1985",2021,2021-06-22,2021-06-22,7.288,"Platoon (gal)","2,4-D","P_152","Y","Bay",18003400,"EWM","Bay",878.981,878.98,1019.35,37.89,43.94,19,0.829141926844835,0.714965419139648
"2017-1985",2021,2021-06-22,2021-06-22,7.288,"Platoon (gal)","2,4-D","P_152","Y","Bay",18003400,"EWM","Bay",878.981,878.98,1019.35,37.89,43.94,19,0.829141926844835,0.714965419139648
"2017-1985",2021,2021-06-22,2021-06-22,7.288,"Platoon (gal)","2,4-D","P_152","Y","Bay",18003400,"EWM","Bay",878.981,878.98,1019.35,37.89,43.94,19,0.829141926844835,0.714965419139648
"2017-1985",2021,2021-06-22,2021-06-22,7.288,"Platoon (gal)","2,4-D","P_152","Y","Bay",18003400,"EWM","Bay",878.981,878.98,1019.35,37.89,43.94,19,0.829141926844835,0.714965419139648
"2017-1985",2021,2021-06-22,2021-06-22,7.288,"Platoon (gal)","2,4-D","P_152","Y","Bay",18003400,"EWM","Bay",878.981,878.98,1019.35,37.89,43.94,19,0.829141926844835,0.714965419139648
"2017-1985",2021,2021-06-22,2021-06-22,7.288,"Platoon (gal)","2,4-D","P_152","Y","Bay",18003400,"EWM","Bay",878.981,878.98,1019.35,37.89,43.94,19,0.829141926844835,0.714965419139648
"2017-1985",2021,2021-06-22,2021-06-22,7.288,"Platoon (gal)","2,4-D","P_152","Y","Bay",18003400,"EWM","Bay",878.981,878.98,1019.35,37.89,43.94,19,0.829141926844835,0.714965419139648
"2017-1985",2021,2021-06-22,2021-06-22,7.288,"Platoon (gal)","2,4-D","P_152","Y","Bay",18003400,"EWM","Bay",878.981,878.98,1019.35,37.89,43.94,19,0.829141926844835,0.714965419139648
"2017-1985",2021,2021-06-22,2021-06-22,7.288,"Platoon (gal)","2,4-D","P_152","Y","Bay",18003400,"EWM","Bay",878.981,878.98,1019.35,37.89,43.94,19,0.829141926844835,0.714965419139648
"2017-1985",2021,2021-06-22,2021-06-22,7.288,"Platoon (gal)","2,4-D","P_152","Y","Bay",18003400,"EWM","Bay",878.981,878.98,1019.35,37.89,43.94,19,0.829141926844835,0.714965419139648
"2017-1985",2021,2021-06-22,2021-06-22,7.288,"Platoon (gal)","2,4-D","P_152","Y","Bay",18003400,"EWM","Bay",878.981,878.98,1019.35,37.89,43.94,19,0.829141926844835,0.714965419139648
"2017-1985",2021,2021-06-22,2021-06-22,7.288,"Platoon (gal)","2,4-D","P_152","Y","Bay",18003400,"EWM","Bay",878.981,878.98,1019.35,37.89,43.94,19,0.829141926844835,0.714965419139648
"2017-1985",2021,2021-06-22,2021-06-22,7.288,"Platoon (gal)","2,4-D","P_152","Y","Bay",18003400,"EWM","Bay",878.981,878.98,1019.35,37.89,43.94,19,0.829141926844835,0.714965419139648
"2017-1985",2021,2021-06-22,2021-06-22,7.288,"Platoon (gal)","2,4-D","P_152","Y","Bay",18003400,"EWM","Bay",878.981,878.98,1019.35,37.89,43.94,19,0.829141926844835,0.714965419139648
"2017-1985",2021,2021-06-22,2021-06-22,7.288,"Platoon (gal)","2,4-D","P_152","Y","Bay",18003400,"EWM","Bay",878.981,878.98,1019.35,37.89,43.94,19,0.829141926844835,0.714965419139648
"2017-1985",2021,2021-06-22,2021-06-22,7.288,"Platoon (gal)","2,4-D","P_152","Y","Bay",18003400,"EWM","Bay",878.981,878.98,1019.35,37.89,43.94,19,0.829141926844835,0.714965419139648
"2017-1985",2021,2021-06-22,2021-06-22,7.288,"Platoon (gal)","2,4-D","P_152","Y","Bay",18003400,"EWM","Bay",878.981,878.98,1019.35,37.89,43.94,19,0.829141926844835,0.714965419139648
"2017-1985",2021,2021-06-22,2021-06-22,7.288,"Platoon (gal)","2,4-D","P_152","Y","Bay",18003400,"EWM","Bay",878.981,878.98,1019.35,37.89,43.94,19,0.829141926844835,0.714965419139648
"2017-1985",2021,2021-06-22,2021-06-22,7.288,"Platoon (gal)","2,4-D","P_152","Y","Bay",18003400,"EWM","Bay",878.981,878.98,1019.35,37.89,43.94,19,0.829141926844835,0.714965419139648
"2017-1985",2021,2021-06-22,2021-06-22,7.288,"Platoon (gal)","2,4-D","P_152","Y","Bay",18003400,"EWM","Bay",878.981,878.98,1019.35,37.89,43.94,19,0.829141926844835,0.714965419139648
"2017-1985",2021,2021-06-22,2021-06-22,7.288,"Platoon (gal)","2,4-D","P_152","Y","Bay",18003400,"EWM","Bay",878.981,878.98,1019.35,37.89,43.94,19,0.829141926844835,0.714965419139648
"2017-1985",2021,2021-06-22,2021-06-22,7.288,"Platoon (gal)","2,4-D","P_152","Y","Bay",18003400,"EWM","Bay",878.981,878.98,1019.35,37.89,43.94,19,0.829141926844835,0.714965419139648
"2017-1985",2021,2021-06-22,2021-06-22,7.288,"Platoon (gal)","2,4-D","P_152","Y","Bay",18003400,"EWM","Bay",878.981,878.98,1019.35,37.89,43.94,19,0.829141926844835,0.714965419139648
"2017-1985",2021,2021-06-22,2021-06-22,7.288,"Platoon (gal)","2,4-D","P_152","Y","Bay",18003400,"EWM","Bay",878.981,878.98,1019.35,37.89,43.94,19,0.829141926844835,0.714965419139648
"2017-1985",2021,2021-06-22,2021-06-22,7.288,"Platoon (gal)","2,4-D","P_152","Y","Bay",18003400,"EWM","Bay",878.981,878.98,1019.35,37.89,43.94,19,0.829141926844835,0.714965419139648
"2017-1985",2021,2021-06-22,2021-06-22,7.288,"Platoon (gal)","2,4-D","P_152","Y","Bay",18003400,"EWM","Bay",878.981,878.98,1019.35,37.89,43.94,19,0.829141926844835,0.714965419139648
"2017-1985",2021,2021-06-22,2021-06-22,7.288,"Platoon (gal)","2,4-D","P_152","Y","Bay",18003400,"EWM","Bay",878.981,878.98,1019.35,37.89,43.94,19,0.829141926844835,0.714965419139648
"2017-1985",2021,2021-06-22,2021-06-22,7.288,"Platoon (gal)","2,4-D","P_152","Y","Bay",18003400,"EWM","Bay",878.981,878.98,1019.35,37.89,43.94,19,0.829141926844835,0.714965419139648
"2017-1985",2021,2021-10-11,2021-10-11,6.5,"Dibrox (gal)","Diquat Dibromide","P_151","Y","Bay",18003400,"EWM","Bay",878.981,878.98,1019.35,37.89,43.94,19,0.739492662526266,0.637661254721146
"2017-1985",2021,2021-10-11,2021-10-11,6.5,"Dibrox (gal)","Diquat Dibromide","P_151","Y","Bay",18003400,"EWM","Bay",878.981,878.98,1019.35,37.89,43.94,19,0.739492662526266,0.637661254721146
"2017-1985",2021,2021-10-11,2021-10-11,6.5,"Dibrox (gal)","Diquat Dibromide","P_151","Y","Bay",18003400,"EWM","Bay",878.981,878.98,1019.35,37.89,43.94,19,0.739492662526266,0.637661254721146
"2017-1985",2021,2021-10-11,2021-10-11,6.5,"Dibrox (gal)","Diquat Dibromide","P_151","Y","Bay",18003400,"EWM","Bay",878.981,878.98,1019.35,37.89,43.94,19,0.739492662526266,0.637661254721146
"2017-1985",2021,2021-10-11,2021-10-11,6.5,"Dibrox (gal)","Diquat Dibromide","P_151","Y","Bay",18003400,"EWM","Bay",878.981,878.98,1019.35,37.89,43.94,19,0.739492662526266,0.637661254721146
"2017-1985",2021,2021-10-11,2021-10-11,6.5,"Dibrox (gal)","Diquat Dibromide","P_151","Y","Bay",18003400,"EWM","Bay",878.981,878.98,1019.35,37.89,43.94,19,0.739492662526266,0.637661254721146
"2017-1985",2021,2021-10-11,2021-10-11,6.5,"Dibrox (gal)","Diquat Dibromide","P_151","Y","Bay",18003400,"EWM","Bay",878.981,878.98,1019.35,37.89,43.94,19,0.739492662526266,0.637661254721146
"2017-1985",2021,2021-10-11,2021-10-11,6.5,"Dibrox (gal)","Diquat Dibromide","P_151","Y","Bay",18003400,"EWM","Bay",878.981,878.98,1019.35,37.89,43.94,19,0.739492662526266,0.637661254721146
"2017-1985",2021,2021-10-11,2021-10-11,6.5,"Dibrox (gal)","Diquat Dibromide","P_151","Y","Bay",18003400,"EWM","Bay",878.981,878.98,1019.35,37.89,43.94,19,0.739492662526266,0.637661254721146
"2017-1985",2021,2021-10-11,2021-10-11,6.5,"Dibrox (gal)","Diquat Dibromide","P_151","Y","Bay",18003400,"EWM","Bay",878.981,878.98,1019.35,37.89,43.94,19,0.739492662526266,0.637661254721146
"2017-1985",2021,2021-10-11,2021-10-11,6.5,"Dibrox (gal)","Diquat Dibromide","P_151","Y","Bay",18003400,"EWM","Bay",878.981,878.98,1019.35,37.89,43.94,19,0.739492662526266,0.637661254721146
"2017-1985",2021,2021-10-11,2021-10-11,6.5,"Dibrox (gal)","Diquat Dibromide","P_151","Y","Bay",18003400,"EWM","Bay",878.981,878.98,1019.35,37.89,43.94,19,0.739492662526266,0.637661254721146
"2017-1985",2021,2021-10-11,2021-10-11,6.5,"Dibrox (gal)","Diquat Dibromide","P_151","Y","Bay",18003400,"EWM","Bay",878.981,878.98,1019.35,37.89,43.94,19,0.739492662526266,0.637661254721146
"2017-1985",2021,2021-10-11,2021-10-11,6.5,"Dibrox (gal)","Diquat Dibromide","P_151","Y","Bay",18003400,"EWM","Bay",878.981,878.98,1019.35,37.89,43.94,19,0.739492662526266,0.637661254721146
"2017-1985",2021,2021-10-11,2021-10-11,6.5,"Dibrox (gal)","Diquat Dibromide","P_151","Y","Bay",18003400,"EWM","Bay",878.981,878.98,1019.35,37.89,43.94,19,0.739492662526266,0.637661254721146
"2017-1985",2021,2021-10-11,2021-10-11,6.5,"Dibrox (gal)","Diquat Dibromide","P_151","Y","Bay",18003400,"EWM","Bay",878.981,878.98,1019.35,37.89,43.94,19,0.739492662526266,0.637661254721146
"2017-1985",2021,2021-10-11,2021-10-11,6.5,"Dibrox (gal)","Diquat Dibromide","P_151","Y","Bay",18003400,"EWM","Bay",878.981,878.98,1019.35,37.89,43.94,19,0.739492662526266,0.637661254721146
"2017-1985",2021,2021-10-11,2021-10-11,6.5,"Dibrox (gal)","Diquat Dibromide","P_151","Y","Bay",18003400,"EWM","Bay",878.981,878.98,1019.35,37.89,43.94,19,0.739492662526266,0.637661254721146
"2017-1985",2021,2021-10-11,2021-10-11,6.5,"Dibrox (gal)","Diquat Dibromide","P_151","Y","Bay",18003400,"EWM","Bay",878.981,878.98,1019.35,37.89,43.94,19,0.739492662526266,0.637661254721146
"2017-1985",2021,2021-10-11,2021-10-11,6.5,"Dibrox (gal)","Diquat Dibromide","P_151","Y","Bay",18003400,"EWM","Bay",878.981,878.98,1019.35,37.89,43.94,19,0.739492662526266,0.637661254721146
"2017-1985",2021,2021-10-11,2021-10-11,6.5,"Dibrox (gal)","Diquat Dibromide","P_151","Y","Bay",18003400,"EWM","Bay",878.981,878.98,1019.35,37.89,43.94,19,0.739492662526266,0.637661254721146
"2017-1985",2021,2021-10-11,2021-10-11,6.5,"Dibrox (gal)","Diquat Dibromide","P_151","Y","Bay",18003400,"EWM","Bay",878.981,878.98,1019.35,37.89,43.94,19,0.739492662526266,0.637661254721146
"2017-1985",2021,2021-10-11,2021-10-11,6.5,"Dibrox (gal)","Diquat Dibromide","P_151","Y","Bay",18003400,"EWM","Bay",878.981,878.98,1019.35,37.89,43.94,19,0.739492662526266,0.637661254721146
"2017-1985",2021,2021-10-11,2021-10-11,6.5,"Dibrox (gal)","Diquat Dibromide","P_151","Y","Bay",18003400,"EWM","Bay",878.981,878.98,1019.35,37.89,43.94,19,0.739492662526266,0.637661254721146
"2017-1985",2021,2021-10-11,2021-10-11,6.5,"Dibrox (gal)","Diquat Dibromide","P_151","Y","Bay",18003400,"EWM","Bay",878.981,878.98,1019.35,37.89,43.94,19,0.739492662526266,0.637661254721146
"2017-1985",2021,2021-10-11,2021-10-11,6.5,"Dibrox (gal)","Diquat Dibromide","P_151","Y","Bay",18003400,"EWM","Bay",878.981,878.98,1019.35,37.89,43.94,19,0.739492662526266,0.637661254721146
"2017-1985",2021,2021-10-11,2021-10-11,6.5,"Dibrox (gal)","Diquat Dibromide","P_151","Y","Bay",18003400,"EWM","Bay",878.981,878.98,1019.35,37.89,43.94,19,0.739492662526266,0.637661254721146
"2017-1985",2021,2021-10-11,2021-10-11,6.5,"Dibrox (gal)","Diquat Dibromide","P_151","Y","Bay",18003400,"EWM","Bay",878.981,878.98,1019.35,37.89,43.94,19,0.739492662526266,0.637661254721146
"2017-1985",2021,2021-10-11,2021-10-11,6.5,"Dibrox (gal)","Diquat Dibromide","P_151","Y","Bay",18003400,"EWM","Bay",878.981,878.98,1019.35,37.89,43.94,19,0.739492662526266,0.637661254721146
"2017-1985",2021,2021-10-11,2021-10-11,6.5,"Dibrox (gal)","Diquat Dibromide","P_151","Y","Bay",18003400,"EWM","Bay",878.981,878.98,1019.35,37.89,43.94,19,0.739492662526266,0.637661254721146
"2017-1985",2021,2021-10-11,2021-10-11,6.5,"Dibrox (gal)","Diquat Dibromide","P_151","Y","Bay",18003400,"EWM","Bay",878.981,878.98,1019.35,37.89,43.94,19,0.739492662526266,0.637661254721146
"2017-1985",2021,2021-10-11,2021-10-11,6.5,"Dibrox (gal)","Diquat Dibromide","P_151","Y","Bay",18003400,"EWM","Bay",878.981,878.98,1019.35,37.89,43.94,19,0.739492662526266,0.637661254721146
"2017-1985",2021,2021-10-11,2021-10-11,6.5,"Dibrox (gal)","Diquat Dibromide","P_151","Y","Bay",18003400,"EWM","Bay",878.981,878.98,1019.35,37.89,43.94,19,0.739492662526266,0.637661254721146
"2017-1985",2021,2021-10-11,2021-10-11,6.5,"Dibrox (gal)","Diquat Dibromide","P_151","Y","Bay",18003400,"EWM","Bay",878.981,878.98,1019.35,37.89,43.94,19,0.739492662526266,0.637661254721146
"2017-1985",2021,2021-10-11,2021-10-11,6.5,"Dibrox (gal)","Diquat Dibromide","P_151","Y","Bay",18003400,"EWM","Bay",878.981,878.98,1019.35,37.89,43.94,19,0.739492662526266,0.637661254721146
"2017-1985",2021,2021-10-11,2021-10-11,6.5,"Dibrox (gal)","Diquat Dibromide","P_151","Y","Bay",18003400,"EWM","Bay",878.981,878.98,1019.35,37.89,43.94,19,0.739492662526266,0.637661254721146
"2017-1985",2021,2021-10-11,2021-10-11,6.5,"Dibrox (gal)","Diquat Dibromide","P_151","Y","Bay",18003400,"EWM","Bay",878.981,878.98,1019.35,37.89,43.94,19,0.739492662526266,0.637661254721146
"2017-1985",2021,2021-10-11,2021-10-11,6.5,"Dibrox (gal)","Diquat Dibromide","P_151","Y","Bay",18003400,"EWM","Bay",878.981,878.98,1019.35,37.89,43.94,19,0.739492662526266,0.637661254721146
"2017-1985",2021,2021-10-11,2021-10-11,6.5,"Dibrox (gal)","Diquat Dibromide","P_151","Y","Bay",18003400,"EWM","Bay",878.981,878.98,1019.35,37.89,43.94,19,0.739492662526266,0.637661254721146
"2017-1985",2021,2021-10-11,2021-10-11,6.5,"Dibrox (gal)","Diquat Dibromide","P_151","Y","Bay",18003400,"EWM","Bay",878.981,878.98,1019.35,37.89,43.94,19,0.739492662526266,0.637661254721146
"2017-1985",2021,2021-10-11,2021-10-11,6.5,"Dibrox (gal)","Diquat Dibromide","P_151","Y","Bay",18003400,"EWM","Bay",878.981,878.98,1019.35,37.89,43.94,19,0.739492662526266,0.637661254721146
"2017-1985",2021,2021-10-11,2021-10-11,6.5,"Dibrox (gal)","Diquat Dibromide","P_151","Y","Bay",18003400,"EWM","Bay",878.981,878.98,1019.35,37.89,43.94,19,0.739492662526266,0.637661254721146
"2017-1985",2021,2021-10-11,2021-10-11,6.5,"Dibrox (gal)","Diquat Dibromide","P_151","Y","Bay",18003400,"EWM","Bay",878.981,878.98,1019.35,37.89,43.94,19,0.739492662526266,0.637661254721146
"2017-1985",2021,2021-10-11,2021-10-11,6.5,"Dibrox (gal)","Diquat Dibromide","P_151","Y","Bay",18003400,"EWM","Bay",878.981,878.98,1019.35,37.89,43.94,19,0.739492662526266,0.637661254721146
"2017-1985",2021,2021-10-11,2021-10-11,6.5,"Dibrox (gal)","Diquat Dibromide","P_151","Y","Bay",18003400,"EWM","Bay",878.981,878.98,1019.35,37.89,43.94,19,0.739492662526266,0.637661254721146
"2017-1985",2021,2021-10-11,2021-10-11,6.5,"Dibrox (gal)","Diquat Dibromide","P_151","Y","Bay",18003400,"EWM","Bay",878.981,878.98,1019.35,37.89,43.94,19,0.739492662526266,0.637661254721146
"2017-1985",2021,2021-10-11,2021-10-11,6.5,"Dibrox (gal)","Diquat Dibromide","P_151","Y","Bay",18003400,"EWM","Bay",878.981,878.98,1019.35,37.89,43.94,19,0.739492662526266,0.637661254721146
"2017-1985",2021,2021-10-11,2021-10-11,6.5,"Dibrox (gal)","Diquat Dibromide","P_151","Y","Bay",18003400,"EWM","Bay",878.981,878.98,1019.35,37.89,43.94,19,0.739492662526266,0.637661254721146
"2017-1985",2021,2021-10-11,2021-10-11,6.5,"Dibrox (gal)","Diquat Dibromide","P_151","Y","Bay",18003400,"EWM","Bay",878.981,878.98,1019.35,37.89,43.94,19,0.739492662526266,0.637661254721146
"2017-1985",2021,2021-10-11,2021-10-11,6.5,"Dibrox (gal)","Diquat Dibromide","P_151","Y","Bay",18003400,"EWM","Bay",878.981,878.98,1019.35,37.89,43.94,19,0.739492662526266,0.637661254721146
"2017-1985",2021,2021-10-11,2021-10-11,6.5,"Dibrox (gal)","Diquat Dibromide","P_151","Y","Bay",18003400,"EWM","Bay",878.981,878.98,1019.35,37.89,43.94,19,0.739492662526266,0.637661254721146
"2017-1985",2021,2021-10-11,2021-10-11,6.5,"Dibrox (gal)","Diquat Dibromide","P_151","Y","Bay",18003400,"EWM","Bay",878.981,878.98,1019.35,37.89,43.94,19,0.739492662526266,0.637661254721146
"2017-1985",2021,2021-10-11,2021-10-11,6.5,"Dibrox (gal)","Diquat Dibromide","P_151","Y","Bay",18003400,"EWM","Bay",878.981,878.98,1019.35,37.89,43.94,19,0.739492662526266,0.637661254721146
"2017-1985",2021,2021-10-11,2021-10-11,6.5,"Dibrox (gal)","Diquat Dibromide","P_151","Y","Bay",18003400,"EWM","Bay",878.981,878.98,1019.35,37.89,43.94,19,0.739492662526266,0.637661254721146
"2017-1985",2021,2021-10-11,2021-10-11,6.5,"Dibrox (gal)","Diquat Dibromide","P_151","Y","Bay",18003400,"EWM","Bay",878.981,878.98,1019.35,37.89,43.94,19,0.739492662526266,0.637661254721146
"2017-1985",2021,2021-10-11,2021-10-11,6.5,"Dibrox (gal)","Diquat Dibromide","P_151","Y","Bay",18003400,"EWM","Bay",878.981,878.98,1019.35,37.89,43.94,19,0.739492662526266,0.637661254721146
"2017-1985",2021,2021-10-11,2021-10-11,6.5,"Dibrox (gal)","Diquat Dibromide","P_151","Y","Bay",18003400,"EWM","Bay",878.981,878.98,1019.35,37.89,43.94,19,0.739492662526266,0.637661254721146
"2017-1985",2021,2021-10-11,2021-10-11,6.5,"Dibrox (gal)","Diquat Dibromide","P_151","Y","Bay",18003400,"EWM","Bay",878.981,878.98,1019.35,37.89,43.94,19,0.739492662526266,0.637661254721146
"2017-1985",2021,2021-10-11,2021-10-11,6.5,"Dibrox (gal)","Diquat Dibromide","P_151","Y","Bay",18003400,"EWM","Bay",878.981,878.98,1019.35,37.89,43.94,19,0.739492662526266,0.637661254721146
"2017-1985",2021,2021-10-11,2021-10-11,6.5,"Dibrox (gal)","Diquat Dibromide","P_151","Y","Bay",18003400,"EWM","Bay",878.981,878.98,1019.35,37.89,43.94,19,0.739492662526266,0.637661254721146
"2017-1985",2021,2021-10-11,2021-10-11,6.5,"Dibrox (gal)","Diquat Dibromide","P_151","Y","Bay",18003400,"EWM","Bay",878.981,878.98,1019.35,37.89,43.94,19,0.739492662526266,0.637661254721146
"2017-1985",2021,2021-10-11,2021-10-11,6.5,"Dibrox (gal)","Diquat Dibromide","P_151","Y","Bay",18003400,"EWM","Bay",878.981,878.98,1019.35,37.89,43.94,19,0.739492662526266,0.637661254721146
"2017-1985",2021,2021-10-11,2021-10-11,6.5,"Dibrox (gal)","Diquat Dibromide","P_151","Y","Bay",18003400,"EWM","Bay",878.981,878.98,1019.35,37.89,43.94,19,0.739492662526266,0.637661254721146
"2017-1985",2021,2021-10-11,2021-10-11,6.5,"Dibrox (gal)","Diquat Dibromide","P_151","Y","Bay",18003400,"EWM","Bay",878.981,878.98,1019.35,37.89,43.94,19,0.739492662526266,0.637661254721146
"2017-1985",2021,2021-10-11,2021-10-11,6.5,"Dibrox (gal)","Diquat Dibromide","P_151","Y","Bay",18003400,"EWM","Bay",878.981,878.98,1019.35,37.89,43.94,19,0.739492662526266,0.637661254721146
"2017-1985",2021,2021-10-11,2021-10-11,6.5,"Dibrox (gal)","Diquat Dibromide","P_151","Y","Bay",18003400,"EWM","Bay",878.981,878.98,1019.35,37.89,43.94,19,0.739492662526266,0.637661254721146
"2017-1985",2021,2021-10-11,2021-10-11,6.5,"Dibrox (gal)","Diquat Dibromide","P_151","Y","Bay",18003400,"EWM","Bay",878.981,878.98,1019.35,37.89,43.94,19,0.739492662526266,0.637661254721146
"2017-1985",2021,2021-10-11,2021-10-11,6.5,"Dibrox (gal)","Diquat Dibromide","P_151","Y","Bay",18003400,"EWM","Bay",878.981,878.98,1019.35,37.89,43.94,19,0.739492662526266,0.637661254721146
"2017-1985",2021,2021-10-11,2021-10-11,6.5,"Dibrox (gal)","Diquat Dibromide","P_151","Y","Bay",18003400,"EWM","Bay",878.981,878.98,1019.35,37.89,43.94,19,0.739492662526266,0.637661254721146
"2017-1985",2021,2021-10-11,2021-10-11,6.5,"Dibrox (gal)","Diquat Dibromide","P_151","Y","Bay",18003400,"EWM","Bay",878.981,878.98,1019.35,37.89,43.94,19,0.739492662526266,0.637661254721146
"2017-1985",2021,2021-10-11,2021-10-11,6.5,"Dibrox (gal)","Diquat Dibromide","P_151","Y","Bay",18003400,"EWM","Bay",878.981,878.98,1019.35,37.89,43.94,19,0.739492662526266,0.637661254721146
"2017-1985",2021,2021-10-11,2021-10-11,6.5,"Dibrox (gal)","Diquat Dibromide","P_151","Y","Bay",18003400,"EWM","Bay",878.981,878.98,1019.35,37.89,43.94,19,0.739492662526266,0.637661254721146
"2017-1985",2021,2021-10-11,2021-10-11,6.5,"Dibrox (gal)","Diquat Dibromide","P_151","Y","Bay",18003400,"EWM","Bay",878.981,878.98,1019.35,37.89,43.94,19,0.739492662526266,0.637661254721146
"2017-1985",2021,2021-10-11,2021-10-11,6.5,"Dibrox (gal)","Diquat Dibromide","P_151","Y","Bay",18003400,"EWM","Bay",878.981,878.98,1019.35,37.89,43.94,19,0.739492662526266,0.637661254721146
"2017-1985",2021,2021-10-11,2021-10-11,6.5,"Dibrox (gal)","Diquat Dibromide","P_151","Y","Bay",18003400,"EWM","Bay",878.981,878.98,1019.35,37.89,43.94,19,0.739492662526266,0.637661254721146
"2017-1985",2021,2021-10-11,2021-10-11,6.5,"Dibrox (gal)","Diquat Dibromide","P_151","Y","Bay",18003400,"EWM","Bay",878.981,878.98,1019.35,37.89,43.94,19,0.739492662526266,0.637661254721146
"2017-1985",2021,2021-10-11,2021-10-11,6.5,"Dibrox (gal)","Diquat Dibromide","P_151","Y","Bay",18003400,"EWM","Bay",878.981,878.98,1019.35,37.89,43.94,19,0.739492662526266,0.637661254721146
"2017-1985",2021,2021-10-11,2021-10-11,6.5,"Dibrox (gal)","Diquat Dibromide","P_151","Y","Bay",18003400,"EWM","Bay",878.981,878.98,1019.35,37.89,43.94,19,0.739492662526266,0.637661254721146
"2017-1985",2021,2021-10-11,2021-10-11,6.5,"Dibrox (gal)","Diquat Dibromide","P_151","Y","Bay",18003400,"EWM","Bay",878.981,878.98,1019.35,37.89,43.94,19,0.739492662526266,0.637661254721146
"2017-1985",2021,2021-10-11,2021-10-11,6.5,"Dibrox (gal)","Diquat Dibromide","P_151","Y","Bay",18003400,"EWM","Bay",878.981,878.98,1019.35,37.89,43.94,19,0.739492662526266,0.637661254721146
"2017-1985",2021,2021-10-11,2021-10-11,6.5,"Dibrox (gal)","Diquat Dibromide","P_151","Y","Bay",18003400,"EWM","Bay",878.981,878.98,1019.35,37.89,43.94,19,0.739492662526266,0.637661254721146
"2017-1985",2021,2021-10-11,2021-10-11,6.5,"Dibrox (gal)","Diquat Dibromide","P_151","Y","Bay",18003400,"EWM","Bay",878.981,878.98,1019.35,37.89,43.94,19,0.739492662526266,0.637661254721146
"2017-1985",2021,2021-10-11,2021-10-11,6.5,"Dibrox (gal)","Diquat Dibromide","P_151","Y","Bay",18003400,"EWM","Bay",878.981,878.98,1019.35,37.89,43.94,19,0.739492662526266,0.637661254721146
"2017-1985",2021,2021-10-11,2021-10-11,6.5,"Dibrox (gal)","Diquat Dibromide","P_151","Y","Bay",18003400,"EWM","Bay",878.981,878.98,1019.35,37.89,43.94,19,0.739492662526266,0.637661254721146
"2017-1985",2021,2021-10-11,2021-10-11,6.5,"Dibrox (gal)","Diquat Dibromide","P_151","Y","Bay",18003400,"EWM","Bay",878.981,878.98,1019.35,37.89,43.94,19,0.739492662526266,0.637661254721146
"2017-1985",2021,2021-10-11,2021-10-11,6.5,"Dibrox (gal)","Diquat Dibromide","P_151","Y","Bay",18003400,"EWM","Bay",878.981,878.98,1019.35,37.89,43.94,19,0.739492662526266,0.637661254721146
"2017-1985",2021,2021-10-11,2021-10-11,6.5,"Dibrox (gal)","Diquat Dibromide","P_151","Y","Bay",18003400,"EWM","Bay",878.981,878.98,1019.35,37.89,43.94,19,0.739492662526266,0.637661254721146
"2017-1985",2021,2021-10-11,2021-10-11,6.5,"Dibrox (gal)","Diquat Dibromide","P_151","Y","Bay",18003400,"EWM","Bay",878.981,878.98,1019.35,37.89,43.94,19,0.739492662526266,0.637661254721146
"2017-1985",2021,2021-10-11,2021-10-11,6.5,"Dibrox (gal)","Diquat Dibromide","P_151","Y","Bay",18003400,"EWM","Bay",878.981,878.98,1019.35,37.89,43.94,19,0.739492662526266,0.637661254721146
"2017-1985",2021,2021-10-11,2021-10-11,6.5,"Dibrox (gal)","Diquat Dibromide","P_151","Y","Bay",18003400,"EWM","Bay",878.981,878.98,1019.35,37.89,43.94,19,0.739492662526266,0.637661254721146
"2017-1985",2021,2021-10-11,2021-10-11,6.5,"Dibrox (gal)","Diquat Dibromide","P_151","Y","Bay",18003400,"EWM","Bay",878.981,878.98,1019.35,37.89,43.94,19,0.739492662526266,0.637661254721146
"2017-1985",2021,2021-10-11,2021-10-11,6.5,"Dibrox (gal)","Diquat Dibromide","P_151","Y","Bay",18003400,"EWM","Bay",878.981,878.98,1019.35,37.89,43.94,19,0.739492662526266,0.637661254721146
"2017-1985",2021,2021-10-11,2021-10-12,83.34,"2,4-D Amine (gal)",NA,"P_150","Y","Bay",18003400,"EWM","Bay",878.981,878.98,1019.35,37.89,43.94,19,9.481433614606,8.17579830284004
"2017-1985",2021,2021-10-11,2021-10-12,83.34,"2,4-D Amine (gal)",NA,"P_150","Y","Bay",18003400,"EWM","Bay",878.981,878.98,1019.35,37.89,43.94,19,9.481433614606,8.17579830284004
"2017-1985",2021,2021-10-11,2021-10-12,83.34,"2,4-D Amine (gal)",NA,"P_150","Y","Bay",18003400,"EWM","Bay",878.981,878.98,1019.35,37.89,43.94,19,9.481433614606,8.17579830284004
"2017-1985",2021,2021-10-11,2021-10-12,83.34,"2,4-D Amine (gal)",NA,"P_150","Y","Bay",18003400,"EWM","Bay",878.981,878.98,1019.35,37.89,43.94,19,9.481433614606,8.17579830284004
"2017-1985",2021,2021-10-11,2021-10-12,83.34,"2,4-D Amine (gal)",NA,"P_150","Y","Bay",18003400,"EWM","Bay",878.981,878.98,1019.35,37.89,43.94,19,9.481433614606,8.17579830284004
"2017-1985",2021,2021-10-11,2021-10-12,83.34,"2,4-D Amine (gal)",NA,"P_150","Y","Bay",18003400,"EWM","Bay",878.981,878.98,1019.35,37.89,43.94,19,9.481433614606,8.17579830284004
"2017-1985",2021,2021-10-11,2021-10-12,83.34,"2,4-D Amine (gal)",NA,"P_150","Y","Bay",18003400,"EWM","Bay",878.981,878.98,1019.35,37.89,43.94,19,9.481433614606,8.17579830284004
"2017-1985",2021,2021-10-11,2021-10-12,83.34,"2,4-D Amine (gal)",NA,"P_150","Y","Bay",18003400,"EWM","Bay",878.981,878.98,1019.35,37.89,43.94,19,9.481433614606,8.17579830284004
"2017-1985",2021,2021-10-11,2021-10-12,83.34,"2,4-D Amine (gal)",NA,"P_150","Y","Bay",18003400,"EWM","Bay",878.981,878.98,1019.35,37.89,43.94,19,9.481433614606,8.17579830284004
"2017-1985",2021,2021-10-11,2021-10-12,83.34,"2,4-D Amine (gal)",NA,"P_150","Y","Bay",18003400,"EWM","Bay",878.981,878.98,1019.35,37.89,43.94,19,9.481433614606,8.17579830284004
"2017-1985",2021,2021-10-11,2021-10-12,83.34,"2,4-D Amine (gal)",NA,"P_150","Y","Bay",18003400,"EWM","Bay",878.981,878.98,1019.35,37.89,43.94,19,9.481433614606,8.17579830284004
"2017-1985",2021,2021-10-11,2021-10-12,83.34,"2,4-D Amine (gal)",NA,"P_150","Y","Bay",18003400,"EWM","Bay",878.981,878.98,1019.35,37.89,43.94,19,9.481433614606,8.17579830284004
"2017-1985",2021,2021-10-11,2021-10-12,83.34,"2,4-D Amine (gal)",NA,"P_150","Y","Bay",18003400,"EWM","Bay",878.981,878.98,1019.35,37.89,43.94,19,9.481433614606,8.17579830284004
"2017-1985",2021,2021-10-11,2021-10-12,83.34,"2,4-D Amine (gal)",NA,"P_150","Y","Bay",18003400,"EWM","Bay",878.981,878.98,1019.35,37.89,43.94,19,9.481433614606,8.17579830284004
"2017-1985",2021,2021-10-11,2021-10-12,83.34,"2,4-D Amine (gal)",NA,"P_150","Y","Bay",18003400,"EWM","Bay",878.981,878.98,1019.35,37.89,43.94,19,9.481433614606,8.17579830284004
"2017-1985",2021,2021-10-11,2021-10-12,83.34,"2,4-D Amine (gal)",NA,"P_150","Y","Bay",18003400,"EWM","Bay",878.981,878.98,1019.35,37.89,43.94,19,9.481433614606,8.17579830284004
"2017-1985",2021,2021-10-11,2021-10-12,83.34,"2,4-D Amine (gal)",NA,"P_150","Y","Bay",18003400,"EWM","Bay",878.981,878.98,1019.35,37.89,43.94,19,9.481433614606,8.17579830284004
"2017-1985",2021,2021-10-11,2021-10-12,83.34,"2,4-D Amine (gal)",NA,"P_150","Y","Bay",18003400,"EWM","Bay",878.981,878.98,1019.35,37.89,43.94,19,9.481433614606,8.17579830284004
"2017-1985",2021,2021-10-11,2021-10-12,83.34,"2,4-D Amine (gal)",NA,"P_150","Y","Bay",18003400,"EWM","Bay",878.981,878.98,1019.35,37.89,43.94,19,9.481433614606,8.17579830284004
"2017-1985",2021,2021-10-11,2021-10-12,83.34,"2,4-D Amine (gal)",NA,"P_150","Y","Bay",18003400,"EWM","Bay",878.981,878.98,1019.35,37.89,43.94,19,9.481433614606,8.17579830284004
"2017-1985",2021,2021-10-11,2021-10-12,83.34,"2,4-D Amine (gal)",NA,"P_150","Y","Bay",18003400,"EWM","Bay",878.981,878.98,1019.35,37.89,43.94,19,9.481433614606,8.17579830284004
"2017-1985",2021,2021-10-11,2021-10-12,83.34,"2,4-D Amine (gal)",NA,"P_150","Y","Bay",18003400,"EWM","Bay",878.981,878.98,1019.35,37.89,43.94,19,9.481433614606,8.17579830284004
"2017-1985",2021,2021-10-11,2021-10-12,83.34,"2,4-D Amine (gal)",NA,"P_150","Y","Bay",18003400,"EWM","Bay",878.981,878.98,1019.35,37.89,43.94,19,9.481433614606,8.17579830284004
"2017-1985",2021,2021-10-11,2021-10-12,83.34,"2,4-D Amine (gal)",NA,"P_150","Y","Bay",18003400,"EWM","Bay",878.981,878.98,1019.35,37.89,43.94,19,9.481433614606,8.17579830284004
"2017-1985",2021,2021-10-11,2021-10-12,83.34,"2,4-D Amine (gal)",NA,"P_150","Y","Bay",18003400,"EWM","Bay",878.981,878.98,1019.35,37.89,43.94,19,9.481433614606,8.17579830284004
"2017-1985",2021,2021-10-11,2021-10-12,83.34,"2,4-D Amine (gal)",NA,"P_150","Y","Bay",18003400,"EWM","Bay",878.981,878.98,1019.35,37.89,43.94,19,9.481433614606,8.17579830284004
"2017-1985",2021,2021-10-11,2021-10-12,83.34,"2,4-D Amine (gal)",NA,"P_150","Y","Bay",18003400,"EWM","Bay",878.981,878.98,1019.35,37.89,43.94,19,9.481433614606,8.17579830284004
"2017-1985",2021,2021-10-11,2021-10-12,83.34,"2,4-D Amine (gal)",NA,"P_150","Y","Bay",18003400,"EWM","Bay",878.981,878.98,1019.35,37.89,43.94,19,9.481433614606,8.17579830284004
"2017-1985",2021,2021-10-11,2021-10-12,83.34,"2,4-D Amine (gal)",NA,"P_150","Y","Bay",18003400,"EWM","Bay",878.981,878.98,1019.35,37.89,43.94,19,9.481433614606,8.17579830284004
"2017-1985",2021,2021-10-11,2021-10-12,83.34,"2,4-D Amine (gal)",NA,"P_150","Y","Bay",18003400,"EWM","Bay",878.981,878.98,1019.35,37.89,43.94,19,9.481433614606,8.17579830284004
"2017-1985",2021,2021-10-11,2021-10-12,83.34,"2,4-D Amine (gal)",NA,"P_150","Y","Bay",18003400,"EWM","Bay",878.981,878.98,1019.35,37.89,43.94,19,9.481433614606,8.17579830284004
"2017-1985",2021,2021-10-11,2021-10-12,83.34,"2,4-D Amine (gal)",NA,"P_150","Y","Bay",18003400,"EWM","Bay",878.981,878.98,1019.35,37.89,43.94,19,9.481433614606,8.17579830284004
"2017-1985",2021,2021-10-11,2021-10-12,83.34,"2,4-D Amine (gal)",NA,"P_150","Y","Bay",18003400,"EWM","Bay",878.981,878.98,1019.35,37.89,43.94,19,9.481433614606,8.17579830284004
"2017-1985",2021,2021-10-11,2021-10-12,83.34,"2,4-D Amine (gal)",NA,"P_150","Y","Bay",18003400,"EWM","Bay",878.981,878.98,1019.35,37.89,43.94,19,9.481433614606,8.17579830284004
"2017-1985",2021,2021-10-11,2021-10-12,83.34,"2,4-D Amine (gal)",NA,"P_150","Y","Bay",18003400,"EWM","Bay",878.981,878.98,1019.35,37.89,43.94,19,9.481433614606,8.17579830284004
"2017-1985",2021,2021-10-11,2021-10-12,83.34,"2,4-D Amine (gal)",NA,"P_150","Y","Bay",18003400,"EWM","Bay",878.981,878.98,1019.35,37.89,43.94,19,9.481433614606,8.17579830284004
"2017-1985",2021,2021-10-11,2021-10-12,83.34,"2,4-D Amine (gal)",NA,"P_150","Y","Bay",18003400,"EWM","Bay",878.981,878.98,1019.35,37.89,43.94,19,9.481433614606,8.17579830284004
"2017-1985",2021,2021-10-11,2021-10-12,83.34,"2,4-D Amine (gal)",NA,"P_150","Y","Bay",18003400,"EWM","Bay",878.981,878.98,1019.35,37.89,43.94,19,9.481433614606,8.17579830284004
"2017-1985",2021,2021-10-11,2021-10-12,83.34,"2,4-D Amine (gal)",NA,"P_150","Y","Bay",18003400,"EWM","Bay",878.981,878.98,1019.35,37.89,43.94,19,9.481433614606,8.17579830284004
"2017-1985",2021,2021-10-11,2021-10-12,83.34,"2,4-D Amine (gal)",NA,"P_150","Y","Bay",18003400,"EWM","Bay",878.981,878.98,1019.35,37.89,43.94,19,9.481433614606,8.17579830284004
"2017-1985",2021,2021-10-11,2021-10-12,83.34,"2,4-D Amine (gal)",NA,"P_150","Y","Bay",18003400,"EWM","Bay",878.981,878.98,1019.35,37.89,43.94,19,9.481433614606,8.17579830284004
"2017-1985",2021,2021-10-11,2021-10-12,83.34,"2,4-D Amine (gal)",NA,"P_150","Y","Bay",18003400,"EWM","Bay",878.981,878.98,1019.35,37.89,43.94,19,9.481433614606,8.17579830284004
"2017-1985",2021,2021-10-11,2021-10-12,83.34,"2,4-D Amine (gal)",NA,"P_150","Y","Bay",18003400,"EWM","Bay",878.981,878.98,1019.35,37.89,43.94,19,9.481433614606,8.17579830284004
"2017-1985",2021,2021-10-11,2021-10-12,83.34,"2,4-D Amine (gal)",NA,"P_150","Y","Bay",18003400,"EWM","Bay",878.981,878.98,1019.35,37.89,43.94,19,9.481433614606,8.17579830284004
"2017-1985",2021,2021-10-11,2021-10-12,83.34,"2,4-D Amine (gal)",NA,"P_150","Y","Bay",18003400,"EWM","Bay",878.981,878.98,1019.35,37.89,43.94,19,9.481433614606,8.17579830284004
"2017-1985",2021,2021-10-11,2021-10-12,83.34,"2,4-D Amine (gal)",NA,"P_150","Y","Bay",18003400,"EWM","Bay",878.981,878.98,1019.35,37.89,43.94,19,9.481433614606,8.17579830284004
"2017-1985",2021,2021-10-11,2021-10-12,83.34,"2,4-D Amine (gal)",NA,"P_150","Y","Bay",18003400,"EWM","Bay",878.981,878.98,1019.35,37.89,43.94,19,9.481433614606,8.17579830284004
"2017-1985",2021,2021-10-11,2021-10-12,83.34,"2,4-D Amine (gal)",NA,"P_150","Y","Bay",18003400,"EWM","Bay",878.981,878.98,1019.35,37.89,43.94,19,9.481433614606,8.17579830284004
"2017-1985",2021,2021-10-11,2021-10-12,83.34,"2,4-D Amine (gal)",NA,"P_150","Y","Bay",18003400,"EWM","Bay",878.981,878.98,1019.35,37.89,43.94,19,9.481433614606,8.17579830284004
"2017-1985",2021,2021-10-11,2021-10-12,83.34,"2,4-D Amine (gal)",NA,"P_150","Y","Bay",18003400,"EWM","Bay",878.981,878.98,1019.35,37.89,43.94,19,9.481433614606,8.17579830284004
"2017-1985",2021,2021-10-11,2021-10-12,83.34,"2,4-D Amine (gal)",NA,"P_150","Y","Bay",18003400,"EWM","Bay",878.981,878.98,1019.35,37.89,43.94,19,9.481433614606,8.17579830284004
"2017-1985",2021,2021-10-11,2021-10-12,83.34,"2,4-D Amine (gal)",NA,"P_150","Y","Bay",18003400,"EWM","Bay",878.981,878.98,1019.35,37.89,43.94,19,9.481433614606,8.17579830284004
"2017-1985",2021,2021-10-11,2021-10-12,83.34,"2,4-D Amine (gal)",NA,"P_150","Y","Bay",18003400,"EWM","Bay",878.981,878.98,1019.35,37.89,43.94,19,9.481433614606,8.17579830284004
"2017-1985",2021,2021-10-11,2021-10-12,83.34,"2,4-D Amine (gal)",NA,"P_150","Y","Bay",18003400,"EWM","Bay",878.981,878.98,1019.35,37.89,43.94,19,9.481433614606,8.17579830284004
"2017-1985",2021,2021-10-11,2021-10-12,83.34,"2,4-D Amine (gal)",NA,"P_150","Y","Bay",18003400,"EWM","Bay",878.981,878.98,1019.35,37.89,43.94,19,9.481433614606,8.17579830284004
"2017-1985",2021,2021-10-11,2021-10-12,83.34,"2,4-D Amine (gal)",NA,"P_150","Y","Bay",18003400,"EWM","Bay",878.981,878.98,1019.35,37.89,43.94,19,9.481433614606,8.17579830284004
"2017-1985",2021,2021-10-11,2021-10-12,83.34,"2,4-D Amine (gal)",NA,"P_150","Y","Bay",18003400,"EWM","Bay",878.981,878.98,1019.35,37.89,43.94,19,9.481433614606,8.17579830284004
"2017-1985",2021,2021-10-11,2021-10-12,83.34,"2,4-D Amine (gal)",NA,"P_150","Y","Bay",18003400,"EWM","Bay",878.981,878.98,1019.35,37.89,43.94,19,9.481433614606,8.17579830284004
"2017-1985",2021,2021-10-11,2021-10-12,83.34,"2,4-D Amine (gal)",NA,"P_150","Y","Bay",18003400,"EWM","Bay",878.981,878.98,1019.35,37.89,43.94,19,9.481433614606,8.17579830284004
"2017-1985",2021,2021-10-11,2021-10-12,83.34,"2,4-D Amine (gal)",NA,"P_150","Y","Bay",18003400,"EWM","Bay",878.981,878.98,1019.35,37.89,43.94,19,9.481433614606,8.17579830284004
"2017-1985",2021,2021-10-11,2021-10-12,83.34,"2,4-D Amine (gal)",NA,"P_150","Y","Bay",18003400,"EWM","Bay",878.981,878.98,1019.35,37.89,43.94,19,9.481433614606,8.17579830284004
"2017-1985",2021,2021-10-11,2021-10-12,83.34,"2,4-D Amine (gal)",NA,"P_150","Y","Bay",18003400,"EWM","Bay",878.981,878.98,1019.35,37.89,43.94,19,9.481433614606,8.17579830284004
"2017-1985",2021,2021-10-11,2021-10-12,83.34,"2,4-D Amine (gal)",NA,"P_150","Y","Bay",18003400,"EWM","Bay",878.981,878.98,1019.35,37.89,43.94,19,9.481433614606,8.17579830284004
"2017-1985",2021,2021-10-11,2021-10-12,83.34,"2,4-D Amine (gal)",NA,"P_150","Y","Bay",18003400,"EWM","Bay",878.981,878.98,1019.35,37.89,43.94,19,9.481433614606,8.17579830284004
"2017-1985",2021,2021-10-11,2021-10-12,83.34,"2,4-D Amine (gal)",NA,"P_150","Y","Bay",18003400,"EWM","Bay",878.981,878.98,1019.35,37.89,43.94,19,9.481433614606,8.17579830284004
"2017-1985",2021,2021-10-11,2021-10-12,83.34,"2,4-D Amine (gal)",NA,"P_150","Y","Bay",18003400,"EWM","Bay",878.981,878.98,1019.35,37.89,43.94,19,9.481433614606,8.17579830284004
"2017-1985",2021,2021-10-11,2021-10-12,83.34,"2,4-D Amine (gal)",NA,"P_150","Y","Bay",18003400,"EWM","Bay",878.981,878.98,1019.35,37.89,43.94,19,9.481433614606,8.17579830284004
"2017-1985",2021,2021-10-11,2021-10-12,83.34,"2,4-D Amine (gal)",NA,"P_150","Y","Bay",18003400,"EWM","Bay",878.981,878.98,1019.35,37.89,43.94,19,9.481433614606,8.17579830284004
"2017-1985",2021,2021-10-11,2021-10-12,83.34,"2,4-D Amine (gal)",NA,"P_150","Y","Bay",18003400,"EWM","Bay",878.981,878.98,1019.35,37.89,43.94,19,9.481433614606,8.17579830284004
"2017-1985",2021,2021-10-11,2021-10-12,83.34,"2,4-D Amine (gal)",NA,"P_150","Y","Bay",18003400,"EWM","Bay",878.981,878.98,1019.35,37.89,43.94,19,9.481433614606,8.17579830284004
"2017-1985",2021,2021-10-11,2021-10-12,83.34,"2,4-D Amine (gal)",NA,"P_150","Y","Bay",18003400,"EWM","Bay",878.981,878.98,1019.35,37.89,43.94,19,9.481433614606,8.17579830284004
"2017-1985",2021,2021-10-11,2021-10-12,83.34,"2,4-D Amine (gal)",NA,"P_150","Y","Bay",18003400,"EWM","Bay",878.981,878.98,1019.35,37.89,43.94,19,9.481433614606,8.17579830284004
"2017-1985",2021,2021-10-11,2021-10-12,83.34,"2,4-D Amine (gal)",NA,"P_150","Y","Bay",18003400,"EWM","Bay",878.981,878.98,1019.35,37.89,43.94,19,9.481433614606,8.17579830284004
"2017-1985",2021,2021-10-11,2021-10-12,83.34,"2,4-D Amine (gal)",NA,"P_150","Y","Bay",18003400,"EWM","Bay",878.981,878.98,1019.35,37.89,43.94,19,9.481433614606,8.17579830284004
"2017-1985",2021,2021-10-11,2021-10-12,83.34,"2,4-D Amine (gal)",NA,"P_150","Y","Bay",18003400,"EWM","Bay",878.981,878.98,1019.35,37.89,43.94,19,9.481433614606,8.17579830284004
"2017-1985",2021,2021-10-11,2021-10-12,83.34,"2,4-D Amine (gal)",NA,"P_150","Y","Bay",18003400,"EWM","Bay",878.981,878.98,1019.35,37.89,43.94,19,9.481433614606,8.17579830284004
"2017-1985",2021,2021-10-11,2021-10-12,83.34,"2,4-D Amine (gal)",NA,"P_150","Y","Bay",18003400,"EWM","Bay",878.981,878.98,1019.35,37.89,43.94,19,9.481433614606,8.17579830284004
"2017-1985",2021,2021-10-11,2021-10-12,83.34,"2,4-D Amine (gal)",NA,"P_150","Y","Bay",18003400,"EWM","Bay",878.981,878.98,1019.35,37.89,43.94,19,9.481433614606,8.17579830284004
"2017-1985",2021,2021-10-11,2021-10-12,83.34,"2,4-D Amine (gal)",NA,"P_150","Y","Bay",18003400,"EWM","Bay",878.981,878.98,1019.35,37.89,43.94,19,9.481433614606,8.17579830284004
"2017-1985",2021,2021-10-11,2021-10-12,83.34,"2,4-D Amine (gal)",NA,"P_150","Y","Bay",18003400,"EWM","Bay",878.981,878.98,1019.35,37.89,43.94,19,9.481433614606,8.17579830284004
"2017-1985",2021,2021-10-11,2021-10-12,83.34,"2,4-D Amine (gal)",NA,"P_150","Y","Bay",18003400,"EWM","Bay",878.981,878.98,1019.35,37.89,43.94,19,9.481433614606,8.17579830284004
"2017-1985",2021,2021-10-11,2021-10-12,83.34,"2,4-D Amine (gal)",NA,"P_150","Y","Bay",18003400,"EWM","Bay",878.981,878.98,1019.35,37.89,43.94,19,9.481433614606,8.17579830284004
"2017-1985",2021,2021-10-11,2021-10-12,83.34,"2,4-D Amine (gal)",NA,"P_150","Y","Bay",18003400,"EWM","Bay",878.981,878.98,1019.35,37.89,43.94,19,9.481433614606,8.17579830284004
"2017-1985",2021,2021-10-11,2021-10-12,83.34,"2,4-D Amine (gal)",NA,"P_150","Y","Bay",18003400,"EWM","Bay",878.981,878.98,1019.35,37.89,43.94,19,9.481433614606,8.17579830284004
"2017-1985",2021,2021-10-11,2021-10-12,83.34,"2,4-D Amine (gal)",NA,"P_150","Y","Bay",18003400,"EWM","Bay",878.981,878.98,1019.35,37.89,43.94,19,9.481433614606,8.17579830284004
"2017-1985",2021,2021-10-11,2021-10-12,83.34,"2,4-D Amine (gal)",NA,"P_150","Y","Bay",18003400,"EWM","Bay",878.981,878.98,1019.35,37.89,43.94,19,9.481433614606,8.17579830284004
"2017-1985",2021,2021-10-11,2021-10-12,83.34,"2,4-D Amine (gal)",NA,"P_150","Y","Bay",18003400,"EWM","Bay",878.981,878.98,1019.35,37.89,43.94,19,9.481433614606,8.17579830284004
"2017-1985",2021,2021-10-11,2021-10-12,83.34,"2,4-D Amine (gal)",NA,"P_150","Y","Bay",18003400,"EWM","Bay",878.981,878.98,1019.35,37.89,43.94,19,9.481433614606,8.17579830284004
"2017-1985",2021,2021-10-11,2021-10-12,83.34,"2,4-D Amine (gal)",NA,"P_150","Y","Bay",18003400,"EWM","Bay",878.981,878.98,1019.35,37.89,43.94,19,9.481433614606,8.17579830284004
"2017-1985",2021,2021-10-11,2021-10-12,83.34,"2,4-D Amine (gal)",NA,"P_150","Y","Bay",18003400,"EWM","Bay",878.981,878.98,1019.35,37.89,43.94,19,9.481433614606,8.17579830284004
"2017-1985",2021,2021-10-11,2021-10-12,83.34,"2,4-D Amine (gal)",NA,"P_150","Y","Bay",18003400,"EWM","Bay",878.981,878.98,1019.35,37.89,43.94,19,9.481433614606,8.17579830284004
"2017-1985",2021,2021-10-11,2021-10-12,83.34,"2,4-D Amine (gal)",NA,"P_150","Y","Bay",18003400,"EWM","Bay",878.981,878.98,1019.35,37.89,43.94,19,9.481433614606,8.17579830284004
"2017-1985",2022,2022-06-27,2022-06-27,7.222,"2,4-D Amine (gal)",NA,"P_153","Y","Bay",18003400,"EWM","Bay",878.981,878.98,1019.35,37.89,43.94,19,0.821633232117645,0.708490704860941
"2017-1985",2022,2022-06-27,2022-06-27,7.222,"2,4-D Amine (gal)",NA,"P_153","Y","Bay",18003400,"EWM","Bay",878.981,878.98,1019.35,37.89,43.94,19,0.821633232117645,0.708490704860941
"2017-1985",2022,2022-06-27,2022-06-27,7.222,"2,4-D Amine (gal)",NA,"P_153","Y","Bay",18003400,"EWM","Bay",878.981,878.98,1019.35,37.89,43.94,19,0.821633232117645,0.708490704860941
"2017-1985",2022,2022-06-27,2022-06-27,7.222,"2,4-D Amine (gal)",NA,"P_153","Y","Bay",18003400,"EWM","Bay",878.981,878.98,1019.35,37.89,43.94,19,0.821633232117645,0.708490704860941
"2017-1985",2022,2022-06-27,2022-06-27,7.222,"2,4-D Amine (gal)",NA,"P_153","Y","Bay",18003400,"EWM","Bay",878.981,878.98,1019.35,37.89,43.94,19,0.821633232117645,0.708490704860941
"2017-1985",2022,2022-06-27,2022-06-27,7.222,"2,4-D Amine (gal)",NA,"P_153","Y","Bay",18003400,"EWM","Bay",878.981,878.98,1019.35,37.89,43.94,19,0.821633232117645,0.708490704860941
"2017-1985",2022,2022-06-27,2022-06-27,7.222,"2,4-D Amine (gal)",NA,"P_153","Y","Bay",18003400,"EWM","Bay",878.981,878.98,1019.35,37.89,43.94,19,0.821633232117645,0.708490704860941
"2017-1985",2022,2022-06-27,2022-06-27,7.222,"2,4-D Amine (gal)",NA,"P_153","Y","Bay",18003400,"EWM","Bay",878.981,878.98,1019.35,37.89,43.94,19,0.821633232117645,0.708490704860941
"2017-1985",2022,2022-06-27,2022-06-27,7.222,"2,4-D Amine (gal)",NA,"P_153","Y","Bay",18003400,"EWM","Bay",878.981,878.98,1019.35,37.89,43.94,19,0.821633232117645,0.708490704860941
"2017-1985",2022,2022-06-27,2022-06-27,7.222,"2,4-D Amine (gal)",NA,"P_153","Y","Bay",18003400,"EWM","Bay",878.981,878.98,1019.35,37.89,43.94,19,0.821633232117645,0.708490704860941
"2017-1985",2022,2022-06-27,2022-06-27,7.222,"2,4-D Amine (gal)",NA,"P_153","Y","Bay",18003400,"EWM","Bay",878.981,878.98,1019.35,37.89,43.94,19,0.821633232117645,0.708490704860941
"2017-1985",2022,2022-06-27,2022-06-27,7.222,"2,4-D Amine (gal)",NA,"P_153","Y","Bay",18003400,"EWM","Bay",878.981,878.98,1019.35,37.89,43.94,19,0.821633232117645,0.708490704860941
"2017-1985",2022,2022-06-27,2022-06-27,7.222,"2,4-D Amine (gal)",NA,"P_153","Y","Bay",18003400,"EWM","Bay",878.981,878.98,1019.35,37.89,43.94,19,0.821633232117645,0.708490704860941
"2017-1985",2022,2022-06-27,2022-06-27,7.222,"2,4-D Amine (gal)",NA,"P_153","Y","Bay",18003400,"EWM","Bay",878.981,878.98,1019.35,37.89,43.94,19,0.821633232117645,0.708490704860941
"2017-1985",2022,2022-06-27,2022-06-27,7.222,"2,4-D Amine (gal)",NA,"P_153","Y","Bay",18003400,"EWM","Bay",878.981,878.98,1019.35,37.89,43.94,19,0.821633232117645,0.708490704860941
"2017-1985",2022,2022-06-27,2022-06-27,7.222,"2,4-D Amine (gal)",NA,"P_153","Y","Bay",18003400,"EWM","Bay",878.981,878.98,1019.35,37.89,43.94,19,0.821633232117645,0.708490704860941
"2017-1985",2022,2022-06-27,2022-06-27,7.222,"2,4-D Amine (gal)",NA,"P_153","Y","Bay",18003400,"EWM","Bay",878.981,878.98,1019.35,37.89,43.94,19,0.821633232117645,0.708490704860941
"2017-1985",2022,2022-06-27,2022-06-27,7.222,"2,4-D Amine (gal)",NA,"P_153","Y","Bay",18003400,"EWM","Bay",878.981,878.98,1019.35,37.89,43.94,19,0.821633232117645,0.708490704860941
"2017-1985",2022,2022-06-27,2022-06-27,7.222,"2,4-D Amine (gal)",NA,"P_153","Y","Bay",18003400,"EWM","Bay",878.981,878.98,1019.35,37.89,43.94,19,0.821633232117645,0.708490704860941
"2017-1985",2022,2022-06-27,2022-06-27,7.222,"2,4-D Amine (gal)",NA,"P_153","Y","Bay",18003400,"EWM","Bay",878.981,878.98,1019.35,37.89,43.94,19,0.821633232117645,0.708490704860941
"2017-1985",2022,2022-06-27,2022-06-27,7.222,"2,4-D Amine (gal)",NA,"P_153","Y","Bay",18003400,"EWM","Bay",878.981,878.98,1019.35,37.89,43.94,19,0.821633232117645,0.708490704860941
"2017-1985",2022,2022-06-27,2022-06-27,7.222,"2,4-D Amine (gal)",NA,"P_153","Y","Bay",18003400,"EWM","Bay",878.981,878.98,1019.35,37.89,43.94,19,0.821633232117645,0.708490704860941
"2017-1985",2022,2022-06-27,2022-06-27,7.222,"2,4-D Amine (gal)",NA,"P_153","Y","Bay",18003400,"EWM","Bay",878.981,878.98,1019.35,37.89,43.94,19,0.821633232117645,0.708490704860941
"2017-1985",2022,2022-06-27,2022-06-27,7.222,"2,4-D Amine (gal)",NA,"P_153","Y","Bay",18003400,"EWM","Bay",878.981,878.98,1019.35,37.89,43.94,19,0.821633232117645,0.708490704860941
"2017-1985",2022,2022-06-27,2022-06-27,7.222,"2,4-D Amine (gal)",NA,"P_153","Y","Bay",18003400,"EWM","Bay",878.981,878.98,1019.35,37.89,43.94,19,0.821633232117645,0.708490704860941
"2017-1985",2022,2022-06-27,2022-06-27,7.222,"2,4-D Amine (gal)",NA,"P_153","Y","Bay",18003400,"EWM","Bay",878.981,878.98,1019.35,37.89,43.94,19,0.821633232117645,0.708490704860941
"2017-1985",2022,2022-06-27,2022-06-27,7.222,"2,4-D Amine (gal)",NA,"P_153","Y","Bay",18003400,"EWM","Bay",878.981,878.98,1019.35,37.89,43.94,19,0.821633232117645,0.708490704860941
"2017-1985",2022,2022-06-27,2022-06-27,7.222,"2,4-D Amine (gal)",NA,"P_153","Y","Bay",18003400,"EWM","Bay",878.981,878.98,1019.35,37.89,43.94,19,0.821633232117645,0.708490704860941
"2017-1985",2022,2022-06-27,2022-06-27,7.222,"2,4-D Amine (gal)",NA,"P_153","Y","Bay",18003400,"EWM","Bay",878.981,878.98,1019.35,37.89,43.94,19,0.821633232117645,0.708490704860941
"2017-1985",2022,2022-06-27,2022-06-27,7.222,"2,4-D Amine (gal)",NA,"P_153","Y","Bay",18003400,"EWM","Bay",878.981,878.98,1019.35,37.89,43.94,19,0.821633232117645,0.708490704860941
"2017-1985",2022,2022-06-27,2022-06-27,7.222,"2,4-D Amine (gal)",NA,"P_153","Y","Bay",18003400,"EWM","Bay",878.981,878.98,1019.35,37.89,43.94,19,0.821633232117645,0.708490704860941
"2017-1985",2022,2022-06-27,2022-06-27,7.222,"2,4-D Amine (gal)",NA,"P_153","Y","Bay",18003400,"EWM","Bay",878.981,878.98,1019.35,37.89,43.94,19,0.821633232117645,0.708490704860941
"2017-1985",2022,2022-06-27,2022-06-27,7.222,"2,4-D Amine (gal)",NA,"P_153","Y","Bay",18003400,"EWM","Bay",878.981,878.98,1019.35,37.89,43.94,19,0.821633232117645,0.708490704860941
"2017-1985",2022,2022-06-27,2022-06-27,7.222,"2,4-D Amine (gal)",NA,"P_153","Y","Bay",18003400,"EWM","Bay",878.981,878.98,1019.35,37.89,43.94,19,0.821633232117645,0.708490704860941
"2017-1985",2022,2022-06-27,2022-06-27,7.222,"2,4-D Amine (gal)",NA,"P_153","Y","Bay",18003400,"EWM","Bay",878.981,878.98,1019.35,37.89,43.94,19,0.821633232117645,0.708490704860941
"2017-1985",2022,2022-06-27,2022-06-27,7.222,"2,4-D Amine (gal)",NA,"P_153","Y","Bay",18003400,"EWM","Bay",878.981,878.98,1019.35,37.89,43.94,19,0.821633232117645,0.708490704860941
"2017-1985",2022,2022-06-27,2022-06-27,7.222,"2,4-D Amine (gal)",NA,"P_153","Y","Bay",18003400,"EWM","Bay",878.981,878.98,1019.35,37.89,43.94,19,0.821633232117645,0.708490704860941
"2017-1985",2022,2022-06-27,2022-06-27,7.222,"2,4-D Amine (gal)",NA,"P_153","Y","Bay",18003400,"EWM","Bay",878.981,878.98,1019.35,37.89,43.94,19,0.821633232117645,0.708490704860941
"2017-1985",2022,2022-06-27,2022-06-27,7.222,"2,4-D Amine (gal)",NA,"P_153","Y","Bay",18003400,"EWM","Bay",878.981,878.98,1019.35,37.89,43.94,19,0.821633232117645,0.708490704860941
"2017-1985",2022,2022-06-27,2022-06-27,7.222,"2,4-D Amine (gal)",NA,"P_153","Y","Bay",18003400,"EWM","Bay",878.981,878.98,1019.35,37.89,43.94,19,0.821633232117645,0.708490704860941
"2017-1985",2022,2022-06-27,2022-06-27,7.222,"2,4-D Amine (gal)",NA,"P_153","Y","Bay",18003400,"EWM","Bay",878.981,878.98,1019.35,37.89,43.94,19,0.821633232117645,0.708490704860941
"2017-1985",2022,2022-06-27,2022-06-27,7.222,"2,4-D Amine (gal)",NA,"P_153","Y","Bay",18003400,"EWM","Bay",878.981,878.98,1019.35,37.89,43.94,19,0.821633232117645,0.708490704860941
"2017-1985",2022,2022-06-27,2022-06-27,7.222,"2,4-D Amine (gal)",NA,"P_153","Y","Bay",18003400,"EWM","Bay",878.981,878.98,1019.35,37.89,43.94,19,0.821633232117645,0.708490704860941
"2017-1985",2022,2022-06-27,2022-06-27,7.222,"2,4-D Amine (gal)",NA,"P_153","Y","Bay",18003400,"EWM","Bay",878.981,878.98,1019.35,37.89,43.94,19,0.821633232117645,0.708490704860941
"2017-1985",2022,2022-06-27,2022-06-27,7.222,"2,4-D Amine (gal)",NA,"P_153","Y","Bay",18003400,"EWM","Bay",878.981,878.98,1019.35,37.89,43.94,19,0.821633232117645,0.708490704860941
"2017-1985",2022,2022-06-27,2022-06-27,7.222,"2,4-D Amine (gal)",NA,"P_153","Y","Bay",18003400,"EWM","Bay",878.981,878.98,1019.35,37.89,43.94,19,0.821633232117645,0.708490704860941
"2017-1985",2022,2022-06-27,2022-06-27,7.222,"2,4-D Amine (gal)",NA,"P_153","Y","Bay",18003400,"EWM","Bay",878.981,878.98,1019.35,37.89,43.94,19,0.821633232117645,0.708490704860941
"2017-1985",2022,2022-06-27,2022-06-27,7.222,"2,4-D Amine (gal)",NA,"P_153","Y","Bay",18003400,"EWM","Bay",878.981,878.98,1019.35,37.89,43.94,19,0.821633232117645,0.708490704860941
"2017-1985",2022,2022-06-27,2022-06-27,7.222,"2,4-D Amine (gal)",NA,"P_153","Y","Bay",18003400,"EWM","Bay",878.981,878.98,1019.35,37.89,43.94,19,0.821633232117645,0.708490704860941
"2017-1985",2022,2022-06-27,2022-06-27,7.222,"2,4-D Amine (gal)",NA,"P_153","Y","Bay",18003400,"EWM","Bay",878.981,878.98,1019.35,37.89,43.94,19,0.821633232117645,0.708490704860941
"2017-1985",2022,2022-06-27,2022-06-27,7.222,"2,4-D Amine (gal)",NA,"P_153","Y","Bay",18003400,"EWM","Bay",878.981,878.98,1019.35,37.89,43.94,19,0.821633232117645,0.708490704860941
"2017-1985",2022,2022-06-27,2022-06-27,7.222,"2,4-D Amine (gal)",NA,"P_153","Y","Bay",18003400,"EWM","Bay",878.981,878.98,1019.35,37.89,43.94,19,0.821633232117645,0.708490704860941
"2017-1985",2022,2022-06-27,2022-06-27,7.222,"2,4-D Amine (gal)",NA,"P_153","Y","Bay",18003400,"EWM","Bay",878.981,878.98,1019.35,37.89,43.94,19,0.821633232117645,0.708490704860941
"2017-1985",2022,2022-06-27,2022-06-27,7.222,"2,4-D Amine (gal)",NA,"P_153","Y","Bay",18003400,"EWM","Bay",878.981,878.98,1019.35,37.89,43.94,19,0.821633232117645,0.708490704860941
"2017-1985",2022,2022-06-27,2022-06-27,7.222,"2,4-D Amine (gal)",NA,"P_153","Y","Bay",18003400,"EWM","Bay",878.981,878.98,1019.35,37.89,43.94,19,0.821633232117645,0.708490704860941
"2017-1985",2022,2022-06-27,2022-06-27,7.222,"2,4-D Amine (gal)",NA,"P_153","Y","Bay",18003400,"EWM","Bay",878.981,878.98,1019.35,37.89,43.94,19,0.821633232117645,0.708490704860941
"2017-1985",2022,2022-06-27,2022-06-27,7.222,"2,4-D Amine (gal)",NA,"P_153","Y","Bay",18003400,"EWM","Bay",878.981,878.98,1019.35,37.89,43.94,19,0.821633232117645,0.708490704860941
"2017-1985",2022,2022-06-27,2022-06-27,7.222,"2,4-D Amine (gal)",NA,"P_153","Y","Bay",18003400,"EWM","Bay",878.981,878.98,1019.35,37.89,43.94,19,0.821633232117645,0.708490704860941
"2017-1985",2022,2022-06-27,2022-06-27,7.222,"2,4-D Amine (gal)",NA,"P_153","Y","Bay",18003400,"EWM","Bay",878.981,878.98,1019.35,37.89,43.94,19,0.821633232117645,0.708490704860941
"2017-1985",2022,2022-06-27,2022-06-27,7.222,"2,4-D Amine (gal)",NA,"P_153","Y","Bay",18003400,"EWM","Bay",878.981,878.98,1019.35,37.89,43.94,19,0.821633232117645,0.708490704860941
"2017-1985",2022,2022-06-27,2022-06-27,7.222,"2,4-D Amine (gal)",NA,"P_153","Y","Bay",18003400,"EWM","Bay",878.981,878.98,1019.35,37.89,43.94,19,0.821633232117645,0.708490704860941
"2017-1985",2022,2022-06-27,2022-06-27,7.222,"2,4-D Amine (gal)",NA,"P_153","Y","Bay",18003400,"EWM","Bay",878.981,878.98,1019.35,37.89,43.94,19,0.821633232117645,0.708490704860941
"2017-1985",2022,2022-06-27,2022-06-27,7.222,"2,4-D Amine (gal)",NA,"P_153","Y","Bay",18003400,"EWM","Bay",878.981,878.98,1019.35,37.89,43.94,19,0.821633232117645,0.708490704860941
"2017-2067",2023,2023-06-16,2023-06-16,12,"ProcellaCOR EC (oz)","Florpyrauxifen-benzyl","P_154","Y","Elmo",82010600,"EWM","Elmo",66.382,66.38,72.1,25.85,28.08,17,18.0771895995902,16.6435506241331
"2017-2184",2020,2020-05-13,2020-05-13,5.9,"Tribune (gal)","Diquat Dibromide","P_155","Y","Crooked",2008400,"CLP","Crooked",84.017,84.02,73.19,73.1,63.68,12,7.02238832617209,8.06121054788906
"2017-2184",2021,2021-05-18,2021-05-18,1.9,"Tribune (gal)","Diquat Dibromide","P_156","Y","Crooked",2008400,"CLP","Crooked",84.017,84.02,73.19,73.1,63.68,12,2.26144708808931,2.59598305779478
"2017-2726",2021,2021-06-22,2021-06-22,29.08,"Tribune (gal)","Diquat Dibromide","P_157","Y","Sarah",27019100,"EWM","Sarah",557.23,373,66.94,66.94,373,15,5.21867092582955,43.4418882581416
"2017-2726",2021,2021-06-22,2021-06-22,29.08,"Tribune (gal)","Diquat Dibromide","P_157","Y","Sarah",27019100,"EWM","Sarah",557.23,373,66.94,66.94,373,15,5.21867092582955,43.4418882581416
"2017-2726",2021,2021-06-22,2021-06-22,29.08,"Tribune (gal)","Diquat Dibromide","P_157","Y","Sarah",27019100,"EWM","Sarah",557.23,373,66.94,66.94,373,15,5.21867092582955,43.4418882581416
"2017-2726",2021,2021-06-22,2021-06-22,29.08,"Tribune (gal)","Diquat Dibromide","P_157","Y","Sarah",27019100,"EWM","Sarah",557.23,373,66.94,66.94,373,15,5.21867092582955,43.4418882581416
"2017-2726",2021,2021-06-22,2021-06-22,29.08,"Tribune (gal)","Diquat Dibromide","P_157","Y","Sarah",27019100,"EWM","Sarah",557.23,373,66.94,66.94,373,15,5.21867092582955,43.4418882581416
"2017-2726",2021,2021-06-22,2021-06-22,29.08,"Tribune (gal)","Diquat Dibromide","P_157","Y","Sarah",27019100,"EWM","Sarah",557.23,373,66.94,66.94,373,15,5.21867092582955,43.4418882581416
"2017-2726",2021,2021-06-22,2021-06-22,29.08,"Tribune (gal)","Diquat Dibromide","P_157","Y","Sarah",27019100,"EWM","Sarah",557.23,373,66.94,66.94,373,15,5.21867092582955,43.4418882581416
"2017-2726",2021,2021-06-22,2021-06-22,29.08,"Tribune (gal)","Diquat Dibromide","P_157","Y","Sarah",27019100,"EWM","Sarah",557.23,373,66.94,66.94,373,15,5.21867092582955,43.4418882581416
"2017-2726",2021,2021-06-22,2021-06-22,29.08,"Tribune (gal)","Diquat Dibromide","P_157","Y","Sarah",27019100,"EWM","Sarah",557.23,373,66.94,66.94,373,15,5.21867092582955,43.4418882581416
"2017-2726",2021,2021-06-22,2021-06-22,29.08,"Tribune (gal)","Diquat Dibromide","P_157","Y","Sarah",27019100,"EWM","Sarah",557.23,373,66.94,66.94,373,15,5.21867092582955,43.4418882581416
"2017-2726",2021,2021-06-22,2021-06-22,29.08,"Tribune (gal)","Diquat Dibromide","P_157","Y","Sarah",27019100,"EWM","Sarah",557.23,373,66.94,66.94,373,15,5.21867092582955,43.4418882581416
"2017-2726",2021,2021-06-22,2021-06-22,29.08,"Tribune (gal)","Diquat Dibromide","P_157","Y","Sarah",27019100,"EWM","Sarah",557.23,373,66.94,66.94,373,15,5.21867092582955,43.4418882581416
"2017-2726",2023,2023-06-23,2023-06-23,2.8,"Tribune (gal)","Diquat Dibromide","P_159","Y","Sarah",27019100,"EWM","Sarah",557.23,373,66.94,66.94,373,15,0.502485508676848,4.18285031371377
"2017-2726",2023,2023-06-23,2023-06-23,2.8,"Tribune (gal)","Diquat Dibromide","P_159","Y","Sarah",27019100,"EWM","Sarah",557.23,373,66.94,66.94,373,15,0.502485508676848,4.18285031371377
"2017-2726",2023,2023-10-02,2023-10-02,23.12,"ProcellaCOR EC (oz)","Florpyrauxifen-benzyl","P_158","Y","Sarah",27019100,"EWM","Sarah",557.23,373,66.94,66.94,373,15,4.14909462878883,34.5383925903794
"2017-2726",2023,2023-10-02,2023-10-02,23.12,"ProcellaCOR EC (oz)","Florpyrauxifen-benzyl","P_158","Y","Sarah",27019100,"EWM","Sarah",557.23,373,66.94,66.94,373,15,4.14909462878883,34.5383925903794
"2017-2765",2021,2021-06-08,2021-06-08,21.2,"2,4-D Amine (gal)",NA,"P_160","Y","Rays",40005600,"EWM","Rays",151.1,151.1,104.76,89.44,62.01,7,14.030443414957,20.2367315769378
"2017-2765",2021,2021-06-08,2021-06-08,21.2,"2,4-D Amine (gal)",NA,"P_160","Y","Rays",40005600,"EWM","Rays",151.1,151.1,104.76,89.44,62.01,7,14.030443414957,20.2367315769378
"2017-2765",2021,2021-06-08,2021-06-08,21.2,"2,4-D Amine (gal)",NA,"P_160","Y","Rays",40005600,"EWM","Rays",151.1,151.1,104.76,89.44,62.01,7,14.030443414957,20.2367315769378
"2017-2771",2020,2020-07-08,2020-07-08,1,"Kammo Plus (gal), Tribune (gal)","Limonene, Diquat Dibromide","P_161, P_162","Y","Minnetonka-Grays Bay",27013301,"EWM","Minnetonka-Grays Bay",164.537,164.54,164.54,87.58,87.58,15,0.607766034387402,0.607754953202869
"2017-2771",2020,2020-07-08,2020-07-08,1,"Kammo Plus (gal), Tribune (gal)","Limonene, Diquat Dibromide","P_161, P_162","Y","Minnetonka-Grays Bay",27013301,"EWM","Minnetonka-Grays Bay",164.537,164.54,164.54,87.58,87.58,15,0.607766034387402,0.607754953202869
"2017-2870",2021,2021-07-15,2021-07-15,23.85,"Weedar 64 (gal)","2,4-D","P_164","Y","White Bear",82016700,"EWM","White Bear",1334.411,1334.41,1504.4,53.61,60.44,18,1.78730541040204,1.58534964105291
"2017-2870",2021,2021-07-15,2021-07-15,23.85,"Weedar 64 (gal)","2,4-D","P_164","Y","White Bear",82016700,"EWM","White Bear",1334.411,1334.41,1504.4,53.61,60.44,18,1.78730541040204,1.58534964105291
"2017-2870",2021,2021-07-15,2021-07-15,23.85,"Weedar 64 (gal)","2,4-D","P_164","Y","White Bear",82016700,"EWM","White Bear",1334.411,1334.41,1504.4,53.61,60.44,18,1.78730541040204,1.58534964105291
"2017-2870",2021,2021-07-15,2021-07-15,23.85,"Weedar 64 (gal)","2,4-D","P_164","Y","White Bear",82016700,"EWM","White Bear",1334.411,1334.41,1504.4,53.61,60.44,18,1.78730541040204,1.58534964105291
"2017-2870",2021,2021-07-15,2021-07-15,23.85,"Weedar 64 (gal)","2,4-D","P_164","Y","White Bear",82016700,"EWM","White Bear",1334.411,1334.41,1504.4,53.61,60.44,18,1.78730541040204,1.58534964105291
"2017-2870",2021,2021-07-15,2021-07-15,23.85,"Weedar 64 (gal)","2,4-D","P_164","Y","White Bear",82016700,"EWM","White Bear",1334.411,1334.41,1504.4,53.61,60.44,18,1.78730541040204,1.58534964105291
"2017-2870",2021,2021-07-15,2021-07-15,23.85,"Weedar 64 (gal)","2,4-D","P_164","Y","White Bear",82016700,"EWM","White Bear",1334.411,1334.41,1504.4,53.61,60.44,18,1.78730541040204,1.58534964105291
"2017-2870",2021,2021-07-15,2021-07-15,23.85,"Weedar 64 (gal)","2,4-D","P_164","Y","White Bear",82016700,"EWM","White Bear",1334.411,1334.41,1504.4,53.61,60.44,18,1.78730541040204,1.58534964105291
"2017-2870",2021,2021-07-15,2021-07-15,23.85,"Weedar 64 (gal)","2,4-D","P_164","Y","White Bear",82016700,"EWM","White Bear",1334.411,1334.41,1504.4,53.61,60.44,18,1.78730541040204,1.58534964105291
"2017-2870",2021,2021-07-15,2021-07-15,23.85,"Weedar 64 (gal)","2,4-D","P_164","Y","White Bear",82016700,"EWM","White Bear",1334.411,1334.41,1504.4,53.61,60.44,18,1.78730541040204,1.58534964105291
"2017-2870",2021,2021-07-15,2021-07-15,23.85,"Weedar 64 (gal)","2,4-D","P_164","Y","White Bear",82016700,"EWM","White Bear",1334.411,1334.41,1504.4,53.61,60.44,18,1.78730541040204,1.58534964105291
"2017-2870",2021,2021-07-15,2021-07-15,23.85,"Weedar 64 (gal)","2,4-D","P_164","Y","White Bear",82016700,"EWM","White Bear",1334.411,1334.41,1504.4,53.61,60.44,18,1.78730541040204,1.58534964105291
"2017-2870",2021,2021-07-15,2021-07-15,23.85,"Weedar 64 (gal)","2,4-D","P_164","Y","White Bear",82016700,"EWM","White Bear",1334.411,1334.41,1504.4,53.61,60.44,18,1.78730541040204,1.58534964105291
"2017-2870",2021,2021-07-15,2021-07-15,23.85,"Weedar 64 (gal)","2,4-D","P_164","Y","White Bear",82016700,"EWM","White Bear",1334.411,1334.41,1504.4,53.61,60.44,18,1.78730541040204,1.58534964105291
"2017-2870",2021,2021-07-15,2021-07-15,23.85,"Weedar 64 (gal)","2,4-D","P_164","Y","White Bear",82016700,"EWM","White Bear",1334.411,1334.41,1504.4,53.61,60.44,18,1.78730541040204,1.58534964105291
"2017-2870",2021,2021-07-15,2021-07-15,26.67,"Triclopyr 3 (gal)","Triclopyr","P_163","Y","White Bear",82016700,"EWM","White Bear",1334.411,1334.41,1504.4,53.61,60.44,18,1.99863460358166,1.77279978729061
"2017-2870",2021,2021-07-15,2021-07-15,26.67,"Triclopyr 3 (gal)","Triclopyr","P_163","Y","White Bear",82016700,"EWM","White Bear",1334.411,1334.41,1504.4,53.61,60.44,18,1.99863460358166,1.77279978729061
"2017-2870",2021,2021-07-15,2021-07-15,26.67,"Triclopyr 3 (gal)","Triclopyr","P_163","Y","White Bear",82016700,"EWM","White Bear",1334.411,1334.41,1504.4,53.61,60.44,18,1.99863460358166,1.77279978729061
"2017-2870",2021,2021-07-15,2021-07-15,26.67,"Triclopyr 3 (gal)","Triclopyr","P_163","Y","White Bear",82016700,"EWM","White Bear",1334.411,1334.41,1504.4,53.61,60.44,18,1.99863460358166,1.77279978729061
"2017-2870",2021,2021-07-15,2021-07-15,26.67,"Triclopyr 3 (gal)","Triclopyr","P_163","Y","White Bear",82016700,"EWM","White Bear",1334.411,1334.41,1504.4,53.61,60.44,18,1.99863460358166,1.77279978729061
"2017-2870",2021,2021-07-15,2021-07-15,26.67,"Triclopyr 3 (gal)","Triclopyr","P_163","Y","White Bear",82016700,"EWM","White Bear",1334.411,1334.41,1504.4,53.61,60.44,18,1.99863460358166,1.77279978729061
"2017-2870",2021,2021-07-15,2021-07-15,26.67,"Triclopyr 3 (gal)","Triclopyr","P_163","Y","White Bear",82016700,"EWM","White Bear",1334.411,1334.41,1504.4,53.61,60.44,18,1.99863460358166,1.77279978729061
"2017-2870",2021,2021-07-15,2021-07-15,26.67,"Triclopyr 3 (gal)","Triclopyr","P_163","Y","White Bear",82016700,"EWM","White Bear",1334.411,1334.41,1504.4,53.61,60.44,18,1.99863460358166,1.77279978729061
"2017-2870",2021,2021-07-15,2021-07-15,26.67,"Triclopyr 3 (gal)","Triclopyr","P_163","Y","White Bear",82016700,"EWM","White Bear",1334.411,1334.41,1504.4,53.61,60.44,18,1.99863460358166,1.77279978729061
"2017-2870",2021,2021-07-15,2021-07-15,26.67,"Triclopyr 3 (gal)","Triclopyr","P_163","Y","White Bear",82016700,"EWM","White Bear",1334.411,1334.41,1504.4,53.61,60.44,18,1.99863460358166,1.77279978729061
"2017-2870",2021,2021-07-15,2021-07-15,26.67,"Triclopyr 3 (gal)","Triclopyr","P_163","Y","White Bear",82016700,"EWM","White Bear",1334.411,1334.41,1504.4,53.61,60.44,18,1.99863460358166,1.77279978729061
"2017-2870",2021,2021-07-15,2021-07-15,26.67,"Triclopyr 3 (gal)","Triclopyr","P_163","Y","White Bear",82016700,"EWM","White Bear",1334.411,1334.41,1504.4,53.61,60.44,18,1.99863460358166,1.77279978729061
"2017-2870",2021,2021-07-15,2021-07-15,26.67,"Triclopyr 3 (gal)","Triclopyr","P_163","Y","White Bear",82016700,"EWM","White Bear",1334.411,1334.41,1504.4,53.61,60.44,18,1.99863460358166,1.77279978729061
"2017-2870",2021,2021-07-15,2021-07-15,26.67,"Triclopyr 3 (gal)","Triclopyr","P_163","Y","White Bear",82016700,"EWM","White Bear",1334.411,1334.41,1504.4,53.61,60.44,18,1.99863460358166,1.77279978729061
"2017-2870",2021,2021-07-15,2021-07-15,26.67,"Triclopyr 3 (gal)","Triclopyr","P_163","Y","White Bear",82016700,"EWM","White Bear",1334.411,1334.41,1504.4,53.61,60.44,18,1.99863460358166,1.77279978729061
"2017-3015",2020,2020-09-09,2020-09-09,0.76,"ProcellaCOR EC (oz)","Florpyrauxifen-benzyl","P_165","Y","Bear",9003400,"EWM","Bear",70.075,70.07,62.45,76.65,68.3,13,1.0845522654299,1.21697357886309
"2017-3315",2020,2020-07-02,2020-07-02,16.6,"ProcellaCOR (gal), Tribune (gal)","Florpyrauxifen-benzyl, Diquat Dibromide","P_166, P_167","Y","Turtle",62006100,"EWM","Turtle",284.178,284.18,284.18,63.15,63.15,15,5.841409257578,5.84136814694912
"2017-3315",2020,2020-07-02,2020-07-02,16.6,"ProcellaCOR (gal), Tribune (gal)","Florpyrauxifen-benzyl, Diquat Dibromide","P_166, P_167","Y","Turtle",62006100,"EWM","Turtle",284.178,284.18,284.18,63.15,63.15,15,5.841409257578,5.84136814694912
"2017-3315",2021,2021-06-30,2021-06-30,29.85,"ProcellaCOR (oz), Tribune (gal)","Florpyrauxifen-benzyl, Diquat Dibromide","P_168, P_169","Y","Turtle",62006100,"EWM","Turtle",284.178,284.18,284.18,63.15,63.15,15,10.5039798999219,10.5039059750862
"2017-3315",2021,2021-06-30,2021-06-30,29.85,"ProcellaCOR (oz), Tribune (gal)","Florpyrauxifen-benzyl, Diquat Dibromide","P_168, P_169","Y","Turtle",62006100,"EWM","Turtle",284.178,284.18,284.18,63.15,63.15,15,10.5039798999219,10.5039059750862
"2017-3409",2020,2020-08-06,2020-08-06,5.91,"Tribune (gal)","Diquat Dibromide","P_170","Y","Forest",82015900,"FR","Forest",1561.192,1561.19,1404.75,68.75,61.86,13,0.378556897550077,0.420715429791778
"2017-3409",2020,2020-08-06,2020-08-06,5.91,"Tribune (gal)","Diquat Dibromide","P_170","Y","Forest",82015900,"FR","Forest",1561.192,1561.19,1404.75,68.75,61.86,13,0.378556897550077,0.420715429791778
"2017-459",2020,2020-07-01,2020-07-01,6,"2,4-D Amine (gal)",NA,"P_171","Y",NA,NA,"EWM","Teal",NA,NA,NA,NA,NA,NA,NA,NA
"2017-459",2020,2020-07-01,2020-07-01,6,"2,4-D Amine (gal)",NA,"P_171","Y",NA,NA,"EWM","Townline",NA,NA,NA,NA,NA,NA,NA,NA
"2017-459",2020,2020-07-01,2020-07-01,6,"2,4-D Amine (gal)",NA,"P_171","Y",NA,NA,"EWM","Teal",NA,NA,NA,NA,NA,NA,NA,NA
"2017-459",2020,2020-07-01,2020-07-01,6,"2,4-D Amine (gal)",NA,"P_171","Y",NA,NA,"EWM","Townline",NA,NA,NA,NA,NA,NA,NA,NA
"2017-459",2020,2020-07-01,2020-07-01,6,"2,4-D Amine (gal)",NA,"P_171","Y",NA,NA,"EWM","Teal",NA,NA,NA,NA,NA,NA,NA,NA
"2017-459",2020,2020-07-01,2020-07-01,6,"2,4-D Amine (gal)",NA,"P_171","Y",NA,NA,"EWM","Townline",NA,NA,NA,NA,NA,NA,NA,NA
"2017-459",2020,2020-07-01,2020-07-01,6,"2,4-D Amine (gal)",NA,"P_171","Y",NA,NA,"EWM","Teal",NA,NA,NA,NA,NA,NA,NA,NA
"2017-459",2020,2020-07-01,2020-07-01,6,"2,4-D Amine (gal)",NA,"P_171","Y",NA,NA,"EWM","Townline",NA,NA,NA,NA,NA,NA,NA,NA
"2017-459",2020,2020-07-01,2020-07-01,6,"2,4-D Amine (gal)",NA,"P_171","Y",NA,NA,"EWM","Teal",NA,NA,NA,NA,NA,NA,NA,NA
"2017-459",2020,2020-07-01,2020-07-01,6,"2,4-D Amine (gal)",NA,"P_171","Y",NA,NA,"EWM","Townline",NA,NA,NA,NA,NA,NA,NA,NA
"2018-0004",2021,2021-08-05,2021-08-05,4.6,"ProcellaCOR (oz), Tribune (gal)","Florpyrauxifen-benzyl, Diquat Dibromide","P_172, P_173","Y","Roosevelt",11004300,"EWM","Roosevelt",302.228,302.23,302.23,19.94,19.94,15,1.5220297259023,1.52201965390597
"2018-0004",2021,2021-08-05,2021-08-05,4.6,"ProcellaCOR (oz), Tribune (gal)","Florpyrauxifen-benzyl, Diquat Dibromide","P_172, P_173","Y","Roosevelt",11004300,"EWM","Roosevelt",302.228,302.23,302.23,19.94,19.94,15,1.5220297259023,1.52201965390597
"2018-0035",2021,2021-08-04,2021-08-04,0.27,"ProcellaCOR (oz)","Florpyrauxifen-benzyl","P_174","Y","Girl",11017400,"EWM","Girl",265.94,265.94,304.69,63.11,72.31,20,0.101526660148906,0.0886146575207588
"2018-0093",2021,2021-05-11,2021-05-11,28.4,"Tribune (gal)","Diquat Dibromide","P_175","Y","Two Rivers",73013800,"CLP","Two Rivers",221.09,221.09,157.59,37.89,27.01,7,12.8454475552942,18.0214480614252
"2018-0118",2020,2020-05-05,2020-05-05,35.2,"Aquathol K (gal)","Endothall","P_176","Y","Pearl",73003700,"CLP","Pearl",558.626,558.63,642.73,74.86,86.13,16,6.30117466784575,5.4766387129899
"2018-0118",2020,2020-05-05,2020-05-05,35.2,"Aquathol K (gal)","Endothall","P_176","Y","Pearl",73003700,"CLP","Pearl",558.626,558.63,642.73,74.86,86.13,16,6.30117466784575,5.4766387129899
"2018-0118",2020,2020-05-05,2020-05-05,35.2,"Aquathol K (gal)","Endothall","P_176","Y","Pearl",73003700,"CLP","Pearl",558.626,558.63,642.73,74.86,86.13,16,6.30117466784575,5.4766387129899
"2018-0118",2025,2025-05-14,2025-05-14,39.58,"Diquat Herbicide (gal)","Diquat Dibromide","P_177","Y","Pearl",73003700,"CLP","Pearl",558.626,558.63,642.73,74.86,86.13,16,7.08524128844701,6.15810682557217
"2018-0118",2025,2025-05-14,2025-05-14,39.58,"Diquat Herbicide (gal)","Diquat Dibromide","P_177","Y","Pearl",73003700,"CLP","Pearl",558.626,558.63,642.73,74.86,86.13,16,7.08524128844701,6.15810682557217
"2018-0118",2025,2025-05-14,2025-05-14,39.58,"Diquat Herbicide (gal)","Diquat Dibromide","P_177","Y","Pearl",73003700,"CLP","Pearl",558.626,558.63,642.73,74.86,86.13,16,7.08524128844701,6.15810682557217
"2018-0118",2025,2025-05-14,2025-05-14,39.58,"Diquat Herbicide (gal)","Diquat Dibromide","P_177","Y","Pearl",73003700,"CLP","Pearl",558.626,558.63,642.73,74.86,86.13,16,7.08524128844701,6.15810682557217
"2018-0126",2020,2020-05-22,2020-05-22,18.58,"Aquathol K (gal)","Endothall","P_178","Y","North Center",13003200,"CLP","North Center",749.26,608,608,81.14673144,81.14673144,NA,2.47978004964899,3.05592105263158
"2018-0126",2020,2020-05-22,2020-05-22,18.58,"Aquathol K (gal)","Endothall","P_178","Y","North Center",13003200,"CLP","North Center",749.26,608,608,81.14673144,81.14673144,NA,2.47978004964899,3.05592105263158
"2018-0126",2020,2020-05-22,2020-05-22,18.58,"Aquathol K (gal)","Endothall","P_178","Y","North Center",13003200,"CLP","North Center",749.26,608,608,81.14673144,81.14673144,NA,2.47978004964899,3.05592105263158
"2018-0127",2020,2020-07-09,2020-07-09,9.42,"2,4-D Amine (gal)",NA,"P_179","Y","North Center",13003200,"EWM","North Center",749.26,608,608,81.14673144,81.14673144,NA,1.25724047727091,1.54934210526316
"2018-0127",2020,2020-07-09,2020-07-09,9.42,"2,4-D Amine (gal)",NA,"P_179","Y","North Center",13003200,"EWM","North Center",749.26,608,608,81.14673144,81.14673144,NA,1.25724047727091,1.54934210526316
"2018-0129",2020,2020-05-22,2020-05-22,14.16,"Aquathol K (gal)","Endothall","P_180","Y","South Center",13002700,"CLP","South Center",544.508,544.51,462.13,65.48,55.57,10,2.60051275647006,3.06407287992556
"2018-0129",2020,2020-05-22,2020-05-22,14.16,"Aquathol K (gal)","Endothall","P_180","Y","South Center",13002700,"CLP","South Center",544.508,544.51,462.13,65.48,55.57,10,2.60051275647006,3.06407287992556
"2018-0175",2020,2020-07-31,2020-07-31,3.6,"ProcellaCOR EC (oz)","Florpyrauxifen-benzyl","P_181","Y","Ruth",18021200,"EWM","Ruth",207.076,207.08,260.02,34.56,43.4,20,1.73849214781047,1.38450888393201
"2018-0175",2020,2020-07-31,2020-07-31,3.6,"ProcellaCOR EC (oz)","Florpyrauxifen-benzyl","P_181","Y","Ruth",18021200,"EWM","Ruth",207.076,207.08,260.02,34.56,43.4,20,1.73849214781047,1.38450888393201
"2018-0180",2020,2020-09-10,2020-09-10,2.24,"Dibrox (gal)","Diquat Dibromide","P_182","Y","Clearwater",86025200,"EWM","Clearwater",3186.88,1595.6,50.07,50.07,1595.6,15,0.0702881815443318,4.47373676852407
"2018-0180",2020,2020-09-10,2020-09-10,2.24,"Dibrox (gal)","Diquat Dibromide","P_182","Y","Clearwater",86025200,"EWM","Clearwater",3186.88,1595.6,50.07,50.07,1595.6,15,0.0702881815443318,4.47373676852407
"2018-0180",2020,2020-09-10,2020-09-10,2.24,"Dibrox (gal)","Diquat Dibromide","P_182","Y","Clearwater",86025200,"EWM","Clearwater",3186.88,1595.6,50.07,50.07,1595.6,15,0.0702881815443318,4.47373676852407
"2018-0180",2021,2021-08-23,2021-08-23,5.27,"Dibrox (gal)","Diquat Dibromide","P_183","Y","Clearwater",86025200,"EWM","Clearwater",3186.88,1595.6,50.07,50.07,1595.6,15,0.165365498544031,10.5252646295187
"2018-0180",2021,2021-08-23,2021-08-23,5.27,"Dibrox (gal)","Diquat Dibromide","P_183","Y","Clearwater",86025200,"EWM","Clearwater",3186.88,1595.6,50.07,50.07,1595.6,15,0.165365498544031,10.5252646295187
"2018-0180",2021,2021-08-23,2021-08-23,5.27,"Dibrox (gal)","Diquat Dibromide","P_183","Y","Clearwater",86025200,"EWM","Clearwater",3186.88,1595.6,50.07,50.07,1595.6,15,0.165365498544031,10.5252646295187
"2018-0187",2020,2020-05-26,2020-05-26,8,"Aquathol K (gal)","Endothall","P_184","Y","Latimer",77010500,"CLP","Latimer",83.069,83.07,36.23,41.23,17.98,8,9.63054809856866,22.0811482197074
"2018-0241",2020,2020-05-26,2020-05-26,7.4,"Aquathol K (gal)","Endothall","P_185","Y","Margaret",11022200,"CLP","Margaret",170.02,170.02,141.24,69.93,58.09,13,4.35242912598518,5.23930897762673
"2018-0293",2020,2020-05-05,2020-05-05,36.35,"Aquathol K (gal)","Endothall","P_186","Y","Fannie",30004300,"CLP","Fannie",268.229,268.23,227.86,77.31,65.68,10,13.5518530807631,15.9527780215922
"2018-0293",2020,2020-05-05,2020-05-05,36.35,"Aquathol K (gal)","Endothall","P_186","Y","Fannie",30004300,"CLP","Fannie",268.229,268.23,227.86,77.31,65.68,10,13.5518530807631,15.9527780215922
"2018-0293",2020,2020-05-05,2020-05-05,36.35,"Aquathol K (gal)","Endothall","P_186","Y","Fannie",30004300,"CLP","Fannie",268.229,268.23,227.86,77.31,65.68,10,13.5518530807631,15.9527780215922
"2018-0293",2020,2020-05-05,2020-05-05,36.35,"Aquathol K (gal)","Endothall","P_186","Y","Fannie",30004300,"CLP","Fannie",268.229,268.23,227.86,77.31,65.68,10,13.5518530807631,15.9527780215922
"2018-0293",2020,2020-05-05,2020-05-05,36.35,"Aquathol K (gal)","Endothall","P_186","Y","Fannie",30004300,"CLP","Fannie",268.229,268.23,227.86,77.31,65.68,10,13.5518530807631,15.9527780215922
"2018-0293",2020,2020-05-05,2020-05-05,36.35,"Aquathol K (gal)","Endothall","P_186","Y","Fannie",30004300,"CLP","Fannie",268.229,268.23,227.86,77.31,65.68,10,13.5518530807631,15.9527780215922
"2018-0293",2020,2020-05-05,2020-05-05,36.35,"Aquathol K (gal)","Endothall","P_186","Y","Fannie",30004300,"CLP","Fannie",268.229,268.23,227.86,77.31,65.68,10,13.5518530807631,15.9527780215922
"2018-0293",2020,2020-05-05,2020-05-05,36.35,"Aquathol K (gal)","Endothall","P_186","Y","Fannie",30004300,"CLP","Fannie",268.229,268.23,227.86,77.31,65.68,10,13.5518530807631,15.9527780215922
"2018-0293",2020,2020-05-05,2020-05-05,36.35,"Aquathol K (gal)","Endothall","P_186","Y","Fannie",30004300,"CLP","Fannie",268.229,268.23,227.86,77.31,65.68,10,13.5518530807631,15.9527780215922
"2018-0293",2020,2020-05-05,2020-05-05,36.35,"Aquathol K (gal)","Endothall","P_186","Y","Fannie",30004300,"CLP","Fannie",268.229,268.23,227.86,77.31,65.68,10,13.5518530807631,15.9527780215922
"2018-0293",2021,2021-05-07,2021-05-07,27.6,"Aquathol K (gal)","Endothall","P_187","Y","Fannie",30004300,"CLP","Fannie",268.229,268.23,227.86,77.31,65.68,10,10.2897151314735,12.1127007811814
"2018-0293",2021,2021-05-07,2021-05-07,27.6,"Aquathol K (gal)","Endothall","P_187","Y","Fannie",30004300,"CLP","Fannie",268.229,268.23,227.86,77.31,65.68,10,10.2897151314735,12.1127007811814
"2018-0293",2021,2021-05-07,2021-05-07,27.6,"Aquathol K (gal)","Endothall","P_187","Y","Fannie",30004300,"CLP","Fannie",268.229,268.23,227.86,77.31,65.68,10,10.2897151314735,12.1127007811814
"2018-0293",2021,2021-05-07,2021-05-07,27.6,"Aquathol K (gal)","Endothall","P_187","Y","Fannie",30004300,"CLP","Fannie",268.229,268.23,227.86,77.31,65.68,10,10.2897151314735,12.1127007811814
"2018-0293",2021,2021-05-07,2021-05-07,27.6,"Aquathol K (gal)","Endothall","P_187","Y","Fannie",30004300,"CLP","Fannie",268.229,268.23,227.86,77.31,65.68,10,10.2897151314735,12.1127007811814
"2018-0293",2021,2021-05-07,2021-05-07,27.6,"Aquathol K (gal)","Endothall","P_187","Y","Fannie",30004300,"CLP","Fannie",268.229,268.23,227.86,77.31,65.68,10,10.2897151314735,12.1127007811814
"2018-0293",2021,2021-05-07,2021-05-07,27.6,"Aquathol K (gal)","Endothall","P_187","Y","Fannie",30004300,"CLP","Fannie",268.229,268.23,227.86,77.31,65.68,10,10.2897151314735,12.1127007811814
"2018-0293",2025,2025-05-12,2025-05-12,38.15,"Flumioxazin 51WDG Prime ()","Flumioxazin","P_188","Y","Fannie",30004300,"CLP","Fannie",268.229,268.23,227.86,77.31,65.68,10,14.2229214589027,16.742736768191
"2018-0293",2025,2025-05-12,2025-05-12,38.15,"Flumioxazin 51WDG Prime ()","Flumioxazin","P_188","Y","Fannie",30004300,"CLP","Fannie",268.229,268.23,227.86,77.31,65.68,10,14.2229214589027,16.742736768191
"2018-0293",2025,2025-05-12,2025-05-12,38.15,"Flumioxazin 51WDG Prime ()","Flumioxazin","P_188","Y","Fannie",30004300,"CLP","Fannie",268.229,268.23,227.86,77.31,65.68,10,14.2229214589027,16.742736768191
"2018-0293",2025,2025-05-12,2025-05-12,38.15,"Flumioxazin 51WDG Prime ()","Flumioxazin","P_188","Y","Fannie",30004300,"CLP","Fannie",268.229,268.23,227.86,77.31,65.68,10,14.2229214589027,16.742736768191
"2018-0293",2025,2025-05-12,2025-05-12,38.15,"Flumioxazin 51WDG Prime ()","Flumioxazin","P_188","Y","Fannie",30004300,"CLP","Fannie",268.229,268.23,227.86,77.31,65.68,10,14.2229214589027,16.742736768191
"2018-0293",2025,2025-05-12,2025-05-12,38.15,"Flumioxazin 51WDG Prime ()","Flumioxazin","P_188","Y","Fannie",30004300,"CLP","Fannie",268.229,268.23,227.86,77.31,65.68,10,14.2229214589027,16.742736768191
"2018-0294",2020,2020-05-28,2020-05-28,9.15,"Diquat SPC 2 L ()","Diquat Dibromide","P_189","Y","Upper Twin",27004201,"CLP","Upper Twin",123.503,123.5,123.5,96.59,96.59,15,7.40872691351627,7.40890688259109
"2018-0332",2021,2021-08-26,2021-08-26,2.07,"ProcellaCOR EC (oz), Tribune (gal)","Florpyrauxifen-benzyl, Diquat Dibromide","P_190, P_191","Y","Bad Axe",29020800,"EWM","Bad Axe",303.26,125,41.22,41.22,125,15,0.68258260238739,5.02183406113537
"2018-0332",2021,2021-08-26,2021-08-26,2.07,"ProcellaCOR EC (oz), Tribune (gal)","Florpyrauxifen-benzyl, Diquat Dibromide","P_190, P_191","Y","Bad Axe",29020800,"EWM","Bad Axe",303.26,125,41.22,41.22,125,15,0.68258260238739,5.02183406113537
"2018-0332",2025,2025-07-24,2025-07-24,2,"ProcellaCOR EC (oz)","Florpyrauxifen-benzyl","P_192","Y","Bad Axe",29020800,"EWM","Bad Axe",303.26,125,41.22,41.22,125,15,0.659500098925015,4.85201358563804
"2018-0333",2021,2021-07-27,2021-07-27,11.2,"ProcellaCOR (oz)","Florpyrauxifen-benzyl","P_193","Y","French",86027300,"EWM","French",166.944,166.94,166.94,48.15,48.15,15,6.70883649607054,6.70899724451899
"2018-0333",2023,2023-09-26,2023-09-26,7.8,"ProcellaCOR (oz)","Florpyrauxifen-benzyl","P_194","Y","French",86027300,"EWM","French",166.944,166.94,166.94,48.15,48.15,15,4.67222541690627,4.67233736671858
"2018-0334",2021,2021-05-24,2021-05-24,18.7,"Aquathol K (gal)","Endothall","P_195","Y","Ida",21012300,"CLP","Ida",1751.072,1751.07,2106.87,39.56,47.59,21,1.06791725297418,0.887572560243394
"2018-0371",2025,2025-05-08,2025-05-08,16.45,"FlumigardSC (oz)","Flumioxazin","P_196","Y","Alexander",49007900,"CLP","Alexander",843.851,843.85,1074.44,31.09,39.58,20,1.94939627967497,1.53103011801497
"2018-0371",2025,2025-05-08,2025-05-08,16.45,"FlumigardSC (oz)","Flumioxazin","P_196","Y","Alexander",49007900,"CLP","Alexander",843.851,843.85,1074.44,31.09,39.58,20,1.94939627967497,1.53103011801497
"2018-0371",2025,2025-05-08,2025-05-08,16.45,"FlumigardSC (oz)","Flumioxazin","P_196","Y","Alexander",49007900,"CLP","Alexander",843.851,843.85,1074.44,31.09,39.58,20,1.94939627967497,1.53103011801497
"2018-0371",2025,2025-05-08,2025-05-08,16.45,"FlumigardSC (oz)","Flumioxazin","P_196","Y","Alexander",49007900,"CLP","Alexander",843.851,843.85,1074.44,31.09,39.58,20,1.94939627967497,1.53103011801497
"2018-0371",2025,2025-05-08,2025-05-08,16.45,"FlumigardSC (oz)","Flumioxazin","P_196","Y","Alexander",49007900,"CLP","Alexander",843.851,843.85,1074.44,31.09,39.58,20,1.94939627967497,1.53103011801497
"2018-0371",2025,2025-05-08,2025-05-08,16.45,"FlumigardSC (oz)","Flumioxazin","P_196","Y","Alexander",49007900,"CLP","Alexander",843.851,843.85,1074.44,31.09,39.58,20,1.94939627967497,1.53103011801497
"2018-0371",2025,2025-05-08,2025-05-08,16.45,"FlumigardSC (oz)","Flumioxazin","P_196","Y","Alexander",49007900,"CLP","Alexander",843.851,843.85,1074.44,31.09,39.58,20,1.94939627967497,1.53103011801497
"2018-0371",2025,2025-05-08,2025-05-08,16.45,"FlumigardSC (oz)","Flumioxazin","P_196","Y","Alexander",49007900,"CLP","Alexander",843.851,843.85,1074.44,31.09,39.58,20,1.94939627967497,1.53103011801497
"2018-0395",2020,2020-05-04,2020-05-04,7.9,"Aquathol K (gal)","Endothall","P_197","Y","Limestone",86016300,"CLP","Limestone",97.929,97.93,87.88,53.34,47.87,13,8.06706899896864,8.98953117888029
"2018-0395",2020,2020-05-04,2020-05-04,7.9,"Aquathol K (gal)","Endothall","P_197","Y","Limestone",86016300,"CLP","Limestone",97.929,97.93,87.88,53.34,47.87,13,8.06706899896864,8.98953117888029
"2018-0395",2021,2021-05-01,2021-05-01,7.9,"Aquathol K (gal)","Endothall","P_198","Y","Limestone",86016300,"CLP","Limestone",97.929,97.93,87.88,53.34,47.87,13,8.06706899896864,8.98953117888029
"2018-0395",2021,2021-05-01,2021-05-01,7.9,"Aquathol K (gal)","Endothall","P_198","Y","Limestone",86016300,"CLP","Limestone",97.929,97.93,87.88,53.34,47.87,13,8.06706899896864,8.98953117888029
"2018-0408",2020,2020-05-22,2020-05-22,1.9,"Aquathol K (gal)","Endothall","P_199","Y","Serpent",18009000,"CLP","Serpent",301.119,301.12,301.12,27.3,27.3,15,0.630979778758564,0.630977683315622
"2018-0408",2021,2021-05-17,2021-05-17,5,"Aquathol K (gal)","Endothall","P_200","Y","Serpent",18009000,"CLP","Serpent",301.119,301.12,301.12,27.3,27.3,15,1.66047310199622,1.66046758767269
"2018-0543",2020,2020-05-21,2020-05-21,9.24,"Aquathol K (gal)","Endothall","P_201","Y","Fish Trap",49013700,"CLP","Fish Trap",357.286,357.29,357.29,30.05,30.05,15,2.58616346568295,2.58613451258082
"2018-0543",2020,2020-05-21,2020-05-21,9.24,"Aquathol K (gal)","Endothall","P_201","Y","Fish Trap",49013700,"CLP","Fish Trap",357.286,357.29,357.29,30.05,30.05,15,2.58616346568295,2.58613451258082
"2018-0543",2020,2020-05-21,2020-05-21,9.24,"Aquathol K (gal)","Endothall","P_201","Y","Fish Trap",49013700,"CLP","Fish Trap",357.286,357.29,357.29,30.05,30.05,15,2.58616346568295,2.58613451258082
"2018-0543",2020,2020-05-21,2020-05-21,9.24,"Aquathol K (gal)","Endothall","P_201","Y","Fish Trap",49013700,"CLP","Fish Trap",357.286,357.29,357.29,30.05,30.05,15,2.58616346568295,2.58613451258082
"2018-0543",2020,2020-05-21,2020-05-21,9.24,"Aquathol K (gal)","Endothall","P_201","Y","Fish Trap",49013700,"CLP","Fish Trap",357.286,357.29,357.29,30.05,30.05,15,2.58616346568295,2.58613451258082
"2018-0543",2020,2020-05-21,2020-05-21,9.24,"Aquathol K (gal)","Endothall","P_201","Y","Fish Trap",49013700,"CLP","Fish Trap",357.286,357.29,357.29,30.05,30.05,15,2.58616346568295,2.58613451258082
"2018-0544",2020,2020-05-12,2020-05-12,15,"Tribune (gal)","Diquat Dibromide","P_202","Y","Pleasant",86025100,"CLP","Pleasant",291.243,291.24,326.45,50.98,57.15,18,5.15033837723138,4.59488436207689
"2018-0611",2022,2023-05-30,2023-05-30,65,"Aquathol K (gal)","Endothall","P_203","Y","Big Pine",56013000,"CLP","Big Pine",2375.962,2375.96,2375.96,50.23,50.23,15,2.73573398901161,2.73573629185677
"2018-0668",2020,2020-05-22,2020-05-22,32.3,"Aquathol K (gal)","Endothall","P_204","Y","Grand",73005500,"CLP","Grand",233.22,233.22,233.22,35.95,35.95,15,13.8495840836978,13.8495840836978
"2018-0668",2020,2020-05-22,2020-05-22,32.3,"Aquathol K (gal)","Endothall","P_204","Y","Grand",73005500,"CLP","Grand",233.22,233.22,233.22,35.95,35.95,15,13.8495840836978,13.8495840836978
"2018-0668",2020,2020-05-22,2020-05-22,32.3,"Aquathol K (gal)","Endothall","P_204","Y","Grand",73005500,"CLP","Grand",233.22,233.22,233.22,35.95,35.95,15,13.8495840836978,13.8495840836978
"2018-0668",2020,2020-05-22,2020-05-22,32.3,"Aquathol K (gal)","Endothall","P_204","Y","Grand",73005500,"CLP","Grand",233.22,233.22,233.22,35.95,35.95,15,13.8495840836978,13.8495840836978
"2018-0668",2020,2020-05-22,2020-05-22,32.3,"Aquathol K (gal)","Endothall","P_204","Y","Grand",73005500,"CLP","Grand",233.22,233.22,233.22,35.95,35.95,15,13.8495840836978,13.8495840836978
"2018-0668",2021,2021-05-07,2021-05-07,32.41,"Aquathol K (gal)","Endothall","P_205","Y","Grand",73005500,"CLP","Grand",233.22,233.22,233.22,35.95,35.95,15,13.8967498499271,13.8967498499271
"2018-0668",2021,2021-05-07,2021-05-07,32.41,"Aquathol K (gal)","Endothall","P_205","Y","Grand",73005500,"CLP","Grand",233.22,233.22,233.22,35.95,35.95,15,13.8967498499271,13.8967498499271
"2018-0668",2021,2021-05-07,2021-05-07,32.41,"Aquathol K (gal)","Endothall","P_205","Y","Grand",73005500,"CLP","Grand",233.22,233.22,233.22,35.95,35.95,15,13.8967498499271,13.8967498499271
"2018-0668",2021,2021-05-07,2021-05-07,32.41,"Aquathol K (gal)","Endothall","P_205","Y","Grand",73005500,"CLP","Grand",233.22,233.22,233.22,35.95,35.95,15,13.8967498499271,13.8967498499271
"2018-0668",2021,2021-05-07,2021-05-07,32.41,"Aquathol K (gal)","Endothall","P_205","Y","Grand",73005500,"CLP","Grand",233.22,233.22,233.22,35.95,35.95,15,13.8967498499271,13.8967498499271
"2018-0670",2020,2020-05-15,2020-05-15,32,"Aquathol K (gal)","Endothall","P_206","Y","Briggs",71014600,"CLP","Briggs",219.68,219.68,145.72,54.35,36.05,8,14.5666423889294,21.959923140269
"2018-0670",2020,2020-05-15,2020-05-15,32,"Aquathol K (gal)","Endothall","P_206","Y","Briggs",71014600,"CLP","Briggs",219.68,219.68,145.72,54.35,36.05,8,14.5666423889294,21.959923140269
"2018-0670",2020,2020-05-15,2020-05-15,32,"Aquathol K (gal)","Endothall","P_206","Y","Briggs",71014600,"CLP","Briggs",219.68,219.68,145.72,54.35,36.05,8,14.5666423889294,21.959923140269
"2018-0670",2020,2020-05-15,2020-05-15,32,"Aquathol K (gal)","Endothall","P_206","Y","Briggs",71014600,"CLP","Briggs",219.68,219.68,145.72,54.35,36.05,8,14.5666423889294,21.959923140269
"2018-0670",2020,2020-05-15,2020-05-15,32,"Aquathol K (gal)","Endothall","P_206","Y","Briggs",71014600,"CLP","Briggs",219.68,219.68,145.72,54.35,36.05,8,14.5666423889294,21.959923140269
"2018-0670",2021,2021-05-05,2021-05-05,32.25,"Aquathol K (gal)","Endothall","P_207","Y","Briggs",71014600,"CLP","Briggs",219.68,219.68,145.72,54.35,36.05,8,14.6804442825929,22.1314850398024
"2018-0670",2021,2021-05-05,2021-05-05,32.25,"Aquathol K (gal)","Endothall","P_207","Y","Briggs",71014600,"CLP","Briggs",219.68,219.68,145.72,54.35,36.05,8,14.6804442825929,22.1314850398024
"2018-0670",2021,2021-05-05,2021-05-05,32.25,"Aquathol K (gal)","Endothall","P_207","Y","Briggs",71014600,"CLP","Briggs",219.68,219.68,145.72,54.35,36.05,8,14.6804442825929,22.1314850398024
"2018-0670",2021,2021-05-05,2021-05-05,32.25,"Aquathol K (gal)","Endothall","P_207","Y","Briggs",71014600,"CLP","Briggs",219.68,219.68,145.72,54.35,36.05,8,14.6804442825929,22.1314850398024
"2018-0670",2021,2021-05-05,2021-05-05,32.25,"Aquathol K (gal)","Endothall","P_207","Y","Briggs",71014600,"CLP","Briggs",219.68,219.68,145.72,54.35,36.05,8,14.6804442825929,22.1314850398024
"2018-0670",2021,2021-05-05,2021-05-05,32.25,"Aquathol K (gal)","Endothall","P_207","Y","Briggs",71014600,"CLP","Briggs",219.68,219.68,145.72,54.35,36.05,8,14.6804442825929,22.1314850398024
"2018-0670",2021,2021-05-05,2021-05-05,32.25,"Aquathol K (gal)","Endothall","P_207","Y","Briggs",71014600,"CLP","Briggs",219.68,219.68,145.72,54.35,36.05,8,14.6804442825929,22.1314850398024
"2018-0670",2023,2023-05-23,2023-05-23,25.3,"Aquathol K (gal)","Endothall","P_208","Y","Briggs",71014600,"CLP","Briggs",219.68,219.68,145.72,54.35,36.05,8,11.5167516387473,17.3620642327752
"2018-0670",2025,2025-04-30,2025-04-30,27.8,"FlumigardSC (gal)","Flumioxazin","P_209","Y","Briggs",71014600,"CLP","Briggs",219.68,219.68,145.72,54.35,36.05,8,12.6547705753824,19.0776832281087
"2018-0672",2020,2020-05-15,2020-05-15,8,"Aquathol K (gal)","Endothall","P_210","Y","Julia",71014500,"CLP","Julia",151.823,151.82,45.68,99.75,30.01,6,5.26929384875809,17.5131348511384
"2018-0672",2021,2021-05-05,2021-05-05,10.5,"Aquathol K (gal)","Endothall","P_211","Y","Julia",71014500,"CLP","Julia",151.823,151.82,45.68,99.75,30.01,6,6.915948176495,22.9859894921191
"2018-0672",2021,2021-05-05,2021-05-05,10.5,"Aquathol K (gal)","Endothall","P_211","Y","Julia",71014500,"CLP","Julia",151.823,151.82,45.68,99.75,30.01,6,6.915948176495,22.9859894921191
"2018-0787",2020,2020-05-04,2020-05-04,20,"Aquathol K (gal)","Endothall","P_212","Y","Roberds",66001800,"CLP","Roberds",486.887,486.89,143.68,77.01,22.72,5,4.10772930885401,13.9198218262806
"2018-0834",2021,2021-05-17,2021-05-17,9.7,"Aquathol K (gal)","Endothall","P_213","Y","North Long",18037200,"CLP","North Long",4018.379,4018.38,4321.49,65.4,70.34,20,0.241390869303269,0.224459619251693
"2018-0849",2020,2020-05-22,2020-05-22,18,"Cygnet Plus (gal), Tribune (gal)","Limonene, Diquat Dibromide","P_214, P_215","Y","North Brown's",73014700,"CLP","North Brown's",124.489,124.49,124.49,39.87,39.87,15,14.4591088369253,14.4589926901759
"2018-0849",2020,2020-05-22,2020-05-22,18,"Cygnet Plus (gal), Tribune (gal)","Limonene, Diquat Dibromide","P_214, P_215","Y","North Brown's",73014700,"CLP","North Brown's",124.489,124.49,124.49,39.87,39.87,15,14.4591088369253,14.4589926901759
"2018-0849",2020,2020-05-22,2020-05-22,18,"Cygnet Plus (gal), Tribune (gal)","Limonene, Diquat Dibromide","P_214, P_215","Y","North Brown's",73014700,"CLP","North Brown's",124.489,124.49,124.49,39.87,39.87,15,14.4591088369253,14.4589926901759
"2018-0849",2020,2020-05-22,2020-05-22,18,"Cygnet Plus (gal), Tribune (gal)","Limonene, Diquat Dibromide","P_214, P_215","Y","North Brown's",73014700,"CLP","North Brown's",124.489,124.49,124.49,39.87,39.87,15,14.4591088369253,14.4589926901759
"2018-0849",2020,2020-05-22,2020-05-22,18,"Cygnet Plus (gal), Tribune (gal)","Limonene, Diquat Dibromide","P_214, P_215","Y","North Brown's",73014700,"CLP","North Brown's",124.489,124.49,124.49,39.87,39.87,15,14.4591088369253,14.4589926901759
"2018-0849",2020,2020-05-22,2020-05-22,18,"Cygnet Plus (gal), Tribune (gal)","Limonene, Diquat Dibromide","P_214, P_215","Y","North Brown's",73014700,"CLP","North Brown's",124.489,124.49,124.49,39.87,39.87,15,14.4591088369253,14.4589926901759
"2018-0849",2020,2020-05-22,2020-05-22,18,"Cygnet Plus (gal), Tribune (gal)","Limonene, Diquat Dibromide","P_214, P_215","Y","North Brown's",73014700,"CLP","North Brown's",124.489,124.49,124.49,39.87,39.87,15,14.4591088369253,14.4589926901759
"2018-0849",2020,2020-05-22,2020-05-22,18,"Cygnet Plus (gal), Tribune (gal)","Limonene, Diquat Dibromide","P_214, P_215","Y","North Brown's",73014700,"CLP","North Brown's",124.489,124.49,124.49,39.87,39.87,15,14.4591088369253,14.4589926901759
"2018-0849",2020,2020-05-22,2020-05-22,18,"Cygnet Plus (gal), Tribune (gal)","Limonene, Diquat Dibromide","P_214, P_215","Y","North Brown's",73014700,"CLP","North Brown's",124.489,124.49,124.49,39.87,39.87,15,14.4591088369253,14.4589926901759
"2018-0849",2020,2020-05-22,2020-05-22,18,"Cygnet Plus (gal), Tribune (gal)","Limonene, Diquat Dibromide","P_214, P_215","Y","North Brown's",73014700,"CLP","North Brown's",124.489,124.49,124.49,39.87,39.87,15,14.4591088369253,14.4589926901759
"2018-0849",2021,2021-05-24,2021-05-24,18,"Aquathol K (gal)","Endothall","P_216","Y","North Brown's",73014700,"CLP","North Brown's",124.489,124.49,124.49,39.87,39.87,15,14.4591088369253,14.4589926901759
"2018-0849",2021,2021-05-24,2021-05-24,18,"Aquathol K (gal)","Endothall","P_216","Y","North Brown's",73014700,"CLP","North Brown's",124.489,124.49,124.49,39.87,39.87,15,14.4591088369253,14.4589926901759
"2018-0849",2021,2021-05-24,2021-05-24,18,"Aquathol K (gal)","Endothall","P_216","Y","North Brown's",73014700,"CLP","North Brown's",124.489,124.49,124.49,39.87,39.87,15,14.4591088369253,14.4589926901759
"2018-0849",2021,2021-05-24,2021-05-24,18,"Aquathol K (gal)","Endothall","P_216","Y","North Brown's",73014700,"CLP","North Brown's",124.489,124.49,124.49,39.87,39.87,15,14.4591088369253,14.4589926901759
"2018-0849",2021,2021-05-24,2021-05-24,18,"Aquathol K (gal)","Endothall","P_216","Y","North Brown's",73014700,"CLP","North Brown's",124.489,124.49,124.49,39.87,39.87,15,14.4591088369253,14.4589926901759
"2018-0881",2020,2020-05-26,2020-05-26,12.2,"Aquathol K (gal)","Endothall","P_217","Y","Norway",11030700,"CLP","Norway",514.879,514.88,514.88,100,100,14,2.36948875366834,2.36948415164699
"2018-0881",2021,2021-05-27,2021-05-27,7.1,"Aquathol K (gal)","Endothall","P_218","Y","Norway",11030700,"CLP","Norway",514.879,514.88,514.88,100,100,14,1.37896476647911,1.37896208825357
"2018-0898",2020,2020-05-22,2020-05-22,15.76,"Aquathol K (gal)","Endothall","P_219","Y","Blue",30010700,"CLP","Blue",295.99,134,45.27,45.27,134,15,5.32450420622318,34.813342169207
"2018-0898",2020,2020-05-22,2020-05-22,15.76,"Aquathol K (gal)","Endothall","P_219","Y","Blue",30010700,"CLP","Blue",295.99,134,45.27,45.27,134,15,5.32450420622318,34.813342169207
"2018-0898",2021,2021-05-17,2021-05-17,16,"Diquat Herbicide (gal)","Diquat Dibromide","P_220","Y","Blue",30010700,"CLP","Blue",295.99,134,45.27,45.27,134,15,5.40558802662252,35.3434945880274
"2018-0898",2021,2021-05-17,2021-05-17,16,"Diquat Herbicide (gal)","Diquat Dibromide","P_220","Y","Blue",30010700,"CLP","Blue",295.99,134,45.27,45.27,134,15,5.40558802662252,35.3434945880274
"2018-0898",2021,2021-05-17,2021-05-17,16,"Diquat Herbicide (gal)","Diquat Dibromide","P_220","Y","Blue",30010700,"CLP","Blue",295.99,134,45.27,45.27,134,15,5.40558802662252,35.3434945880274
"2018-0898",2023,2023-05-23,2023-05-23,16,"Tribune (gal)","Diquat Dibromide","P_221","Y","Blue",30010700,"CLP","Blue",295.99,134,45.27,45.27,134,15,5.40558802662252,35.3434945880274
"2018-0898",2023,2023-05-23,2023-05-23,16,"Tribune (gal)","Diquat Dibromide","P_221","Y","Blue",30010700,"CLP","Blue",295.99,134,45.27,45.27,134,15,5.40558802662252,35.3434945880274
"2018-0898",2023,2023-05-23,2023-05-23,16,"Tribune (gal)","Diquat Dibromide","P_221","Y","Blue",30010700,"CLP","Blue",295.99,134,45.27,45.27,134,15,5.40558802662252,35.3434945880274
"2018-0898",2023,2023-05-23,2023-05-23,16,"Tribune (gal)","Diquat Dibromide","P_221","Y","Blue",30010700,"CLP","Blue",295.99,134,45.27,45.27,134,15,5.40558802662252,35.3434945880274
"2018-0898",2023,2023-05-23,2023-05-23,16,"Tribune (gal)","Diquat Dibromide","P_221","Y","Blue",30010700,"CLP","Blue",295.99,134,45.27,45.27,134,15,5.40558802662252,35.3434945880274
"2018-0898",2023,2023-05-23,2023-05-23,16,"Tribune (gal)","Diquat Dibromide","P_221","Y","Blue",30010700,"CLP","Blue",295.99,134,45.27,45.27,134,15,5.40558802662252,35.3434945880274
"2018-0912",2020,2020-05-20,2020-05-20,6.06,"Aquathol K (gal)","Endothall","P_222","Y","Bass",86023400,"CLP","Bass",95.961,95.96,95.96,44.9,44.9,15,6.31506549535749,6.3151313047103
"2018-0912",2021,2021-05-19,2021-05-19,11.4,"Aquathol K (gal)","Endothall","P_223","Y","Bass",86023400,"CLP","Bass",95.961,95.96,95.96,44.9,44.9,15,11.8798261793854,11.879949979158
"2018-0912",2021,2021-05-19,2021-05-19,11.4,"Aquathol K (gal)","Endothall","P_223","Y","Bass",86023400,"CLP","Bass",95.961,95.96,95.96,44.9,44.9,15,11.8798261793854,11.879949979158
"2018-0912",2021,2021-05-19,2021-05-19,11.4,"Aquathol K (gal)","Endothall","P_223","Y","Bass",86023400,"CLP","Bass",95.961,95.96,95.96,44.9,44.9,15,11.8798261793854,11.879949979158
"2018-0912",2022,2022-05-19,2022-05-19,2.5,"Aquathol K (gal)","Endothall","P_224","Y","Bass",86023400,"CLP","Bass",95.961,95.96,95.96,44.9,44.9,15,2.6052250393389,2.60525218841184
"2018-0912",2022,2022-05-19,2022-05-19,2.5,"Aquathol K (gal)","Endothall","P_224","Y","Bass",86023400,"CLP","Bass",95.961,95.96,95.96,44.9,44.9,15,2.6052250393389,2.60525218841184
"2018-1014",2020,2020-05-06,2020-05-06,23.7,"Dibrox (gal)","Diquat Dibromide","P_225","Y","Duck",7005300,"CLP","Duck",247.129,247.13,147.19,85.1,50.68,10,9.59013308838704,16.1016373394932
"2018-1014",2020,2020-05-06,2020-05-06,23.7,"Dibrox (gal)","Diquat Dibromide","P_225","Y","Duck",7005300,"CLP","Duck",247.129,247.13,147.19,85.1,50.68,10,9.59013308838704,16.1016373394932
"2018-1014",2020,2020-05-06,2020-05-06,23.7,"Dibrox (gal)","Diquat Dibromide","P_225","Y","Duck",7005300,"CLP","Duck",247.129,247.13,147.19,85.1,50.68,10,9.59013308838704,16.1016373394932
"2018-1015",2020,2020-05-20,2020-05-20,50.5,"Dibrox (gal)","Diquat Dibromide","P_226","Y","Green",30013600,"CLP","Green",357.1,357.1,135.24,42.88,16.24,5,14.1416970036404,37.3410233658681
"2018-1015",2020,2020-05-20,2020-05-20,50.5,"Dibrox (gal)","Diquat Dibromide","P_226","Y","Green",30013600,"CLP","Green",357.1,357.1,135.24,42.88,16.24,5,14.1416970036404,37.3410233658681
"2018-1015",2020,2020-05-20,2020-05-20,50.5,"Dibrox (gal)","Diquat Dibromide","P_226","Y","Green",30013600,"CLP","Green",357.1,357.1,135.24,42.88,16.24,5,14.1416970036404,37.3410233658681
"2018-1015",2020,2020-05-20,2020-05-20,50.5,"Dibrox (gal)","Diquat Dibromide","P_226","Y","Green",30013600,"CLP","Green",357.1,357.1,135.24,42.88,16.24,5,14.1416970036404,37.3410233658681
"2018-1016",2021,2021-05-05,2021-05-05,7.8,"Aquathol K (gal)","Endothall","P_227","Y","Long",30007200,"CLP","Long",381.576,381.58,372.26,100,97.56,8,2.04415372035977,2.09530972975877
"2018-1016",2021,2021-05-05,2021-05-05,7.8,"Aquathol K (gal)","Endothall","P_227","Y","Long",30007200,"CLP","Long",381.576,381.58,372.26,100,97.56,8,2.04415372035977,2.09530972975877
"2018-1041",2020,2020-07-15,2020-07-15,6.65,"ProcellaCOR EC (oz), Tribune (gal)","Florpyrauxifen-benzyl, Diquat Dibromide","P_228, P_229","Y","Medicine",27010400,"EWM","Medicine",434.53,434.53,434.53,46.74,46.74,15,1.53038915609969,1.53038915609969
"2018-1041",2020,2020-07-15,2020-07-15,6.65,"ProcellaCOR EC (oz), Tribune (gal)","Florpyrauxifen-benzyl, Diquat Dibromide","P_228, P_229","Y","Medicine",27010400,"EWM","Medicine",434.53,434.53,434.53,46.74,46.74,15,1.53038915609969,1.53038915609969
"2018-1044",2021,2021-05-05,2021-05-05,24.69,"Aquathol K (gal)","Endothall","P_230","Y","West Rush",13006902,"CLP","West Rush",902.792,902.79,692,54.96,42.13,10,2.73484922329839,3.56791907514451
"2018-1044",2021,2021-05-05,2021-05-05,24.69,"Aquathol K (gal)","Endothall","P_230","Y","West Rush",13006902,"CLP","West Rush",902.792,902.79,692,54.96,42.13,10,2.73484922329839,3.56791907514451
"2018-1044",2021,2021-05-05,2021-05-05,24.69,"Aquathol K (gal)","Endothall","P_230","Y","West Rush",13006902,"CLP","West Rush",902.792,902.79,692,54.96,42.13,10,2.73484922329839,3.56791907514451
"2018-1044",2021,2021-05-05,2021-05-05,24.69,"Aquathol K (gal)","Endothall","P_230","Y","West Rush",13006902,"CLP","West Rush",902.792,902.79,692,54.96,42.13,10,2.73484922329839,3.56791907514451
"2018-1044",2021,2021-05-05,2021-05-05,24.69,"Aquathol K (gal)","Endothall","P_230","Y","West Rush",13006902,"CLP","West Rush",902.792,902.79,692,54.96,42.13,10,2.73484922329839,3.56791907514451
"2018-1044",2021,2021-05-05,2021-05-05,24.69,"Aquathol K (gal)","Endothall","P_230","Y","West Rush",13006902,"CLP","West Rush",902.792,902.79,692,54.96,42.13,10,2.73484922329839,3.56791907514451
"2018-1044",2021,2021-05-05,2021-05-05,24.69,"Aquathol K (gal)","Endothall","P_230","Y","West Rush",13006902,"CLP","West Rush",902.792,902.79,692,54.96,42.13,10,2.73484922329839,3.56791907514451
"2018-1044",2021,2021-05-05,2021-05-05,24.69,"Aquathol K (gal)","Endothall","P_230","Y","West Rush",13006902,"CLP","West Rush",902.792,902.79,692,54.96,42.13,10,2.73484922329839,3.56791907514451
"2018-1045",2020,2020-05-12,2020-05-12,39.58,"Aquathol K (gal)","Endothall","P_231","Y","East Rush",13006901,"CLP","East Rush",1136.436,1136.44,722.01,76.56,48.64,8,3.48281821413612,5.48191853298431
"2018-1045",2020,2020-05-12,2020-05-12,39.58,"Aquathol K (gal)","Endothall","P_231","Y","East Rush",13006901,"CLP","East Rush",1136.436,1136.44,722.01,76.56,48.64,8,3.48281821413612,5.48191853298431
"2018-1045",2020,2020-05-12,2020-05-12,39.58,"Aquathol K (gal)","Endothall","P_231","Y","East Rush",13006901,"CLP","East Rush",1136.436,1136.44,722.01,76.56,48.64,8,3.48281821413612,5.48191853298431
"2018-1045",2020,2020-05-12,2020-05-12,39.58,"Aquathol K (gal)","Endothall","P_231","Y","East Rush",13006901,"CLP","East Rush",1136.436,1136.44,722.01,76.56,48.64,8,3.48281821413612,5.48191853298431
"2018-1045",2020,2020-05-12,2020-05-12,39.58,"Aquathol K (gal)","Endothall","P_231","Y","East Rush",13006901,"CLP","East Rush",1136.436,1136.44,722.01,76.56,48.64,8,3.48281821413612,5.48191853298431
"2018-1045",2020,2020-05-12,2020-05-12,39.58,"Aquathol K (gal)","Endothall","P_231","Y","East Rush",13006901,"CLP","East Rush",1136.436,1136.44,722.01,76.56,48.64,8,3.48281821413612,5.48191853298431
"2018-1045",2020,2020-05-12,2020-05-12,39.58,"Aquathol K (gal)","Endothall","P_231","Y","East Rush",13006901,"CLP","East Rush",1136.436,1136.44,722.01,76.56,48.64,8,3.48281821413612,5.48191853298431
"2018-1045",2020,2020-05-12,2020-05-12,39.58,"Aquathol K (gal)","Endothall","P_231","Y","East Rush",13006901,"CLP","East Rush",1136.436,1136.44,722.01,76.56,48.64,8,3.48281821413612,5.48191853298431
"2018-1045",2021,2021-05-05,2021-05-05,24.53,"Aquathol K (gal)","Endothall","P_232","Y","East Rush",13006901,"CLP","East Rush",1136.436,1136.44,722.01,76.56,48.64,8,2.15850254655784,3.39745986897688
"2018-1045",2021,2021-05-05,2021-05-05,24.53,"Aquathol K (gal)","Endothall","P_232","Y","East Rush",13006901,"CLP","East Rush",1136.436,1136.44,722.01,76.56,48.64,8,2.15850254655784,3.39745986897688
"2018-1045",2021,2021-05-05,2021-05-05,24.53,"Aquathol K (gal)","Endothall","P_232","Y","East Rush",13006901,"CLP","East Rush",1136.436,1136.44,722.01,76.56,48.64,8,2.15850254655784,3.39745986897688
"2018-1045",2021,2021-05-05,2021-05-05,24.53,"Aquathol K (gal)","Endothall","P_232","Y","East Rush",13006901,"CLP","East Rush",1136.436,1136.44,722.01,76.56,48.64,8,2.15850254655784,3.39745986897688
"2018-1045",2021,2021-05-05,2021-05-05,24.53,"Aquathol K (gal)","Endothall","P_232","Y","East Rush",13006901,"CLP","East Rush",1136.436,1136.44,722.01,76.56,48.64,8,2.15850254655784,3.39745986897688
"2018-1045",2021,2021-05-05,2021-05-05,24.53,"Aquathol K (gal)","Endothall","P_232","Y","East Rush",13006901,"CLP","East Rush",1136.436,1136.44,722.01,76.56,48.64,8,2.15850254655784,3.39745986897688
"2018-1045",2021,2021-05-05,2021-05-05,24.53,"Aquathol K (gal)","Endothall","P_232","Y","East Rush",13006901,"CLP","East Rush",1136.436,1136.44,722.01,76.56,48.64,8,2.15850254655784,3.39745986897688
"2018-1045",2021,2021-05-05,2021-05-05,24.53,"Aquathol K (gal)","Endothall","P_232","Y","East Rush",13006901,"CLP","East Rush",1136.436,1136.44,722.01,76.56,48.64,8,2.15850254655784,3.39745986897688
"2018-1087",2021,2021-05-28,2021-05-28,30,"Aquathol K (gal)","Endothall","P_233","Y","Upper Cormorant",3058800,"CLP","Upper Cormorant",522.844,522.84,894.77,55.51,95,22,5.73784914812066,3.35281692501984
"2018-1097",2021,2021-05-06,2021-05-06,1,"Aquathol K (gal)","Endothall","P_234","Y","Big Watab",73010200,"CLP","Big Watab",57.184,57.18,86.83,23.29,35.36,28,1.74874090654729,1.15167568812622
"2018-1097",2021,2021-05-06,2021-05-06,1,"Aquathol K (gal)","Endothall","P_234","Y","Big Watab",73010200,"CLP","Big Watab",57.184,57.18,86.83,23.29,35.36,28,1.74874090654729,1.15167568812622
"2018-1159",2020,2020-05-27,2020-05-27,16,"Aquathol K (gal)","Endothall","P_235","Y","Fish",33003600,"CLP","Fish",505.758,505.76,234.78,99.78,46.32,3.2,3.1635683469169,6.81489053582077
"2018-1159",2021,2021-05-12,2021-05-12,23,"Aquathol K (gal)","Endothall","P_236","Y","Fish",33003600,"CLP","Fish",505.758,505.76,234.78,99.78,46.32,3.2,4.54762949869305,9.79640514524235
"2018-1159",2023,2023-05-21,2023-05-21,17.2,"Aquathol K (gal)","Endothall","P_237","Y","Fish",33003600,"CLP","Fish",505.758,505.76,234.78,99.78,46.32,3.2,3.40083597293567,7.32600732600733
"2018-1228",2020,2020-05-16,2020-05-16,46.5,"Aquathol K (gal)","Endothall","P_238","Y","Eagle",71006700,"CLP","Eagle",319.487,319.49,158.06,70.24,34.75,7,14.5545828155762,29.4192078957358
"2018-1228",2020,2020-05-16,2020-05-16,46.5,"Aquathol K (gal)","Endothall","P_238","Y","Eagle",71006700,"CLP","Eagle",319.487,319.49,158.06,70.24,34.75,7,14.5545828155762,29.4192078957358
"2018-1228",2020,2020-05-16,2020-05-16,46.5,"Aquathol K (gal)","Endothall","P_238","Y","Eagle",71006700,"CLP","Eagle",319.487,319.49,158.06,70.24,34.75,7,14.5545828155762,29.4192078957358
"2018-1228",2020,2020-05-16,2020-05-16,46.5,"Aquathol K (gal)","Endothall","P_238","Y","Eagle",71006700,"CLP","Eagle",319.487,319.49,158.06,70.24,34.75,7,14.5545828155762,29.4192078957358
"2018-1228",2020,2020-05-16,2020-05-16,46.5,"Aquathol K (gal)","Endothall","P_238","Y","Eagle",71006700,"CLP","Eagle",319.487,319.49,158.06,70.24,34.75,7,14.5545828155762,29.4192078957358
"2018-1228",2020,2020-05-16,2020-05-16,46.5,"Aquathol K (gal)","Endothall","P_238","Y","Eagle",71006700,"CLP","Eagle",319.487,319.49,158.06,70.24,34.75,7,14.5545828155762,29.4192078957358
"2018-1228",2020,2020-05-16,2020-05-16,46.5,"Aquathol K (gal)","Endothall","P_238","Y","Eagle",71006700,"CLP","Eagle",319.487,319.49,158.06,70.24,34.75,7,14.5545828155762,29.4192078957358
"2018-1228",2020,2020-05-16,2020-05-16,46.5,"Aquathol K (gal)","Endothall","P_238","Y","Eagle",71006700,"CLP","Eagle",319.487,319.49,158.06,70.24,34.75,7,14.5545828155762,29.4192078957358
"2018-1380",2022,2022-07-16,2022-07-16,3.7,"Tribune (gal)","Diquat Dibromide","P_239","Y","Beebe",86002300,"EWM","Beebe",179.487,179.49,162.18,58.99,53.3,12,2.0614306328592,2.28141571093846
"2018-1380",2022,2022-07-16,2022-07-16,3.7,"Tribune (gal)","Diquat Dibromide","P_239","Y","Beebe",86002300,"EWM","Beebe",179.487,179.49,162.18,58.99,53.3,12,2.0614306328592,2.28141571093846
"2018-1459",2025,2025-07-10,2025-07-10,51.1,"Weedar 64 ()","2,4-D","P_240","Y","Goose",13008300,"EWM","Goose",731.77,370,50.56,50.56,370,15,6.98306845046941,101.068037974684
"2018-1459",2025,2025-07-10,2025-07-10,51.1,"Weedar 64 ()","2,4-D","P_240","Y","Goose",13008300,"EWM","Goose",731.77,370,50.56,50.56,370,15,6.98306845046941,101.068037974684
"2018-1459",2025,2025-07-10,2025-07-10,51.1,"Weedar 64 ()","2,4-D","P_240","Y","Goose",13008300,"EWM","Goose",731.77,370,50.56,50.56,370,15,6.98306845046941,101.068037974684
"2018-1459",2025,2025-07-10,2025-07-10,51.1,"Weedar 64 ()","2,4-D","P_240","Y","Goose",13008300,"EWM","Goose",731.77,370,50.56,50.56,370,15,6.98306845046941,101.068037974684
"2018-1459",2025,2025-07-10,2025-07-10,51.1,"Weedar 64 ()","2,4-D","P_240","Y","Goose",13008300,"EWM","Goose",731.77,370,50.56,50.56,370,15,6.98306845046941,101.068037974684
"2018-1512",2020,2020-05-19,2020-05-19,9.9,"Tribune (gal)","Diquat Dibromide","P_241","Y","Weaver",27011700,"CLP","Weaver",73.243,73.24,66.34,48.16,43.62,11,13.5166500552954,14.9231233041905
"2018-1664",2020,2020-05-19,2020-05-19,1.3,"Aquathol K (gal)","Endothall","P_242","Y","West Lake Sylvia",86027900,"CLP","West Lake Sylvia",297.099,297.1,401.98,32.85,44.45,25,0.437564582849488,0.323399174088263
"2018-1664",2020,2020-05-19,2020-05-19,1.3,"Aquathol K (gal)","Endothall","P_242","Y","West Lake Sylvia",86027900,"CLP","West Lake Sylvia",297.099,297.1,401.98,32.85,44.45,25,0.437564582849488,0.323399174088263
"2018-1864",2021,2021-05-26,2021-05-26,8.9,"Tribune (gal)","Diquat Dibromide","P_243","Y","Muskrat",3036000,"CLP","Muskrat",64.175,64.18,64.18,95.61,95.61,15,13.868328788469,13.8672483639763
"2018-2174",2020,2020-06-23,2020-06-23,23.5,"ProcellaCOR EC (oz)","Florpyrauxifen-benzyl","P_244","Y","Maple",86013400,"EWM","Maple",862,393,393,45.59164733,45.59164733,15,2.7262180974478,5.97964376590331
"2018-2174",2020,2020-06-23,2020-06-23,23.5,"ProcellaCOR EC (oz)","Florpyrauxifen-benzyl","P_244","Y","Maple",86013400,"EWM","Maple",862,393,393,45.59164733,45.59164733,15,2.7262180974478,5.97964376590331
"2018-2174",2021,2021-07-20,2021-07-20,38.9,"ProcellaCOR EC (oz)","Florpyrauxifen-benzyl","P_245","Y","Maple",86013400,"EWM","Maple",862,393,393,45.59164733,45.59164733,15,4.51276102088167,9.89821882951654
"2018-2661",2021,2021-09-22,2021-09-22,14,"ProcellaCOR (oz), Tribune (gal)","Florpyrauxifen-benzyl, Diquat Dibromide","P_246, P_247","Y","Shamineau",49012700,"EWM","Shamineau",630.542,630.54,717.49,43.23,49.19,18,2.22031204899911,1.95124670727118
"2018-2661",2021,2021-09-22,2021-09-22,14,"ProcellaCOR (oz), Tribune (gal)","Florpyrauxifen-benzyl, Diquat Dibromide","P_246, P_247","Y","Shamineau",49012700,"EWM","Shamineau",630.542,630.54,717.49,43.23,49.19,18,2.22031204899911,1.95124670727118
"2018-2938",2020,2020-07-09,2020-07-09,0.1,"Cide-Kick 2.5 Gal (gal), Tribune  (gal)","Limonene, NA","P_248, P_249","Y","Granite",86021700,"FR","Granite",118.179,118.18,87.98,33.47,24.92,11,0.0846174024149807,0.113662195953626
"2018-2938",2020,2020-07-09,2020-07-09,0.1,"Cide-Kick 2.5 Gal (gal), Tribune  (gal)","Limonene, NA","P_248, P_249","Y","Granite",86021700,"FR","Granite",118.179,118.18,87.98,33.47,24.92,11,0.0846174024149807,0.113662195953626
"2018-3528",2021,2021-09-27,2021-09-27,11.3,"ProcellaCOR (oz), Tribune (gal)","Florpyrauxifen-benzyl, Diquat Dibromide","P_250, P_251","Y","Crooked",2008400,"EWM","Crooked",84.017,84.02,73.19,73.1,63.68,12,13.4496589975838,15.4392676595163
"2018-3528",2021,2021-09-27,2021-09-27,11.3,"ProcellaCOR (oz), Tribune (gal)","Florpyrauxifen-benzyl, Diquat Dibromide","P_250, P_251","Y","Crooked",2008400,"EWM","Crooked",84.017,84.02,73.19,73.1,63.68,12,13.4496589975838,15.4392676595163
"2019-0017",2020,2020-10-02,2020-10-02,11.3,"ProcellaCOR EC (oz)","Florpyrauxifen-benzyl","P_252","Y","Emily",18020300,"EWM","Emily",720.621,720.62,720.62,99.85,99.85,15,1.56809196512452,1.56809414115623
"2019-0018",2020,2020-10-02,2020-10-02,4.3,"ProcellaCOR (oz)","Florpyrauxifen-benzyl","P_253","Y","Mary",18018500,"EWM","Mary",139.415,139.41,99.9,34.94,25.03,10,3.0843166086863,4.3043043043043
"2019-0027",2020,2020-05-06,2020-05-06,80.7,"Aquathol K (gal)","Endothall","P_254","Y","Washington",40011700,"CLP","Washington",1131.369,1131.37,1003.31,74.46,66.03,12,7.13295131827017,8.04337642403644
"2019-0027",2020,2020-05-06,2020-05-06,80.7,"Aquathol K (gal)","Endothall","P_254","Y","Washington",40011700,"CLP","Washington",1131.369,1131.37,1003.31,74.46,66.03,12,7.13295131827017,8.04337642403644
"2019-0027",2020,2020-05-06,2020-05-06,80.7,"Aquathol K (gal)","Endothall","P_254","Y","Washington",40011700,"CLP","Washington",1131.369,1131.37,1003.31,74.46,66.03,12,7.13295131827017,8.04337642403644
"2019-0027",2020,2020-05-06,2020-05-06,80.7,"Aquathol K (gal)","Endothall","P_254","Y","Washington",40011700,"CLP","Washington",1131.369,1131.37,1003.31,74.46,66.03,12,7.13295131827017,8.04337642403644
"2019-0027",2020,2020-05-06,2020-05-06,80.7,"Aquathol K (gal)","Endothall","P_254","Y","Washington",40011700,"CLP","Washington",1131.369,1131.37,1003.31,74.46,66.03,12,7.13295131827017,8.04337642403644
"2019-0027",2020,2020-05-06,2020-05-06,80.7,"Aquathol K (gal)","Endothall","P_254","Y","Washington",40011700,"CLP","Washington",1131.369,1131.37,1003.31,74.46,66.03,12,7.13295131827017,8.04337642403644
"2019-0027",2020,2020-05-06,2020-05-06,80.7,"Aquathol K (gal)","Endothall","P_254","Y","Washington",40011700,"CLP","Washington",1131.369,1131.37,1003.31,74.46,66.03,12,7.13295131827017,8.04337642403644
"2019-0027",2021,2021-05-11,2021-05-11,80.7,"Aquathol K (gal)","Endothall","P_255","Y","Washington",40011700,"CLP","Washington",1131.369,1131.37,1003.31,74.46,66.03,12,7.13295131827017,8.04337642403644
"2019-0027",2021,2021-05-11,2021-05-11,80.7,"Aquathol K (gal)","Endothall","P_255","Y","Washington",40011700,"CLP","Washington",1131.369,1131.37,1003.31,74.46,66.03,12,7.13295131827017,8.04337642403644
"2019-0027",2021,2021-05-11,2021-05-11,80.7,"Aquathol K (gal)","Endothall","P_255","Y","Washington",40011700,"CLP","Washington",1131.369,1131.37,1003.31,74.46,66.03,12,7.13295131827017,8.04337642403644
"2019-0027",2021,2021-05-11,2021-05-11,80.7,"Aquathol K (gal)","Endothall","P_255","Y","Washington",40011700,"CLP","Washington",1131.369,1131.37,1003.31,74.46,66.03,12,7.13295131827017,8.04337642403644
"2019-0027",2021,2021-05-11,2021-05-11,80.7,"Aquathol K (gal)","Endothall","P_255","Y","Washington",40011700,"CLP","Washington",1131.369,1131.37,1003.31,74.46,66.03,12,7.13295131827017,8.04337642403644
"2019-0027",2021,2021-05-11,2021-05-11,80.7,"Aquathol K (gal)","Endothall","P_255","Y","Washington",40011700,"CLP","Washington",1131.369,1131.37,1003.31,74.46,66.03,12,7.13295131827017,8.04337642403644
"2019-0027",2021,2021-05-11,2021-05-11,80.7,"Aquathol K (gal)","Endothall","P_255","Y","Washington",40011700,"CLP","Washington",1131.369,1131.37,1003.31,74.46,66.03,12,7.13295131827017,8.04337642403644
"2019-0039",2020,2020-07-10,2020-07-10,3.1,"ProcellaCOR EC (oz)","Florpyrauxifen-benzyl","P_256","Y","Henderson",34011600,"EWM","Henderson",31.489,31.49,38,41.81,50.45,19,9.84470767569628,8.15789473684211
"2019-0258",2020,2020-05-26,2020-05-26,17.5,"Aquathol K (gal)","Endothall","P_257","Y","South Lida",56074702,"CLP","South Lida",321.033,321.03,371.44,41.37,47.87,17,5.45115299673242,4.71139349558475
"2019-0258",2020,2020-05-26,2020-05-26,17.5,"Aquathol K (gal)","Endothall","P_257","Y","South Lida",56074702,"CLP","South Lida",321.033,321.03,371.44,41.37,47.87,17,5.45115299673242,4.71139349558475
"2019-0258",2020,2020-05-26,2020-05-26,17.5,"Aquathol K (gal)","Endothall","P_257","Y","South Lida",56074702,"CLP","South Lida",321.033,321.03,371.44,41.37,47.87,17,5.45115299673242,4.71139349558475
"2019-0258",2021,2021-06-03,2021-06-03,13,"Aquathol K (gal)","Endothall","P_258","Y","South Lida",56074702,"CLP","South Lida",321.033,321.03,371.44,41.37,47.87,17,4.0494279404298,3.49989231100582
"2019-0258",2021,2021-06-03,2021-06-03,13,"Aquathol K (gal)","Endothall","P_258","Y","South Lida",56074702,"CLP","South Lida",321.033,321.03,371.44,41.37,47.87,17,4.0494279404298,3.49989231100582
"2019-0258",2021,2021-06-03,2021-06-03,13,"Aquathol K (gal)","Endothall","P_258","Y","South Lida",56074702,"CLP","South Lida",321.033,321.03,371.44,41.37,47.87,17,4.0494279404298,3.49989231100582
"2019-0258",2025,2025-05-22,2025-05-22,22.4,"FlumigardSC (gal)","Flumioxazin","P_259","Y","South Lida",56074702,"CLP","South Lida",321.033,321.03,371.44,41.37,47.87,17,6.9774758358175,6.03058367434848
"2019-0627",2020,2020-10-08,2020-10-08,0.86,"ProcellaCOR EC (oz)","Florpyrauxifen-benzyl","P_260","Y","Crookneck",49013300,"EWM","Crookneck",144.835,144.83,144.83,79.12,79.12,15,0.593779127973211,0.593799627149071
"2019-0880",2020,2020-04-14,2020-04-14,145,"Sonar A.S. (gal)","Fluridone","P_261","Y","Cleary",70002200,"CLP","Cleary",144.743,144.74,130.59,99.02,89.34,7,100.177556082159,111.034535569339
"2019-0880",2020,2020-04-14,2020-04-14,145,"Sonar A.S. (gal)","Fluridone","P_261","Y","Cleary",70002200,"CLP","Cleary",144.743,144.74,130.59,99.02,89.34,7,100.177556082159,111.034535569339
"2019-0880",2021,2021-04-07,2021-04-07,145,"Sonar A.S. (gal)","Fluridone","P_262","Y","Cleary",70002200,"CLP","Cleary",144.743,144.74,130.59,99.02,89.34,7,100.177556082159,111.034535569339
"2019-1039",2021,2021-05-26,2021-05-26,6,"Tribune (gal)","Diquat Dibromide","P_263","Y","Long",56078400,"CLP","Long",287.04,287.04,287.04,37.89,37.89,15,2.09030100334448,2.09030100334448
"2019-1068",2025,2025-05-08,2025-05-08,5.81,"FlumigardSC (oz)","Flumioxazin","P_264","Y","Green Prairie Fish",49003500,"CLP","Green Prairie Fish",92.988,92.99,62.61,50.96,34.31,10,6.24811803673592,9.27966778469893
"2019-1068",2025,2025-05-08,2025-05-08,5.81,"FlumigardSC (oz)","Flumioxazin","P_264","Y","Green Prairie Fish",49003500,"CLP","Green Prairie Fish",92.988,92.99,62.61,50.96,34.31,10,6.24811803673592,9.27966778469893
"2019-1068",2025,2025-05-08,2025-05-08,5.81,"FlumigardSC (oz)","Flumioxazin","P_264","Y","Green Prairie Fish",49003500,"CLP","Green Prairie Fish",92.988,92.99,62.61,50.96,34.31,10,6.24811803673592,9.27966778469893
"2019-1068",2025,2025-05-08,2025-05-08,5.81,"FlumigardSC (oz)","Flumioxazin","P_264","Y","Green Prairie Fish",49003500,"CLP","Green Prairie Fish",92.988,92.99,62.61,50.96,34.31,10,6.24811803673592,9.27966778469893
"2019-1137",2021,2021-05-25,2021-05-25,14,"Tribune (gal)","Diquat Dibromide","P_265","Y","Rogers",19008000,"CLP","Rogers",102.338,102.34,102.34,100,100,15,13.6801579081084,13.6798905608755
"2019-1303",2020,2020-05-22,2020-05-22,3.54,"Aquathol K (gal)","Endothall","P_266","Y","Shields",82016200,"CLP","Shields",25.527,25.53,20.19,86.44,68.35,9,13.8676695263838,17.5334323922734
"2019-1303",2020,2020-05-22,2020-05-22,3.54,"Aquathol K (gal)","Endothall","P_266","Y","Shields",82016200,"CLP","Shields",25.527,25.53,20.19,86.44,68.35,9,13.8676695263838,17.5334323922734
"2019-1303",2021,2021-05-26,2021-05-26,3.18,"Aquathol K (gal)","Endothall","P_267","Y","Shields",82016200,"CLP","Shields",25.527,25.53,20.19,86.44,68.35,9,12.4573980491245,15.7503714710253
"2019-1303",2021,2021-05-26,2021-05-26,3.18,"Aquathol K (gal)","Endothall","P_267","Y","Shields",82016200,"CLP","Shields",25.527,25.53,20.19,86.44,68.35,9,12.4573980491245,15.7503714710253
"2019-1328",2020,2020-05-21,2020-05-21,8.32,"ProcellaCOR EC (gal), Tribune (gal)","Florpyrauxifen-benzyl, Diquat Dibromide","P_268, P_269","Y","Long",82011800,"EWM","Long",35.936,35.94,13.92,56.9,22.04,7,23.1522707034728,59.7701149425287
"2019-1328",2020,2020-05-21,2020-05-21,8.32,"ProcellaCOR EC (gal), Tribune (gal)","Florpyrauxifen-benzyl, Diquat Dibromide","P_268, P_269","Y","Long",82011800,"EWM","Long",35.936,35.94,13.92,56.9,22.04,7,23.1522707034728,59.7701149425287
"2019-1460",2020,2020-05-22,2020-05-22,3.11,"Aquathol K (gal)","Endothall","P_270","Y","Moody",13002300,"CLP","Moody",45.33,22,48.53,48.53,22,15,6.86079858813148,6.40840717082217
"2019-1460",2020,2020-05-22,2020-05-22,3.11,"Aquathol K (gal)","Endothall","P_270","Y","Moody",13002300,"CLP","Moody",45.33,22,48.53,48.53,22,15,6.86079858813148,6.40840717082217
"2019-1617",2020,2020-05-15,2020-05-15,18.9,"Tribune (gal)","Diquat Dibromide","P_271","Y","Minnetonka-Lower Lake",27013302,"CLP","Minnetonka-Lower Lake",2059.409,2059.41,2059.41,32.94,32.94,15,0.917739021243473,0.917738575611462
"2019-1617",2020,2020-05-15,2020-05-15,18.9,"Tribune (gal)","Diquat Dibromide","P_271","Y","Minnetonka-Lower Lake",27013302,"EWM","Minnetonka-Lower Lake",2059.409,2059.41,2059.41,32.94,32.94,15,0.917739021243473,0.917738575611462
"2019-1617",2020,2020-05-15,2020-05-15,18.9,"Tribune (gal)","Diquat Dibromide","P_271","Y","Minnetonka-Lower Lake",27013302,"EWM","Minnetonka-Lower Lake",2059.409,2059.41,2059.41,32.94,32.94,15,0.917739021243473,0.917738575611462
"2019-1617",2020,2020-05-15,2020-05-15,18.9,"Tribune (gal)","Diquat Dibromide","P_271","Y","Minnetonka-Lower Lake",27013302,"EWM","Minnetonka-Lower Lake",2059.409,2059.41,2059.41,32.94,32.94,15,0.917739021243473,0.917738575611462
"2019-1617",2020,2020-07-10,2020-07-10,3.49,"Kammo Plus (gal), ProcellaCOR EC (oz), Tribune (gal)","Limonene, Florpyrauxifen-benzyl, Diquat Dibromide","P_272, P_273, P_274","Y","Minnetonka-Lower Lake",27013302,"CLP","Minnetonka-Lower Lake",2059.409,2059.41,2059.41,32.94,32.94,15,0.169466094398927,0.169466012110265
"2019-1617",2020,2020-07-10,2020-07-10,3.49,"Kammo Plus (gal), ProcellaCOR EC (oz), Tribune (gal)","Limonene, Florpyrauxifen-benzyl, Diquat Dibromide","P_272, P_273, P_274","Y","Minnetonka-Lower Lake",27013302,"EWM","Minnetonka-Lower Lake",2059.409,2059.41,2059.41,32.94,32.94,15,0.169466094398927,0.169466012110265
"2019-1617",2020,2020-07-10,2020-07-10,3.49,"Kammo Plus (gal), ProcellaCOR EC (oz), Tribune (gal)","Limonene, Florpyrauxifen-benzyl, Diquat Dibromide","P_272, P_273, P_274","Y","Minnetonka-Lower Lake",27013302,"EWM","Minnetonka-Lower Lake",2059.409,2059.41,2059.41,32.94,32.94,15,0.169466094398927,0.169466012110265
"2019-1617",2020,2020-07-10,2020-07-10,3.49,"Kammo Plus (gal), ProcellaCOR EC (oz), Tribune (gal)","Limonene, Florpyrauxifen-benzyl, Diquat Dibromide","P_272, P_273, P_274","Y","Minnetonka-Lower Lake",27013302,"EWM","Minnetonka-Lower Lake",2059.409,2059.41,2059.41,32.94,32.94,15,0.169466094398927,0.169466012110265
"2019-1617",2025,2025-05-06,2025-05-06,45.9,"Tribune (gal)","Diquat Dibromide","P_275","Y","Minnetonka-Lower Lake",27013302,"CLP","Minnetonka-Lower Lake",2059.409,2059.41,2059.41,32.94,32.94,15,2.22879476587701,2.22879368362784
"2019-1846",2021,2021-05-26,2021-05-26,7.9,"Aquathol K (gal)","Endothall","P_276","Y","Curfman",3036300,"CLP","Curfman",120.91,85,70.3,70.3,85,15,6.5337854602597,11.2375533428165
"2019-2135",2020,2020-05-26,2020-05-26,4.7,"Aquathol K (gal)","Endothall","P_277","Y","Upper South Long",18009600,"CLP","Upper South Long",292.083,292.08,243.28,36.72,30.59,12,1.60913165093484,1.9319302860901
"2019-2135",2020,2020-05-26,2020-05-26,4.7,"Aquathol K (gal)","Endothall","P_277","Y","Upper South Long",18009600,"EWM","Upper South Long",292.083,292.08,243.28,36.72,30.59,12,1.60913165093484,1.9319302860901
"2019-2135",2020,2020-07-22,2020-07-22,8.3,"Aquathol K (oz)","Endothall","P_278","Y","Upper South Long",18009600,"CLP","Upper South Long",292.083,292.08,243.28,36.72,30.59,12,2.84165802186365,3.41170667543571
"2019-2135",2020,2020-07-22,2020-07-22,8.3,"Aquathol K (oz)","Endothall","P_278","Y","Upper South Long",18009600,"EWM","Upper South Long",292.083,292.08,243.28,36.72,30.59,12,2.84165802186365,3.41170667543571
"2019-2394",2020,2020-08-04,2020-08-04,9.9,"2,4-D Amine (gal)",NA,"P_279","Y","Waverly",86011400,"EWM","Waverly",146.751,146.75,107.78,30.05,22.07,9,6.74612098043625,9.18537762107998
"2019-2394",2020,2020-08-04,2020-08-04,9.9,"2,4-D Amine (gal)",NA,"P_279","Y","Waverly",86011400,"EWM","Waverly",146.751,146.75,107.78,30.05,22.07,9,6.74612098043625,9.18537762107998
"2019-2394",2020,2020-08-04,2020-08-04,9.9,"2,4-D Amine (gal)",NA,"P_279","Y","Waverly",86011400,"EWM","Waverly",146.751,146.75,107.78,30.05,22.07,9,6.74612098043625,9.18537762107998
"2019-2394",2020,2020-08-04,2020-08-04,9.9,"2,4-D Amine (gal)",NA,"P_279","Y","Waverly",86011400,"EWM","Waverly",146.751,146.75,107.78,30.05,22.07,9,6.74612098043625,9.18537762107998
"2019-2394",2021,2021-08-13,2021-08-13,13.2,"Platoon (gal)","2,4-D","P_280","Y","Waverly",86011400,"EWM","Waverly",146.751,146.75,107.78,30.05,22.07,9,8.994827973915,12.24717016144
"2019-2394",2021,2021-08-13,2021-08-13,13.2,"Platoon (gal)","2,4-D","P_280","Y","Waverly",86011400,"EWM","Waverly",146.751,146.75,107.78,30.05,22.07,9,8.994827973915,12.24717016144
"2019-2394",2021,2021-08-13,2021-08-13,13.2,"Platoon (gal)","2,4-D","P_280","Y","Waverly",86011400,"EWM","Waverly",146.751,146.75,107.78,30.05,22.07,9,8.994827973915,12.24717016144
"2019-2394",2021,2021-08-13,2021-08-13,13.2,"Platoon (gal)","2,4-D","P_280","Y","Waverly",86011400,"EWM","Waverly",146.751,146.75,107.78,30.05,22.07,9,8.994827973915,12.24717016144
"2019-3016",2021,2021-08-25,2021-08-25,3.08,"ProcellaCOR EC (oz), Tribune (gal)","Florpyrauxifen-benzyl, Diquat Dibromide","P_281, P_282","Y","Frances",40005700,"EWM","Frances",568.074,568.07,484.78,65.11,55.56,12,0.542182884624186,0.635339741738521
"2019-3016",2021,2021-08-25,2021-08-25,3.08,"ProcellaCOR EC (oz), Tribune (gal)","Florpyrauxifen-benzyl, Diquat Dibromide","P_281, P_282","Y","Frances",40005700,"EWM","Frances",568.074,568.07,484.78,65.11,55.56,12,0.542182884624186,0.635339741738521
"2019-3248",2020,2020-08-10,2020-08-10,3.2,"2,4-D Amine (gal)",NA,"P_283","Y","Fannie",30004300,"EWM","Fannie",268.229,268.23,227.86,77.31,65.68,10,1.19301045002591,1.40437110506451
"2019-3248",2020,2020-08-10,2020-08-10,3.2,"2,4-D Amine (gal)",NA,"P_283","Y","Fannie",30004300,"EWM","Fannie",268.229,268.23,227.86,77.31,65.68,10,1.19301045002591,1.40437110506451
"2019-3248",2020,2020-08-10,2020-08-10,3.2,"2,4-D Amine (gal)",NA,"P_283","Y","Fannie",30004300,"EWM","Fannie",268.229,268.23,227.86,77.31,65.68,10,1.19301045002591,1.40437110506451
"2019-3431",2020,2020-05-15,2020-05-15,9,"Aquathol K (gal)","Endothall","P_284","Y","Darling",21008000,"CLP","Darling",553.886,553.89,553.89,52.75,52.75,15,1.62488309868818,1.62487136435032
"2019-3431",2020,2020-05-15,2020-05-15,9,"Aquathol K (gal)","Endothall","P_284","Y","Darling",21008000,"CLP","Darling",553.886,553.89,553.89,52.75,52.75,15,1.62488309868818,1.62487136435032
"2019-3431",2020,2020-05-15,2020-05-15,9,"Aquathol K (gal)","Endothall","P_284","Y","Darling",21008000,"CLP","Darling",553.886,553.89,553.89,52.75,52.75,15,1.62488309868818,1.62487136435032
"2020-0043",2020,2020-05-13,2020-05-13,29.11,"Tribune (gal)","Diquat Dibromide","P_285","Y","Coon",2004200,"CLP","Coon",1331.965,1331.96,1283.59,89.92,86.66,12,2.18549286204968,2.26785811668835
"2020-0043",2021,2021-05-05,2021-05-05,26.2,"Tribune (gal)","Diquat Dibromide","P_286","Y","Coon",2004200,"CLP","Coon",1331.965,1331.96,1283.59,89.92,86.66,12,1.96701865289253,2.04115021151614
"2020-0108",2020,2020-06-02,2020-06-02,18,"Aquathol K ()","Endothall","P_287","Y","Jennie",47001500,"CLP","Jennie",1064.033,1064.03,440.02,100,41.35,8,1.69167685588699,4.09072314894778
"2020-0108",2020,2020-06-02,2020-06-02,18,"Aquathol K ()","Endothall","P_287","Y","Jennie",47001500,"CLP","Jennie",1064.033,1064.03,440.02,100,41.35,8,1.69167685588699,4.09072314894778
"2020-0108",2020,2020-06-02,2020-06-02,18,"Aquathol K ()","Endothall","P_287","Y","Jennie",47001500,"CLP","Jennie",1064.033,1064.03,440.02,100,41.35,8,1.69167685588699,4.09072314894778
"2020-0108",2020,2020-06-02,2020-06-02,18,"Aquathol K ()","Endothall","P_287","Y","Jennie",47001500,"CLP","Jennie",1064.033,1064.03,440.02,100,41.35,8,1.69167685588699,4.09072314894778
"2020-0139",2020,2020-05-19,2020-05-19,22.05,"Aquathol K (gal)","Endothall","P_288","Y","Lower Cullen",18040300,"CLP","Lower Cullen",201.248,201.25,236.16,35.94,42.17,17,10.9566306249006,9.33689024390244
"2020-0139",2020,2020-05-19,2020-05-19,22.05,"Aquathol K (gal)","Endothall","P_288","Y","Lower Cullen",18040300,"CLP","Lower Cullen",201.248,201.25,236.16,35.94,42.17,17,10.9566306249006,9.33689024390244
"2020-0139",2020,2020-05-19,2020-05-19,22.05,"Aquathol K (gal)","Endothall","P_288","Y","Lower Cullen",18040300,"CLP","Lower Cullen",201.248,201.25,236.16,35.94,42.17,17,10.9566306249006,9.33689024390244
"2020-0139",2020,2020-05-19,2020-05-19,22.05,"Aquathol K (gal)","Endothall","P_288","Y","Lower Cullen",18040300,"CLP","Lower Cullen",201.248,201.25,236.16,35.94,42.17,17,10.9566306249006,9.33689024390244
"2020-0139",2020,2020-05-19,2020-05-19,22.05,"Aquathol K (gal)","Endothall","P_288","Y","Lower Cullen",18040300,"CLP","Lower Cullen",201.248,201.25,236.16,35.94,42.17,17,10.9566306249006,9.33689024390244
"2020-0139",2025,2025-05-14,2025-05-14,8.6,"FlumigardSC (gal)","Flumioxazin","P_289","Y","Lower Cullen",18040300,"CLP","Lower Cullen",201.248,201.25,236.16,35.94,42.17,17,4.27333439338528,3.64159891598916
"2020-0139",2025,2025-05-14,2025-05-14,8.6,"FlumigardSC (gal)","Flumioxazin","P_289","Y","Lower Cullen",18040300,"CLP","Lower Cullen",201.248,201.25,236.16,35.94,42.17,17,4.27333439338528,3.64159891598916
"2020-0139",2025,2025-05-14,2025-05-14,8.6,"FlumigardSC (gal)","Flumioxazin","P_289","Y","Lower Cullen",18040300,"CLP","Lower Cullen",201.248,201.25,236.16,35.94,42.17,17,4.27333439338528,3.64159891598916
"2020-0139",2025,2025-05-14,2025-05-14,8.6,"FlumigardSC (gal)","Flumioxazin","P_289","Y","Lower Cullen",18040300,"CLP","Lower Cullen",201.248,201.25,236.16,35.94,42.17,17,4.27333439338528,3.64159891598916
"2020-0139",2025,2025-05-14,2025-05-14,8.6,"FlumigardSC (gal)","Flumioxazin","P_289","Y","Lower Cullen",18040300,"CLP","Lower Cullen",201.248,201.25,236.16,35.94,42.17,17,4.27333439338528,3.64159891598916
"2020-0140",2020,2020-05-18,2020-05-19,9.37,"Aquathol K (gal)","Endothall","P_290","Y","Middle Cullen",18037700,"CLP","Middle Cullen",137.492,137.49,137.49,34.66,34.66,15,6.81494196025951,6.81504109389774
"2020-0140",2020,2020-05-18,2020-05-19,9.37,"Aquathol K (gal)","Endothall","P_290","Y","Middle Cullen",18037700,"CLP","Middle Cullen",137.492,137.49,137.49,34.66,34.66,15,6.81494196025951,6.81504109389774
"2020-0140",2020,2020-05-18,2020-05-19,9.37,"Aquathol K (gal)","Endothall","P_290","Y","Middle Cullen",18037700,"CLP","Middle Cullen",137.492,137.49,137.49,34.66,34.66,15,6.81494196025951,6.81504109389774
"2020-0140",2020,2020-05-18,2020-05-19,9.37,"Aquathol K (gal)","Endothall","P_290","Y","Middle Cullen",18037700,"CLP","Middle Cullen",137.492,137.49,137.49,34.66,34.66,15,6.81494196025951,6.81504109389774
"2020-0140",2020,2020-05-18,2020-05-19,9.37,"Aquathol K (gal)","Endothall","P_290","Y","Middle Cullen",18037700,"CLP","Middle Cullen",137.492,137.49,137.49,34.66,34.66,15,6.81494196025951,6.81504109389774
"2020-0140",2020,2020-05-18,2020-05-19,9.37,"Aquathol K (gal)","Endothall","P_290","Y","Middle Cullen",18037700,"CLP","Middle Cullen",137.492,137.49,137.49,34.66,34.66,15,6.81494196025951,6.81504109389774
"2020-0140",2020,2020-05-18,2020-05-19,9.37,"Aquathol K (gal)","Endothall","P_290","Y","Middle Cullen",18037700,"CLP","Middle Cullen",137.492,137.49,137.49,34.66,34.66,15,6.81494196025951,6.81504109389774
"2020-0140",2020,2020-05-19,2020-05-19,3.8,"Aquathol Super K (lbs)","Endothall","P_291","Y","Middle Cullen",18037700,"CLP","Middle Cullen",137.492,137.49,137.49,34.66,34.66,15,2.76379716638059,2.76383736999054
"2020-0140",2020,2020-05-19,2020-05-19,3.8,"Aquathol Super K (lbs)","Endothall","P_291","Y","Middle Cullen",18037700,"CLP","Middle Cullen",137.492,137.49,137.49,34.66,34.66,15,2.76379716638059,2.76383736999054
"2020-0140",2020,2020-05-19,2020-05-19,3.8,"Aquathol Super K (lbs)","Endothall","P_291","Y","Middle Cullen",18037700,"CLP","Middle Cullen",137.492,137.49,137.49,34.66,34.66,15,2.76379716638059,2.76383736999054
"2020-0140",2020,2020-05-19,2020-05-19,3.8,"Aquathol Super K (lbs)","Endothall","P_291","Y","Middle Cullen",18037700,"CLP","Middle Cullen",137.492,137.49,137.49,34.66,34.66,15,2.76379716638059,2.76383736999054
"2020-0140",2020,2020-05-19,2020-05-19,3.8,"Aquathol Super K (lbs)","Endothall","P_291","Y","Middle Cullen",18037700,"CLP","Middle Cullen",137.492,137.49,137.49,34.66,34.66,15,2.76379716638059,2.76383736999054
"2020-0140",2020,2020-05-19,2020-05-19,3.8,"Aquathol Super K (lbs)","Endothall","P_291","Y","Middle Cullen",18037700,"CLP","Middle Cullen",137.492,137.49,137.49,34.66,34.66,15,2.76379716638059,2.76383736999054
"2020-0140",2020,2020-05-19,2020-05-19,3.8,"Aquathol Super K (lbs)","Endothall","P_291","Y","Middle Cullen",18037700,"CLP","Middle Cullen",137.492,137.49,137.49,34.66,34.66,15,2.76379716638059,2.76383736999054
"2020-0140",2021,2021-05-19,2021-05-19,5.5,"Aquathol K (gal)","Endothall","P_292","Y","Middle Cullen",18037700,"CLP","Middle Cullen",137.492,137.49,137.49,34.66,34.66,15,4.00023274081401,4.00029093024947
"2020-0140",2021,2021-05-19,2021-05-19,5.5,"Aquathol K (gal)","Endothall","P_292","Y","Middle Cullen",18037700,"CLP","Middle Cullen",137.492,137.49,137.49,34.66,34.66,15,4.00023274081401,4.00029093024947
"2020-0140",2025,2025-05-14,2025-05-14,3.6,"FlumigardSC (gal)","Flumioxazin","P_293","Y","Middle Cullen",18037700,"CLP","Middle Cullen",137.492,137.49,137.49,34.66,34.66,15,2.61833415762372,2.6183722452542
"2020-0140",2025,2025-05-14,2025-05-14,3.6,"FlumigardSC (gal)","Flumioxazin","P_293","Y","Middle Cullen",18037700,"CLP","Middle Cullen",137.492,137.49,137.49,34.66,34.66,15,2.61833415762372,2.6183722452542
"2020-0140",2025,2025-05-14,2025-05-14,3.6,"FlumigardSC (gal)","Flumioxazin","P_293","Y","Middle Cullen",18037700,"CLP","Middle Cullen",137.492,137.49,137.49,34.66,34.66,15,2.61833415762372,2.6183722452542
"2020-0140",2025,2025-05-14,2025-05-14,3.6,"FlumigardSC (gal)","Flumioxazin","P_293","Y","Middle Cullen",18037700,"CLP","Middle Cullen",137.492,137.49,137.49,34.66,34.66,15,2.61833415762372,2.6183722452542
"2020-0141",2020,2020-05-18,2020-05-18,10.81,"Aquathol K (gal)","Endothall","P_294","Y","Upper Cullen",18037600,"CLP","Upper Cullen",232.78,232.78,212.02,53.57,48.79,13,4.64386974826016,5.0985756060749
"2020-0141",2020,2020-05-18,2020-05-18,10.81,"Aquathol K (gal)","Endothall","P_294","Y","Upper Cullen",18037600,"CLP","Upper Cullen",232.78,232.78,212.02,53.57,48.79,13,4.64386974826016,5.0985756060749
"2020-0141",2020,2020-05-18,2020-05-18,10.81,"Aquathol K (gal)","Endothall","P_294","Y","Upper Cullen",18037600,"CLP","Upper Cullen",232.78,232.78,212.02,53.57,48.79,13,4.64386974826016,5.0985756060749
"2020-0141",2020,2020-05-18,2020-05-18,10.81,"Aquathol K (gal)","Endothall","P_294","Y","Upper Cullen",18037600,"CLP","Upper Cullen",232.78,232.78,212.02,53.57,48.79,13,4.64386974826016,5.0985756060749
"2020-0141",2021,2021-05-19,2021-05-19,7.7,"Aquathol K (gal)","Endothall","P_295","Y","Upper Cullen",18037600,"CLP","Upper Cullen",232.78,232.78,212.02,53.57,48.79,13,3.30784431652204,3.631732855391
"2020-0141",2021,2021-05-19,2021-05-19,7.7,"Aquathol K (gal)","Endothall","P_295","Y","Upper Cullen",18037600,"CLP","Upper Cullen",232.78,232.78,212.02,53.57,48.79,13,3.30784431652204,3.631732855391
"2020-0141",2021,2021-05-19,2021-05-19,7.7,"Aquathol K (gal)","Endothall","P_295","Y","Upper Cullen",18037600,"CLP","Upper Cullen",232.78,232.78,212.02,53.57,48.79,13,3.30784431652204,3.631732855391
"2020-0141",2021,2021-05-19,2021-05-19,7.7,"Aquathol K (gal)","Endothall","P_295","Y","Upper Cullen",18037600,"CLP","Upper Cullen",232.78,232.78,212.02,53.57,48.79,13,3.30784431652204,3.631732855391
"2020-0141",2025,2025-05-14,2025-05-14,8.6,"FlumigardSC (gal)","Flumioxazin","P_296","Y","Upper Cullen",18037600,"CLP","Upper Cullen",232.78,232.78,212.02,53.57,48.79,13,3.69447547040124,4.05622111121592
"2020-0141",2025,2025-05-14,2025-05-14,8.6,"FlumigardSC (gal)","Flumioxazin","P_296","Y","Upper Cullen",18037600,"CLP","Upper Cullen",232.78,232.78,212.02,53.57,48.79,13,3.69447547040124,4.05622111121592
"2020-0141",2025,2025-05-14,2025-05-14,8.6,"FlumigardSC (gal)","Flumioxazin","P_296","Y","Upper Cullen",18037600,"CLP","Upper Cullen",232.78,232.78,212.02,53.57,48.79,13,3.69447547040124,4.05622111121592
"2020-0141",2025,2025-05-14,2025-05-14,8.6,"FlumigardSC (gal)","Flumioxazin","P_296","Y","Upper Cullen",18037600,"CLP","Upper Cullen",232.78,232.78,212.02,53.57,48.79,13,3.69447547040124,4.05622111121592
"2020-0141",2025,2025-05-14,2025-05-14,8.6,"FlumigardSC (gal)","Flumioxazin","P_296","Y","Upper Cullen",18037600,"CLP","Upper Cullen",232.78,232.78,212.02,53.57,48.79,13,3.69447547040124,4.05622111121592
"2020-0172",2020,2020-05-15,2020-05-15,27.3,"Aquathol K (gal)","Endothall","P_297","Y","Clearwater",86025200,"CLP","Clearwater",3186.88,1595.6,50.07,50.07,1595.6,15,0.856637212571543,54.5236668663871
"2020-0172",2020,2020-05-15,2020-05-15,27.3,"Aquathol K (gal)","Endothall","P_297","Y","Clearwater",86025200,"CLP","Clearwater",3186.88,1595.6,50.07,50.07,1595.6,15,0.856637212571543,54.5236668663871
"2020-0172",2020,2020-05-15,2020-05-15,27.3,"Aquathol K (gal)","Endothall","P_297","Y","Clearwater",86025200,"CLP","Clearwater",3186.88,1595.6,50.07,50.07,1595.6,15,0.856637212571543,54.5236668663871
"2020-0172",2020,2020-05-15,2020-05-15,27.3,"Aquathol K (gal)","Endothall","P_297","Y","Clearwater",86025200,"CLP","Clearwater",3186.88,1595.6,50.07,50.07,1595.6,15,0.856637212571543,54.5236668663871
"2020-0172",2020,2020-05-15,2020-05-15,27.3,"Aquathol K (gal)","Endothall","P_297","Y","Clearwater",86025200,"CLP","Clearwater",3186.88,1595.6,50.07,50.07,1595.6,15,0.856637212571543,54.5236668663871
"2020-0172",2021,2021-05-12,2021-05-12,23.51,"Aquathol K (gal)","Endothall","P_298","Y","Clearwater",86025200,"CLP","Clearwater",3186.88,1595.6,50.07,50.07,1595.6,15,0.737712119690732,46.9542640303575
"2020-0172",2021,2021-05-12,2021-05-12,23.51,"Aquathol K (gal)","Endothall","P_298","Y","Clearwater",86025200,"CLP","Clearwater",3186.88,1595.6,50.07,50.07,1595.6,15,0.737712119690732,46.9542640303575
"2020-0172",2021,2021-05-12,2021-05-12,23.51,"Aquathol K (gal)","Endothall","P_298","Y","Clearwater",86025200,"CLP","Clearwater",3186.88,1595.6,50.07,50.07,1595.6,15,0.737712119690732,46.9542640303575
"2020-0172",2021,2021-05-12,2021-05-12,23.51,"Aquathol K (gal)","Endothall","P_298","Y","Clearwater",86025200,"CLP","Clearwater",3186.88,1595.6,50.07,50.07,1595.6,15,0.737712119690732,46.9542640303575
"2020-0172",2021,2021-05-12,2021-05-12,23.51,"Aquathol K (gal)","Endothall","P_298","Y","Clearwater",86025200,"CLP","Clearwater",3186.88,1595.6,50.07,50.07,1595.6,15,0.737712119690732,46.9542640303575
"2020-0177",2020,2020-10-07,2020-10-07,36.4,"ProcellaCOR EC (PDU)","Florpyrauxifen-benzyl","P_299","Y","Clearwater",18003800,"EWM","Clearwater",338.342,338.34,338.34,37.29,37.29,15,10.7583451064308,10.7584087013064
"2020-0177",2020,2020-10-07,2020-10-07,36.4,"ProcellaCOR EC (PDU)","Florpyrauxifen-benzyl","P_299","Y","Clearwater",18003800,"EWM","Clearwater",338.342,338.34,338.34,37.29,37.29,15,10.7583451064308,10.7584087013064
"2020-0177",2020,2020-10-07,2020-10-07,36.4,"ProcellaCOR EC (PDU)","Florpyrauxifen-benzyl","P_299","Y","Clearwater",18003800,"EWM","Clearwater",338.342,338.34,338.34,37.29,37.29,15,10.7583451064308,10.7584087013064
"2020-0177",2020,2020-10-07,2020-10-07,36.4,"ProcellaCOR EC (PDU)","Florpyrauxifen-benzyl","P_299","Y","Clearwater",18003800,"EWM","Clearwater",338.342,338.34,338.34,37.29,37.29,15,10.7583451064308,10.7584087013064
"2020-0177",2020,2020-10-07,2020-10-07,36.4,"ProcellaCOR EC (PDU)","Florpyrauxifen-benzyl","P_299","Y","Clearwater",18003800,"EWM","Clearwater",338.342,338.34,338.34,37.29,37.29,15,10.7583451064308,10.7584087013064
"2020-0177",2020,2020-10-07,2020-10-07,36.4,"ProcellaCOR EC (PDU)","Florpyrauxifen-benzyl","P_299","Y","Clearwater",18003800,"EWM","Clearwater",338.342,338.34,338.34,37.29,37.29,15,10.7583451064308,10.7584087013064
"2020-0177",2020,2020-10-07,2020-10-07,36.4,"ProcellaCOR EC (PDU)","Florpyrauxifen-benzyl","P_299","Y","Clearwater",18003800,"EWM","Clearwater",338.342,338.34,338.34,37.29,37.29,15,10.7583451064308,10.7584087013064
"2020-0177",2020,2020-10-07,2020-10-07,36.4,"ProcellaCOR EC (PDU)","Florpyrauxifen-benzyl","P_299","Y","Clearwater",18003800,"EWM","Clearwater",338.342,338.34,338.34,37.29,37.29,15,10.7583451064308,10.7584087013064
"2020-0177",2020,2020-10-07,2020-10-07,36.4,"ProcellaCOR EC (PDU)","Florpyrauxifen-benzyl","P_299","Y","Clearwater",18003800,"EWM","Clearwater",338.342,338.34,338.34,37.29,37.29,15,10.7583451064308,10.7584087013064
"2020-0177",2020,2020-10-07,2020-10-07,36.4,"ProcellaCOR EC (PDU)","Florpyrauxifen-benzyl","P_299","Y","Clearwater",18003800,"EWM","Clearwater",338.342,338.34,338.34,37.29,37.29,15,10.7583451064308,10.7584087013064
"2020-0177",2020,2020-10-07,2020-10-07,36.4,"ProcellaCOR EC (PDU)","Florpyrauxifen-benzyl","P_299","Y","Clearwater",18003800,"EWM","Clearwater",338.342,338.34,338.34,37.29,37.29,15,10.7583451064308,10.7584087013064
"2020-0177",2020,2020-10-07,2020-10-07,36.4,"ProcellaCOR EC (PDU)","Florpyrauxifen-benzyl","P_299","Y","Clearwater",18003800,"EWM","Clearwater",338.342,338.34,338.34,37.29,37.29,15,10.7583451064308,10.7584087013064
"2020-0177",2020,2020-10-07,2020-10-07,36.4,"ProcellaCOR EC (PDU)","Florpyrauxifen-benzyl","P_299","Y","Clearwater",18003800,"EWM","Clearwater",338.342,338.34,338.34,37.29,37.29,15,10.7583451064308,10.7584087013064
"2020-0177",2020,2020-10-07,2020-10-07,36.4,"ProcellaCOR EC (PDU)","Florpyrauxifen-benzyl","P_299","Y","Clearwater",18003800,"EWM","Clearwater",338.342,338.34,338.34,37.29,37.29,15,10.7583451064308,10.7584087013064
"2020-0177",2020,2020-10-07,2020-10-07,36.4,"ProcellaCOR EC (PDU)","Florpyrauxifen-benzyl","P_299","Y","Clearwater",18003800,"EWM","Clearwater",338.342,338.34,338.34,37.29,37.29,15,10.7583451064308,10.7584087013064
"2020-0177",2021,2021-09-30,2021-09-30,0.54,"ProcellaCOR EC (oz), Tribune (gal)","Florpyrauxifen-benzyl, Diquat Dibromide","P_300, P_301","Y","Clearwater",18003800,"EWM","Clearwater",338.342,338.34,338.34,37.29,37.29,15,0.159601823007489,0.159602766447952
"2020-0177",2021,2021-09-30,2021-09-30,0.54,"ProcellaCOR EC (oz), Tribune (gal)","Florpyrauxifen-benzyl, Diquat Dibromide","P_300, P_301","Y","Clearwater",18003800,"EWM","Clearwater",338.342,338.34,338.34,37.29,37.29,15,0.159601823007489,0.159602766447952
"2020-0181",2020,2020-05-19,2020-05-19,23,"Dibrox (gal)","Diquat Dibromide","P_302","Y","Rice",2000800,"CLP","Rice",371.217,371.22,371.22,100,100,15,6.1958369363472,6.19578686493185
"2020-0181",2021,2021-05-10,2021-05-10,23,"Dibrox (gal)","Diquat Dibromide","P_303","Y","Rice",2000800,"CLP","Rice",371.217,371.22,371.22,100,100,15,6.1958369363472,6.19578686493185
"2020-0185",2020,2020-05-21,2020-05-21,7,"Aquathol K (gal)","Endothall","P_304","Y","South Long",18013600,"CLP","South Long",451.446,451.45,312.38,34.79,24.07,10,1.55057304749627,2.24086049042832
"2020-0185",2020,2020-05-21,2020-05-21,7,"Aquathol K (gal)","Endothall","P_304","Y","South Long",18013600,"CLP","South Long",451.446,451.45,312.38,34.79,24.07,10,1.55057304749627,2.24086049042832
"2020-0185",2020,2020-05-21,2020-05-21,7,"Aquathol K (gal)","Endothall","P_304","Y","South Long",18013600,"CLP","South Long",451.446,451.45,312.38,34.79,24.07,10,1.55057304749627,2.24086049042832
"2020-0185",2021,2021-05-22,2021-05-22,28,"Aquathol K (gal)","Endothall","P_305","Y","South Long",18013600,"CLP","South Long",451.446,451.45,312.38,34.79,24.07,10,6.20229218998507,8.9634419617133
"2020-0185",2021,2021-05-22,2021-05-22,28,"Aquathol K (gal)","Endothall","P_305","Y","South Long",18013600,"CLP","South Long",451.446,451.45,312.38,34.79,24.07,10,6.20229218998507,8.9634419617133
"2020-0185",2021,2021-05-22,2021-05-22,28,"Aquathol K (gal)","Endothall","P_305","Y","South Long",18013600,"CLP","South Long",451.446,451.45,312.38,34.79,24.07,10,6.20229218998507,8.9634419617133
"2020-0185",2021,2021-05-22,2021-05-22,28,"Aquathol K (gal)","Endothall","P_305","Y","South Long",18013600,"CLP","South Long",451.446,451.45,312.38,34.79,24.07,10,6.20229218998507,8.9634419617133
"2020-0185",2021,2021-05-22,2021-05-22,28,"Aquathol K (gal)","Endothall","P_305","Y","South Long",18013600,"CLP","South Long",451.446,451.45,312.38,34.79,24.07,10,6.20229218998507,8.9634419617133
"2020-0185",2021,2021-05-22,2021-05-22,28,"Aquathol K (gal)","Endothall","P_305","Y","South Long",18013600,"CLP","South Long",451.446,451.45,312.38,34.79,24.07,10,6.20229218998507,8.9634419617133
"2020-0191",2025,2025-05-09,2025-05-09,30,"Diquat Herbicide (gal)","Diquat Dibromide","P_306","Y",NA,NA,"CLP","Teal",NA,NA,NA,NA,NA,NA,NA,NA
"2020-0191",2025,2025-05-09,2025-05-09,30,"Diquat Herbicide (gal)","Diquat Dibromide","P_306","Y",NA,NA,"CLP","Townline",NA,NA,NA,NA,NA,NA,NA,NA
"2020-0208",2020,2020-09-18,2020-09-18,10,"2,4-D Amine (gal)",NA,"P_307","Y","McKinney",31037000,"EWM","McKinney",105.6,99,93.75,93.75,99,15,9.46969696969697,10.6666666666667
"2020-0211",2020,2020-07-13,2020-07-13,21.29,"Kammo Plus (gal), Tribune (gal)","Limonene, Diquat Dibromide","P_308, P_309","Y","Minnetonka-Upper Lake",27013305,"EWM","Minnetonka-Upper Lake",1699.304,1699.3,1699.3,37.59,37.59,15,1.25286587920702,1.25286882834108
"2020-0211",2020,2020-07-13,2020-07-13,21.29,"Kammo Plus (gal), Tribune (gal)","Limonene, Diquat Dibromide","P_308, P_309","Y","Minnetonka-Upper Lake",27013305,"EWM","Minnetonka-Upper Lake",1699.304,1699.3,1699.3,37.59,37.59,15,1.25286587920702,1.25286882834108
"2020-0211",2021,2021-06-26,2021-06-26,1.4,"ProcellaCOR EC (gal), Tribune (gal)","Florpyrauxifen-benzyl, Diquat Dibromide","P_310, P_312","Y","Minnetonka-Upper Lake",27013305,"EWM","Minnetonka-Upper Lake",1699.304,1699.3,1699.3,37.59,37.59,15,0.0823866712489349,0.0823868651797799
"2020-0211",2021,2021-06-26,2021-06-26,1.4,"ProcellaCOR EC (gal), Tribune (gal)","Florpyrauxifen-benzyl, Diquat Dibromide","P_310, P_312","Y","Minnetonka-Upper Lake",27013305,"EWM","Minnetonka-Upper Lake",1699.304,1699.3,1699.3,37.59,37.59,15,0.0823866712489349,0.0823868651797799
"2020-0211",2021,2021-06-26,2021-06-26,1.4,"ProcellaCOR EC (gal), Tribune (gal)","Florpyrauxifen-benzyl, Diquat Dibromide","P_310, P_312","Y","Minnetonka-Upper Lake",27013305,"EWM","Minnetonka-Upper Lake",1699.304,1699.3,1699.3,37.59,37.59,15,0.0823866712489349,0.0823868651797799
"2020-0211",2021,2021-06-26,2021-06-26,1.4,"ProcellaCOR EC (gal), Tribune (gal)","Florpyrauxifen-benzyl, Diquat Dibromide","P_310, P_312","Y","Minnetonka-Upper Lake",27013305,"EWM","Minnetonka-Upper Lake",1699.304,1699.3,1699.3,37.59,37.59,15,0.0823866712489349,0.0823868651797799
"2020-0211",2021,2021-07-16,2021-07-16,10.6,"ProcellaCOR EC (oz)","Florpyrauxifen-benzyl","P_311","Y","Minnetonka-Upper Lake",27013305,"EWM","Minnetonka-Upper Lake",1699.304,1699.3,1699.3,37.59,37.59,15,0.623784796599078,0.623786264932619
"2020-0211",2021,2021-07-16,2021-07-16,10.6,"ProcellaCOR EC (oz)","Florpyrauxifen-benzyl","P_311","Y","Minnetonka-Upper Lake",27013305,"EWM","Minnetonka-Upper Lake",1699.304,1699.3,1699.3,37.59,37.59,15,0.623784796599078,0.623786264932619
"2020-0211",2021,2021-07-16,2021-07-16,10.6,"ProcellaCOR EC (oz)","Florpyrauxifen-benzyl","P_311","Y","Minnetonka-Upper Lake",27013305,"EWM","Minnetonka-Upper Lake",1699.304,1699.3,1699.3,37.59,37.59,15,0.623784796599078,0.623786264932619
"2020-0211",2021,2021-07-16,2021-07-16,10.6,"ProcellaCOR EC (oz)","Florpyrauxifen-benzyl","P_311","Y","Minnetonka-Upper Lake",27013305,"EWM","Minnetonka-Upper Lake",1699.304,1699.3,1699.3,37.59,37.59,15,0.623784796599078,0.623786264932619
"2020-0212",2020,2020-05-27,2020-05-27,11.85,"Aquathol K (gal)","Endothall","P_313","Y","Winona",85001100,"CLP","Winona",308.43,278,90.13,90.13,278,15,3.84203871218753,13.1476755797182
"2020-0903",2021,2021-05-12,2021-05-12,40.64,"Tribune (gal)","Diquat Dibromide","P_314","Y","Centerville",2000600,"CLP","Centerville",288.639,288.64,157.56,60.89,33.24,8,14.0798713964502,25.7933485656258
"2020-0924",2025,2025-05-13,2025-05-13,2.7,"FlumigardSC (gal)","Flumioxazin","P_315","Y","Little Birch",77008900,"CLP","Little Birch",271.937,271.94,265.51,32.44,31.68,14,0.992877026664264,1.01691085081541
"2020-0924",2025,2025-05-13,2025-05-13,2.7,"FlumigardSC (gal)","Flumioxazin","P_315","Y","Little Birch",77008900,"CLP","Little Birch",271.937,271.94,265.51,32.44,31.68,14,0.992877026664264,1.01691085081541
"2020-1556",2021,2021-05-13,2021-05-13,24.9,"Tribune (gal)","Diquat Dibromide","P_316","Y","Oak",10009300,"EWM","Oak",360.466,360.47,180.39,98.03,49.05,4,6.90772500041613,13.8034259105272
"2020-1556",2025,2025-04-16,2025-04-16,360,"Sonar A.S. (gal)","Fluridone","P_317","Y","Oak",10009300,"EWM","Oak",360.466,360.47,180.39,98.03,49.05,4,99.8707228975826,199.567603525694
"2020-1556",2025,2025-04-16,2025-04-16,360,"Sonar A.S. (gal)","Fluridone","P_317","Y","Oak",10009300,"EWM","Oak",360.466,360.47,180.39,98.03,49.05,4,99.8707228975826,199.567603525694
"2020-2645",2020,2020-08-20,2020-08-20,9.9,"2,4-D Amine (gal)",NA,"P_318","Y","Lower Spunk",73012300,"EWM","Lower Spunk",129.342,129.34,129.34,72.23,72.23,15,7.65412626988913,7.65424462656564
"2020-2645",2020,2020-08-20,2020-08-20,9.9,"2,4-D Amine (gal)",NA,"P_318","Y","Lower Spunk",73012300,"EWM","Lower Spunk",129.342,129.34,129.34,72.23,72.23,15,7.65412626988913,7.65424462656564
"2020-2645",2020,2020-08-20,2020-08-20,9.9,"2,4-D Amine (gal)",NA,"P_318","Y","Lower Spunk",73012300,"EWM","Lower Spunk",129.342,129.34,129.34,72.23,72.23,15,7.65412626988913,7.65424462656564
"2020-2645",2020,2020-08-20,2020-08-20,9.9,"2,4-D Amine (gal)",NA,"P_318","Y","Lower Spunk",73012300,"EWM","Lower Spunk",129.342,129.34,129.34,72.23,72.23,15,7.65412626988913,7.65424462656564
"2020-2645",2021,2021-08-09,2021-08-09,5.18,"Platoon (gal)","2,4-D","P_319","Y","Lower Spunk",73012300,"EWM","Lower Spunk",129.342,129.34,129.34,72.23,72.23,15,4.00488627050765,4.00494819854647
"2020-2645",2021,2021-08-09,2021-08-09,5.18,"Platoon (gal)","2,4-D","P_319","Y","Lower Spunk",73012300,"EWM","Lower Spunk",129.342,129.34,129.34,72.23,72.23,15,4.00488627050765,4.00494819854647
"2020-2645",2021,2021-08-09,2021-08-09,5.18,"Platoon (gal)","2,4-D","P_319","Y","Lower Spunk",73012300,"EWM","Lower Spunk",129.342,129.34,129.34,72.23,72.23,15,4.00488627050765,4.00494819854647
"2020-3342",2021,2021-05-06,2021-05-06,15.6,"Dibrox (gal)","Diquat Dibromide","P_320","Y","Florence",30003500,"CLP","Florence",120.203,120.2,120.2,88.59,88.59,15,12.9780454730747,12.9783693843594
"2020-3342",2021,2021-05-06,2021-05-06,15.6,"Dibrox (gal)","Diquat Dibromide","P_320","Y","Florence",30003500,"CLP","Florence",120.203,120.2,120.2,88.59,88.59,15,12.9780454730747,12.9783693843594
"2020-3342",2021,2021-05-06,2021-05-06,15.6,"Dibrox (gal)","Diquat Dibromide","P_320","Y","Florence",30003500,"CLP","Florence",120.203,120.2,120.2,88.59,88.59,15,12.9780454730747,12.9783693843594
"2020-3342",2021,2021-05-06,2021-05-06,15.6,"Dibrox (gal)","Diquat Dibromide","P_320","Y","Florence",30003500,"CLP","Florence",120.203,120.2,120.2,88.59,88.59,15,12.9780454730747,12.9783693843594
"2020-3342",2021,2021-05-06,2021-05-06,15.6,"Dibrox (gal)","Diquat Dibromide","P_320","Y","Florence",30003500,"CLP","Florence",120.203,120.2,120.2,88.59,88.59,15,12.9780454730747,12.9783693843594
"2020-3343",2021,2021-05-06,2021-05-06,4.59,"Dibrox (gal)","Diquat Dibromide","P_321","Y","Elms",30003600,"CLP","Elms",41.802,40.8,38.02,81.01,10,10,10.9803358690972,12.0725933719095
"2020-3343",2021,2021-05-06,2021-05-06,4.59,"Dibrox (gal)","Diquat Dibromide","P_321","Y","Elms",30003600,"CLP","Elms",41.802,40.8,38.02,81.01,10,10,10.9803358690972,12.0725933719095
"2021-0100",2021,2021-04-28,2021-04-28,9.6,"Aquathol K (gal)","Endothall","P_322","Y","Dean",86004100,"CLP","Dean",126.941,126.94,39.76,72.22,22.62,5,7.56256843730552,24.1448692152917
"2021-0100",2021,2021-04-28,2021-04-28,9.6,"Aquathol K (gal)","Endothall","P_322","Y","Dean",86004100,"CLP","Dean",126.941,126.94,39.76,72.22,22.62,5,7.56256843730552,24.1448692152917
"2021-0100",2021,2021-05-02,2021-05-02,6,"Tribune (gal)","Diquat Dibromide","P_323","Y","Dean",86004100,"CLP","Dean",126.941,126.94,39.76,72.22,22.62,5,4.72660527331595,15.0905432595573
"2021-0100",2021,2021-05-02,2021-05-02,6,"Tribune (gal)","Diquat Dibromide","P_323","Y","Dean",86004100,"CLP","Dean",126.941,126.94,39.76,72.22,22.62,5,4.72660527331595,15.0905432595573
"2021-0311",2021,2021-05-05,2021-05-05,8.4,"Aquathol K (gal)","Endothall","P_324","Y","Allie",65000600,"CLP","Allie",509.119,509.12,509.12,100,100,15,1.64990896038058,1.64990571967316
"2021-0311",2021,2021-05-05,2021-05-05,8.4,"Aquathol K (gal)","Endothall","P_324","Y","Allie",65000600,"CLP","Allie",509.119,509.12,509.12,100,100,15,1.64990896038058,1.64990571967316
"2021-0312",2021,2021-05-05,2021-05-05,13,"Aquathol K (gal)","Endothall","P_325","Y","Preston",65000200,"CLP","Preston",660.847,660.85,82.04,99.49,12.35,4,1.9671724317429,15.8459288152121
"2021-0371",2021,2021-07-22,2021-07-22,1.72,"Captain (gal)","Copper Complex","P_326","Y","Lower Twin",27004203,"EWM","Lower Twin",26.604,26.6,26.6,81.12,81.12,15,6.46519320402947,6.46616541353383
"2021-0388",2021,2021-05-11,2021-05-11,3.5,"Aquathol K (gal)","Endothall","P_327","Y","Minnie-Belle",47011900,"CLP","Minnie-Belle",175.764,175.76,216.58,30.43,37.5,20,1.99130652465806,1.61603102779573
"2021-0413",2022,2022-06-01,2022-06-01,65.26,"Tribune (gal)","Diquat Dibromide","P_328","Y","Byllesby",19000600,"CLP","Byllesby",935.968,935.97,935.97,67.68,67.68,15,6.97246059694349,6.97244569804588
"2021-0413",2022,2022-06-01,2022-06-01,65.26,"Tribune (gal)","Diquat Dibromide","P_328","Y","Byllesby",19000600,"CLP","Byllesby",935.968,935.97,935.97,67.68,67.68,15,6.97246059694349,6.97244569804588
"2021-0413",2022,2022-06-01,2022-06-01,65.26,"Tribune (gal)","Diquat Dibromide","P_328","Y","Byllesby",19000600,"CLP","Byllesby",935.968,935.97,935.97,67.68,67.68,15,6.97246059694349,6.97244569804588
"2021-0413",2022,2022-06-01,2022-06-01,65.26,"Tribune (gal)","Diquat Dibromide","P_328","Y","Byllesby",19000600,"CLP","Byllesby",935.968,935.97,935.97,67.68,67.68,15,6.97246059694349,6.97244569804588
"2021-0413",2022,2022-06-01,2022-06-01,65.26,"Tribune (gal)","Diquat Dibromide","P_328","Y","Byllesby",19000600,"CLP","Byllesby",935.968,935.97,935.97,67.68,67.68,15,6.97246059694349,6.97244569804588
"2021-0413",2022,2022-06-01,2022-06-01,65.26,"Tribune (gal)","Diquat Dibromide","P_328","Y","Byllesby",19000600,"CLP","Byllesby",935.968,935.97,935.97,67.68,67.68,15,6.97246059694349,6.97244569804588
"2021-0413",2022,2022-06-01,2022-06-01,65.26,"Tribune (gal)","Diquat Dibromide","P_328","Y","Byllesby",19000600,"CLP","Byllesby",935.968,935.97,935.97,67.68,67.68,15,6.97246059694349,6.97244569804588
"2021-0413",2023,2023-05-31,2023-05-31,30.23,"Tribune (gal)","Diquat Dibromide","P_329","Y","Byllesby",19000600,"CLP","Byllesby",935.968,935.97,935.97,67.68,67.68,15,3.22981127559917,3.22980437407182
"2021-0413",2025,2025-05-30,2025-05-30,29.06,"FlumigardSC (gal)","Flumioxazin","P_330","Y","Byllesby",19000600,"CLP","Byllesby",935.968,935.97,935.97,67.68,67.68,15,3.10480700194878,3.10480036753315
"2021-0430",2021,2021-05-14,2021-05-14,1.28,"Tribune (gal)","Diquat Dibromide","P_331","Y","Unnamed",27027500,"CLP",NA,NA,NA,NA,NA,NA,NA,NA,NA
"2021-0437",2021,2021-05-19,2021-05-19,115,"Diquat SPC 2 L (gal)","Diquat Dibromide","P_332","Y","Jennie",47001500,"CLP","Jennie",1064.033,1064.03,440.02,100,41.35,8,10.8079354681669,26.135175673833
"2021-0451",2021,2021-05-28,2021-05-28,33.56,"Aquathol K (gal)","Endothall","P_333","Y","Osakis",77021500,"CLP","Osakis",3389.006,3389.01,2855.78,53.53,45.11,12,0.990260861149257,1.17516055158311
"2021-0451",2021,2021-05-28,2021-05-28,33.56,"Aquathol K (gal)","Endothall","P_333","Y","Osakis",77021500,"CLP","Osakis",3389.006,3389.01,2855.78,53.53,45.11,12,0.990260861149257,1.17516055158311
"2021-0451",2021,2021-05-28,2021-05-28,33.56,"Aquathol K (gal)","Endothall","P_333","Y","Osakis",77021500,"CLP","Osakis",3389.006,3389.01,2855.78,53.53,45.11,12,0.990260861149257,1.17516055158311
"2021-0451",2021,2021-05-28,2021-05-28,33.56,"Aquathol K (gal)","Endothall","P_333","Y","Osakis",77021500,"CLP","Osakis",3389.006,3389.01,2855.78,53.53,45.11,12,0.990260861149257,1.17516055158311
"2021-0451",2021,2021-05-28,2021-05-28,33.56,"Aquathol K (gal)","Endothall","P_333","Y","Osakis",77021500,"CLP","Osakis",3389.006,3389.01,2855.78,53.53,45.11,12,0.990260861149257,1.17516055158311
"2021-0451",2021,2021-05-28,2021-05-28,33.56,"Aquathol K (gal)","Endothall","P_333","Y","Osakis",77021500,"CLP","Osakis",3389.006,3389.01,2855.78,53.53,45.11,12,0.990260861149257,1.17516055158311
"2021-0451",2021,2021-05-28,2021-05-28,33.56,"Aquathol K (gal)","Endothall","P_333","Y","Osakis",77021500,"CLP","Osakis",3389.006,3389.01,2855.78,53.53,45.11,12,0.990260861149257,1.17516055158311
"2021-0465",2021,2021-05-12,2021-05-12,12.3,"Tribune (gal)","Diquat Dibromide","P_336","Y","Johanna",62007800,"CLP","Johanna",92.929,92.93,68.06,43.92,32.17,10,13.2359112871117,18.0722891566265
"2021-0466",2021,2021-05-13,2021-05-13,2,"Aquathol K (gal)","Endothall","P_337","Y","Rice",73019600,"CLP","Rice",832.554,832.55,787.7,57.23,54.15,13,0.240224658100255,0.253903770470991
"2021-0466",2021,2021-05-13,2021-05-13,2,"Aquathol K (gal)","Endothall","P_337","Y","Rice",73019600,"CLP","Rice",832.554,832.55,787.7,57.23,54.15,13,0.240224658100255,0.253903770470991
"2021-0466",2021,2021-05-13,2021-05-13,5.8,"Tribune (gal)","Diquat Dibromide","P_338","Y","Rice",73019600,"CLP","Rice",832.554,832.55,787.7,57.23,54.15,13,0.696651508490741,0.736320934365875
"2021-0466",2021,2021-05-13,2021-05-13,5.8,"Tribune (gal)","Diquat Dibromide","P_338","Y","Rice",73019600,"CLP","Rice",832.554,832.55,787.7,57.23,54.15,13,0.696651508490741,0.736320934365875
"2021-0483",2021,2021-04-28,2021-04-28,8,"Aquathol K (gal)","Endothall","P_339","Y","Martha",86000900,"CLP","Martha",71.046,71.05,57.66,75.75,61.48,9,11.2603102215466,13.8744363510232
"2021-0483",2021,2021-04-28,2021-04-28,8,"Aquathol K (gal)","Endothall","P_339","Y","Martha",86000900,"CLP","Martha",71.046,71.05,57.66,75.75,61.48,9,11.2603102215466,13.8744363510232
"2021-0484",2021,2021-06-22,2021-06-22,56.8,"2,4-D Amine (gal)",NA,"P_340","Y","Clear",81001401,"EWM","Clear",563.674,563.67,215.16,86.89,33.16,8,10.0767464882184,26.3989589142963
"2021-0484",2021,2021-06-22,2021-06-22,56.8,"2,4-D Amine (gal)",NA,"P_340","Y","Clear",81001401,"EWM","Clear",563.674,563.67,215.16,86.89,33.16,8,10.0767464882184,26.3989589142963
"2021-0484",2021,2021-06-22,2021-06-22,56.8,"2,4-D Amine (gal)",NA,"P_340","Y","Clear",81001401,"EWM","Clear",563.674,563.67,215.16,86.89,33.16,8,10.0767464882184,26.3989589142963
"2021-0484",2021,2021-06-22,2021-06-22,56.8,"2,4-D Amine (gal)",NA,"P_340","Y","Clear",81001401,"EWM","Clear",563.674,563.67,215.16,86.89,33.16,8,10.0767464882184,26.3989589142963
"2021-0484",2021,2021-06-22,2021-06-22,56.8,"2,4-D Amine (gal)",NA,"P_340","Y","Clear",81001401,"EWM","Clear",563.674,563.67,215.16,86.89,33.16,8,10.0767464882184,26.3989589142963
"2021-0484",2021,2021-06-22,2021-06-22,56.8,"2,4-D Amine (gal)",NA,"P_340","Y","Clear",81001401,"EWM","Clear",563.674,563.67,215.16,86.89,33.16,8,10.0767464882184,26.3989589142963
"2021-1320",2021,2021-07-05,2021-07-05,27.8,"2,4-D Amine (gal)",NA,"P_341","Y","Hunt",66004700,"EWM","Hunt",148.64,148.64,77.5,84.28,43.94,9,18.702906350915,35.8709677419355
"2021-1320",2021,2021-07-05,2021-07-05,27.8,"2,4-D Amine (gal)",NA,"P_341","Y","Hunt",66004700,"EWM","Hunt",148.64,148.64,77.5,84.28,43.94,9,18.702906350915,35.8709677419355
"2021-1320",2021,2021-07-05,2021-07-05,27.8,"2,4-D Amine (gal)",NA,"P_341","Y","Hunt",66004700,"EWM","Hunt",148.64,148.64,77.5,84.28,43.94,9,18.702906350915,35.8709677419355
"2021-1320",2021,2021-07-05,2021-07-05,27.8,"2,4-D Amine (gal)",NA,"P_341","Y","Hunt",66004700,"EWM","Hunt",148.64,148.64,77.5,84.28,43.94,9,18.702906350915,35.8709677419355
"2021-1320",2021,2021-07-05,2021-07-05,27.8,"2,4-D Amine (gal)",NA,"P_341","Y","Hunt",66004700,"EWM","Hunt",148.64,148.64,77.5,84.28,43.94,9,18.702906350915,35.8709677419355
"2021-1772",2021,2021-05-24,2021-05-24,18.26,"Tribune (gal)","Diquat Dibromide","P_342","Y","Minnetonka-Grays Bay",27013301,"CLP","Minnetonka-Grays Bay",164.537,164.54,164.54,87.58,87.58,15,11.097807787914,11.0976054454844
"2021-1772",2025,2025-05-13,2025-05-13,27,"Tribune (gal)","Diquat Dibromide","P_343","Y","Minnetonka-Grays Bay",27013301,"CLP","Minnetonka-Grays Bay",164.537,164.54,164.54,87.58,87.58,15,16.4096829284599,16.4093837364775
"2021-2453",2023,2023-10-10,2023-10-10,1.8,"ProcellaCOR EC (oz)","Florpyrauxifen-benzyl","P_344","Y","Crooked",18004100,"EWM","Crooked",462.68,234,50.57,50.57,234,15,0.389037779891069,3.55942258255883
"2021-2453",2025,2025-09-17,2025-09-17,1.17,"ProcellaCOR EC (oz)","Florpyrauxifen-benzyl","P_345","Y","Crooked",18004100,"EWM","Crooked",462.68,234,50.57,50.57,234,15,0.252874556929195,2.31362467866324
"2022-0242",2022,2022-06-10,2022-06-10,25,"Galleon SC (quarts)","Penoxsulam","P_346","Y","Leech",11020300,"CLP",NA,NA,NA,NA,NA,NA,NA,NA,NA
"2022-0338",2025,2025-05-25,2025-05-25,5.6,"Diquat Herbicide ()","Diquat Dibromide","P_347","Y","Lobster",21014400,"CLP","Lobster",1334.25,692.67,51.91,51.91,692.67,15,0.419711448379239,10.7879021383163
"2022-1832",2023,2023-05-26,2023-05-26,6.67,"Semera (lbs)","Flumioxazin","P_348","Y","Bass",22007400,"CLP","Bass",152.236,152.24,86.68,77.04,43.87,9,4.38135526419507,7.69497000461467
"2022-1832",2025,2025-05-08,2025-05-08,17.3,"FlumigardSC (gal)","Flumioxazin","P_349","Y","Bass",22007400,"CLP","Bass",152.236,152.24,86.68,77.04,43.87,9,11.3639349431146,19.9584679280111
"2022-1986",2025,2025-08-11,2025-08-11,8.95,"Triclopyr 3 (gal)","Triclopyr","P_350","Y","Owasso",62005600,"EWM","Owasso",284.178,284.18,257.72,76.05,68.97,10.5,3.14943450935681,3.47276113611671
"2022-1986",2025,2025-08-11,2025-08-11,8.95,"Triclopyr 3 (gal)","Triclopyr","P_350","Y","Owasso",62005600,"EWM","Owasso",284.178,284.18,257.72,76.05,68.97,10.5,3.14943450935681,3.47276113611671
"2022-1986",2025,2025-08-11,2025-08-11,8.95,"Triclopyr 3 (gal)","Triclopyr","P_350","Y","Owasso",62005600,"EWM","Owasso",284.178,284.18,257.72,76.05,68.97,10.5,3.14943450935681,3.47276113611671
"2022-2614",2023,2023-10-11,2023-10-11,0.5,"ProcellaCOR EC (oz)","Florpyrauxifen-benzyl","P_351","Y","Hanks",18004400,"EWM","Hanks",48.08,48.08,48.08,29.28,29.28,15,1.03993344425957,1.03993344425957
"2022-2615",2023,2023-10-10,2023-10-10,1.5,"ProcellaCOR EC (oz)","Florpyrauxifen-benzyl","P_352","Y","Portage",18005000,"EWM","Portage",116.206,116.21,116.21,40.69,40.69,15,1.29081114572397,1.29076671542896
"2023-0301",2025,2025-05-22,2025-05-22,32.3,"Flumigard (oz)","Flumioxazin","P_353","Y","Andrew",21008500,"CLP","Andrew",322.666,322.67,345.58,35.14,37.63,17,10.0103512610563,9.34660570634875
"2023-0301",2025,2025-05-22,2025-05-22,32.3,"Flumigard (oz)","Flumioxazin","P_353","Y","Andrew",21008500,"CLP","Andrew",322.666,322.67,345.58,35.14,37.63,17,10.0103512610563,9.34660570634875
"2023-0301",2025,2025-05-22,2025-05-22,32.3,"Flumigard (oz)","Flumioxazin","P_353","Y","Andrew",21008500,"CLP","Andrew",322.666,322.67,345.58,35.14,37.63,17,10.0103512610563,9.34660570634875
"2023-0301",2025,2025-05-22,2025-05-22,32.3,"Flumigard (oz)","Flumioxazin","P_353","Y","Andrew",21008500,"CLP","Andrew",322.666,322.67,345.58,35.14,37.63,17,10.0103512610563,9.34660570634875
"2023-0468",2023,2023-05-09,2023-05-09,74.4,"Aquathol K (gal)","Endothall","P_354","Y","Clear",81001401,"CLP","Clear",563.674,563.67,215.16,86.89,33.16,8,13.1991186394973,34.5789180145008
"2023-1190",2025,2025-07-10,2025-07-10,0.5,"ProcellaCOR EC (oz)","Florpyrauxifen-benzyl","P_355","Y","Mandall",13007400,"EWM","Mandall",33.287,33.29,23.48,71.11,50.15,9,1.50208790218404,2.12947189097104
"2024-0112",2025,2025-04-29,2025-04-29,15.6,"FlumigardSC (oz)","Flumioxazin","P_356","Y","Norway",34025100,"CLP","Norway",2106.345,2106.35,2149.69,90.83,92.7,16,0.740619414198529,0.725686029148389
"2024-0112",2025,2025-04-29,2025-04-29,15.6,"FlumigardSC (oz)","Flumioxazin","P_356","Y","Norway",34025100,"CLP","Norway",2106.345,2106.35,2149.69,90.83,92.7,16,0.740619414198529,0.725686029148389
"2024-0112",2025,2025-04-29,2025-04-29,15.6,"FlumigardSC (oz)","Flumioxazin","P_356","Y","Norway",34025100,"CLP","Norway",2106.345,2106.35,2149.69,90.83,92.7,16,0.740619414198529,0.725686029148389
"2024-0113",2025,2025-04-29,2025-04-29,28.3,"FlumigardSC (oz)","Flumioxazin","P_357","Y","Games",34022400,"CLP","Games",247.819,247.82,267.21,47.56,51.28,16,11.4196248068147,10.5909209984656
"2024-0113",2025,2025-04-29,2025-04-29,28.3,"FlumigardSC (oz)","Flumioxazin","P_357","Y","Games",34022400,"CLP","Games",247.819,247.82,267.21,47.56,51.28,16,11.4196248068147,10.5909209984656
"2024-0169",2025,2025-04-30,2025-04-30,4.2,"Galleon SC (gal)","Penoxsulam","P_358","Y","Holiday",27009000,"CLP","Holiday",8,8,8,100,100,NA,52.5,52.5
"2025-0025",2025,2025-05-07,2025-05-07,6.85,"FlumigardSC (gal)","Flumioxazin","P_359","Y","Island",3015300,"CLP","Island",482.53,482.53,422.26,40.91,35.8,12,1.41960085383292,1.62222327475963
"2025-0088",2025,2025-05-22,2025-05-22,8.4,"FlumigardSC (gal)","Flumioxazin","P_360","Y","Cowdry",21010300,"CLP","Cowdrey,Lake",85.98,85.98,89.43,35.45,36.87,16,9.76971388695045,9.39282120093928
"2025-0951",2025,2025-06-09,2025-06-09,3,"Komeen Descend (gal)","Copper Complex","P_361","Y","Middle Cullen",18037700,"SSW","Middle Cullen",137.492,137.49,137.49,34.66,34.66,15,2.1819451313531,2.18197687104517
"2025-1273",2025,2025-05-09,2025-05-09,5.09,"Tribune (gal)","Diquat Dibromide","P_362","Y","Thompson",71009600,"CLP","Thompson",55.358,55.36,55.36,65.63,65.63,15,9.1946963401857,9.19436416184971
"2025-1273",2025,2025-05-09,2025-05-09,5.09,"Tribune (gal)","Diquat Dibromide","P_362","Y","Thompson",71009600,"CLP","Thompson",55.358,55.36,55.36,65.63,65.63,15,9.1946963401857,9.19436416184971
"2025-1273",2025,2025-05-09,2025-05-09,5.09,"Tribune (gal)","Diquat Dibromide","P_362","Y","Thompson",71009600,"CLP","Thompson",55.358,55.36,55.36,65.63,65.63,15,9.1946963401857,9.19436416184971
"2025-1273",2025,2025-05-09,2025-05-09,5.09,"Tribune (gal)","Diquat Dibromide","P_362","Y","Thompson",71009600,"CLP","Thompson",55.358,55.36,55.36,65.63,65.63,15,9.1946963401857,9.19436416184971
"2025-1371",2025,2025-05-02,2025-05-02,36.2,"Aquathol K (gal)","Endothall","P_363","Y","Gorman",40003200,"CLP","Gorman",521.104,521.1,102.45,100,19.66,4,6.94678989222881,35.3343094192289
"2025-1371",2025,2025-05-02,2025-05-02,36.2,"Aquathol K (gal)","Endothall","P_363","Y","Gorman",40003200,"CLP","Gorman",521.104,521.1,102.45,100,19.66,4,6.94678989222881,35.3343094192289
"2025-1371",2025,2025-05-02,2025-05-02,36.2,"Aquathol K (gal)","Endothall","P_363","Y","Gorman",40003200,"CLP","Gorman",521.104,521.1,102.45,100,19.66,4,6.94678989222881,35.3343094192289
"2025-1371",2025,2025-05-02,2025-05-02,36.2,"Aquathol K (gal)","Endothall","P_363","Y","Gorman",40003200,"CLP","Gorman",521.104,521.1,102.45,100,19.66,4,6.94678989222881,35.3343094192289
"2025-2868",2025,2025-08-26,2025-08-26,2,"Tribune (gal)","Diquat Dibromide","P_364","Y","Byllesby",19000600,"FR","Byllesby",935.968,935.97,935.97,67.68,67.68,15,0.213682519060481,0.213682062459267
