permit_number,treatment_year,start_date,end_date,treatment_size,chemicals_units,active_ing,treatment_id,additional_data,lake_name,DOW,lake_LZ_acres,prcnt_LZ,species_code
2017-0511,2021,2021-05-19,2021-05-19,6.2,aquathol_k (gals),Endothall,S_1283,Y,East Jefferson,40009201,331.52,0.0187,CLP
12W-4029,2022,2022-09-01,2022-09-01,3.6,,,S_1627,Y,Calhoun,34006200,647.1,0.0056,EWM
2017-0040,2022,2022-05-23,2022-05-23,43.7,aquathol_k (gals),Endothall,S_1629,Y,Cedar Island,73013300,NA,NA,CLP
2017-0045,2022,2022-05-23,2022-05-23,3.9,aquathol_k (gals),Endothall,S_1630,Y,Horseshoe,73015700,341.05,0.0114,CLP
2017-0511,2022,2022-05-18,2022-05-18,6.58,aquathol_k (gals),Endothall,S_1644,Y,East Jefferson,40009201,331.52,0.0198,CLP
2017-0513,2022,2022-05-18,2022-05-18,5.4,aquathol_k (gals),Endothall,S_1646,Y,West Jefferson,40009202,348.68,0.0155,CLP
2017-0565,2022,2022-05-23,2022-05-23,8.8,diquat (gals),Diquat Dibromide,S_1654,Y,Augusta,86028400,60.94,0.1444,CLP
2017-0703,2022,2022-05-16,2022-05-16,3.8,aquathol_k (gals),Endothall,S_1666,Y,Skogman,30002200,129.77,0.0293,CLP
2017-1470,2022,2022-05-18,2022-05-18,19.4,diquat (gals),Diquat Dibromide,S_1718,Y,Mink,86022900,251.82,0.077,CLP
2017-1471,2022,2022-05-18,2022-05-18,0.6,diquat (gals),Diquat Dibromide,S_1719,Y,Somers,86023000,147.27,0.0041,CLP
2017-1875,2022,2022-05-18,2022-05-18,38.7,aquathol_k (gals),Endothall,S_1735,Y,Diamond,34004400,649.45,0.0596,CLP
2018-0932,2022,2022-08-31,2022-08-31,1,,,S_1810,Y,Victoria,21005400,131.17,0.0076,EWM
2019-0858,2022,2022-08-29,2022-08-29,13.8,,,S_1845,Y,Skogman,30002200,129.77,0.1063,EWM
2020-0120,2022,2022-05-23,2022-05-23,10.8,aquathol_k (gals),Endothall,S_1878,Y,Knaus,73008600,209.7,0.0515,CLP
2020-0121,2022,2022-05-23,2022-05-23,0.3,aquathol_k (gals),Endothall,S_1879,Y,Bolfing,73008800,67.37,0.0045,CLP
2021-2194,2022,2022-06-09,2022-06-09,0.01,,,S_1935,Y,Carlson,19006600,8.91,0.0011,YI
2021-3174,2022,2022-08-17,2022-08-17,3.31,,,S_1942,Y,Pine Tree,82012200,164.12,0.0202,EWM
2022-0338,2022,2022-05-26,2022-05-26,6.7,diquat (gals),Diquat Dibromide,S_1967,Y,Lobster,21014400,NA,NA,CLP
2022-2909,2022,2022-09-15,2022-09-15,0.57,dma4_ivm (gals),"2,4-D",S_1999,Y,Sunfish,40000900,80.43,0.0071,EWM
2022-2983,2022,2022-09-22,2022-09-22,0.49,,,S_2001,Y,Kimball,18036100,46.27,0.0106,EWM
2022-3084,2022,2022-09-29,2022-09-29,NA,"glyphosate (gals), imazapyr (gals)","Glyphosate, Imazapyr",S_2007,Y,Slough,86007800,45.81,NA,PHR
2017-0109,2023,2023-05-21,2023-05-21,19.1,aquathol_k (gals),Endothall,S_2010,Y,Upper Sakatah,40000200,899.57,0.0212,CLP
2017-0365,2023,2023-05-12,2023-05-12,25.88,,,S_2011,Y,Long,47017700,787.03,0.0329,CLP
2017-0377,2023,2023-06-01,2023-06-01,16.4,aquathol_k (gals),Endothall,S_2012,Y,Pelican,56078600,1608.25,0.0102,CLP
2017-0378,2023,2023-05-31,2023-05-31,11.7,aquathol_k (gals),Endothall,S_2013,Y,Little Pelican,56076100,NA,NA,CLP
2017-0434,2023,2023-06-21,2023-06-21,14.7,,,S_2018,Y,Sturgeon,58006700,727.33,0.0202,EWM
2017-0437,2023,2023-06-21,2023-06-21,8.88,,,S_2019,Y,Sand,58008100,234.85,0.0378,EWM
2017-0442,2023,2023-10-17,2023-10-17,4.5,,,S_2021,Y,Big,71008200,116.41,0.0387,EWM
2017-0445,2023,2023-07-21,2023-07-21,3,,,S_2022,Y,Mitchell,71008100,90.38,0.0332,EWM
2017-0452,2023,2023-05-24,2023-05-24,2,aquathol_k (gals),Endothall,S_2023,Y,Arrowhead,27004500,NA,NA,CLP
2017-0492,2023,2023-10-09,2023-10-09,12.4,,,S_2024,Y,John,86028800,284.53,0.0436,EWM
2017-0512,2023,2023-05-09,2023-05-09,18.69,aquathol_k (gals),Endothall,S_2026,Y,Middle Jefferson,40009204,654.93,0.0285,CLP
2017-0513,2023,2023-05-09,2023-05-09,5.5,aquathol_k (gals),Endothall,S_2027,Y,West Jefferson,40009202,348.68,0.0158,CLP
2017-0522,2023,2023-05-18,2023-05-18,84,fluridone (gals),Fluridone,S_2028,Y,Hyland,27004800,83.91,1.0011,CLP
2017-0524,2023,2023-05-22,2023-05-22,7.27,diquat (gals),Diquat Dibromide,S_2030,Y,Spring,70005400,282.83,0.0257,CLP
2017-0526,2023,2023-05-02,2023-05-02,87,,,S_2032,Y,Olson,82010300,87.38,0.9957,EWM
2017-0566,2023,2023-05-17,2023-05-17,16.5,diquat (gals),Diquat Dibromide,S_2034,Y,McMahon,70005000,162.26,0.1017,CLP
2017-0582,2023,2023-05-26,2023-05-26,19.89,diquat (gals),Diquat Dibromide,S_2035,Y,O'Dowd,70009500,273.58,0.0727,CLP
2017-0600,2023,2023-08-09,2023-08-09,3.3,,,S_2036,Y,Fish,86018300,54.16,0.0609,EWM
2017-0615,2023,2023-05-23,2023-05-23,1.72,diquat (gals),Diquat Dibromide,S_2037,Y,Gleason,27009500,NA,NA,CLP
2017-0653,2023,2023-06-21,2023-06-21,9.88,diquat (gals),Diquat Dibromide,S_2038,Y,Long,62006700,117.29,0.0842,EWM
2017-0663,2023,2023-05-15,2023-05-15,5.12,aquathol_k (gals),Endothall,S_2039,Y,Brooks,86026400,58.31,0.0878,CLP
2017-0666,2023,2023-07-11,2023-07-11,18.98,,,S_2040,Y,Clear,82016300,270.31,0.0702,EWM
2017-0729,2023,2023-07-27,2023-07-27,21.1,,,S_2041,Y,Scandinavian,61004100,229.73,0.0918,EWM
2017-0743,2023,2023-05-16,2023-05-16,3,diquat (gals),Diquat Dibromide,S_2043,Y,Gun,01009900,370.28,0.0081,CLP
2017-0753,2023,2023-05-17,2023-05-17,9.62,diquat (gals),Diquat Dibromide,S_2044,Y,Mooney,27013400,NA,NA,CLP
2017-0819,2023,2023-08-21,2023-08-21,30.7,,,S_2045,Y,Alexander,49007900,843.85,0.0364,EWM
2017-0823,2023,2023-08-24,2023-08-24,34.5,,,S_2046,Y,Linwood,02002600,484.91,0.0711,EWM
2017-0825,2023,2023-07-26,2023-07-26,5.97,,,S_2047,Y,Middle Spunk,73012800,79.01,0.0756,EWM
2017-0828,2023,2023-07-24,2023-07-24,15.1,,,S_2048,Y,Pulaski (main bay),86005302,138.77,0.1088,EWM
2017-0830,2023,2023-05-21,2023-05-21,4.78,aquathol_k (gals),Endothall,S_2049,Y,Lewis,33003200,80.88,0.0591,CLP
2017-0857,2023,2023-05-22,2023-05-22,119.55,"diquat (gals), galleon (gals)","Diquat Dibromide, Penoxsulam",S_2050,Y,Medicine,27010400,434.53,0.2751,CLP
2017-0873,2023,2023-06-27,2023-06-27,8,,,S_2051,Y,Indian,86022300,57.13,0.14,EWM
2017-0888,2023,2023-05-22,2023-05-22,46.5,aquathol_k (gals),Endothall,S_2052,Y,Eagle,71006700,319.49,0.1455,CLP
2017-0917,2023,2023-05-22,2023-05-22,61.55,diquat (gals),Diquat Dibromide,S_2054,Y,Forest,82015900,1561.19,0.0394,CLP
2017-0973,2023,2023-05-22,2023-05-22,11.5,aquathol_k (gals),Endothall,S_2056,Y,Sebie,18016100,NA,NA,CLP
2017-1005,2023,2023-05-23,2023-05-23,1,aquathol_k (gals),Endothall,S_2057,Y,Upper South Long,18009600,292.08,0.0034,CLP
2017-1028,2023,2023-05-31,2023-05-31,39.81,diquat (gals),Diquat Dibromide,S_2058,Y,George,02009100,383.26,0.1039,EWM
2017-1034,2023,2023-06-21,2023-06-21,3.86,,,S_2060,Y,Granite,86021700,118.18,0.0327,EWM
2017-1035,2023,2023-05-17,2023-05-17,11.5,flumioxazin (lbs),Flumioxazin,S_2061,Y,Louisa,86028200,129.57,0.0888,CLP
2017-1036,2023,2023-05-17,2023-05-17,14.3,flumioxazin (lbs),Flumioxazin,S_2062,Y,Marie,73001400,124.97,0.1144,CLP
2017-1037,2023,2023-05-25,2023-05-25,5.74,diquat (gals),Diquat Dibromide,S_2063,Y,Minnetonka-Carsons Bay,27013303,78.86,0.0728,CLP
2017-1038,2023,2023-07-21,2023-07-21,19.37,diquat (gals),Diquat Dibromide,S_2064,Y,Minnetonka-Carsons Bay,27013303,78.86,0.2456,EWM
2017-1040,2023,2023-07-21,2023-07-21,32.7,diquat (gals),Diquat Dibromide,S_2066,Y,Minnetonka-Lower Lake,27013302,2059.41,0.0159,EWM
2017-1044,2023,2023-05-23,2023-05-23,35.58,diquat (gals),Diquat Dibromide,S_2068,Y,Minnetonka-North Arm,27013313,169.2,0.2103,CLP
2017-1046,2023,2023-05-23,2023-05-23,22.6,diquat (gals),Diquat Dibromide,S_2069,Y,Minnetonka-Crystal Bay,27013310,317.36,0.0712,CLP
2017-1048,2023,2023-09-13,2023-09-13,8.3,diquat (gals),Diquat Dibromide,S_2071,Y,Green,34007900,2119.75,0.0039,EWM
2017-1054,2023,2023-05-22,2023-05-22,4.7,aquathol_k (gals),Endothall,S_2072,Y,Nest,34015400,577.17,0.0081,CLP
2017-1072,2023,2023-05-25,2023-05-25,19.75,aquathol_k (gals),Endothall,S_2073,Y,Platte,18008800,1615.91,0.0122,CLP
2017-1092,2023,2023-07-06,2023-07-06,60,diquat (gals),Diquat Dibromide,S_2074,Y,Coon,02004200,1331.96,0.045,EWM
2017-1097,2023,2023-05-31,2023-05-31,25.46,diquat (gals),Diquat Dibromide,S_2075,Y,Minnewashta,10000900,337.89,0.0753,CLP
2017-1154,2023,2023-05-16,2023-05-16,68.93,diquat (gals),Diquat Dibromide,S_2077,Y,Bald Eagle,62000200,589.06,0.117,CLP
2017-1210,2023,2023-07-06,2023-07-06,20.41,diquat (gals),Diquat Dibromide,S_2078,Y,Big Marine,82005200,1180.44,0.0173,EWM
2017-1470,2023,2023-05-18,2023-05-18,19.4,diquat (gals),Diquat Dibromide,S_2089,Y,Mink,86022900,251.82,0.077,CLP
2017-1486,2023,2023-09-05,2023-09-05,4.4,copper_ethnolamine (gals),Copper Complex,S_2090,Y,Minnewaska,61013000,3290.84,0.0013,EWM
2017-1498,2023,2023-05-26,2023-05-26,4,diquat (gals),Diquat Dibromide,S_2091,Y,Lost,27010300,NA,NA,CLP
2017-1507,2023,2023-05-17,2023-05-17,10.7,diquat (gals),Diquat Dibromide,S_2093,Y,Maple,86013400,NA,NA,CLP
2017-1565,2023,2023-05-15,2023-05-15,18.18,diquat (gals),Diquat Dibromide,S_2095,Y,Marion,19002600,417.99,0.0435,CLP
2017-1656,2023,2023-05-17,2023-05-17,9,diquat (gals),Diquat Dibromide,S_2096,Y,Riley,10000200,110.08,0.0818,CLP
2017-1658,2023,2023-05-17,2023-05-17,5.35,flumioxazin (lbs),Flumioxazin,S_2097,Y,Susan,10001300,71.99,0.0743,CLP
2017-1707,2023,2023-05-23,2023-05-23,3.7,aquathol_k (gals),Endothall,S_2098,Y,Mayo,18040800,156.39,0.0237,CLP
2017-1779,2023,2023-05-23,2023-05-23,49.5,"aquathol_k (gals), diquat (gals)","Endothall, Diquat Dibromide",S_2100,Y,Smith,21001600,363.97,0.136,CLP
2017-1784,2023,2023-05-24,2023-05-24,18.66,diquat (gals),Diquat Dibromide,S_2101,Y,Bass,27009800,149.28,0.125,CLP
2017-1825,2023,2023-05-17,2023-05-17,60.07,aquathol_k (gals),Endothall,S_2102,Y,Tetonka,40003100,551.22,0.109,CLP
2017-1826,2023,2023-05-15,2023-05-15,8.5,diquat (gals),Diquat Dibromide,S_2103,Y,Grave,18011000,NA,NA,CLP
2017-1875,2023,2023-05-29,2023-05-29,65.2,aquathol_k (gals),Endothall,S_2105,Y,Diamond,34004400,649.45,0.1004,CLP
2017-1881,2023,2023-05-25,2023-05-25,18.75,diquat (gals),Diquat Dibromide,S_2106,Y,Minnetonka-Upper Lake,27013305,1699.3,0.011,CLP
2017-1885,2023,2023-06-01,2023-06-01,46.4,aquathol_k (gals),Endothall,S_2107,Y,Mary,21009200,1096.45,0.0423,CLP
2017-1917,2023,2023-05-17,2023-05-17,12.93,flumioxazin (lbs),Flumioxazin,S_2108,Y,Mitchell,27007000,110.62,0.1169,CLP
2017-1968,2023,2023-05-23,2023-05-23,9.4,diquat (gals),Diquat Dibromide,S_2109,Y,Cedar Island,27011900,NA,NA,CLP
2017-1978,2023,2023-07-05,2023-07-05,13.86,diquat (gals),Diquat Dibromide,S_2110,Y,Jane,82010400,109.71,0.1263,EWM
2017-2634,2023,2023-08-18,2023-08-18,8.41,diquat (gals),Diquat Dibromide,S_2117,Y,Forest,82015900,1561.19,0.0054,EWM
2017-2765,2023,2023-06-23,2023-06-23,8.9,alligare (gals),"2,4-D",S_2119,Y,Rays,40005600,151.1,0.0589,EWM
2017-2870,2023,2023-07-18,2023-07-18,47.67,triclopyr_44_percent (gals),Triclopyr,S_2121,Y,White Bear,82016700,1334.41,0.0357,EWM
2017-2926,2023,2023-09-05,2023-09-05,8.85,alligare (gals),"2,4-D",S_2122,Y,Sugar,86023300,371.23,0.0238,EWM
2017-3015,2023,2023-09-25,2023-09-25,4.94,,,S_2124,Y,Bear,09003400,70.07,0.0705,EWM
2017-3461,2023,2023-08-23,2023-08-23,0.92,,,S_2127,Y,Ice,31037200,NA,NA,EWM
2017-3641,2023,2023-07-26,2023-07-26,1,copper_sulfate (lbs),Copper Sulfate,S_2129,Y,Turtle,04015900,928.21,0.0011,SS
2017-3807,2023,2023-09-26,2023-09-26,0.4,,,S_2130,Y,Marie,73001400,124.97,0.0032,EWM
2018-0004,2023,2023-07-31,2023-07-31,14.96,,,S_2131,Y,Roosevelt,11004300,302.23,0.0495,EWM
2018-0035,2023,2023-08-29,2023-08-29,0.2,,,S_2132,Y,Girl,11017400,265.94,8e-4,EWM
2018-0093,2023,2023-05-23,2023-05-23,13.9,diquat (gals),Diquat Dibromide,S_2133,Y,Two Rivers,73013800,221.09,0.0629,CLP
2018-0113,2023,2023-05-19,2023-05-19,24.16,aquathol_k (gals),Endothall,S_2134,Y,Big Swan,77002300,397.1,0.0608,CLP
2018-0117,2023,2023-05-14,2023-05-14,21.6,aquathol_k (gals),Endothall,S_2135,Y,Winsted,43001200,382.44,0.0565,CLP
2018-0118,2023,2023-05-17,2023-05-17,40,diquat (gals),Diquat Dibromide,S_2136,Y,Pearl,73003700,558.63,0.0716,CLP
2018-0118,2023,2023-05-15,2023-05-15,40,diquat (gals),Diquat Dibromide,S_2137,Y,Pearl,73003700,558.63,0.0716,CLP
2018-0126,2023,2023-05-23,2023-05-23,36.53,aquathol_k (gals),Endothall,S_2138,Y,North Center,13003200,NA,NA,CLP
2018-0127,2023,2023-06-27,2023-06-27,18.9,,,S_2139,Y,North Center,13003200,NA,NA,EWM
2018-0129,2023,2023-05-23,2023-05-23,26.84,aquathol_k (gals),Endothall,S_2140,Y,South Center,13002700,544.51,0.0493,CLP
2018-0130,2023,2023-06-27,2023-06-27,18,,,S_2141,Y,South Center,13002700,544.51,0.0331,EWM
2018-0174,2023,2023-08-23,2023-08-23,1.8,diquat (gals),Diquat Dibromide,S_2142,Y,North Twin,31019000,69.75,0.0258,FR
2018-0175,2023,2023-07-31,2023-07-31,6.7,,,S_2143,Y,Ruth,18021200,207.08,0.0324,EWM
2018-0187,2023,2023-05-15,2023-05-15,4.9,flumioxazin (lbs),Flumioxazin,S_2146,Y,Latimer,77010500,83.07,0.059,CLP
2018-0241,2023,2023-05-23,2023-05-23,3.26,diquat (gals),Diquat Dibromide,S_2147,Y,Margaret,11022200,170.02,0.0192,CLP
2018-0242,2023,2023-05-16,2023-05-16,9.1,aquathol_k (gals),Endothall,S_2148,Y,Lower Mission,18024300,470.59,0.0193,CLP
2018-0246,2023,2023-08-01,2023-08-01,7.2,,,S_2149,Y,Lower Mission,18024300,470.59,0.0153,EWM
2018-0247,2023,2023-08-01,2023-08-01,4.7,,,S_2150,Y,Upper Mission,18024200,285.46,0.0165,EWM
2018-0267,2023,2023-05-08,2023-05-08,2.35,diquat (gals),Diquat Dibromide,S_2151,Y,Sylvan,87013400,NA,NA,CLP
2018-0293,2023,2023-05-26,2023-05-26,12.28,aquathol_k (gals),Endothall,S_2152,Y,Fannie,30004300,268.23,0.0458,CLP
2018-0332,2023,2023-08-14,2023-08-14,0.3,,,S_2153,Y,Bad Axe,29020800,NA,NA,EWM
2018-0334,2023,2023-05-31,2023-05-31,9.1,flumioxazin (lbs),Flumioxazin,S_2155,Y,Ida,21012300,1751.07,0.0052,CLP
2018-0371,2023,2023-05-23,2023-05-23,23.3,aquathol_k (gals),Endothall,S_2157,Y,Alexander,49007900,843.85,0.0276,CLP
2018-0395,2023,2023-05-08,2023-05-08,7.9,aquathol_k (gals),Endothall,S_2158,Y,Limestone,86016300,97.93,0.0807,CLP
2018-0528,2023,2023-09-12,2023-09-12,11.5,diquat (gals),Diquat Dibromide,S_2159,Y,Le Homme Dieu,21005600,879.66,0.0131,EWM
2018-0543,2023,2023-05-25,2023-05-25,41.57,aquathol_k (gals),Endothall,S_2160,Y,Fish Trap,49013700,357.29,0.1163,CLP
2018-0544,2023,2023-05-17,2023-05-17,19.9,diquat (gals),Diquat Dibromide,S_2161,Y,Pleasant,86025100,291.24,0.0683,CLP
2018-0592,2023,2023-05-26,2023-05-26,0.81,diquat (gals),Diquat Dibromide,S_2162,Y,Unnamed,62001400,NA,NA,CLP
2018-0611,2023,2023-05-30,2023-05-30,65,aquathol_k (gals),Endothall,S_2163,Y,Big Pine,56013000,2375.96,0.0274,CLP
2018-0652,2023,2023-05-23,2023-05-23,6.9,diquat (gals),Diquat Dibromide,S_2164,Y,Crookneck,49013300,144.83,0.0476,CLP
2018-0671,2023,2023-05-23,2023-05-23,12.7,aquathol_k (gals),Endothall,S_2167,Y,Rush,71014700,160.82,0.079,CLP
2018-0672,2023,2023-05-23,2023-05-23,3,aquathol_k (gals),Endothall,S_2168,Y,Julia,71014500,151.82,0.0198,CLP
2018-0728,2023,2023-05-25,2023-05-25,30.87,flumioxazin (lbs),Flumioxazin,S_2169,Y,Orono,71001300,246.64,0.1252,CLP
2018-0737,2023,2023-05-24,2023-05-24,15.9,"aquathol_k (gals), flumioxazin (lbs)","Endothall, Flumioxazin",S_2170,Y,Sauk,77015000,NA,NA,CLP
2018-0750,2023,2023-05-17,2023-05-17,4.1,diquat (gals),Diquat Dibromide,S_2171,Y,Cedar,86022700,276.72,0.0148,CLP
2018-0787,2023,2023-05-17,2023-05-17,22,aquathol_k (gals),Endothall,S_2172,Y,Roberds,66001800,486.89,0.0452,CLP
2018-0833,2023,2023-05-21,2023-05-21,10.25,aquathol_k (gals),Endothall,S_2173,Y,Ann,33004000,591.81,0.0173,CLP
2018-0849,2023,2023-05-25,2023-05-25,18,diquat (gals),Diquat Dibromide,S_2174,Y,North Brown's,73014700,124.49,0.1446,CLP
2018-0851,2023,2023-10-10,2023-10-10,0.47,,,S_2175,Y,Little Birch,77008900,271.94,0.0017,EWM
2018-0910,2023,2023-05-26,2023-05-26,4,diquat (gals),Diquat Dibromide,S_2179,Y,Constance,86005100,86.43,0.0463,CLP
2018-0932,2023,2023-08-24,2023-08-24,1.4,,,S_2180,Y,Victoria,21005400,131.17,0.0107,EWM
2018-0973,2023,2023-05-18,2023-05-18,38,aquathol_k (gals),Endothall,S_2181,Y,Sullivan,49001600,622.01,0.0611,CLP
2018-0988,2023,2023-05-31,2023-05-31,74.3,diquat (gals),Diquat Dibromide,S_2182,Y,Toad,03010700,557.91,0.1332,CLP
2018-0994,2023,2023-05-26,2023-05-26,4.1,aquathol_k (gals),Endothall,S_2183,Y,Sugar,86023300,371.23,0.011,CLP
2018-1014,2023,2023-05-09,2023-05-09,22.1,aquathol_k (gals),Endothall,S_2184,Y,Duck,07005300,247.13,0.0894,CLP
2018-1015,2023,2023-05-15,2023-05-15,50.5,diquat (gals),Diquat Dibromide,S_2185,Y,Green,30013600,357.1,0.1414,CLP
2018-1016,2023,2023-05-08,2023-05-08,31.95,aquathol_k (gals),Endothall,S_2186,Y,Long,30007200,381.58,0.0837,CLP
2018-1027,2023,2023-05-21,2023-05-21,14.9,aquathol_k (gals),Endothall,S_2187,Y,Elk,71005500,360.05,0.0414,CLP
2018-1044,2023,2023-05-31,2023-05-31,32.68,flumioxazin (lbs),Flumioxazin,S_2188,Y,West Rush,13006902,902.79,0.0362,CLP
2018-1087,2023,2023-05-30,2023-05-30,17.6,flumioxazin (lbs),Flumioxazin,S_2190,Y,Upper Cormorant,03058800,522.84,0.0337,CLP
2018-1097,2023,2023-05-31,2023-05-31,1.2,aquathol_k (gals),Endothall,S_2191,Y,Big Watab,73010200,57.18,0.021,CLP
2018-1133,2023,2023-05-23,2023-05-23,3.4,aquathol_k (gals),Endothall,S_2192,Y,South Lindstrom,13002800,261.42,0.013,CLP
2018-1174,2023,2023-07-11,2023-07-11,2,,,S_2194,Y,Long,82003000,NA,NA,EWM
2018-1190,2023,2023-08-15,2023-08-15,18,,,S_2195,Y,Ripley (west portion),47013402,507.57,0.0355,EWM
2018-1228,2023,2023-05-24,2023-05-24,46.5,aquathol_k (gals),Endothall,S_2196,Y,Eagle,71006700,319.49,0.1455,CLP
2018-1380,2023,2023-08-03,2023-08-03,14.9,,,S_2198,Y,Beebe,86002300,179.49,0.083,EWM
2018-1512,2023,2023-05-31,2023-05-31,8.77,flumioxazin (lbs),Flumioxazin,S_2200,Y,Weaver,27011700,73.24,0.1197,CLP
2018-1864,2023,2023-05-30,2023-05-30,8.9,diquat (gals),Diquat Dibromide,S_2203,Y,Muskrat,03036000,64.18,0.1387,CLP
2018-2174,2023,2023-07-07,2023-07-07,22.1,,,S_2206,Y,Maple,86013400,NA,NA,EWM
2018-2661,2023,2023-08-11,2023-08-11,4.4,,,S_2207,Y,Shamineau,49012700,630.54,0.007,EWM
2018-2938,2023,2023-06-21,2023-06-21,0.77,imazapyr (gals),Imazapyr,S_2209,Y,Granite,86021700,118.18,0.0065,FR
2018-3101,2023,2023-08-11,2023-08-11,13.28,"copper_sulfate (lbs), hydrothol_liquid (gals), komeen_liquid (gals)","Copper Sulfate, Endothall, Copper Complex",S_2210,Y,Medicine,27010400,434.53,0.0306,SS
2018-3412,2023,2023-07-21,2023-07-21,1,copper_triethanola (gals),Copper Complex,S_2212,Y,Pleasant,86025100,291.24,0.0034,SS
2018-3522,2023,2023-07-14,2023-07-14,1.4,,,S_2213,Y,Washburn,11005900,720.55,0.0019,EWM
2019-0027,2023,2023-05-10,2023-05-10,80.7,aquathol_k (gals),Endothall,S_2214,Y,Washington,40011700,1131.37,0.0713,CLP
2019-0039,2023,2023-09-13,2023-09-13,4.65,diquat (gals),Diquat Dibromide,S_2215,Y,Henderson,34011600,31.49,0.1477,EWM
2019-0258,2023,2023-06-01,2023-06-01,5.9,aquathol_k (gals),Endothall,S_2216,Y,South Lida,56074702,321.03,0.0184,CLP
2019-0545,2023,2023-07-06,2023-07-06,13,diquat (gals),Diquat Dibromide,S_2217,Y,Coon,02004200,1331.96,0.0098,EWM
2019-0859,2023,2023-05-15,2023-05-15,39.6,aquathol_k (gals),Endothall,S_2218,Y,Francis,30008000,270.42,0.1464,CLP
2019-1068,2023,2023-05-19,2023-05-19,5.5,aquathol_k (gals),Endothall,S_2220,Y,Green Prairie Fish,49003500,92.99,0.0591,CLP
2019-1137,2023,2023-05-23,2023-05-23,10.55,diquat (gals),Diquat Dibromide,S_2221,Y,Rogers,19008000,102.34,0.1031,CLP
2019-1303,2023,2023-05-22,2023-05-22,3.07,diquat (gals),Diquat Dibromide,S_2222,Y,Shields,82016200,25.53,0.1203,CLP
2019-1475,2023,2023-05-15,2023-05-15,2.5,flumioxazin (lbs),Flumioxazin,S_2223,Y,Long,49001500,68.59,0.0364,CLP
2019-1554,2023,2023-05-26,2023-05-26,14.38,galleon (gals),Penoxsulam,S_2224,Y,Josephine,62005700,78.88,0.1823,CLP
2019-1617,2023,2023-05-25,2023-05-25,7.86,diquat (gals),Diquat Dibromide,S_2225,Y,Minnetonka-Lower Lake,27013302,2059.41,0.0038,CLP
2019-2034,2023,2023-10-17,2023-10-17,7.9,,,S_2226,Y,Reeds,81005500,113.11,0.0698,EWM
2019-2082,2023,2023-09-19,2023-09-19,2.77,,,S_2227,Y,Comfort,13005300,88.03,0.0315,EWM
2019-2135,2023,2023-07-14,2023-07-14,5.5,,,S_2229,Y,Upper South Long,18009600,292.08,0.0188,EWM
2019-2394,2023,2023-07-17,2023-07-17,9.97,,,S_2230,Y,Waverly,86011400,146.75,0.0679,EWM
2019-2512,2023,2023-06-29,2023-06-29,6.7,,,S_2231,Y,Erie,47006400,115.68,0.0579,EWM
2019-2551,2023,2023-08-23,2023-08-23,3.5,,,S_2232,Y,Hale,31037300,35.33,0.0991,EWM
2019-2786,2023,2023-10-10,2023-10-10,0.19,imazapyr (gals),Imazapyr,S_2234,Y,Chisago,13001200,NA,NA,PHR
2019-2878,2023,2023-08-30,2023-08-30,0.37,,,S_2235,Y,Spectacle,30013500,170.29,0.0022,EWM
2019-2885,2023,2023-10-11,2023-10-11,0.28,imazapyr (gals),Imazapyr,S_2236,Y,North Center,13003200,NA,NA,PHR
2019-2886,2023,2023-10-10,2023-10-10,0.02,imazapyr (gals),Imazapyr,S_2237,Y,North Lindstrom,13003500,61.92,3e-4,PHR
2019-2887,2023,2023-10-12,2023-10-12,0.05,imazapyr (gals),Imazapyr,S_2238,Y,South Center,13002700,544.51,1e-4,PHR
2019-2888,2023,2023-10-10,2023-10-10,0.02,imazamox (gals),Imazamox,S_2239,Y,South Lindstrom,13002800,261.42,1e-4,PHR
2019-3106,2023,2023-09-27,2023-09-27,18.6,,,S_2241,Y,White Sand,18037900,282.54,0.0658,EWM
2019-3125,2023,2023-10-11,2023-10-11,0.05,imazapyr (gals),Imazapyr,S_2242,Y,White Bear,82016700,1334.41,0,PHR
2019-3248,2023,2023-07-28,2023-07-28,15.82,,,S_2243,Y,Fannie,30004300,268.23,0.059,EWM
2019-3431,2023,2023-05-24,2023-05-24,12.57,diquat (gals),Diquat Dibromide,S_2244,Y,Darling,21008000,553.89,0.0227,CLP
2020-0120,2023,2023-05-24,2023-05-24,6,diquat (gals),Diquat Dibromide,S_2245,Y,Knaus,73008600,209.7,0.0286,CLP
2020-0120,2023,2023-05-24,2023-05-24,6,aquathol_k (gals),Endothall,S_2246,Y,Knaus,73008600,209.7,0.0286,CLP
2020-0145,2023,2023-06-05,2023-06-05,5.9,diquat (gals),Diquat Dibromide,S_2247,Y,Keller (main bay),62001002,73.32,0.0805,CLP
2020-0148,2023,2023-06-05,2023-06-05,8,diquat (gals),Diquat Dibromide,S_2248,Y,Kohlman,62000600,82.9,0.0965,CLP
2020-0181,2023,2023-05-08,2023-05-08,36,diquat (gals),Diquat Dibromide,S_2250,Y,Rice,02000800,371.22,0.097,CLP
2020-0185,2023,2023-05-16,2023-05-16,41.93,aquathol_k (gals),Endothall,S_2251,Y,South Long,18013600,451.45,0.0929,CLP
2020-0260,2023,2023-05-15,2023-05-15,13.2,diquat (gals),Diquat Dibromide,S_2252,Y,Eagle,27011101,203.29,0.0649,CLP
2020-0449,2023,2023-05-19,2023-05-19,17.3,diquat (gals),Diquat Dibromide,S_2253,Y,Normandale,27104501,NA,NA,CLP
2020-0470,2023,2023-08-23,2023-08-23,4.57,,,S_2254,Y,Carlos,21005700,922.22,0.005,EWM
2020-0903,2023,2023-05-16,2023-05-16,40.81,diquat (gals),Diquat Dibromide,S_2256,Y,Centerville,02000600,288.64,0.1414,CLP
2020-0924,2023,2023-05-22,2023-05-22,4.4,aquathol_k (gals),Endothall,S_2257,Y,Little Birch,77008900,271.94,0.0162,CLP
2020-1556,2023,2023-06-07,2023-06-07,24.31,diquat (gals),Diquat Dibromide,S_2258,Y,Oak,10009300,360.47,0.0674,"CLP, EWM"
2020-2386,2023,2023-08-15,2023-08-15,3,,,S_2260,Y,Indian,21013600,70.12,0.0428,EWM
2020-2570,2023,2023-08-02,2023-08-02,10.2,,,S_2261,Y,Birch,71005700,118.4,0.0861,EWM
2020-2639,2023,2023-08-29,2023-08-29,2.8,triclopyr_44_percent (gals),Triclopyr,S_2262,Y,Forest,82015900,1561.19,0.0018,PL
2020-2645,2023,2023-07-26,2023-07-26,4.42,,,S_2263,Y,Lower Spunk,73012300,129.34,0.0342,EWM
2020-2753,2023,2023-08-09,2023-08-09,6.05,,,S_2264,Y,West Rush,13006902,902.79,0.0067,EWM
2020-2945,2023,2023-06-27,2023-06-27,0.6,copper_triethanola (gals),Copper Complex,S_2265,Y,Carnelian,73003800,96.99,0.0062,SS
2020-2945,2023,2023-09-29,2023-09-29,0.6,copper_triethanola (gals),Copper Complex,S_2266,Y,Carnelian,73003800,96.99,0.0062,SS
2020-2968,2023,2023-10-10,2023-10-10,0.59,imazapyr (gals),Imazapyr,S_2267,Y,Foot,34018100,662.68,9e-4,PHR
2020-3061,2023,2023-10-10,2023-10-10,0.4,imazapyr (gals),Imazapyr,S_2268,Y,Henjum,34031600,NA,NA,PHR
2020-3343,2023,2023-05-15,2023-05-15,4,diquat (gals),Diquat Dibromide,S_2270,Y,Elms,30003600,40.8,0.098,CLP
2021-0006,2023,2023-05-24,2023-05-24,164,galleon (gals),Penoxsulam,S_2271,Y,Irene,21007600,240.38,0.6823,CLP
2021-0081,2023,2023-05-10,2023-05-10,10.64,aquathol_k (gals),Endothall,S_2272,Y,Wilhelm,86002000,106.73,0.0997,CLP
2021-0311,2023,2023-05-16,2023-05-16,3.762,aquathol_k (gals),Endothall,S_2273,Y,Allie,65000600,509.12,0.0074,CLP
2021-0312,2023,2023-05-16,2023-05-16,11.2,aquathol_k (gals),Endothall,S_2274,Y,Preston,65000200,660.85,0.0169,CLP
2021-0379,2023,2023-05-18,2023-05-18,4.1,aquathol_k (gals),Endothall,S_2275,Y,Long,47002600,113.61,0.0361,CLP
2021-0403,2023,2023-05-12,2023-05-12,19.81,diquat (gals),Diquat Dibromide,S_2277,Y,Zumbra-Sunny,10004100,156.44,0.1266,CLP
2021-0451,2023,2023-05-23,2023-05-23,16.74,flumioxazin (lbs),Flumioxazin,S_2280,Y,Osakis,77021500,3389.01,0.0049,CLP
2021-0451,2023,2023-05-23,2023-05-23,11.43,aquathol_k (gals),Endothall,S_2281,Y,Osakis,77021500,3389.01,0.0034,CLP
2021-0465,2023,2023-05-18,2023-05-18,3.5,diquat (gals),Diquat Dibromide,S_2282,Y,Johanna,62007800,92.93,0.0377,CLP
2021-0466,2023,2023-05-22,2023-05-22,15,flumioxazin (lbs),Flumioxazin,S_2283,Y,Rice,73019600,832.55,0.018,CLP
2021-0483,2023,2023-05-07,2023-05-07,10.5,aquathol_k (gals),Endothall,S_2284,Y,Martha,86000900,71.05,0.1478,CLP
2021-1320,2023,2023-05-16,2023-05-16,13.8,aquathol_k (gals),Endothall,S_2285,Y,Hunt,66004700,148.64,0.0928,CLP
2021-2583,2023,2023-07-24,2023-07-24,5.5,,,S_2292,Y,Birch,86006600,49.87,0.1103,EWM
2021-3071,2023,2023-09-26,2023-09-26,0.04,imazapyr (gals),Imazapyr,S_2296,Y,Henry,27017500,NA,NA,PHR
2021-3174,2023,2023-08-10,2023-08-10,3.31,,,S_2298,Y,Pine Tree,82012200,164.12,0.0202,EWM
2021-3224,2023,2023-08-23,2023-08-23,2.6,triclopyr_44_percent (gals),Triclopyr,S_2299,Y,Halfbreed,82008000,78.57,0.0331,PL
2021-3486,2023,2023-09-14,2023-09-14,0.005,imazapyr (gals),Imazapyr,S_2301,Y,Rollingstone Creek,M-026,NA,NA,PHR
2022-0140,2023,2023-05-23,2023-05-23,51.1,diquat (gals),Diquat Dibromide,S_2304,Y,Minnetonka-West Arm,27013314,537.83,0.095,CLP
2022-0173,2023,2023-08-08,2023-08-08,10,triclopyr_44_percent (gals),Triclopyr,S_2305,Y,Kroon,13001300,140.32,0.0713,EWM
2022-0174,2023,2023-06-27,2023-06-27,7.31,triclopyr_44_percent (gals),Triclopyr,S_2306,Y,South Lindstrom,13002800,261.42,0.028,EWM
2022-0175,2023,2023-06-27,2023-06-27,5.04,triclopyr_44_percent (gals),Triclopyr,S_2307,Y,Chisago,13001200,NA,NA,EWM
2022-0176,2023,2023-05-16,2023-05-16,29.2,flumioxazin (lbs),Flumioxazin,S_2308,Y,Circle,66002700,837.56,0.0349,CLP
2022-0180,2023,2023-05-21,2023-05-21,15.06,aquathol_k (gals),Endothall,S_2309,Y,German,40006300,522.41,0.0288,CLP
2022-0194,2023,2023-08-02,2023-08-02,27.7,,,S_2310,Y,Games,34022400,247.82,0.1118,EWM
2022-0198,2023,2023-08-02,2023-08-02,19.8,,,S_2311,Y,Norway,34025100,2106.35,0.0094,EWM
2022-0272,2023,2023-05-23,2023-05-23,11,diquat (gals),Diquat Dibromide,S_2312,Y,Pioneer,13003400,NA,NA,"EWM, CLP"
2022-0318,2023,2023-04-25,2023-04-25,70,fluridone (gals),Fluridone,S_2313,Y,Colby,82009400,NA,NA,CLP
2022-0321,2023,2023-05-11,2023-05-11,6.89,diquat (gals),Diquat Dibromide,S_2314,Y,Markgrafs,82008900,NA,NA,CLP
2022-0322,2023,2023-04-25,2023-04-25,27,fluridone (gals),Fluridone,S_2315,Y,Unnamed (Ravine),82008700,18.63,1.4493,CLP
2022-0338,2023,2023-06-02,2023-06-02,4.7,diquat (gals),Diquat Dibromide,S_2317,Y,Lobster,21014400,NA,NA,CLP
2022-0342,2023,2023-06-10,2023-06-10,25,galleon (gals),Penoxsulam,S_2318,Y,Blueberry,80003400,532.53,0.0469,CLP
2022-0347,2023,2023-05-23,2023-05-23,17.91,flumioxazin (lbs),Flumioxazin,S_2320,Y,Minnetonka-Upper Lake,27013305,1699.3,0.0105,CLP
2022-0350,2023,2023-05-23,2023-05-23,22.27,diquat (gals),Diquat Dibromide,S_2321,Y,Minnetonka-Lower Lake,27013302,2059.41,0.0108,CLP
2022-0400,2023,2023-05-16,2023-05-16,32.78,diquat (gals),Diquat Dibromide,S_2323,Y,Peltier,02000400,514.79,0.0637,CLP
2022-0469,2023,2023-07-06,2023-07-06,15,triclopyr_44_percent (gals),Triclopyr,S_2325,Y,Keller,19002500,NA,NA,EWM
2022-1235,2023,2023-05-23,2023-05-23,11.2,diquat (gals),Diquat Dibromide,S_2327,Y,Minnetonka-Maxwell Bay,27013311,166.47,0.0673,CLP
2022-1398,2023,2023-06-22,2023-06-22,11.64,,,S_2328,Y,French,66003800,379.03,0.0307,EWM
2022-1999,2023,2023-06-27,2023-06-27,2.01,triclopyr_44_percent (gals),Triclopyr,S_2330,Y,North Lindstrom,13003500,61.92,0.0325,EWM
2022-2426,2023,2023-08-23,2023-08-23,3,other (gals),Other,S_2334,Y,Ramsey,86012000,155.23,0.0193,EWM
2022-2508,2023,2023-07-13,2023-07-13,21.03,,,S_2335,Y,Horseshoe,73015700,341.05,0.0617,EWM
2022-2508,2023,2023-10-10,2023-10-10,2.62,,,S_2336,Y,Horseshoe,73015700,341.05,0.0077,EWM
2022-2888,2023,2023-10-12,2023-10-12,0.12,imazapyr (gals),Imazapyr,S_2340,Y,Pioneer,13003400,NA,NA,PHR
2022-2892,2023,2023-09-27,2023-09-27,0.2,,,S_2341,Y,Little Hanging Horn,09003500,51.73,0.0039,EWM
2022-2989,2023,2023-10-09,2023-10-09,0.51,imazapyr (gals),Imazapyr,S_2342,Y,Boyer,03057900,295.22,0.0017,PHR
2022-3122,2023,2023-09-26,2023-09-26,1.4,,,S_2343,Y,Louisa,86028200,129.57,0.0108,EWM
2023-0094,2023,2023-05-31,2023-05-31,3.2,aquathol_k (gals),Endothall,S_2347,Y,North Lida,56074701,2399.72,0.0013,CLP
2023-0121,2023,2023-05-22,2023-05-22,7.8,flumioxazin (lbs),Flumioxazin,S_2348,Y,Florida,34021700,278.96,0.028,CLP
2023-0124,2023,2023-08-15,2023-08-15,6.7,,,S_2349,Y,Florida,34021700,278.96,0.024,EWM
2023-0128,2023,2023-06-21,2023-06-21,9.42,diquat (gals),Diquat Dibromide,S_2350,Y,Silver,62008300,63.26,0.1489,EWM
2023-0185,2023,2023-06-15,2023-06-15,22.82,diquat (gals),Diquat Dibromide,S_2353,Y,Lotus,10000600,182.41,0.1251,EWM
2023-0328,2023,2023-09-14,2023-09-14,30.4,alligare (gals),"2,4-D",S_2354,Y,Andrew,34020600,255.32,0.1191,EWM
2023-0424,2023,2023-05-24,2023-05-24,5.91,flumioxazin (lbs),Flumioxazin,S_2357,Y,Meadow,27005700,NA,NA,CLP
2023-0506,2023,2023-06-21,2023-06-21,7.24,,,S_2359,Y,Upper Pine,58013000,NA,NA,EWM
2023-0625,2023,2023-05-24,2023-05-24,19.23,aquathol_k (gals),Endothall,S_2361,Y,Pokegama,58014200,942.83,0.0204,CLP
2023-0735,2023,2023-07-13,2023-07-13,3.35,,,S_2362,Y,Cedar Island,73013300,NA,NA,EWM
2023-1041,2023,2023-04-25,2023-04-25,37,fluridone (gals),Fluridone,S_2365,Y,Hadley,27010900,NA,NA,CLP
2023-1125,2023,2023-05-09,2023-05-09,13.5,aquathol_k (gals),Endothall,S_2366,Y,Ramsey,86012000,155.23,0.087,CLP
2023-1131,2023,2023-05-09,2023-05-09,4.53,aquathol_k (gals),Endothall,S_2367,Y,Swede's Bay,40009203,509.05,0.0089,CLP
2023-1171,2023,2023-05-31,2023-05-31,NA,diquat (gals),Diquat Dibromide,S_2368,Y,Geneva,21005200,295.38,NA,CLP
2023-1190,2023,2023-07-27,2023-07-27,0.5,,,S_2369,Y,Mandall,13007400,33.29,0.015,EWM
2023-1303,2023,2023-05-17,2023-05-17,5,flumioxazin (lbs),Flumioxazin,S_2371,Y,Howard,86019900,317.59,0.0157,CLP
2023-1638,2023,2023-06-05,2023-06-05,3.8,diquat (gals),Diquat Dibromide,S_2372,Y,Gervais,62000700,94.42,0.0402,CLP
2023-1638,2023,2023-05-31,2023-05-31,28.9,diquat (gals),Diquat Dibromide,S_2373,Y,Gervais,62000700,94.42,0.3061,CLP
2023-1945,2023,2023-06-27,2023-06-27,7.81,,,S_2375,Y,Elkhorn,34011900,38.16,0.2047,EWM
2023-1984,2023,2023-07-19,2023-07-19,9.74,diquat (gals),Diquat Dibromide,S_2378,Y,Maple,86013400,NA,NA,FR
2023-2093,2023,2023-07-31,2023-07-31,4.8,,,S_2379,Y,Augusta,86028400,60.94,0.0788,EWM
2023-2095,2023,2023-07-14,2023-07-14,15.3,dma4_ivm (gals),"2,4-D",S_2380,Y,Tetonka,40003100,551.22,0.0278,EWM
2023-2375,2023,2023-07-18,2023-07-18,21.73,diquat (gals),Diquat Dibromide,S_2383,Y,Minnetonka-Lower Lake,27013302,2059.41,0.0106,EWM
2023-2655,2023,2023-08-30,2023-08-30,0.25,"copper_sulfate (lbs), hydrothol_liquid (gals)","Copper Sulfate, Endothall",S_2385,Y,Long,29016100,698.84,4e-4,SS
2023-2683,2023,2023-08-28,2023-08-28,1.97,copper_ethnolamine (gals),Copper Complex,S_2387,Y,Grand,73005500,233.22,0.0084,SS
2023-2720,2023,2023-07-31,2023-07-31,1.8,copper_triethanola (gals),Copper Complex,S_2388,Y,Clearwater,86025200,NA,NA,SS
2023-2746,2023,2023-08-30,2023-08-30,0.8,,,S_2390,Y,Sweeney,27003501,37.77,0.0212,EWM
2023-2772,2023,2023-09-18,2023-09-18,0.006,imazapyr (gals),Imazapyr,S_2391,Y,Unnamed,56086200,NA,NA,PHR
2023-2780,2023,2023-09-28,2023-09-28,0.12,imazapyr (gals),Imazapyr,S_2393,Y,Unnamed,62023700,NA,NA,PHR
2023-2786,2023,2023-09-19,2023-09-19,0.15,imazapyr (gals),Imazapyr,S_2394,Y,Peterson Slough,13006000,NA,NA,PHR
2023-2792,2023,2023-09-07,2023-09-07,0.14,imazapyr (gals),Imazapyr,S_2395,Y,Higgins,02000200,NA,NA,PHR
2023-2795,2023,2023-09-28,2023-09-28,0.012,imazapyr (gals),Imazapyr,S_2396,Y,Unnamed,27108600,NA,NA,PHR
2023-2796,2023,2023-09-28,2023-09-28,0.038,imazapyr (gals),Imazapyr,S_2397,Y,Pickerel,19007900,104.45,4e-4,PHR
2023-2862,2023,2023-09-20,2023-09-20,1,imazapyr (gals),Imazapyr,S_2398,Y,Turtle,62006100,284.18,0.0035,PHR
2023-2874,2023,2023-09-27,2023-09-27,0.5,,,S_2400,Y,Lawrence,11005300,93.17,0.0054,EWM
2023-2875,2023,2023-10-11,2023-10-11,3.35,,,S_2401,Y,Zumwalde,73008900,118.62,0.0282,EWM
12W-4029,2024,2024-09-05,2024-09-05,10.1,,,S_2402,Y,Calhoun,34006200,647.1,0.0156,EWM
2017-0040,2024,2024-04-24,2024-04-24,7.7,flumioxazin (lbs),Flumioxazin,S_2405,Y,Cedar Island,73013300,NA,NA,CLP
2017-0109,2024,2024-05-08,2024-05-08,19.9,aquathol_k (gals),Endothall,S_2406,Y,Upper Sakatah,40000200,899.57,0.0221,CLP
2017-0389,2024,2024-05-08,2024-05-08,26.7,diquat (gals),Diquat Dibromide,S_2408,Y,Sarah,27019100,NA,NA,CLP
2017-0407,2024,2024-04-30,2024-04-30,8.25,diquat (gals),Diquat Dibromide,S_2409,Y,Lucy,10000700,68.27,0.1208,CLP
2017-0417,2024,2024-06-03,2024-06-03,7.4,diquat (gals),Diquat Dibromide,S_2410,Y,Lower Prior,70002600,589.7,0.0125,EWM
2017-0434,2024,2024-09-18,2024-09-18,52.28,,,S_2411,Y,Sturgeon,58006700,727.33,0.0719,EWM
2017-0437,2024,2024-09-18,2024-09-18,2.04,,,S_2412,Y,Sand,58008100,234.85,0.0087,EWM
2017-0442,2024,2024-07-24,2024-07-24,21.5,diquat (gals),Diquat Dibromide,S_2413,Y,Big,71008200,116.41,0.1847,EWM
2017-0445,2024,2024-07-24,2024-07-24,11.8,diquat (gals),Diquat Dibromide,S_2414,Y,Mitchell,71008100,90.38,0.1306,EWM
2017-0446,2024,2024-04-18,2024-04-18,49.9,aquathol_k (gals),Endothall,S_2415,Y,Cornelia,27002800,NA,NA,CLP
2017-0452,2024,2024-04-25,2024-04-25,2,aquathol_k (gals),Endothall,S_2416,Y,Arrowhead,27004500,NA,NA,CLP
2017-0459,2024,2024-09-25,2024-09-25,4.63,,,S_2417,Y,Silver,86014000,37.67,0.1229,EWM
2017-0492,2024,2024-09-11,2024-09-11,15.63,,,S_2418,Y,John,86028800,284.53,0.0549,EWM
2017-0511,2024,2024-05-03,2024-05-03,6.58,aquathol_k (gals),Endothall,S_2419,Y,East Jefferson,40009201,331.52,0.0198,CLP
2017-0513,2024,2024-05-03,2024-05-03,6.5,aquathol_k (gals),Endothall,S_2421,Y,West Jefferson,40009202,348.68,0.0186,CLP
2017-0522,2024,2024-07-01,2024-07-01,37,fluridone (gals),Fluridone,S_2422,Y,Hyland,27004800,83.91,0.4409,CLP
2017-0524,2024,2024-05-03,2024-05-03,19.3,diquat (gals),Diquat Dibromide,S_2423,Y,Spring,70005400,282.83,0.0682,CLP
2017-0533,2024,2024-05-20,2024-05-20,45.4,flumioxazin (lbs),Flumioxazin,S_2426,Y,Detroit,03038100,1868.58,0.0243,CLP
2017-0534,2024,2024-05-20,2024-05-20,26.2,flumioxazin (lbs),Flumioxazin,S_2427,Y,Sallie,03035900,576.81,0.0454,CLP
2017-0535,2024,2024-05-20,2024-05-20,11.3,flumioxazin (lbs),Flumioxazin,S_2428,Y,Melissa,03047500,899.47,0.0126,CLP
2017-0562,2024,2024-04-04,2024-04-04,793,fluridone (gals),Fluridone,S_2429,Y,Cedar,70009100,792.5,1.0006,CLP
2017-0566,2024,2024-05-15,2024-05-15,12.7,flumioxazin (lbs),Flumioxazin,S_2430,Y,McMahon,70005000,162.26,0.0783,CLP
2017-0573,2024,2024-04-24,2024-04-24,29.83,diquat (gals),Diquat Dibromide,S_2431,Y,Rebecca,27019200,122.72,0.2431,"EWM, CLP"
2017-0609,2024,2024-07-25,2024-07-25,2,,,S_2434,Y,Zumbra-Sunny,10004100,156.44,0.0128,EWM
2017-0609,2024,2024-06-25,2024-06-25,4.53,alligare (gals),"2,4-D",S_2435,Y,Zumbra-Sunny,10004100,156.44,0.029,EWM
2017-0615,2024,2024-05-13,2024-05-13,9.35,diquat (gals),Diquat Dibromide,S_2436,Y,Gleason,27009500,NA,NA,CLP
2017-0620,2024,2024-05-05,2024-05-05,14.8,aquathol_k (gals),Endothall,S_2437,Y,Quamba,33001500,226.37,0.0654,CLP
2017-0653,2024,2024-07-12,2024-07-12,5.54,,,S_2438,Y,Long,62006700,117.29,0.0472,EWM
2017-0666,2024,2024-07-09,2024-07-09,428,sonarone (lbs),Fluridone,S_2440,Y,Clear,82016300,270.31,1.5834,EWM
2017-0666,2024,2024-09-10,2024-09-10,428.9,sonarone (lbs),Fluridone,S_2441,Y,Clear,82016300,270.31,1.5867,EWM
2017-0666,2024,2024-08-14,2024-08-14,428.9,sonarone (lbs),Fluridone,S_2443,Y,Clear,82016300,270.31,1.5867,EWM
2017-0703,2024,2024-04-29,2024-04-29,10,diquat (gals),Diquat Dibromide,S_2444,Y,Skogman,30002200,129.77,0.0771,CLP
2017-0729,2024,2024-08-28,2024-08-28,17.1,,,S_2445,Y,Scandinavian,61004100,229.73,0.0744,EWM
2017-0735,2024,2024-04-29,2024-04-29,9.14,flumioxazin (lbs),Flumioxazin,S_2446,Y,Alimagnet,19002100,NA,NA,CLP
2017-0743,2024,2024-04-24,2024-04-24,3.19,aquathol_k (gals),Endothall,S_2448,Y,Gun,01009900,370.28,0.0086,CLP
2017-0753,2024,2024-04-10,2024-04-10,9.62,diquat (gals),Diquat Dibromide,S_2449,Y,Mooney,27013400,NA,NA,CLP
2017-0819,2024,2024-08-12,2024-08-12,30.2,,,S_2450,Y,Alexander,49007900,843.85,0.0358,EWM
2017-0825,2024,2024-08-20,2024-08-20,1.8,diquat (gals),Diquat Dibromide,S_2452,Y,Middle Spunk,73012800,79.01,0.0228,EWM
2017-0827,2024,2024-08-20,2024-08-20,6.29,,,S_2453,Y,Minnewashta,10000900,337.89,0.0186,EWM
2017-0828,2024,2024-07-11,2024-07-11,10.7,,,S_2454,Y,Pulaski (main bay),86005302,138.77,0.0771,EWM
2017-0857,2024,2024-05-09,2024-05-09,113.17,"diquat (gals), galleon (gals)","Diquat Dibromide, Penoxsulam",S_2455,Y,Medicine,27010400,434.53,0.2604,CLP
2017-0871,2024,2024-04-15,2024-04-15,2,aquathol_k (gals),Endothall,S_2456,Y,Indian,86022300,57.13,0.035,CLP
2017-0873,2024,2024-09-25,2024-09-25,5.92,triclopyr_44_percent (gals),Triclopyr,S_2457,Y,Indian,86022300,57.13,0.1036,EWM
2017-0892,2024,2024-04-14,2024-04-14,14.4,aquathol_k (gals),Endothall,S_2458,Y,Beebe,86002300,179.49,0.0802,CLP
2017-0917,2024,2024-04-24,2024-04-24,15.79,diquat (gals),Diquat Dibromide,S_2459,Y,Forest,82015900,1561.19,0.0101,CLP
2017-0973,2024,2024-05-02,2024-05-02,15,aquathol_k (gals),Endothall,S_2460,Y,Sebie,18016100,NA,NA,CLP
2017-1005,2024,2024-04-29,2024-04-29,6.5,flumioxazin (lbs),Flumioxazin,S_2461,Y,Upper South Long,18009600,292.08,0.0223,CLP
2017-1032,2024,2024-09-24,2024-09-24,35.4,,,S_2463,Y,Charlotte,86001100,89.71,0.3946,EWM
2017-1034,2024,2024-07-12,2024-07-12,18.7,,,S_2464,Y,Granite,86021700,118.18,0.1582,EWM
2017-1035,2024,2024-04-24,2024-04-24,15,flumioxazin (lbs),Flumioxazin,S_2465,Y,Louisa,86028200,129.57,0.1158,CLP
2017-1036,2024,2024-04-24,2024-04-24,16,flumioxazin (lbs),Flumioxazin,S_2466,Y,Marie,73001400,124.97,0.128,CLP
2017-1037,2024,2024-04-30,2024-04-30,17.62,diquat (gals),Diquat Dibromide,S_2467,Y,Minnetonka-Carsons Bay,27013303,78.86,0.2234,CLP
2017-1041,2024,2024-06-27,2024-06-27,42.6,"diquat (gals), other (gals)","Diquat Dibromide, Other",S_2468,Y,Minnetonka-Upper Lake,27013305,1699.3,0.0251,EWM
2017-1042,2024,2024-05-07,2024-05-07,19.56,diquat (gals),Diquat Dibromide,S_2469,Y,Minnetonka-St. Albans Bay,27013304,103.16,0.1896,CLP
2017-1043,2024,2024-07-09,2024-07-09,10.48,,,S_2470,Y,Minnetonka-St. Albans Bay,27013304,103.16,0.1016,EWM
2017-1044,2024,2024-05-07,2024-05-07,25.55,diquat (gals),Diquat Dibromide,S_2471,Y,Minnetonka-North Arm,27013313,169.2,0.151,CLP
2017-1048,2024,2024-09-09,2024-09-09,40.42,,,S_2474,Y,Green,34007900,2119.75,0.0191,EWM
2017-1054,2024,2024-05-08,2024-05-08,11.7,flumioxazin (lbs),Flumioxazin,S_2475,Y,Nest,34015400,577.17,0.0203,CLP
2017-1072,2024,2024-04-30,2024-04-30,20.8,aquathol_k (gals),Endothall,S_2476,Y,Platte,18008800,1615.91,0.0129,CLP
2017-1083,2024,2024-05-08,2024-05-08,39.4,diquat (gals),Diquat Dibromide,S_2477,Y,Coon,02004200,1331.96,0.0296,CLP
2017-1097,2024,2024-04-10,2024-04-10,42.3,diquat (gals),Diquat Dibromide,S_2478,Y,Minnewashta,10000900,337.89,0.1252,CLP
2017-1135,2024,2024-05-03,2024-05-03,18.57,diquat (gals),Diquat Dibromide,S_2479,Y,Lower Prior,70002600,589.7,0.0315,CLP
2017-1154,2024,2024-04-30,2024-04-30,37.32,diquat (gals),Diquat Dibromide,S_2481,Y,Bald Eagle,62000200,589.06,0.0634,CLP
2017-1189,2024,2024-05-08,2024-05-08,24.49,flumioxazin (lbs),Flumioxazin,S_2482,Y,Pokegama,58014200,942.83,0.026,CLP
2017-1210,2024,2024-08-16,2024-08-16,17.73,diquat (gals),Diquat Dibromide,S_2483,Y,Big Marine,82005200,1180.44,0.015,EWM
2017-1297,2024,2024-04-24,2024-04-24,9.22,aquathol_k (gals),Endothall,S_2485,Y,Farquar,19002300,63.58,0.145,CLP
2017-1306,2024,2024-05-01,2024-05-01,49.9,aquathol_k (gals),Endothall,S_2486,Y,Cedar,66005200,667.27,0.0748,CLP
2017-1325,2024,2024-09-11,2024-09-11,54.45,,,S_2487,Y,Union,60021700,376.24,0.1447,EWM
2017-1470,2024,2024-04-23,2024-04-23,15.2,flumioxazin (lbs),Flumioxazin,S_2488,Y,Mink,86022900,251.82,0.0604,CLP
2017-1507,2024,2024-04-24,2024-04-24,10.66,flumioxazin (lbs),Flumioxazin,S_2491,Y,Maple,86013400,NA,NA,CLP
2017-1512,2024,2024-07-30,2024-07-30,11.4,,,S_2492,Y,Chub,09000800,172.92,0.0659,EWM
2017-1558,2024,2024-04-22,2024-04-22,7.86,diquat (gals),Diquat Dibromide,S_2493,Y,Goose,62003400,NA,NA,CLP
2017-1565,2024,2024-04-24,2024-04-24,11.23,diquat (gals),Diquat Dibromide,S_2494,Y,Marion,19002600,417.99,0.0269,CLP
2017-1566,2024,2024-04-24,2024-04-24,15.14,diquat (gals),Diquat Dibromide,S_2495,Y,Orchard,19003100,172.06,0.088,CLP
2017-1656,2024,2024-05-01,2024-05-01,16.1,diquat (gals),Diquat Dibromide,S_2496,Y,Riley,10000200,110.08,0.1463,CLP
2017-1657,2024,2024-05-01,2024-05-01,8.8,flumioxazin (lbs),Flumioxazin,S_2497,Y,Staring,27007800,156.22,0.0563,CLP
2017-1659,2024,2024-05-01,2024-05-01,8.8,flumioxazin (lbs),Flumioxazin,S_2498,Y,Red Rock,27007600,96.61,0.0911,CLP
2017-1707,2024,2024-04-22,2024-04-22,4.6,flumioxazin (lbs),Flumioxazin,S_2499,Y,Mayo,18040800,156.39,0.0294,CLP
2017-1779,2024,2024-05-08,2024-05-08,49.2,"aquathol_k (gals), diquat (gals)","Endothall, Diquat Dibromide",S_2500,Y,Smith,21001600,363.97,0.1352,CLP
2017-1784,2024,2024-04-29,2024-04-29,13.5,diquat (gals),Diquat Dibromide,S_2501,Y,Bass,27009800,149.28,0.0904,CLP
2017-1825,2024,2024-05-09,2024-05-09,60,flumioxazin (lbs),Flumioxazin,S_2502,Y,Tetonka,40003100,551.22,0.1088,CLP
2017-1826,2024,2024-05-08,2024-05-08,5.5,flumioxazin (lbs),Flumioxazin,S_2503,Y,Grave,18011000,NA,NA,CLP
2017-1875,2024,2024-05-14,2024-05-14,70.6,flumioxazin (lbs),Flumioxazin,S_2505,Y,Diamond,34004400,649.45,0.1087,CLP
2017-1881,2024,2024-04-30,2024-04-30,3.35,diquat (gals),Diquat Dibromide,S_2506,Y,Minnetonka-Upper Lake,27013305,1699.3,0.002,CLP
2017-1885,2024,2024-05-14,2024-05-14,32,aquathol_k (gals),Endothall,S_2507,Y,Mary,21009200,1096.45,0.0292,CLP
2017-1917,2024,2024-05-01,2024-05-01,13.9,flumioxazin (lbs),Flumioxazin,S_2508,Y,Mitchell,27007000,110.62,0.1257,CLP
2017-1968,2024,2024-04-25,2024-04-25,7.9,diquat (gals),Diquat Dibromide,S_2509,Y,Cedar Island,27011900,NA,NA,CLP
2017-2060,2024,2024-08-27,2024-08-27,1.44,copper_ethnolamine (gals),Copper Complex,S_2512,Y,West Lake Sylvia,86027900,297.1,0.0048,SS
2017-2060,2024,2024-10-23,2024-10-23,1.66,copper_ethnolamine (gals),Copper Complex,S_2513,Y,West Lake Sylvia,86027900,297.1,0.0056,SS
2017-2067,2024,2024-06-27,2024-06-27,9.63,,,S_2514,Y,Elmo,82010600,66.38,0.1451,EWM
2017-2634,2024,2024-07-02,2024-07-02,47.94,diquat (gals),Diquat Dibromide,S_2517,Y,Forest,82015900,1561.19,0.0307,EWM
2017-2726,2024,2024-05-08,2024-05-08,26.7,,,S_2518,Y,Sarah,27019100,NA,NA,EWM
2017-2726,2024,2024-09-26,2024-09-26,26.83,,,S_2519,Y,Sarah,27019100,NA,NA,EWM
2017-2765,2024,2024-09-13,2024-09-13,9.7,triclopyr_44_percent (gals),Triclopyr,S_2520,Y,Rays,40005600,151.1,0.0642,EWM
2017-2804,2024,2024-07-02,2024-07-02,55.59,alligare (gals),"2,4-D",S_2521,Y,Bald Eagle,62000200,589.06,0.0944,EWM
2017-2870,2024,2024-07-25,2024-07-25,33.43,,,S_2522,Y,White Bear,82016700,1334.41,0.0251,EWM
2017-2926,2024,2024-08-21,2024-08-21,12.81,,,S_2523,Y,Sugar,86023300,371.23,0.0345,EWM
2017-3807,2024,2024-09-17,2024-09-17,0.38,,,S_2526,Y,Marie,73001400,124.97,0.003,EWM
2018-0004,2024,2024-08-12,2024-08-12,38.83,diquat (gals),Diquat Dibromide,S_2528,Y,Roosevelt,11004300,302.23,0.1285,EWM
2018-0113,2024,2024-05-05,2024-05-05,24.16,aquathol_k (gals),Endothall,S_2529,Y,Big Swan,77002300,397.1,0.0608,CLP
2018-0117,2024,2024-04-24,2024-04-24,21.6,aquathol_k (gals),Endothall,S_2530,Y,Winsted,43001200,382.44,0.0565,CLP
2018-0118,2024,2024-04-24,2024-04-24,39.99,diquat (gals),Diquat Dibromide,S_2531,Y,Pearl,73003700,558.63,0.0716,CLP
2018-0126,2024,2024-04-24,2024-04-24,21.25,aquathol_k (gals),Endothall,S_2532,Y,North Center,13003200,NA,NA,CLP
2018-0127,2024,2024-07-12,2024-07-12,19.65,triclopyr_44_percent (gals),Triclopyr,S_2533,Y,North Center,13003200,NA,NA,EWM
2018-0129,2024,2024-04-15,2024-04-15,13.66,aquathol_k (gals),Endothall,S_2534,Y,South Center,13002700,544.51,0.0251,CLP
2018-0130,2024,2024-07-12,2024-07-12,36.8,triclopyr_44_percent (gals),Triclopyr,S_2535,Y,South Center,13002700,544.51,0.0676,EWM
2018-0175,2024,2024-09-23,2024-09-23,8.9,,,S_2536,Y,Ruth,18021200,207.08,0.043,EWM
2018-0187,2024,2024-04-30,2024-04-30,7.6,flumioxazin (lbs),Flumioxazin,S_2540,Y,Latimer,77010500,83.07,0.0915,CLP
2018-0241,2024,2024-04-29,2024-04-29,2.6,diquat (gals),Diquat Dibromide,S_2541,Y,Margaret,11022200,170.02,0.0153,CLP
2018-0246,2024,2024-08-13,2024-08-13,3,,,S_2544,Y,Lower Mission,18024300,470.59,0.0064,EWM
2018-0247,2024,2024-08-13,2024-08-13,9.8,,,S_2545,Y,Upper Mission,18024200,285.46,0.0343,EWM
2018-0267,2024,2024-04-18,2024-04-18,2.35,diquat (gals),Diquat Dibromide,S_2546,Y,Sylvan,87013400,NA,NA,CLP
2018-0294,2024,2024-04-24,2024-04-24,18.6,diquat (gals),Diquat Dibromide,S_2548,Y,Upper Twin,27004201,123.5,0.1506,CLP
2018-0332,2024,2024-08-01,2024-08-01,4.5,,,S_2549,Y,Bad Axe,29020800,NA,NA,EWM
2018-0395,2024,2024-04-15,2024-04-15,7.9,aquathol_k (gals),Endothall,S_2553,Y,Limestone,86016300,97.93,0.0807,CLP
2018-0408,2024,2024-04-29,2024-04-29,5.5,flumioxazin (lbs),Flumioxazin,S_2554,Y,Serpent,18009000,301.12,0.0183,CLP
2018-0544,2024,2024-04-24,2024-04-24,18.9,diquat (gals),Diquat Dibromide,S_2556,Y,Pleasant,86025100,291.24,0.0649,CLP
2018-0592,2024,2024-05-30,2024-05-30,1.05,diquat (gals),Diquat Dibromide,S_2557,Y,Unnamed,62001400,NA,NA,CLP
2018-0611,2024,2024-05-09,2024-05-09,65,aquathol_k (gals),Endothall,S_2558,Y,Big Pine,56013000,2375.96,0.0274,CLP
2018-0648,2024,2024-08-16,2024-08-16,0.92,,,S_2559,Y,Cross,58011900,456.42,0.002,CLP
2018-0652,2024,2024-04-30,2024-04-30,6.9,diquat (gals),Diquat Dibromide,S_2560,Y,Crookneck,49013300,144.83,0.0476,CLP
2018-0670,2024,2024-04-24,2024-04-24,28.7,flumioxazin (lbs),Flumioxazin,S_2562,Y,Briggs,71014600,219.68,0.1306,CLP
2018-0672,2024,2024-04-24,2024-04-24,5.3,flumioxazin (lbs),Flumioxazin,S_2563,Y,Julia,71014500,151.82,0.0349,CLP
2018-0728,2024,2024-04-24,2024-04-24,30.87,flumioxazin (lbs),Flumioxazin,S_2564,Y,Orono,71001300,246.64,0.1252,CLP
2018-0737,2024,2024-04-15,2024-04-15,15.9,flumioxazin (lbs),Flumioxazin,S_2565,Y,Sauk,77015000,NA,NA,CLP
2018-0787,2024,2024-04-23,2024-04-23,22,aquathol_k (gals),Endothall,S_2566,Y,Roberds,66001800,486.89,0.0452,CLP
2018-0849,2024,2024-04-24,2024-04-24,18,flumioxazin (lbs),Flumioxazin,S_2568,Y,North Brown's,73014700,124.49,0.1446,CLP
2018-0898,2024,2024-04-24,2024-04-24,34,flumioxazin (lbs),Flumioxazin,S_2571,Y,Blue,30010700,NA,NA,CLP
2018-0973,2024,2024-04-30,2024-04-30,21.1,flumioxazin (lbs),Flumioxazin,S_2574,Y,Sullivan,49001600,622.01,0.0339,CLP
2018-0988,2024,2024-05-29,2024-05-29,74.4,diquat (gals),Diquat Dibromide,S_2575,Y,Toad,03010700,557.91,0.1334,CLP
2018-0994,2024,2024-04-29,2024-04-29,6,aquathol_k (gals),Endothall,S_2576,Y,Sugar,86023300,371.23,0.0162,CLP
2018-1015,2024,2024-04-24,2024-04-24,50.5,diquat (gals),Diquat Dibromide,S_2577,Y,Green,30013600,357.1,0.1414,CLP
2018-1016,2024,2024-05-07,2024-05-07,9.2,,,S_2578,Y,Long,30007200,381.58,0.0241,CLP
2018-1016,2024,2024-04-23,2024-04-23,9.2,aquathol_k (gals),Endothall,S_2579,Y,Long,30007200,381.58,0.0241,CLP
2018-1027,2024,2024-04-21,2024-04-21,19,aquathol_k (gals),Endothall,S_2580,Y,Elk,71005500,360.05,0.0528,CLP
2018-1044,2024,2024-05-08,2024-05-08,43.1,flumioxazin (lbs),Flumioxazin,S_2581,Y,West Rush,13006902,902.79,0.0477,CLP
2018-1045,2024,2024-05-08,2024-05-08,38.8,flumioxazin (lbs),Flumioxazin,S_2582,Y,East Rush,13006901,1136.44,0.0341,CLP
2018-1087,2024,2024-05-23,2024-05-23,20.1,flumioxazin (lbs),Flumioxazin,S_2583,Y,Upper Cormorant,03058800,522.84,0.0384,CLP
2018-1097,2024,2024-05-08,2024-05-08,1.21,aquathol_k (gals),Endothall,S_2584,Y,Big Watab,73010200,57.18,0.0212,CLP
2018-1190,2024,2024-08-28,2024-08-28,34,,,S_2586,Y,Ripley (west portion),47013402,507.57,0.067,EWM
2018-1216,2024,2024-04-25,2024-04-25,3.16,aquathol_k (gals),Endothall,S_2587,Y,Mirror,27005500,NA,NA,CLP
2018-1228,2024,2024-04-21,2024-04-21,39.8,aquathol_k (gals),Endothall,S_2588,Y,Eagle,71006700,319.49,0.1246,CLP
2018-1512,2024,2024-05-07,2024-05-07,7.62,diquat (gals),Diquat Dibromide,S_2590,Y,Weaver,27011700,73.24,0.104,CLP
2018-1864,2024,2024-05-20,2024-05-20,8.8,flumioxazin (lbs),Flumioxazin,S_2591,Y,Muskrat,03036000,64.18,0.1371,CLP
2018-2174,2024,2024-07-08,2024-07-08,24.4,,,S_2593,Y,Maple,86013400,NA,NA,EWM
2018-2340,2024,2024-10-09,2024-10-09,119,fluridone (gals),Fluridone,S_2594,Y,Ham,02005300,190.45,0.6248,EWM
2018-2661,2024,2024-09-11,2024-09-11,6.45,,,S_2596,Y,Shamineau,49012700,630.54,0.0102,EWM
2018-2938,2024,2024-07-10,2024-07-10,2,diquat (gals),Diquat Dibromide,S_2597,Y,Granite,86021700,118.18,0.0169,FR
2018-3101,2024,2024-08-01,2024-08-01,14,"copper_ethnolamine (gals), hydrothol_liquid (gals)","Copper Complex, Endothall",S_2598,Y,Medicine,27010400,434.53,0.0322,SS
2018-3412,2024,2024-08-28,2024-08-28,1,copper_triethanola (gals),Copper Complex,S_2600,Y,Pleasant,86025100,291.24,0.0034,SS
2018-3522,2024,2024-08-06,2024-08-06,NA,,,S_2601,Y,Washburn,11005900,720.55,NA,EWM
2019-0017,2024,2024-10-03,2024-10-03,22.7,,,S_2603,Y,Emily,18020300,720.62,0.0315,EWM
2019-0018,2024,2024-10-03,2024-10-03,1.2,,,S_2604,Y,Mary,18018500,139.41,0.0086,EWM
2019-0027,2024,2024-04-10,2024-04-10,50.67,aquathol_k (gals),Endothall,S_2605,Y,Washington,40011700,1131.37,0.0448,CLP
2019-0039,2024,2024-08-26,2024-08-26,1.9,,,S_2606,Y,Henderson,34011600,31.49,0.0603,EWM
2019-0132,2024,2024-04-22,2024-04-22,7.5,flumioxazin (lbs),Flumioxazin,S_2607,Y,Sibley,18040400,274.5,0.0273,CLP
2019-0258,2024,2024-05-16,2024-05-16,6,aquathol_k (gals),Endothall,S_2608,Y,South Lida,56074702,321.03,0.0187,CLP
2019-0545,2024,2024-10-07,2024-10-07,34.58,diquat (gals),Diquat Dibromide,S_2609,Y,Coon,02004200,1331.96,0.026,EWM
2019-0828,2024,2024-04-25,2024-04-25,1.17,aquathol_k (gals),Endothall,S_2610,Y,Melody,27066900,NA,NA,CLP
2019-0829,2024,2024-04-25,2024-04-25,0.87,aquathol_k (gals),Endothall,S_2611,Y,Indianhead,27004400,NA,NA,CLP
2019-0859,2024,2024-04-15,2024-04-15,39.6,aquathol_k (gals),Endothall,S_2613,Y,Francis,30008000,270.42,0.1464,CLP
2019-0880,2024,2024-04-02,2024-04-02,145,fluridone (gals),Fluridone,S_2614,Y,Cleary,70002200,144.74,1.0018,CLP
2019-1039,2024,2024-05-05,2024-05-05,6.5,"aquathol_k (gals), flumioxazin (lbs)","Endothall, Flumioxazin",S_2615,Y,Long,56078400,287.04,0.0226,CLP
2019-1061,2024,2024-05-03,2024-05-03,10.98,diquat (gals),Diquat Dibromide,S_2616,Y,Upper Prior,70007200,310.51,0.0354,CLP
2019-1137,2024,2024-05-08,2024-05-08,8.96,diquat (gals),Diquat Dibromide,S_2618,Y,Rogers,19008000,102.34,0.0876,CLP
2019-1303,2024,2024-04-25,2024-04-25,1.18,diquat (gals),Diquat Dibromide,S_2619,Y,Shields,82016200,25.53,0.0462,CLP
2019-1475,2024,2024-04-29,2024-04-29,1.4,flumioxazin (lbs),Flumioxazin,S_2621,Y,Long,49001500,68.59,0.0204,CLP
2019-1617,2024,2024-05-07,2024-05-07,7.75,diquat (gals),Diquat Dibromide,S_2623,Y,Minnetonka-Lower Lake,27013302,2059.41,0.0038,CLP
2019-1846,2024,2024-05-20,2024-05-20,8.7,flumioxazin (lbs),Flumioxazin,S_2624,Y,Curfman,03036300,NA,NA,CLP
2019-1853,2024,2024-05-01,2024-05-01,20,flumioxazin (lbs),Flumioxazin,S_2625,Y,Big Kandiyohi,34008600,1445.1,0.0138,CLP
2019-2135,2024,2024-07-19,2024-07-19,6.5,,,S_2628,Y,Upper South Long,18009600,292.08,0.0223,EWM
2019-2394,2024,2024-07-30,2024-07-30,9,,,S_2629,Y,Waverly,86011400,146.75,0.0613,EWM
2019-2512,2024,2024-07-29,2024-07-29,1.6,,,S_2630,Y,Erie,47006400,115.68,0.0138,EWM
2019-2786,2024,2024-10-09,2024-10-09,0.5,"glyphosate (gals), imazapyr (gals)","Glyphosate, Imazapyr",S_2633,Y,Chisago,13001200,NA,NA,PHR
2019-2878,2024,2024-07-30,2024-07-30,6.84,triclopyr_44_percent (gals),Triclopyr,S_2634,Y,Spectacle,30013500,170.29,0.0402,EWM
2019-2885,2024,2024-10-08,2024-10-08,1,"glyphosate (gals), imazapyr (gals)","Glyphosate, Imazapyr",S_2635,Y,North Center,13003200,NA,NA,PHR
2019-2886,2024,2024-10-08,2024-10-08,0.15,"glyphosate (gals), imazapyr (gals)","Glyphosate, Imazapyr",S_2636,Y,North Lindstrom,13003500,61.92,0.0024,PHR
2019-2887,2024,2024-10-08,2024-10-08,0.15,"glyphosate (gals), imazapyr (gals)","Glyphosate, Imazapyr",S_2637,Y,South Center,13002700,544.51,3e-4,PHR
2019-2888,2024,2024-10-09,2024-10-09,0.3,"glyphosate (gals), imazapyr (gals)","Glyphosate, Imazapyr",S_2638,Y,South Lindstrom,13002800,261.42,0.0011,PHR
2019-3016,2024,2024-09-13,2024-09-13,19.5,,,S_2639,Y,Frances,40005700,568.07,0.0343,EWM
2019-3106,2024,2024-07-19,2024-07-19,14,,,S_2640,Y,White Sand,18037900,282.54,0.0496,EWM
2019-3125,2024,2024-10-07,2024-10-07,2,"glyphosate (gals), imazapyr (gals)","Glyphosate, Imazapyr",S_2641,Y,White Bear,82016700,1334.41,0.0015,PHR
2019-3248,2024,2024-07-12,2024-07-12,15.1,,,S_2642,Y,Fannie,30004300,268.23,0.0563,EWM
2019-3316,2024,2024-09-13,2024-09-13,0.01,imazapyr (gals),Imazapyr,S_2643,Y,Crystal,27003400,NA,NA,PHR
2019-3431,2024,2024-05-09,2024-05-09,15.99,diquat (gals),Diquat Dibromide,S_2644,Y,Darling,21008000,553.89,0.0289,CLP
2020-0043,2024,2024-05-08,2024-05-08,39,diquat (gals),Diquat Dibromide,S_2645,Y,Coon,02004200,1331.96,0.0293,CLP
2020-0125,2024,2024-04-24,2024-04-24,8.4,flumioxazin (lbs),Flumioxazin,S_2647,Y,Zumwalde,73008900,118.62,0.0708,CLP
2020-0139,2024,2024-05-15,2024-05-15,8,aquathol_k (gals),Endothall,S_2648,Y,Lower Cullen,18040300,201.25,0.0398,CLP
2020-0140,2024,2024-05-15,2024-05-15,1.1,aquathol_k (gals),Endothall,S_2649,Y,Middle Cullen,18037700,137.49,0.008,CLP
2020-0141,2024,2024-05-13,2024-05-13,14.6,aquathol_k (gals),Endothall,S_2650,Y,Upper Cullen,18037600,232.78,0.0627,CLP
2020-0145,2024,2024-04-30,2024-04-30,11,diquat (gals),Diquat Dibromide,S_2651,Y,Keller (main bay),62001002,73.32,0.15,CLP
2020-0148,2024,2024-04-30,2024-04-30,12.4,diquat (gals),Diquat Dibromide,S_2652,Y,Kohlman,62000600,82.9,0.1496,CLP
2020-0181,2024,2024-04-09,2024-04-09,13.5,diquat (gals),Diquat Dibromide,S_2654,Y,Rice,02000800,371.22,0.0364,CLP
2020-0185,2024,2024-04-24,2024-04-24,25.5,aquathol_k (gals),Endothall,S_2655,Y,South Long,18013600,451.45,0.0565,CLP
2020-0208,2024,2024-07-12,2024-07-12,9.5,,,S_2656,Y,McKinney,31037000,NA,NA,EWM
2020-0260,2024,2024-04-29,2024-04-29,24.3,diquat (gals),Diquat Dibromide,S_2657,Y,Eagle,27011101,203.29,0.1195,CLP
2020-0449,2024,2024-05-10,2024-05-10,14.47,diquat (gals),Diquat Dibromide,S_2659,Y,Normandale,27104501,NA,NA,CLP
2020-0470,2024,2024-08-19,2024-08-19,8.14,,,S_2660,Y,Carlos,21005700,922.22,0.0088,EWM
2020-0611,2024,2024-04-04,2024-04-04,71.3,fluridone (gals),Fluridone,S_2661,Y,Como,62005500,65.65,1.0861,CLP
2020-0924,2024,2024-05-02,2024-05-02,4.4,flumioxazin (lbs),Flumioxazin,S_2663,Y,Little Birch,77008900,271.94,0.0162,CLP
2020-1556,2024,2024-05-10,2024-05-10,45.87,diquat (gals),Diquat Dibromide,S_2664,Y,Oak,10009300,360.47,0.1273,"CLP, EWM"
2020-2056,2024,2024-08-20,2024-08-20,20.86,diquat (gals),Diquat Dibromide,S_2665,Y,Minnetonka-Lower Lake,27013302,2059.41,0.0101,FR
2020-2386,2024,2024-07-31,2024-07-31,6.7,diquat (gals),Diquat Dibromide,S_2666,Y,Indian,21013600,70.12,0.0956,EWM
2020-2570,2024,2024-07-10,2024-07-10,0.4,,,S_2668,Y,Birch,71005700,118.4,0.0034,EWM
2020-2645,2024,2024-08-20,2024-08-20,4.2,,,S_2669,Y,Lower Spunk,73012300,129.34,0.0325,EWM
2020-2968,2024,2024-09-10,2024-09-10,0.1,imazapyr (gals),Imazapyr,S_2672,Y,Foot,34018100,662.68,2e-4,PHR
2020-3061,2024,2024-09-10,2024-09-10,0.23,imazapyr (gals),Imazapyr,S_2673,Y,Henjum,34031600,NA,NA,PHR
2020-3342,2024,2024-04-29,2024-04-29,5.3,diquat (gals),Diquat Dibromide,S_2674,Y,Florence,30003500,120.2,0.0441,CLP
2021-0081,2024,2024-04-14,2024-04-14,10.7,aquathol_k (gals),Endothall,S_2678,Y,Wilhelm,86002000,106.73,0.1003,CLP
2021-0311,2024,2024-05-13,2024-05-13,4.3,flumioxazin (lbs),Flumioxazin,S_2679,Y,Allie,65000600,509.12,0.0084,CLP
2021-0312,2024,2024-05-13,2024-05-13,31.9,flumioxazin (lbs),Flumioxazin,S_2680,Y,Preston,65000200,660.85,0.0483,CLP
2021-0379,2024,2024-04-24,2024-04-24,5.4,aquathol_k (gals),Endothall,S_2681,Y,Long,47002600,113.61,0.0475,CLP
2021-0388,2024,2024-04-24,2024-04-24,3,aquathol_k (gals),Endothall,S_2682,Y,Minnie-Belle,47011900,175.76,0.0171,CLP
2021-0389,2024,2024-09-05,2024-09-05,15.6,,,S_2683,Y,Minnie-Belle,47011900,175.76,0.0888,EWM
2021-0403,2024,2024-04-09,2024-04-09,14.48,diquat (gals),Diquat Dibromide,S_2685,Y,Zumbra-Sunny,10004100,156.44,0.0926,CLP
2021-0413,2024,2024-05-09,2024-05-09,29.01,diquat (gals),Diquat Dibromide,S_2686,Y,Byllesby,19000600,935.97,0.031,CLP
2021-0451,2024,2024-05-13,2024-05-13,56.23,flumioxazin (lbs),Flumioxazin,S_2687,Y,Osakis,77021500,3389.01,0.0166,CLP
2021-0465,2024,2024-04-30,2024-04-30,3.2,diquat (gals),Diquat Dibromide,S_2688,Y,Johanna,62007800,92.93,0.0344,CLP
2021-0466,2024,2024-04-30,2024-04-30,15.6,flumioxazin (lbs),Flumioxazin,S_2689,Y,Rice,73019600,832.55,0.0187,CLP
2021-0483,2024,2024-04-14,2024-04-14,10,aquathol_k (gals),Endothall,S_2690,Y,Martha,86000900,71.05,0.1407,CLP
2021-1772,2024,2024-05-06,2024-05-06,3.91,diquat (gals),Diquat Dibromide,S_2693,Y,Minnetonka-Grays Bay,27013301,164.54,0.0238,CLP
2021-2583,2024,2024-09-24,2024-09-24,NA,,,S_2696,Y,Birch,86006600,49.87,NA,EWM
2021-3174,2024,2024-08-30,2024-08-30,NA,,,S_2699,Y,Pine Tree,82012200,164.12,NA,EWM
2021-3238,2024,2024-09-26,2024-09-26,0.023,imazapyr (gals),Imazapyr,S_2700,Y,Swamp,86001400,NA,NA,PHR
2022-0008,2024,2024-04-22,2024-04-22,1.6,diquat (gals),Diquat Dibromide,S_2702,Y,Manuella,47005000,114.89,0.0139,CLP
2022-0140,2024,2024-04-30,2024-04-30,42.5,diquat (gals),Diquat Dibromide,S_2704,Y,Minnetonka-West Arm,27013314,537.83,0.079,CLP
2022-0176,2024,2024-04-24,2024-04-24,59.3,flumioxazin (lbs),Flumioxazin,S_2705,Y,Circle,66002700,837.56,0.0708,CLP
2022-0194,2024,2024-09-11,2024-09-11,2.5,,,S_2706,Y,Games,34022400,247.82,0.0101,EWM
2022-0198,2024,2024-09-11,2024-09-11,20.2,,,S_2707,Y,Norway,34025100,2106.35,0.0096,EWM
2022-0318,2024,2024-04-02,2024-04-02,70.94,fluridone (gals),Fluridone,S_2708,Y,Colby,82009400,NA,NA,CLP
2022-0322,2024,2024-04-02,2024-04-02,27,fluridone (gals),Fluridone,S_2709,Y,Unnamed (Ravine),82008700,18.63,1.4493,CLP
2022-0338,2024,2024-05-13,2024-05-13,11.4,diquat (gals),Diquat Dibromide,S_2710,Y,Lobster,21014400,NA,NA,CLP
2022-0345,2024,2024-05-06,2024-05-06,26.78,flumioxazin (lbs),Flumioxazin,S_2711,Y,Minnetonka-Black Lake,27013306,63.1,0.4244,CLP
2022-0347,2024,2024-04-30,2024-04-30,12.83,flumioxazin (lbs),Flumioxazin,S_2712,Y,Minnetonka-Upper Lake,27013305,1699.3,0.0076,CLP
2022-0350,2024,2024-04-30,2024-04-30,19.3,diquat (gals),Diquat Dibromide,S_2713,Y,Minnetonka-Lower Lake,27013302,2059.41,0.0094,CLP
2022-0376,2024,2024-09-19,2024-09-19,0.005,diquat (gals),Diquat Dibromide,S_2714,Y,Sauk River,M-074,NA,NA,FR
2022-0400,2024,2024-04-30,2024-04-30,38.05,diquat (gals),Diquat Dibromide,S_2715,Y,Peltier,02000400,514.79,0.0739,CLP
2022-0468,2024,2024-09-16,2024-09-16,3.814,,,S_2716,Y,Alimagnet,19002100,NA,NA,EWM
2022-0469,2024,2024-07-10,2024-07-10,10.5,,,S_2717,Y,Keller,19002500,NA,NA,EWM
2022-1235,2024,2024-05-10,2024-05-10,11.2,diquat (gals),Diquat Dibromide,S_2719,Y,Minnetonka-Maxwell Bay,27013311,166.47,0.0673,CLP
2022-1789,2024,2024-04-25,2024-04-25,0.59,aquathol_k (gals),Endothall,S_2720,Y,Nancy,27067700,NA,NA,CLP
2022-1832,2024,2024-05-14,2024-05-14,6.67,flumioxazin (lbs),Flumioxazin,S_2721,Y,Bass,22007400,152.24,0.0438,CLP
2022-1986,2024,2024-06-24,2024-06-24,403,sonarone (lbs),Fluridone,S_2722,Y,Owasso,62005600,284.18,1.4181,EWM
2022-1986,2024,2024-04-29,2024-04-29,403,fluridone (gals),Fluridone,S_2723,Y,Owasso,62005600,284.18,1.4181,EWM
2022-1986,2024,2024-08-14,2024-08-14,374.96,sonarone (lbs),Fluridone,S_2724,Y,Owasso,62005600,284.18,1.3194,EWM
2022-2614,2024,2024-09-11,2024-09-11,0.14,,,S_2730,Y,Hanks,18004400,48.08,0.0029,EWM
2022-2615,2024,2024-09-11,2024-09-11,0.15,,,S_2731,Y,Portage,18005000,116.21,0.0013,EWM
2022-2814,2024,2024-09-23,2024-09-23,0.05,other (gals),Other,S_2732,Y,Haughey,27018700,NA,NA,PHR
2022-2989,2024,2024-09-09,2024-09-09,0.22,imazapyr (gals),Imazapyr,S_2734,Y,Boyer,03057900,295.22,7e-4,PHR
2022-3084,2024,2024-09-19,2024-09-19,0.65,other (gals),Other,S_2735,Y,Slough,86007800,45.81,0.0142,PHR
2023-0094,2024,2024-05-16,2024-05-16,3.2,aquathol_k (gals),Endothall,S_2737,Y,North Lida,56074701,2399.72,0.0013,CLP
2023-0121,2024,2024-05-14,2024-05-14,37.9,flumioxazin (lbs),Flumioxazin,S_2738,Y,Florida,34021700,278.96,0.1359,CLP
2023-0124,2024,2024-08-26,2024-08-26,2.4,,,S_2739,Y,Florida,34021700,278.96,0.0086,EWM
2023-0328,2024,2024-09-25,2024-09-25,34.8,alligare (gals),"2,4-D",S_2745,Y,Andrew,34020600,255.32,0.1363,EWM
2023-0381,2024,2024-07-26,2024-07-26,0.5,,,S_2746,Y,Rabour,13007900,37.82,0.0132,EWM
2023-0625,2024,2024-05-08,2024-05-08,9,flumioxazin (lbs),Flumioxazin,S_2749,Y,Pokegama,58014200,942.83,0.0095,CLP
2023-0735,2024,2024-08-02,2024-08-02,26.3,,,S_2750,Y,Cedar Island,73013300,NA,NA,EWM
2023-1041,2024,2024-04-03,2024-04-03,37,fluridone (gals),Fluridone,S_2751,Y,Hadley,27010900,NA,NA,CLP
2023-1125,2024,2024-04-24,2024-04-24,13.5,aquathol_k (gals),Endothall,S_2752,Y,Ramsey,86012000,155.23,0.087,CLP
2023-1131,2024,2024-05-03,2024-05-03,6.75,aquathol_k (gals),Endothall,S_2753,Y,Swede's Bay,40009203,509.05,0.0133,CLP
2023-1190,2024,2024-07-26,2024-07-26,0.5,,,S_2754,Y,Mandall,13007400,33.29,0.015,EWM
2023-1638,2024,2024-05-15,2024-05-15,8.1,diquat (gals),Diquat Dibromide,S_2755,Y,Gervais,62000700,94.42,0.0858,CLP
2023-1984,2024,2024-07-09,2024-07-09,16.59,diquat (gals),Diquat Dibromide,S_2757,Y,Maple,86013400,NA,NA,FR
2023-2375,2024,2024-07-30,2024-07-30,9.17,,,S_2761,Y,Minnetonka-Lower Lake,27013302,2059.41,0.0045,EWM
2023-2683,2024,2024-09-12,2024-09-12,1.97,copper_ethnolamine (gals),Copper Complex,S_2763,Y,Grand,73005500,233.22,0.0084,SS
2023-2746,2024,2024-05-15,2024-05-15,2.6,,,S_2766,Y,Sweeney,27003501,37.77,0.0688,EWM
2023-2875,2024,2024-08-02,2024-08-02,8.5,,,S_2768,Y,Zumwalde,73008900,118.62,0.0717,EWM
2023-3017,2024,2024-04-02,2024-04-02,45,fluridone (gals),Fluridone,S_2769,Y,La,82009700,NA,NA,CLP
2023-3222,2024,2024-05-08,2024-05-08,12.1,flumioxazin (lbs),Flumioxazin,S_2770,Y,Grove,61002300,229.65,0.0527,CLP
2023-3234,2024,2024-05-03,2024-05-03,6.8,aquathol_k (gals),Endothall,S_2771,Y,West Jefferson,40009202,348.68,0.0195,CLP
2024-0046,2024,2024-04-24,2024-04-24,12,diquat (gals),Diquat Dibromide,S_2772,Y,DeMontreville,82010100,142.62,0.0841,CLP
2024-0110,2024,2024-05-20,2024-05-20,3.2,flumioxazin (lbs),Flumioxazin,S_2773,Y,Floyd,03038700,811.54,0.0039,CLP
2024-0112,2024,2024-05-01,2024-05-01,2.6,aquathol_k (gals),Endothall,S_2774,Y,Norway,34025100,2106.35,0.0012,CLP
2024-0169,2024,2024-04-19,2024-04-19,4.2,galleon (gals),Penoxsulam,S_2775,Y,Holiday,27009000,NA,NA,CLP
2024-0283,2024,2024-04-29,2024-04-29,7.3,flumioxazin (lbs),Flumioxazin,S_2777,Y,Pierz,49002400,79.73,0.0916,CLP
2024-0406,2024,2024-06-26,2024-06-26,6.83,,,S_2778,Y,Duck,27006900,NA,NA,EWM
2024-0501,2024,2024-04-15,2024-04-15,5.5,aquathol_k (gals),Endothall,S_2780,Y,Birch,86006600,49.87,0.1103,CLP
2024-0598,2024,2024-04-29,2024-04-29,0.7,flumioxazin (lbs),Flumioxazin,S_2781,Y,Cedar,01020900,NA,NA,CLP
2024-0670,2024,2024-04-22,2024-04-22,7.19,diquat (gals),Diquat Dibromide,S_2782,Y,Wilmes,82009000,NA,NA,CLP
2024-0808,2024,2024-07-16,2024-07-16,2.6,alligare (gals),"2,4-D",S_2783,Y,Hunt,66004700,148.64,0.0175,EWM
2024-0846,2024,2024-05-01,2024-05-01,11.3,flumioxazin (lbs),Flumioxazin,S_2784,Y,Maple,77018100,183.36,0.0616,CLP
2024-1122,2024,2024-04-24,2024-04-24,9.45,diquat (gals),Diquat Dibromide,S_2785,Y,Comfort,13005300,88.03,0.1073,CLP
2024-1129,2024,2024-04-24,2024-04-24,1.6,diquat (gals),Diquat Dibromide,S_2786,Y,Spring,47003200,156.25,0.0102,CLP
2024-1319,2024,2024-05-03,2024-05-03,2.75,diquat (gals),Diquat Dibromide,S_2787,Y,Golden,02004500,51.28,0.0536,CLP
2024-1390,2024,2024-05-15,2024-05-15,8.1,diquat (gals),Diquat Dibromide,S_2788,Y,Gervais,62000700,94.42,0.0858,EWM
2024-1775,2024,2024-05-28,2024-05-28,16.68,diquat (gals),Diquat Dibromide,S_2789,Y,Minnetonka-Stubbs Bay,27013312,111.49,0.1496,EWM
2024-2230,2024,2024-08-28,2024-08-28,15.85,alligare (gals),"2,4-D",S_2790,Y,Madison,07004400,1026.22,0.0154,EWM
2024-2501,2024,2024-07-18,2024-07-18,10.23,,,S_2791,Y,Snail,62007300,127.79,0.0801,EWM
2024-2912,2024,2024-09-11,2024-09-11,13.5,,,S_2794,Y,Minnetonka-West Arm,27013314,537.83,0.0251,EWM
2024-2986,2024,2024-09-16,2024-09-16,6,,,S_2795,Y,North Long,18037200,4018.38,0.0015,EWM
2024-3000,2024,2024-09-09,2024-09-09,1.2,imazapyr (gals),Imazapyr,S_2796,Y,Ellison,03048400,75.87,0.0158,PHR
2024-3002,2024,2024-09-10,2024-09-10,0.015,imazapyr (gals),Imazapyr,S_2797,Y,Big Watab,73010200,57.18,3e-4,PHR
2024-3007,2024,2024-08-29,2024-08-29,0.01,imazapyr (gals),Imazapyr,S_2798,Y,Unnamed,13015400,NA,NA,PHR
2024-3008,2024,2024-09-04,2024-09-04,0.3,imazapyr (gals),Imazapyr,S_2799,Y,Round,13003800,NA,NA,PHR
2024-3017,2024,2024-09-23,2024-09-23,0.24,imazapyr (gals),Imazapyr,S_2801,Y,Katrina,27015400,NA,NA,PHR
2024-3045,2024,2024-10-01,2024-10-01,3.1,,,S_2802,Y,Normandale,27104501,NA,NA,EWM
2024-3101,2024,2024-10-10,2024-10-10,0.1,"glyphosate (gals), imazapyr (gals)","Glyphosate, Imazapyr",S_2803,Y,Green,13004100,NA,NA,PHR
2024-3118,2024,2024-09-18,2024-09-18,3.06,,,S_2804,Y,Wilmes,82009000,NA,NA,EWM
15W-3B012,2025,2025-05-06,2025-05-06,41,flumioxazin (lbs),Flumioxazin,S_2807,Y,Big,71008200,116.41,0.3522,CLP
15W-3B013,2025,2025-05-06,2025-05-06,22,flumioxazin (lbs),Flumioxazin,S_2808,Y,Mitchell,71008100,90.38,0.2434,CLP
2017-0045,2025,2025-05-06,2025-05-06,6,flumioxazin (lbs),Flumioxazin,S_2811,Y,Horseshoe,73015700,341.05,0.0176,CLP
2017-0109,2025,2025-05-06,2025-05-06,32.38,aquathol_k (gals),Endothall,S_2812,Y,Upper Sakatah,40000200,899.57,0.036,CLP
2017-0365,2025,2025-04-26,2025-04-26,48.8,diquat (gals),Diquat Dibromide,S_2813,Y,Long,47017700,787.03,0.062,CLP
2017-0407,2025,2025-05-01,2025-05-01,8.25,diquat (gals),Diquat Dibromide,S_2819,Y,Lucy,10000700,68.27,0.1208,CLP
2017-0417,2025,2025-06-17,2025-06-17,3.06,diquat (gals),Diquat Dibromide,S_2821,Y,Lower Prior,70002600,589.7,0.0052,EWM
2017-0437,2025,2025-08-20,2025-08-20,0.83,,,S_2823,Y,Sand,58008100,234.85,0.0035,EWM
2017-0445,2025,2025-06-24,2025-06-24,2.3,,,S_2824,Y,Mitchell,71008100,90.38,0.0254,EWM
2017-0446,2025,2025-04-30,2025-04-30,49.9,galleon (gals),Penoxsulam,S_2825,Y,Cornelia,27002800,NA,NA,CLP
2017-0452,2025,2025-05-05,2025-05-05,2,aquathol_k (gals),Endothall,S_2826,Y,Arrowhead,27004500,NA,NA,CLP
2017-0492,2025,2025-09-10,2025-09-10,6.1,,,S_2827,Y,John,86028800,284.53,0.0214,EWM
2017-0512,2025,2025-05-08,2025-05-08,24.51,aquathol_k (gals),Endothall,S_2828,Y,Middle Jefferson,40009204,654.93,0.0374,CLP
2017-0524,2025,2025-04-30,2025-04-30,16.87,diquat (gals),Diquat Dibromide,S_2829,Y,Spring,70005400,282.83,0.0596,CLP
2017-0533,2025,2025-05-21,2025-05-21,46.7,flumioxazin (lbs),Flumioxazin,S_2830,Y,Detroit,03038100,1868.58,0.025,CLP
2017-0534,2025,2025-05-21,2025-05-21,26.2,flumioxazin (lbs),Flumioxazin,S_2831,Y,Sallie,03035900,576.81,0.0454,CLP
2017-0535,2025,2025-05-21,2025-05-21,11.3,flumioxazin (lbs),Flumioxazin,S_2832,Y,Melissa,03047500,899.47,0.0126,CLP
2017-0562,2025,2025-04-17,2025-04-17,793,fluridone (gals),Fluridone,S_2833,Y,Cedar,70009100,792.5,1.0006,CLP
2017-0566,2025,2025-05-13,2025-05-13,15.42,flumioxazin (lbs),Flumioxazin,S_2834,Y,McMahon,70005000,162.26,0.095,CLP
2017-0573,2025,2025-04-30,2025-04-30,24.95,diquat (gals),Diquat Dibromide,S_2835,Y,Rebecca,27019200,122.72,0.2033,"EWM, CLP"
2017-0582,2025,2025-05-08,2025-05-08,34.42,flumioxazin (lbs),Flumioxazin,S_2836,Y,O'Dowd,70009500,273.58,0.1258,CLP
2017-0600,2025,2025-08-18,2025-08-18,2.9,,,S_2837,Y,Fish,86018300,54.16,0.0535,EWM
2017-0609,2025,2025-09-10,2025-09-10,8.5,,,S_2838,Y,Zumbra-Sunny,10004100,156.44,0.0543,EWM
2017-0615,2025,2025-05-13,2025-05-13,19.09,diquat (gals),Diquat Dibromide,S_2839,Y,Gleason,27009500,NA,NA,CLP
2017-0620,2025,2025-04-29,2025-04-29,14.8,aquathol_k (gals),Endothall,S_2840,Y,Quamba,33001500,226.37,0.0654,CLP
2017-0645,2025,2025-04-25,2025-04-25,15.68,flumioxazin (lbs),Flumioxazin,S_2841,Y,Thole,70012001,118.52,0.1323,CLP
2017-0667,2025,2025-05-06,2025-05-06,3.91,aquathol_k (gals),Endothall,S_2845,Y,Clear,82016300,270.31,0.0145,CLP
2017-0703,2025,2025-05-08,2025-05-08,10,diquat (gals),Diquat Dibromide,S_2846,Y,Skogman,30002200,129.77,0.0771,CLP
2017-0729,2025,2025-09-16,2025-09-16,46.2,,,S_2848,Y,Scandinavian,61004100,229.73,0.2011,EWM
2017-0735,2025,2025-05-01,2025-05-01,10.86,flumioxazin (lbs),Flumioxazin,S_2849,Y,Alimagnet,19002100,NA,NA,CLP
2017-0742,2025,2025-04-16,2025-04-16,405.02,fluridone (gals),Fluridone,S_2850,Y,Diamond,27012500,405.02,1,CLP
2017-0743,2025,2025-05-14,2025-05-14,4.25,aquathol_k (gals),Endothall,S_2851,Y,Gun,01009900,370.28,0.0115,CLP
2017-0751,2025,2025-05-14,2025-05-14,13,flumioxazin (lbs),Flumioxazin,S_2852,Y,Round,18037300,593.59,0.0219,CLP
2017-0753,2025,2025-05-01,2025-05-01,6.29,diquat (gals),Diquat Dibromide,S_2853,Y,Mooney,27013400,NA,NA,CLP
2017-0823,2025,2025-08-13,2025-08-13,35.5,,,S_2855,Y,Linwood,02002600,484.91,0.0732,EWM
2017-0825,2025,2025-09-09,2025-09-09,0.9,,,S_2856,Y,Middle Spunk,73012800,79.01,0.0114,EWM
2017-0827,2025,2025-08-22,2025-08-22,6,,,S_2857,Y,Minnewashta,10000900,337.89,0.0178,EWM
2017-0828,2025,2025-07-09,2025-07-09,8.92,,,S_2858,Y,Pulaski (main bay),86005302,138.77,0.0643,EWM
2017-0830,2025,2025-04-29,2025-04-29,5.1,flumioxazin (lbs),Flumioxazin,S_2859,Y,Lewis,33003200,80.88,0.0631,CLP
2017-0857,2025,2025-05-05,2025-05-05,80,diquat (gals),Diquat Dibromide,S_2860,Y,Medicine,27010400,434.53,0.1841,CLP
2017-0871,2025,2025-05-01,2025-05-01,8.5,aquathol_k (gals),Endothall,S_2861,Y,Indian,86022300,57.13,0.1488,CLP
2017-0873,2025,2025-09-17,2025-09-17,6.47,triclopyr_44_percent (gals),Triclopyr,S_2862,Y,Indian,86022300,57.13,0.1133,EWM
2017-0873,2025,2025-09-17,2025-09-17,6.47,renovate (lbs),Triclopyr,S_2863,Y,Indian,86022300,57.13,0.1133,EWM
2017-0892,2025,2025-05-01,2025-05-01,10.7,flumioxazin (lbs),Flumioxazin,S_2864,Y,Beebe,86002300,179.49,0.0596,CLP
2017-0917,2025,2025-05-08,2025-05-08,167.44,flumioxazin (lbs),Flumioxazin,S_2865,Y,Forest,82015900,1561.19,0.1073,CLP
2017-0969,2025,2025-05-09,2025-05-09,4.57,diquat (gals),Diquat Dibromide,S_2866,Y,Lower Twin,27004203,26.6,0.1718,CLP
2017-0973,2025,2025-05-13,2025-05-13,15,flumioxazin (lbs),Flumioxazin,S_2867,Y,Sebie,18016100,NA,NA,CLP
2017-1035,2025,2025-04-30,2025-04-30,11.7,flumioxazin (lbs),Flumioxazin,S_2871,Y,Louisa,86028200,129.57,0.0903,CLP
2017-1036,2025,2025-05-01,2025-05-01,17.5,flumioxazin (lbs),Flumioxazin,S_2872,Y,Marie,73001400,124.97,0.14,CLP
2017-1039,2025,2025-08-06,2025-08-06,3.1,diquat (gals),Diquat Dibromide,S_2874,Y,Minnetonka-Grays Bay,27013301,164.54,0.0188,EWM
2017-1041,2025,2025-07-23,2025-07-23,23.5,diquat (gals),Diquat Dibromide,S_2876,Y,Minnetonka-Upper Lake,27013305,1699.3,0.0138,EWM
2017-1042,2025,2025-05-06,2025-05-06,19.23,diquat (gals),Diquat Dibromide,S_2877,Y,Minnetonka-St. Albans Bay,27013304,103.16,0.1864,CLP
2017-1043,2025,2025-07-29,2025-07-29,4.6,diquat (gals),Diquat Dibromide,S_2878,Y,Minnetonka-St. Albans Bay,27013304,103.16,0.0446,EWM
2017-1046,2025,2025-05-05,2025-05-05,22.5,diquat (gals),Diquat Dibromide,S_2880,Y,Minnetonka-Crystal Bay,27013310,317.36,0.0709,CLP
2017-1054,2025,2025-05-08,2025-05-08,15,flumioxazin (lbs),Flumioxazin,S_2881,Y,Nest,34015400,577.17,0.026,CLP
2017-1072,2025,2025-05-14,2025-05-14,55.8,flumioxazin (lbs),Flumioxazin,S_2882,Y,Platte,18008800,1615.91,0.0345,CLP
2017-1083,2025,2025-05-14,2025-05-14,33.2,flumioxazin (lbs),Flumioxazin,S_2883,Y,Coon,02004200,1331.96,0.0249,CLP
2017-1097,2025,2025-05-09,2025-05-09,50.1,diquat (gals),Diquat Dibromide,S_2885,Y,Minnewashta,10000900,337.89,0.1483,CLP
2017-1151,2025,2025-05-14,2025-05-14,0.32,flumioxazin (lbs),Flumioxazin,S_2886,Y,Spectacle,30013500,170.29,0.0019,CLP
2017-1154,2025,2025-05-06,2025-05-06,29.16,diquat (gals),Diquat Dibromide,S_2888,Y,Bald Eagle,62000200,589.06,0.0495,CLP
2017-1189,2025,2025-05-21,2025-05-21,17.1,aquathol_k (gals),Endothall,S_2889,Y,Pokegama,58014200,942.83,0.0181,CLP
2017-1210,2025,2025-08-01,2025-08-01,4.27,diquat (gals),Diquat Dibromide,S_2890,Y,Big Marine,82005200,1180.44,0.0036,EWM
2017-1297,2025,2025-04-23,2025-04-23,8.94,flumioxazin (lbs),Flumioxazin,S_2892,Y,Farquar,19002300,63.58,0.1406,CLP
2017-1298,2025,2025-04-23,2025-04-23,4.24,flumioxazin (lbs),Flumioxazin,S_2893,Y,Long,19002200,NA,NA,CLP
2017-1306,2025,2025-05-05,2025-05-05,49.93,flumioxazin (lbs),Flumioxazin,S_2894,Y,Cedar,66005200,667.27,0.0748,CLP
2017-1379,2025,2025-09-11,2025-09-11,17.7,alligare (gals),"2,4-D",S_2900,Y,Howard,86019900,317.59,0.0557,EWM
2017-1486,2025,2025-07-30,2025-07-30,12.38,copper_ethnolamine (gals),Copper Complex,S_2902,Y,Minnewaska,61013000,3290.84,0.0038,EWM
2017-1498,2025,2025-05-09,2025-05-09,3.37,aquathol_k (gals),Endothall,S_2903,Y,Lost,27010300,NA,NA,CLP
2017-1507,2025,2025-05-01,2025-05-01,7.93,flumioxazin (lbs),Flumioxazin,S_2904,Y,Maple,86013400,NA,NA,CLP
2017-1512,2025,2025-07-10,2025-07-10,1.27,,,S_2905,Y,Chub,09000800,172.92,0.0073,EWM
2017-1558,2025,2025-05-10,2025-05-10,8.22,aquathol_k (gals),Endothall,S_2906,Y,Goose,62003400,NA,NA,CLP
2017-1565,2025,2025-05-08,2025-05-08,22.79,flumioxazin (lbs),Flumioxazin,S_2907,Y,Marion,19002600,417.99,0.0545,CLP
2017-1566,2025,2025-04-30,2025-04-30,9.43,diquat (gals),Diquat Dibromide,S_2908,Y,Orchard,19003100,172.06,0.0548,CLP
2017-1656,2025,2025-05-05,2025-05-05,22,flumioxazin (lbs),Flumioxazin,S_2909,Y,Riley,10000200,110.08,0.1999,CLP
2017-1658,2025,2025-05-05,2025-05-05,5.89,flumioxazin (lbs),Flumioxazin,S_2910,Y,Susan,10001300,71.99,0.0818,CLP
2017-1659,2025,2025-05-05,2025-05-05,12.84,flumioxazin (lbs),Flumioxazin,S_2911,Y,Red Rock,27007600,96.61,0.1329,CLP
2017-1707,2025,2025-05-13,2025-05-13,6.1,flumioxazin (lbs),Flumioxazin,S_2912,Y,Mayo,18040800,156.39,0.039,CLP
2017-1709,2025,2025-05-08,2025-05-08,3.66,flumioxazin (lbs),Flumioxazin,S_2913,Y,Bone,82005400,119.4,0.0307,CLP
2017-1779,2025,2025-05-21,2025-05-21,49.2,"aquathol_k (gals), flumioxazin (lbs)","Endothall, Flumioxazin",S_2914,Y,Smith,21001600,363.97,0.1352,CLP
2017-1784,2025,2025-05-07,2025-05-07,21.43,diquat (gals),Diquat Dibromide,S_2915,Y,Bass,27009800,149.28,0.1436,CLP
2017-1825,2025,2025-05-14,2025-05-14,28.94,flumioxazin (lbs),Flumioxazin,S_2916,Y,Tetonka,40003100,551.22,0.0525,CLP
2017-1875,2025,2025-05-08,2025-05-08,70.6,flumioxazin (lbs),Flumioxazin,S_2918,Y,Diamond,34004400,649.45,0.1087,CLP
2017-1881,2025,2025-05-07,2025-05-07,59.17,"diquat (gals), flumioxazin (lbs)","Diquat Dibromide, Flumioxazin",S_2919,Y,Minnetonka-Upper Lake,27013305,1699.3,0.0348,CLP
2017-1917,2025,2025-05-05,2025-05-05,15.99,flumioxazin (lbs),Flumioxazin,S_2920,Y,Mitchell,27007000,110.62,0.1445,CLP
2017-1968,2025,2025-05-05,2025-05-05,7.9,diquat (gals),Diquat Dibromide,S_2921,Y,Cedar Island,27011900,NA,NA,CLP
2017-1985,2025,2025-06-25,2025-06-25,7.03,,,S_2922,Y,Bay,18003400,878.98,0.008,EWM
2017-2060,2025,2025-08-12,2025-08-12,1.66,copper_ethnolamine (gals),Copper Complex,S_2923,Y,West Lake Sylvia,86027900,297.1,0.0056,SS
2017-2060,2025,2025-05-22,2025-05-22,43.1,flumioxazin (lbs),Flumioxazin,S_2924,Y,West Lake Sylvia,86027900,297.1,0.1451,SS
2017-2060,2025,2025-09-29,2025-09-29,4.45,cutrine (lbs),Copper Complex,S_2925,Y,West Lake Sylvia,86027900,297.1,0.015,SS
2017-2067,2025,2025-07-21,2025-07-21,7.3,,,S_2926,Y,Elmo,82010600,66.38,0.11,EWM
2017-2607,2025,2025-07-15,2025-07-15,10.93,diquat (gals),Diquat Dibromide,S_2928,Y,Riley,10000200,110.08,0.0993,EWM
2017-2634,2025,2025-07-22,2025-07-22,47.37,diquat (gals),Diquat Dibromide,S_2929,Y,Forest,82015900,1561.19,0.0303,EWM
2017-2804,2025,2025-08-07,2025-08-07,5.44,,,S_2931,Y,Bald Eagle,62000200,589.06,0.0092,EWM
2017-2870,2025,2025-07-17,2025-07-17,3.82,triclopyr_44_percent (gals),Triclopyr,S_2932,Y,White Bear,82016700,1334.41,0.0029,EWM
2017-2926,2025,2025-08-20,2025-08-20,7.08,,,S_2933,Y,Sugar,86023300,371.23,0.0191,EWM
2017-3015,2025,2025-09-15,2025-09-15,0.27,,,S_2935,Y,Bear,09003400,70.07,0.0039,EWM
2017-3315,2025,2025-06-16,2025-06-16,18.5,diquat (gals),Diquat Dibromide,S_2937,Y,Turtle,62006100,284.18,0.0651,EWM
2017-3807,2025,2025-09-24,2025-09-24,5.3,,,S_2940,Y,Marie,73001400,124.97,0.0424,EWM
2018-0004,2025,2025-09-10,2025-09-10,2,,,S_2941,Y,Roosevelt,11004300,302.23,0.0066,EWM
2018-0035,2025,2025-08-21,2025-08-21,0.5,,,S_2942,Y,Girl,11017400,265.94,0.0019,EWM
2018-0093,2025,2025-05-01,2025-05-01,30,diquat (gals),Diquat Dibromide,S_2943,Y,Two Rivers,73013800,221.09,0.1357,CLP
2018-0113,2025,2025-05-06,2025-05-06,17.5,aquathol_k (gals),Endothall,S_2944,Y,Big Swan,77002300,397.1,0.0441,CLP
2018-0117,2025,2025-04-26,2025-04-26,21.6,aquathol_k (gals),Endothall,S_2945,Y,Winsted,43001200,382.44,0.0565,CLP
2018-0126,2025,2025-05-14,2025-05-14,7,aquathol_k (gals),Endothall,S_2947,Y,North Center,13003200,NA,NA,CLP
2018-0129,2025,2025-05-14,2025-05-14,7.01,aquathol_k (gals),Endothall,S_2948,Y,South Center,13002700,544.51,0.0129,CLP
2018-0174,2025,2025-08-06,2025-08-06,1,diquat (gals),Diquat Dibromide,S_2949,Y,North Twin,31019000,69.75,0.0143,FR
2018-0175,2025,2025-08-20,2025-08-20,6.8,,,S_2950,Y,Ruth,18021200,207.08,0.0328,EWM
2018-0182,2025,2025-07-09,2025-07-09,3,hydrothol_liquid (gals),Endothall,S_2953,Y,Koronis (main lake),73020002,1146.64,0.0026,SS
2018-0187,2025,2025-05-06,2025-05-06,7.6,flumioxazin (lbs),Flumioxazin,S_2955,Y,Latimer,77010500,83.07,0.0915,CLP
2018-0241,2025,2025-05-13,2025-05-13,2.6,diquat (gals),Diquat Dibromide,S_2956,Y,Margaret,11022200,170.02,0.0153,CLP
2018-0242,2025,2025-05-13,2025-05-13,27,flumioxazin (lbs),Flumioxazin,S_2957,Y,Lower Mission,18024300,470.59,0.0574,CLP
2018-0244,2025,2025-05-13,2025-05-13,5.3,flumioxazin (lbs),Flumioxazin,S_2958,Y,Upper Mission,18024200,285.46,0.0186,CLP
2018-0246,2025,2025-08-13,2025-08-13,3.3,,,S_2959,Y,Lower Mission,18024300,470.59,0.007,EWM
2018-0247,2025,2025-08-13,2025-08-13,4,,,S_2960,Y,Upper Mission,18024200,285.46,0.014,EWM
2018-0267,2025,2025-04-23,2025-04-23,2.35,flumioxazin (lbs),Flumioxazin,S_2961,Y,Sylvan,87013400,NA,NA,CLP
2018-0294,2025,2025-05-01,2025-05-01,18.6,diquat (gals),Diquat Dibromide,S_2963,Y,Upper Twin,27004201,123.5,0.1506,CLP
2018-0334,2025,2025-05-22,2025-05-22,18.9,flumioxazin (lbs),Flumioxazin,S_2965,Y,Ida,21012300,1751.07,0.0108,CLP
2018-0345,2025,2025-05-05,2025-05-05,22.5,aquathol_k (gals),Endothall,S_2966,Y,John,86028800,284.53,0.0791,CLP
2018-0395,2025,2025-05-05,2025-05-05,7.9,aquathol_k (gals),Endothall,S_2968,Y,Limestone,86016300,97.93,0.0807,CLP
2018-0408,2025,2025-05-14,2025-05-14,16.3,flumioxazin (lbs),Flumioxazin,S_2969,Y,Serpent,18009000,301.12,0.0541,CLP
2018-0528,2025,2025-09-02,2025-09-02,10.8,diquat (gals),Diquat Dibromide,S_2970,Y,Le Homme Dieu,21005600,879.66,0.0123,EWM
2018-0543,2025,2025-05-09,2025-05-09,58,aquathol_k (gals),Endothall,S_2971,Y,Fish Trap,49013700,357.29,0.1623,CLP
2018-0544,2025,2025-05-01,2025-05-01,18.9,diquat (gals),Diquat Dibromide,S_2972,Y,Pleasant,86025100,291.24,0.0649,CLP
2018-0592,2025,2025-05-05,2025-05-05,1.05,diquat (gals),Diquat Dibromide,S_2973,Y,Unnamed,62001400,NA,NA,CLP
2018-0611,2025,2025-05-07,2025-05-07,65,flumioxazin (lbs),Flumioxazin,S_2974,Y,Big Pine,56013000,2375.96,0.0274,CLP
2018-0648,2025,2025-05-13,2025-05-13,9.4,flumioxazin (lbs),Flumioxazin,S_2975,Y,Cross,58011900,456.42,0.0206,CLP
2018-0652,2025,2025-05-06,2025-05-06,8.1,flumioxazin (lbs),Flumioxazin,S_2976,Y,Crookneck,49013300,144.83,0.0559,CLP
2018-0668,2025,2025-04-26,2025-04-26,26,flumioxazin (lbs),Flumioxazin,S_2977,Y,Grand,73005500,233.22,0.1115,CLP
2018-0671,2025,2025-04-30,2025-04-30,22.5,flumioxazin (lbs),Flumioxazin,S_2979,Y,Rush,71014700,160.82,0.1399,CLP
2018-0672,2025,2025-04-30,2025-04-30,5.3,flumioxazin (lbs),Flumioxazin,S_2980,Y,Julia,71014500,151.82,0.0349,CLP
2018-0728,2025,2025-05-14,2025-05-14,31,flumioxazin (lbs),Flumioxazin,S_2981,Y,Orono,71001300,246.64,0.1257,CLP
2018-0737,2025,2025-05-03,2025-05-03,11.03,flumioxazin (lbs),Flumioxazin,S_2982,Y,Sauk,77015000,NA,NA,CLP
2018-0787,2025,2025-05-08,2025-05-08,22,aquathol_k (gals),Endothall,S_2983,Y,Roberds,66001800,486.89,0.0452,CLP
2018-0833,2025,2025-04-29,2025-04-29,11,aquathol_k (gals),Endothall,S_2984,Y,Ann,33004000,591.81,0.0186,CLP
2018-0849,2025,2025-05-01,2025-05-01,18.08,flumioxazin (lbs),Flumioxazin,S_2985,Y,North Brown's,73014700,124.49,0.1452,CLP
2018-0898,2025,2025-05-08,2025-05-08,16,flumioxazin (lbs),Flumioxazin,S_2987,Y,Blue,30010700,NA,NA,CLP
2018-0912,2025,2025-04-29,2025-04-29,6.4,aquathol_k (gals),Endothall,S_2989,Y,Bass,86023400,95.96,0.0667,CLP
2018-0932,2025,2025-09-23,2025-09-23,3.1,,,S_2990,Y,Victoria,21005400,131.17,0.0236,EWM
2018-0973,2025,2025-05-14,2025-05-14,34.7,flumioxazin (lbs),Flumioxazin,S_2991,Y,Sullivan,49001600,622.01,0.0558,CLP
2018-0988,2025,2025-05-29,2025-05-29,74.4,diquat (gals),Diquat Dibromide,S_2992,Y,Toad,03010700,557.91,0.1334,CLP
2018-0994,2025,2025-04-29,2025-04-29,18.76,aquathol_k (gals),Endothall,S_2993,Y,Sugar,86023300,371.23,0.0505,CLP
2018-1014,2025,2025-05-06,2025-05-06,22.6,aquathol_k (gals),Endothall,S_2994,Y,Duck,07005300,247.13,0.0914,CLP
2018-1015,2025,2025-04-29,2025-04-29,41.08,diquat (gals),Diquat Dibromide,S_2995,Y,Green,30013600,357.1,0.115,CLP
2018-1016,2025,2025-05-09,2025-05-09,31.71,flumioxazin (lbs),Flumioxazin,S_2996,Y,Long,30007200,381.58,0.0831,CLP
2018-1027,2025,2025-05-05,2025-05-05,19,aquathol_k (gals),Endothall,S_2997,Y,Elk,71005500,360.05,0.0528,CLP
2018-1044,2025,2025-05-05,2025-05-05,50.78,flumioxazin (lbs),Flumioxazin,S_2998,Y,West Rush,13006902,902.79,0.0562,CLP
2018-1045,2025,2025-05-05,2025-05-05,61.86,flumioxazin (lbs),Flumioxazin,S_2999,Y,East Rush,13006901,1136.44,0.0544,CLP
2018-1087,2025,2025-05-21,2025-05-21,31.3,flumioxazin (lbs),Flumioxazin,S_3000,Y,Upper Cormorant,03058800,522.84,0.0599,CLP
2018-1097,2025,2025-05-05,2025-05-05,1.2,aquathol_k (gals),Endothall,S_3001,Y,Big Watab,73010200,57.18,0.021,CLP
2018-1174,2025,2025-07-30,2025-07-30,1,,,S_3002,Y,Long,82003000,NA,NA,EWM
2018-1228,2025,2025-05-06,2025-05-06,39.7,aquathol_k (gals),Endothall,S_3003,Y,Eagle,71006700,319.49,0.1243,CLP
2018-1380,2025,2025-09-23,2025-09-23,6.9,,,S_3004,Y,Beebe,86002300,179.49,0.0384,EWM
2018-1512,2025,2025-05-13,2025-05-13,2.9,flumioxazin (lbs),Flumioxazin,S_3006,Y,Weaver,27011700,73.24,0.0396,CLP
2018-1512,2025,2025-05-13,2025-05-13,9.31,diquat (gals),Diquat Dibromide,S_3007,Y,Weaver,27011700,73.24,0.1271,CLP
2018-1664,2025,2025-05-05,2025-05-05,3.66,flumioxazin (lbs),Flumioxazin,S_3008,Y,West Lake Sylvia,86027900,297.1,0.0123,CLP
2018-1864,2025,2025-05-21,2025-05-21,8.8,flumioxazin (lbs),Flumioxazin,S_3009,Y,Muskrat,03036000,64.18,0.1371,CLP
2018-1866,2025,2025-05-05,2025-05-05,2.9,flumioxazin (lbs),Flumioxazin,S_3010,Y,Square,82004600,64.49,0.045,CLP
2018-2174,2025,2025-07-31,2025-07-31,20.71,,,S_3012,Y,Maple,86013400,NA,NA,EWM
2018-2691,2025,2025-08-12,2025-08-12,0.4,diquat (gals),Diquat Dibromide,S_3014,Y,Bass,56077000,NA,NA,FR
2018-3101,2025,2025-08-04,2025-08-04,14,"copper_sulfate (lbs), diquat (gals)","Copper Sulfate, Diquat Dibromide",S_3016,Y,Medicine,27010400,434.53,0.0322,SS
2018-3522,2025,2025-07-10,2025-07-10,1.1,,,S_3019,Y,Washburn,11005900,720.55,0.0015,EWM
2019-0017,2025,2025-10-06,2025-10-06,7.2,,,S_3020,Y,Emily,18020300,720.62,0.01,EWM
2019-0027,2025,2025-05-08,2025-05-08,116.08,flumioxazin (lbs),Flumioxazin,S_3021,Y,Washington,40011700,1131.37,0.1026,CLP
2019-0039,2025,2025-08-27,2025-08-27,0.5,,,S_3022,Y,Henderson,34011600,31.49,0.0159,EWM
2019-0132,2025,2025-05-13,2025-05-13,4.5,flumioxazin (lbs),Flumioxazin,S_3023,Y,Sibley,18040400,274.5,0.0164,CLP
2019-0545,2025,2025-07-24,2025-07-24,56.9,diquat (gals),Diquat Dibromide,S_3025,Y,Coon,02004200,1331.96,0.0427,EWM
2019-0828,2025,2025-05-05,2025-05-05,1.2,aquathol_k (gals),Endothall,S_3026,Y,Melody,27066900,NA,NA,CLP
2019-0829,2025,2025-05-05,2025-05-05,0.88,aquathol_k (gals),Endothall,S_3027,Y,Indianhead,27004400,NA,NA,CLP
2019-0858,2025,2025-09-09,2025-09-09,9.99,,,S_3028,Y,Skogman,30002200,129.77,0.077,EWM
2019-0859,2025,2025-05-06,2025-05-06,39.6,aquathol_k (gals),Endothall,S_3029,Y,Francis,30008000,270.42,0.1464,CLP
2019-1061,2025,2025-05-02,2025-05-02,31.18,"diquat (gals), flumioxazin (lbs)","Diquat Dibromide, Flumioxazin",S_3031,Y,Upper Prior,70007200,310.51,0.1004,CLP
2019-1137,2025,2025-05-09,2025-05-09,8.96,diquat (gals),Diquat Dibromide,S_3033,Y,Rogers,19008000,102.34,0.0876,CLP
2019-1328,2025,2025-09-09,2025-09-09,0.94,diquat (gals),Diquat Dibromide,S_3034,Y,Long,82011800,35.94,0.0262,EWM
2019-1475,2025,2025-05-06,2025-05-06,1.4,flumioxazin (lbs),Flumioxazin,S_3035,Y,Long,49001500,68.59,0.0204,CLP
2019-1554,2025,2025-05-06,2025-05-06,8.94,flumioxazin (lbs),Flumioxazin,S_3036,Y,Josephine,62005700,78.88,0.1133,CLP
2019-1846,2025,2025-05-21,2025-05-21,8.7,flumioxazin (lbs),Flumioxazin,S_3038,Y,Curfman,03036300,NA,NA,CLP
2019-1853,2025,2025-05-06,2025-05-06,84,flumioxazin (lbs),Flumioxazin,S_3039,Y,Big Kandiyohi,34008600,1445.1,0.0581,CLP
2019-2135,2025,2025-07-10,2025-07-10,9.7,,,S_3040,Y,Upper South Long,18009600,292.08,0.0332,EWM
2019-2394,2025,2025-09-11,2025-09-11,8.6,alligare (gals),"2,4-D",S_3041,Y,Waverly,86011400,146.75,0.0586,EWM
2019-3106,2025,2025-07-31,2025-07-31,8.7,,,S_3050,Y,White Sand,18037900,282.54,0.0308,EWM
2019-3125,2025,2025-09-30,2025-09-30,0.16,imazapyr (gals),Imazapyr,S_3051,Y,White Bear,82016700,1334.41,1e-4,PHR
2019-3248,2025,2025-07-18,2025-07-18,7.3,,,S_3052,Y,Fannie,30004300,268.23,0.0272,EWM
2019-3431,2025,2025-05-21,2025-05-21,40.8,diquat (gals),Diquat Dibromide,S_3053,Y,Darling,21008000,553.89,0.0737,CLP
2020-0043,2025,2025-05-14,2025-05-14,41.5,flumioxazin (lbs),Flumioxazin,S_3054,Y,Coon,02004200,1331.96,0.0312,CLP
2020-0120,2025,2025-05-06,2025-05-06,11,flumioxazin (lbs),Flumioxazin,S_3055,Y,Knaus,73008600,209.7,0.0525,CLP
2020-0122,2025,2025-05-06,2025-05-06,4,flumioxazin (lbs),Flumioxazin,S_3056,Y,Krays,73008700,86.94,0.046,CLP
2020-0123,2025,2025-05-06,2025-05-06,15.6,flumioxazin (lbs),Flumioxazin,S_3057,Y,Great Northern,73008300,185.35,0.0842,CLP
2020-0125,2025,2025-05-06,2025-05-06,8.4,flumioxazin (lbs),Flumioxazin,S_3058,Y,Zumwalde,73008900,118.62,0.0708,CLP
2020-0148,2025,2025-04-30,2025-04-30,15.58,diquat (gals),Diquat Dibromide,S_3062,Y,Kohlman,62000600,82.9,0.1879,CLP
2020-0172,2025,2025-05-05,2025-05-05,3.34,flumioxazin (lbs),Flumioxazin,S_3063,Y,Clearwater,86025200,NA,NA,CLP
2020-0177,2025,2025-10-07,2025-10-07,9.86,,,S_3064,Y,Clearwater,18003800,338.34,0.0291,EWM
2020-0181,2025,2025-05-09,2025-05-09,30,diquat (gals),Diquat Dibromide,S_3065,Y,Rice,02000800,371.22,0.0808,CLP
2020-0185,2025,2025-05-21,2025-05-21,16.3,flumioxazin (lbs),Flumioxazin,S_3066,Y,South Long,18013600,451.45,0.0361,CLP
2020-0260,2025,2025-05-14,2025-05-14,26.55,diquat (gals),Diquat Dibromide,S_3067,Y,Eagle,27011101,203.29,0.1306,CLP
2020-0449,2025,2025-05-06,2025-05-06,14.78,diquat (gals),Diquat Dibromide,S_3068,Y,Normandale,27104501,NA,NA,CLP
2020-0470,2025,2025-08-19,2025-08-19,5.8,,,S_3069,Y,Carlos,21005700,922.22,0.0063,EWM
2020-0611,2025,2025-04-15,2025-04-15,71.3,fluridone (gals),Fluridone,S_3070,Y,Como,62005500,65.65,1.0861,CLP
2020-0903,2025,2025-05-06,2025-05-06,39.08,diquat (gals),Diquat Dibromide,S_3071,Y,Centerville,02000600,288.64,0.1354,CLP
2020-2056,2025,2025-06-23,2025-06-23,17,diquat (gals),Diquat Dibromide,S_3074,Y,Minnetonka-Lower Lake,27013302,2059.41,0.0083,FR
2020-2448,2025,2025-09-09,2025-09-09,2.95,,,S_3075,Y,Long,82011800,35.94,0.0821,EWM
2020-2570,2025,2025-09-25,2025-09-25,7.3,,,S_3076,Y,Birch,71005700,118.4,0.0617,EWM
2020-2572,2025,2025-08-11,2025-08-11,3.47,,,S_3077,Y,Orono,71001300,246.64,0.0141,EWM
2020-2645,2025,2025-09-09,2025-09-09,0.8,,,S_3078,Y,Lower Spunk,73012300,129.34,0.0062,EWM
2020-2753,2025,2025-10-06,2025-10-06,15.1,,,S_3079,Y,West Rush,13006902,902.79,0.0167,EWM
2020-2754,2025,2025-10-06,2025-10-06,2.4,,,S_3080,Y,East Rush,13006901,1136.44,0.0021,EWM
2020-2945,2025,2025-06-19,2025-06-19,0.6,copper_triethanola (gals),Copper Complex,S_3081,Y,Carnelian,73003800,96.99,0.0062,SS
2020-2945,2025,2025-09-15,2025-09-15,0.6,copper_triethanola (gals),Copper Complex,S_3082,Y,Carnelian,73003800,96.99,0.0062,SS
2020-3342,2025,2025-05-08,2025-05-08,16.9,diquat (gals),Diquat Dibromide,S_3083,Y,Florence,30003500,120.2,0.1406,CLP
2020-3343,2025,2025-05-08,2025-05-08,5,diquat (gals),Diquat Dibromide,S_3084,Y,Elms,30003600,40.8,0.1225,CLP
2021-0081,2025,2025-05-01,2025-05-01,15.1,diquat (gals),Diquat Dibromide,S_3086,Y,Wilhelm,86002000,106.73,0.1415,CLP
2021-0311,2025,2025-05-01,2025-05-01,20.2,flumioxazin (lbs),Flumioxazin,S_3087,Y,Allie,65000600,509.12,0.0397,CLP
2021-0312,2025,2025-05-01,2025-05-01,20,flumioxazin (lbs),Flumioxazin,S_3088,Y,Preston,65000200,660.85,0.0303,CLP
2021-0379,2025,2025-05-08,2025-05-08,5.3,aquathol_k (gals),Endothall,S_3089,Y,Long,47002600,113.61,0.0467,CLP
2021-0388,2025,2025-05-08,2025-05-08,7.4,flumioxazin (lbs),Flumioxazin,S_3090,Y,Minnie-Belle,47011900,175.76,0.0421,CLP
2021-0403,2025,2025-05-05,2025-05-05,14.48,diquat (gals),Diquat Dibromide,S_3092,Y,Zumbra-Sunny,10004100,156.44,0.0926,CLP
2021-0413,2025,2025-05-23,2025-05-23,29.06,flumioxazin (lbs),Flumioxazin,S_3093,Y,Byllesby,19000600,935.97,0.031,CLP
2021-0430,2025,2025-05-02,2025-05-02,3.5,diquat (gals),Diquat Dibromide,S_3094,Y,Unnamed,27027500,NA,NA,CLP
2021-0451,2025,2025-05-06,2025-05-06,67.1,flumioxazin (lbs),Flumioxazin,S_3095,Y,Osakis,77021500,3389.01,0.0198,CLP
2021-0465,2025,2025-05-15,2025-05-15,7.16,diquat (gals),Diquat Dibromide,S_3096,Y,Johanna,62007800,92.93,0.077,CLP
2021-0466,2025,2025-05-02,2025-05-02,16,flumioxazin (lbs),Flumioxazin,S_3097,Y,Rice,73019600,832.55,0.0192,CLP
2021-1320,2025,2025-05-05,2025-05-05,17.2,flumioxazin (lbs),Flumioxazin,S_3098,Y,Hunt,66004700,148.64,0.1157,CLP
2021-2583,2025,2025-09-17,2025-09-17,4.7,,,S_3102,Y,Birch,86006600,49.87,0.0942,EWM
2022-0008,2025,2025-05-02,2025-05-02,11,flumioxazin (lbs),Flumioxazin,S_3104,Y,Manuella,47005000,114.89,0.0957,CLP
2022-0140,2025,2025-05-01,2025-05-01,42.5,diquat (gals),Diquat Dibromide,S_3105,Y,Minnetonka-West Arm,27013314,537.83,0.079,CLP
2022-0176,2025,2025-05-06,2025-05-06,92.62,flumioxazin (lbs),Flumioxazin,S_3109,Y,Circle,66002700,837.56,0.1106,CLP
2022-0198,2025,2025-08-28,2025-08-28,8.3,,,S_3110,Y,Norway,34025100,2106.35,0.0039,EWM
2022-0321,2025,2025-04-24,2025-04-24,3.81,diquat (gals),Diquat Dibromide,S_3112,Y,Markgrafs,82008900,NA,NA,CLP
2022-0324,2025,2025-04-29,2025-04-29,25,flumioxazin (lbs),Flumioxazin,S_3114,Y,Stay,41003400,NA,NA,CLP
2022-0338,2025,2025-05-28,2025-05-28,5.6,diquat (gals),Diquat Dibromide,S_3115,Y,Lobster,21014400,NA,NA,CLP
2022-0345,2025,2025-05-07,2025-05-07,26.78,flumioxazin (lbs),Flumioxazin,S_3116,Y,Minnetonka-Black Lake,27013306,63.1,0.4244,CLP
2022-0350,2025,2025-05-12,2025-05-12,41.47,diquat (gals),Diquat Dibromide,S_3117,Y,Minnetonka-Lower Lake,27013302,2059.41,0.0201,CLP
2022-0385,2025,2025-07-10,2025-07-10,5.88,,,S_3118,Y,Staring,27007800,156.22,0.0376,EWM
2022-0400,2025,2025-05-06,2025-05-06,26.33,diquat (gals),Diquat Dibromide,S_3119,Y,Peltier,02000400,514.79,0.0511,CLP
2022-0469,2025,2025-06-05,2025-06-05,9.93,,,S_3121,Y,Keller,19002500,NA,NA,EWM
2022-1235,2025,2025-05-05,2025-05-05,11.2,diquat (gals),Diquat Dibromide,S_3123,Y,Minnetonka-Maxwell Bay,27013311,166.47,0.0673,CLP
2022-1789,2025,2025-05-05,2025-05-05,0.6,aquathol_k (gals),Endothall,S_3124,Y,Nancy,27067700,NA,NA,CLP
2022-2508,2025,2025-09-24,2025-09-24,10.2,,,S_3132,Y,Horseshoe,73015700,341.05,0.0299,EWM
2022-2614,2025,2025-09-17,2025-09-17,0.8,,,S_3133,Y,Hanks,18004400,48.08,0.0166,EWM
2022-2615,2025,2025-09-17,2025-09-17,6.5,,,S_3134,Y,Portage,18005000,116.21,0.0559,EWM
2022-3122,2025,2025-09-24,2025-09-24,8.6,,,S_3137,Y,Louisa,86028200,129.57,0.0664,EWM
2023-0094,2025,2025-05-22,2025-05-22,8.6,flumioxazin (lbs),Flumioxazin,S_3139,Y,North Lida,56074701,2399.72,0.0036,CLP
2023-0121,2025,2025-05-08,2025-05-08,37.9,flumioxazin (lbs),Flumioxazin,S_3140,Y,Florida,34021700,278.96,0.1359,CLP
2023-0167,2025,2025-05-07,2025-05-07,40,aquathol_k (gals),Endothall,S_3142,Y,Jennie,47001500,1064.03,0.0376,CLP
2023-0424,2025,2025-05-09,2025-05-09,5.82,flumioxazin (lbs),Flumioxazin,S_3143,Y,Meadow,27005700,NA,NA,CLP
2023-1041,2025,2025-04-23,2025-04-23,37,fluridone (gals),Fluridone,S_3146,Y,Hadley,27010900,NA,NA,CLP
2023-1125,2025,2025-04-23,2025-04-23,13.5,aquathol_k (gals),Endothall,S_3147,Y,Ramsey,86012000,155.23,0.087,CLP
2023-1131,2025,2025-05-06,2025-05-06,7.5,aquathol_k (gals),Endothall,S_3148,Y,Swede's Bay,40009203,509.05,0.0147,CLP
2023-1303,2025,2025-05-06,2025-05-06,6.5,flumioxazin (lbs),Flumioxazin,S_3150,Y,Howard,86019900,317.59,0.0205,CLP
2023-1638,2025,2025-05-19,2025-05-19,10.89,diquat (gals),Diquat Dibromide,S_3151,Y,Gervais,62000700,94.42,0.1153,CLP
2023-1945,2025,2025-08-19,2025-08-19,3,,,S_3152,Y,Elkhorn,34011900,38.16,0.0786,EWM
2023-1984,2025,2025-08-05,2025-08-05,12.37,diquat (gals),Diquat Dibromide,S_3155,Y,Maple,86013400,NA,NA,FR
2023-2095,2025,2025-09-15,2025-09-15,9.86,,,S_3156,Y,Tetonka,40003100,551.22,0.0179,EWM
2023-2655,2025,2025-06-20,2025-06-20,0.5,copper_ethnolamine (gals),Copper Complex,S_3159,Y,Long,29016100,698.84,7e-4,SS
2023-2683,2025,2025-09-17,2025-09-17,1.97,copper_ethnolamine (gals),Copper Complex,S_3160,Y,Grand,73005500,233.22,0.0084,SS
2023-2720,2025,2025-09-15,2025-09-15,5.67,copper_triethanola (gals),Copper Complex,S_3161,Y,Clearwater,86025200,NA,NA,SS
2023-2720,2025,2025-08-28,2025-08-28,6.94,copper_triethanola (gals),Copper Complex,S_3162,Y,Clearwater,86025200,NA,NA,SS
2023-2720,2025,2025-07-24,2025-07-24,4.4,copper_triethanola (gals),Copper Complex,S_3163,Y,Clearwater,86025200,NA,NA,SS
2023-2720,2025,2025-09-29,2025-09-29,5.67,copper_triethanola (gals),Copper Complex,S_3164,Y,Clearwater,86025200,NA,NA,SS
2023-3222,2025,2025-05-05,2025-05-05,12.1,flumioxazin (lbs),Flumioxazin,S_3168,Y,Grove,61002300,229.65,0.0527,CLP
2023-3234,2025,2025-05-08,2025-05-08,12.47,aquathol_k (gals),Endothall,S_3169,Y,West Jefferson,40009202,348.68,0.0358,CLP
2024-0046,2025,2025-05-13,2025-05-13,21.2,diquat (gals),Diquat Dibromide,S_3170,Y,DeMontreville,82010100,142.62,0.1486,CLP
2024-0110,2025,2025-05-21,2025-05-21,3.2,flumioxazin (lbs),Flumioxazin,S_3171,Y,Floyd,03038700,811.54,0.0039,CLP
2024-0171,2025,2025-04-30,2025-04-30,15.6,flumioxazin (lbs),Flumioxazin,S_3175,Y,French,86027300,166.94,0.0934,CLP
2024-0283,2025,2025-05-06,2025-05-06,7.3,flumioxazin (lbs),Flumioxazin,S_3176,Y,Pierz,49002400,79.73,0.0916,CLP
2024-0406,2025,2025-07-24,2025-07-24,5.1,,,S_3177,Y,Duck,27006900,NA,NA,EWM
2024-0670,2025,2025-04-24,2025-04-24,7.19,diquat (gals),Diquat Dibromide,S_3179,Y,Wilmes,82009000,NA,NA,CLP
2024-0808,2025,2025-07-30,2025-07-30,2.69,,,S_3180,Y,Hunt,66004700,148.64,0.0181,EWM
2024-1129,2025,2025-05-08,2025-05-08,1.6,diquat (gals),Diquat Dibromide,S_3183,Y,Spring,47003200,156.25,0.0102,CLP
2024-1319,2025,2025-05-07,2025-05-07,2.23,diquat (gals),Diquat Dibromide,S_3184,Y,Golden,02004500,51.28,0.0435,CLP
2024-1775,2025,2025-05-13,2025-05-13,16.67,diquat (gals),Diquat Dibromide,S_3186,Y,Minnetonka-Stubbs Bay,27013312,111.49,0.1495,EWM
2024-2230,2025,2025-08-20,2025-08-20,15.47,alligare (gals),"2,4-D",S_3188,Y,Madison,07004400,1026.22,0.0151,EWM
2024-2501,2025,2025-06-19,2025-06-19,8.4,,,S_3189,Y,Snail,62007300,127.79,0.0657,EWM
2024-2849,2025,2025-09-09,2025-09-09,2,imazapyr (gals),Imazapyr,S_3190,Y,Scalp,56035800,67.59,0.0296,YI
2024-2986,2025,2025-09-29,2025-09-29,6.9,,,S_3191,Y,North Long,18037200,4018.38,0.0017,EWM
2025-0530,2025,2025-05-05,2025-05-05,5.4,flumioxazin (lbs),Flumioxazin,S_3195,Y,Elkhorn,34011900,38.16,0.1415,CLP
2025-0893,2025,2025-05-12,2025-05-12,4.32,flumioxazin (lbs),Flumioxazin,S_3196,Y,Unnamed,40005800,NA,NA,CLP
2025-0951,2025,2025-08-26,2025-08-26,3.5,komeen_liquid (gals),Copper Complex,S_3197,Y,Middle Cullen,18037700,137.49,0.0255,SS
2025-1068,2025,2025-07-09,2025-07-09,3,,,S_3198,Y,Koronis (main lake),73020002,1146.64,0.0026,SS
2025-1407,2025,2025-05-03,2025-05-03,10,aquathol_k (gals),Endothall,S_3206,Y,Martha,86000900,71.05,0.1407,CLP
2025-1519,2025,2025-05-13,2025-05-13,6.6,diquat (gals),Diquat Dibromide,S_3207,Y,Olson,82010300,87.38,0.0755,CLP
2025-1641,2025,2025-05-14,2025-05-14,7.98,diquat (gals),Diquat Dibromide,S_3208,Y,Pike,27011102,54.08,0.1476,CLP
2025-1650,2025,2025-05-14,2025-05-14,7.4,flumioxazin (lbs),Flumioxazin,S_3209,Y,Upper South Long,18009600,292.08,0.0253,CLP
2025-1651,2025,2025-05-19,2025-05-19,7.7,diquat (gals),Diquat Dibromide,S_3210,Y,Keller (main bay),62001002,73.32,0.105,EWM
2025-2612,2025,2025-07-28,2025-07-28,3.5,,,S_3213,Y,Cross,58011900,456.42,0.0077,EWM
2025-2637,2025,2025-08-07,2025-08-07,4.46,diquat (gals),Diquat Dibromide,S_3214,Y,Rock,86018200,99.77,0.0447,EWM
2025-2709,2025,2025-08-07,2025-08-07,11.99,alligare (gals),"2,4-D",S_3215,Y,Mooney,27013400,NA,NA,EWM
2025-2866,2025,2025-08-27,2025-08-27,1,triclopyr_44_percent (gals),Triclopyr,S_3216,Y,Crooked,02008400,84.02,0.0119,PL
2025-2975,2025,2025-09-22,2025-09-22,6.78,,,S_3219,Y,Cornelia,27002800,NA,NA,EWM
2025-3084,2025,2025-10-02,2025-10-02,0.5,"copper_sulfate (lbs), hydrothol_liquid (gals)","Copper Sulfate, Endothall",S_3220,Y,Anna,56044800,NA,NA,SS
2025-3160,2025,2025-10-10,2025-10-10,6.47,,,S_3222,Y,Volney,40003300,124.12,0.0521,EWM
2025-3174,2025,2025-10-16,2025-10-16,0.16,"copper_ethnolamine (gals), hydrothol_liquid (gals)","Copper Complex, Endothall",S_3223,Y,Dora,31088200,428.83,4e-4,SS
2018-3392,2022,2022-08-25,2022-08-25,NA,"glyphosate (gals), imazapyr (gals)","Glyphosate, Imazapyr",S_1837,N,Unnamed,19006200,NA,NA,FR
2018-3392,2022,2022-09-14,2022-09-14,NA,"glyphosate (gals), imazapyr (gals)","Glyphosate, Imazapyr",S_1837,N,Unnamed,19006200,NA,NA,FR
2022-2116,2022,2022-07-15,2022-07-15,NA,,,S_1985,N,East Thomas,19016100,NA,NA,YI
2022-2116,2022,2022-09-14,2022-09-14,NA,,,S_1985,N,East Thomas,19016100,NA,NA,YI
2017-0522,2023,2023-04-28,2023-04-28,NA,fluridone (gals),Fluridone,S_2029,N,Hyland,27004800,83.91,NA,CLP
2017-0562,2023,2023-05-15,2023-05-15,NA,fluridone (gals),Fluridone,S_2033,N,Cedar,70009100,792.5,NA,CLP
2017-1039,2023,2023-07-14,2023-07-14,NA,fluridone (gals),Fluridone,S_2065,N,Minnetonka-Grays Bay,27013301,164.54,NA,EWM
2017-1039,2023,2023-08-16,2023-08-16,NA,fluridone (gals),Fluridone,S_2065,N,Minnetonka-Grays Bay,27013301,164.54,NA,EWM
2017-1041,2023,2023-06-19,2023-06-19,NA,diquat (gals),Diquat Dibromide,S_2067,N,Minnetonka-Upper Lake,27013305,1699.3,NA,EWM
2017-1041,2023,2023-09-06,2023-09-06,NA,diquat (gals),Diquat Dibromide,S_2067,N,Minnetonka-Upper Lake,27013305,1699.3,NA,EWM
2017-1310,2023,2023-06-27,2023-06-27,NA,diquat (gals),Diquat Dibromide,S_2083,N,Detroit,03038100,1868.58,NA,FR
2017-1310,2023,2023-08-08,2023-08-08,NA,diquat (gals),Diquat Dibromide,S_2083,N,Detroit,03038100,1868.58,NA,FR
2017-1311,2023,2023-06-27,2023-06-27,NA,diquat (gals),Diquat Dibromide,S_2084,N,Curfman,03036300,NA,NA,FR
2017-1311,2023,2023-08-08,2023-08-08,NA,diquat (gals),Diquat Dibromide,S_2084,N,Curfman,03036300,NA,NA,FR
2017-1312,2023,2023-06-27,2023-06-27,NA,diquat (gals),Diquat Dibromide,S_2085,N,Sallie,03035900,576.81,NA,FR
2017-1312,2023,2023-08-08,2023-08-08,NA,diquat (gals),Diquat Dibromide,S_2085,N,Sallie,03035900,576.81,NA,FR
2017-1313,2023,2023-06-27,2023-06-27,NA,diquat (gals),Diquat Dibromide,S_2086,N,Melissa,03047500,899.47,NA,FR
2017-1313,2023,2023-08-08,2023-08-08,NA,diquat (gals),Diquat Dibromide,S_2086,N,Melissa,03047500,899.47,NA,FR
2017-1325,2023,2023-08-29,2023-08-30,NA,alligare (gals),"2,4-D",S_2087,N,Union,60021700,376.24,NA,EWM
2017-1985,2023,2023-07-27,2023-07-28,NA,,,S_2113,N,Bay,18003400,878.98,NA,EWM
2018-0897,2023,2023-06-27,2023-06-27,NA,diquat (gals),Diquat Dibromide,S_2177,N,Pickerel,03028700,137.68,NA,FR
2018-0897,2023,2023-08-08,2023-08-08,NA,diquat (gals),Diquat Dibromide,S_2177,N,Pickerel,03028700,137.68,NA,FR
2019-0880,2023,2023-04-28,2023-04-28,NA,fluridone (gals),Fluridone,S_2219,N,Cleary,70002200,144.74,NA,CLP
2019-0880,2023,2023-05-18,2023-05-18,NA,fluridone (gals),Fluridone,S_2219,N,Cleary,70002200,144.74,NA,CLP
2019-2723,2023,2023-06-27,2023-06-27,NA,diquat (gals),Diquat Dibromide,S_2233,N,Grants,21015000,64.31,NA,FR
2019-2723,2023,2023-08-09,2023-08-09,NA,diquat (gals),Diquat Dibromide,S_2233,N,Grants,21015000,64.31,NA,FR
2020-0177,2023,2023-08-24,2023-08-24,NA,,,S_2249,N,Clearwater,18003800,338.34,NA,EWM
2020-0177,2023,2023-10-10,2023-10-10,NA,,,S_2249,N,Clearwater,18003800,338.34,NA,EWM
2022-0324,2023,2023-04-27,2023-04-27,NA,fluridone (gals),Fluridone,S_2316,N,Stay,41003400,NA,NA,CLP
2022-0324,2023,2023-05-18,2023-05-18,NA,fluridone (gals),Fluridone,S_2316,N,Stay,41003400,NA,NA,CLP
2023-0735,2023,2023-10-10,2023-10-11,NA,,,S_2363,N,Cedar Island,73013300,NA,NA,EWM
2023-2342,2023,2023-07-27,2023-07-27,NA,"copper_sulfate (lbs), hydrothol_liquid (gals), komeen_liquid (gals)","Copper Sulfate, Endothall, Copper Complex",S_2381,N,Long,34006600,154.02,NA,SS
2023-2342,2023,2023-08-23,2023-08-23,NA,"copper_sulfate (lbs), hydrothol_liquid (gals), komeen_liquid (gals)","Copper Sulfate, Endothall, Copper Complex",S_2381,N,Long,34006600,154.02,NA,SS
2023-2866,2023,2023-10-09,2023-10-09,NA,"glyphosate (gals), imazapyr (gals)","Glyphosate, Imazapyr",S_2399,N,Unnamed,19029400,NA,NA,FR
2023-2866,2023,2023-10-24,2023-10-24,NA,"glyphosate (gals), imazapyr (gals)","Glyphosate, Imazapyr",S_2399,N,Unnamed,19029400,NA,NA,FR
2017-0526,2024,2024-06-27,2024-06-27,NA,diquat (gals),Diquat Dibromide,S_2425,N,Olson,82010300,87.38,NA,EWM
2017-0526,2024,2024-09-12,2024-09-12,NA,diquat (gals),Diquat Dibromide,S_2425,N,Olson,82010300,87.38,NA,EWM
2017-1978,2024,2024-04-11,2024-04-11,NA,fluridone (gals),Fluridone,S_2510,N,Jane,82010400,109.71,NA,EWM
2017-1978,2024,2024-05-22,2024-05-22,NA,fluridone (gals),Fluridone,S_2510,N,Jane,82010400,109.71,NA,EWM
2018-0182,2024,2024-08-19,2024-08-20,NA,copper_triethanola (gals),Copper Complex,S_2539,N,Koronis (main lake),73020002,1146.64,NA,SS
2018-0897,2024,2024-06-27,2024-06-27,NA,diquat (gals),Diquat Dibromide,S_2570,N,Pickerel,03028700,137.68,NA,FR
2018-0897,2024,2024-07-31,2024-07-31,NA,diquat (gals),Diquat Dibromide,S_2570,N,Pickerel,03028700,137.68,NA,FR
2018-3528,2024,2024-05-22,2024-05-22,NA,fluridone (gals),Fluridone,S_2602,N,Crooked,02008400,84.02,NA,EWM
2019-0858,2024,2024-04-29,2024-04-29,NA,"alligare (gals), diquat (gals)","2,4-D, Diquat Dibromide",S_2612,N,Skogman,30002200,129.77,NA,EWM
2019-0858,2024,2024-07-19,2024-07-19,NA,"alligare (gals), diquat (gals)","2,4-D, Diquat Dibromide",S_2612,N,Skogman,30002200,129.77,NA,EWM
2019-2723,2024,2024-07-31,2024-07-31,NA,diquat (gals),Diquat Dibromide,S_2631,N,Grants,21015000,64.31,NA,FR
2019-2723,2024,2024-08-27,2024-08-27,NA,diquat (gals),Diquat Dibromide,S_2631,N,Grants,21015000,64.31,NA,FR
2020-0177,2024,2024-08-19,2024-08-19,NA,,,S_2653,N,Clearwater,18003800,338.34,NA,EWM
2020-0177,2024,2024-09-16,2024-09-16,NA,,,S_2653,N,Clearwater,18003800,338.34,NA,EWM
2020-2945,2024,2024-06-24,2024-06-24,NA,copper_triethanola (gals),Copper Complex,S_2670,N,Carnelian,73003800,96.99,NA,SS
2020-2945,2024,2024-10-10,2024-10-10,NA,copper_triethanola (gals),Copper Complex,S_2670,N,Carnelian,73003800,96.99,NA,SS
2021-0006,2024,2024-05-01,2024-05-01,NA,fluridone (gals),Fluridone,S_2677,N,Irene,21007600,240.38,NA,CLP
2021-0006,2024,2024-05-23,2024-05-23,NA,fluridone (gals),Fluridone,S_2677,N,Irene,21007600,240.38,NA,CLP
2021-1320,2024,2024-05-01,2024-05-03,NA,aquathol_k (gals),Endothall,S_2691,N,Hunt,66004700,148.64,NA,CLP
2021-3092,2024,2024-08-08,2024-08-08,NA,imazapyr (gals),Imazapyr,S_2698,N,Emily,40012400,219.86,NA,PHR
2021-3092,2024,2024-09-11,2024-09-11,NA,imazapyr (gals),Imazapyr,S_2698,N,Emily,40012400,219.86,NA,PHR
2023-0185,2024,2024-04-29,2024-04-29,NA,fluridone (gals),Fluridone,S_2743,N,Lotus,10000600,182.41,NA,EWM
2023-0185,2024,2024-05-21,2024-05-21,NA,fluridone (gals),Fluridone,S_2743,N,Lotus,10000600,182.41,NA,EWM
2023-0468,2024,2024-05-08,2024-05-09,NA,aquathol_k (gals),Endothall,S_2747,N,Clear,81001401,563.67,NA,CLP
2023-2342,2024,2024-10-01,2024-10-01,NA,copper_ethnolamine (gals),Copper Complex,S_2760,N,Long,34006600,154.02,NA,SS
2023-2739,2024,2024-04-23,2024-04-23,NA,fluridone (gals),Fluridone,S_2765,N,Fredrickson Slough,71011000,NA,NA,EWM
2023-2739,2024,2024-06-13,2024-06-13,NA,fluridone (gals),Fluridone,S_2765,N,Fredrickson Slough,71011000,NA,NA,EWM
2024-3011,2024,2024-09-04,2024-09-04,NA,imazapyr (gals),Imazapyr,S_2800,N,Horseshoe,30000300,NA,NA,PHR
2024-3011,2024,2024-10-04,2024-10-04,NA,imazapyr (gals),Imazapyr,S_2800,N,Horseshoe,30000300,NA,NA,PHR
2024-3221,2024,2024-10-11,2024-10-11,NA,"copper_ethnolamine (gals), hydrothol_liquid (gals)","Copper Complex, Endothall",S_2806,N,Rush,18031100,398.92,NA,SS
2024-3221,2024,2024-10-25,2024-10-25,NA,"copper_ethnolamine (gals), hydrothol_liquid (gals)","Copper Complex, Endothall",S_2806,N,Rush,18031100,398.92,NA,SS
2017-0819,2025,2025-08-27,2025-08-28,NA,,,S_2854,N,Alexander,49007900,843.85,NA,EWM
2017-1038,2025,2025-06-17,2025-06-17,NA,fluridone (gals),Fluridone,S_2873,N,Minnetonka-Carsons Bay,27013303,78.86,NA,EWM
2017-1040,2025,2025-09-26,2025-09-29,NA,,,S_2875,N,Minnetonka-Lower Lake,27013302,2059.41,NA,EWM
2017-1092,2025,2025-07-24,2025-07-24,NA,diquat (gals),Diquat Dibromide,S_2884,N,Coon,02004200,1331.96,NA,EWM
2017-1092,2025,2025-10-15,2025-10-15,NA,diquat (gals),Diquat Dibromide,S_2884,N,Coon,02004200,1331.96,NA,EWM
2017-1310,2025,2025-06-24,2025-06-24,NA,diquat (gals),Diquat Dibromide,S_2895,N,Detroit,03038100,1868.58,NA,FR
2017-1310,2025,2025-08-11,2025-08-11,NA,diquat (gals),Diquat Dibromide,S_2895,N,Detroit,03038100,1868.58,NA,FR
2017-1311,2025,2025-06-24,2025-06-24,NA,diquat (gals),Diquat Dibromide,S_2896,N,Curfman,03036300,NA,NA,FR
2017-1311,2025,2025-08-11,2025-08-11,NA,diquat (gals),Diquat Dibromide,S_2896,N,Curfman,03036300,NA,NA,FR
2017-1312,2025,2025-06-24,2025-06-24,NA,diquat (gals),Diquat Dibromide,S_2897,N,Sallie,03035900,576.81,NA,FR
2017-1312,2025,2025-08-11,2025-08-11,NA,diquat (gals),Diquat Dibromide,S_2897,N,Sallie,03035900,576.81,NA,FR
2017-1313,2025,2025-06-24,2025-06-24,NA,diquat (gals),Diquat Dibromide,S_2898,N,Melissa,03047500,899.47,NA,FR
2017-1313,2025,2025-08-11,2025-08-11,NA,diquat (gals),Diquat Dibromide,S_2898,N,Melissa,03047500,899.47,NA,FR
2017-1325,2025,2025-09-16,2025-09-17,NA,,,S_2899,N,Union,60021700,376.24,NA,EWM
2017-3409,2025,2025-08-13,2025-08-13,NA,diquat (gals),Diquat Dibromide,S_2938,N,Forest,82015900,1561.19,NA,FR
2017-3409,2025,2025-09-29,2025-09-29,NA,diquat (gals),Diquat Dibromide,S_2938,N,Forest,82015900,1561.19,NA,FR
2018-0182,2025,2025-08-19,2025-08-20,NA,copper_triethanola (gals),Copper Complex,S_2951,N,Koronis (main lake),73020002,1146.64,NA,SS
2018-0182,2025,2025-07-07,2025-07-08,NA,copper_triethanola (gals),Copper Complex,S_2954,N,Koronis (main lake),73020002,1146.64,NA,SS
2018-0897,2025,2025-07-14,2025-07-14,NA,,,S_2986,N,Pickerel,03028700,137.68,NA,FR
2018-0897,2025,2025-08-12,2025-08-12,NA,,,S_2986,N,Pickerel,03028700,137.68,NA,FR
2018-1997,2025,2025-08-20,2025-08-20,NA,,,S_3011,N,Unnamed,19006400,NA,NA,FR
2018-1997,2025,2025-09-10,2025-09-10,NA,,,S_3011,N,Unnamed,19006400,NA,NA,FR
2018-2661,2025,2025-08-27,2025-08-27,NA,,,S_3013,N,Shamineau,49012700,630.54,NA,EWM
2018-2661,2025,2025-09-16,2025-09-16,NA,,,S_3013,N,Shamineau,49012700,630.54,NA,EWM
2018-3522,2025,2025-09-10,2025-09-10,NA,,,S_3018,N,Washburn,11005900,720.55,NA,EWM
2019-0880,2025,2025-04-23,2025-04-23,NA,fluridone (gals),Fluridone,S_3030,N,Cleary,70002200,144.74,NA,CLP
2019-0880,2025,2025-05-22,2025-05-22,NA,fluridone (gals),Fluridone,S_3030,N,Cleary,70002200,144.74,NA,CLP
2019-2723,2025,2025-07-24,2025-07-24,NA,diquat (gals),Diquat Dibromide,S_3042,N,Grants,21015000,64.31,NA,FR
2019-2723,2025,2025-08-27,2025-08-27,NA,diquat (gals),Diquat Dibromide,S_3042,N,Grants,21015000,64.31,NA,FR
2019-3016,2025,2025-09-10,2025-09-11,NA,,,S_3049,N,Frances,40005700,568.07,NA,EWM
2021-0006,2025,2025-05-14,2025-05-14,NA,fluridone (gals),Fluridone,S_3085,N,Irene,21007600,240.38,NA,CLP
2021-0006,2025,2025-06-05,2025-06-05,NA,fluridone (gals),Fluridone,S_3085,N,Irene,21007600,240.38,NA,CLP
2022-0318,2025,2025-10-15,2025-10-15,NA,fluridone (gals),Fluridone,S_3111,N,Colby,82009400,NA,NA,CLP
2022-0318,2025,2025-11-12,2025-11-12,NA,fluridone (gals),Fluridone,S_3111,N,Colby,82009400,NA,NA,CLP
2022-0322,2025,2025-10-22,2025-10-22,NA,fluridone (gals),Fluridone,S_3113,N,Unnamed (Ravine),82008700,18.63,NA,CLP
2022-0322,2025,2025-11-12,2025-11-12,NA,fluridone (gals),Fluridone,S_3113,N,Unnamed (Ravine),82008700,18.63,NA,CLP
2022-0468,2025,2025-06-30,2025-06-30,NA,,,S_3120,N,Alimagnet,19002100,NA,NA,EWM
2022-0468,2025,2025-07-25,2025-07-25,NA,,,S_3120,N,Alimagnet,19002100,NA,NA,EWM
2022-2391,2025,2024-08-27,2024-08-28,NA,"glyphosate (gals), imazapyr (gals)","Glyphosate, Imazapyr",S_3129,N,Halfmoon,79000101,NA,NA,"PHR, FR"
2023-0468,2025,2025-05-05,2025-05-06,NA,aquathol_k (gals),Endothall,S_3144,N,Clear,81001401,563.67,NA,CLP
2023-2095,2025,2025-09-16,2025-09-17,NA,,,S_3157,N,Tetonka,40003100,551.22,NA,EWM
2023-2866,2025,2025-08-20,2025-08-20,NA,glyphosate (gals),Glyphosate,S_3166,N,Unnamed,19029400,NA,NA,FR
2023-2866,2025,2025-09-10,2025-09-10,NA,glyphosate (gals),Glyphosate,S_3166,N,Unnamed,19029400,NA,NA,FR
2023-3017,2025,2025-10-22,2025-10-22,NA,fluridone (gals),Fluridone,S_3167,N,La,82009700,NA,NA,CLP
2023-3017,2025,2025-11-12,2025-11-12,NA,fluridone (gals),Fluridone,S_3167,N,La,82009700,NA,NA,CLP
2024-3221,2025,2025-07-01,2025-07-01,NA,"copper_ethnolamine (gals), hydrothol_liquid (gals)","Copper Complex, Endothall",S_3192,N,Rush,18031100,398.92,NA,SS
2024-3221,2025,2025-08-07,2025-08-07,NA,"copper_ethnolamine (gals), hydrothol_liquid (gals)","Copper Complex, Endothall",S_3192,N,Rush,18031100,398.92,NA,SS
2025-2214,2026,2025-08-26,2025-08-27,NA,"glyphosate (gals), imazapyr (gals)","Glyphosate, Imazapyr",S_3224,N,U.S. Lock & Dam #6 Pool (main channel),85000299,NA,NA,"PHR, FR"
2017-1985,2023,2023-10-09,2023-10-11,NA,alligare (gals),"2,4-D",S_2114,N,Bay,18003400,878.98,NA,EWM
2017-2950,2023,2023-07-14,2023-07-14,NA,"copper_sulfate (lbs), hydrothol_liquid (gals)","Copper Sulfate, Endothall",S_2123,N,Rice,73019600,832.55,NA,SS
2017-2950,2023,2023-08-10,2023-08-10,NA,"copper_sulfate (lbs), hydrothol_liquid (gals)","Copper Sulfate, Endothall",S_2123,N,Rice,73019600,832.55,NA,SS
2017-2950,2023,2023-10-11,2023-10-11,NA,"copper_sulfate (lbs), hydrothol_liquid (gals)","Copper Sulfate, Endothall",S_2123,N,Rice,73019600,832.55,NA,SS
2017-3315,2023,2023-06-02,2023-06-02,NA,fluridone (gals),Fluridone,S_2125,N,Turtle,62006100,284.18,NA,EWM
2017-3315,2023,2023-07-10,2023-07-10,NA,fluridone (gals),Fluridone,S_2125,N,Turtle,62006100,284.18,NA,EWM
2017-3315,2023,2023-08-10,2023-08-10,NA,fluridone (gals),Fluridone,S_2125,N,Turtle,62006100,284.18,NA,EWM
2018-0182,2023,2023-08-15,2023-08-16,NA,copper_triethanola (gals),Copper Complex,S_2144,N,Koronis (main lake),73020002,1146.64,NA,SS
2018-0182,2023,2023-08-21,2023-08-21,NA,copper_triethanola (gals),Copper Complex,S_2144,N,Koronis (main lake),73020002,1146.64,NA,SS
2018-0182,2023,2023-07-10,2023-07-12,NA,"copper_triethanola (gals), harpoon_granular (lbs)",Copper Complex,S_2145,N,Koronis (main lake),73020002,1146.64,NA,SS
2021-2194,2023,2023-06-15,2023-06-15,NA,glyphosate (gals),Glyphosate,S_2290,N,Carlson,19006600,8.91,NA,YI
2021-2194,2023,2023-07-28,2023-07-28,NA,glyphosate (gals),Glyphosate,S_2290,N,Carlson,19006600,8.91,NA,YI
2021-2194,2023,2023-08-11,2023-08-11,NA,glyphosate (gals),Glyphosate,S_2290,N,Carlson,19006600,8.91,NA,YI
2022-0345,2023,2023-05-08,2023-05-08,NA,fluridone (gals),Fluridone,S_2319,N,Minnetonka-Black Lake,27013306,63.1,NA,CLP
2022-0345,2023,2023-06-08,2023-06-08,NA,fluridone (gals),Fluridone,S_2319,N,Minnetonka-Black Lake,27013306,63.1,NA,CLP
2022-0345,2023,2023-07-05,2023-07-05,NA,fluridone (gals),Fluridone,S_2319,N,Minnetonka-Black Lake,27013306,63.1,NA,CLP
2022-0376,2023,2023-07-27,2023-07-31,NA,imazapyr (gals),Imazapyr,S_2322,N,Sauk River,M-074,NA,NA,FR
2022-2116,2023,2023-06-15,2023-06-15,NA,glyphosate (gals),Glyphosate,S_2331,N,East Thomas,19016100,NA,NA,YI
2022-2116,2023,2023-07-21,2023-07-21,NA,glyphosate (gals),Glyphosate,S_2331,N,East Thomas,19016100,NA,NA,YI
2022-2116,2023,2023-08-11,2023-08-11,NA,glyphosate (gals),Glyphosate,S_2331,N,East Thomas,19016100,NA,NA,YI
2023-2720,2023,2023-09-09,2023-09-09,NA,copper_triethanola (gals),Copper Complex,S_2389,N,Clearwater,86025200,NA,NA,SS
2023-2720,2023,2023-10-19,2023-10-19,NA,copper_triethanola (gals),Copper Complex,S_2389,N,Clearwater,86025200,NA,NA,SS
2023-2720,2023,2023-11-29,2023-11-29,NA,copper_triethanola (gals),Copper Complex,S_2389,N,Clearwater,86025200,NA,NA,SS
2017-1486,2024,2024-07-15,2024-07-17,NA,copper_ethnolamine (gals),Copper Complex,S_2489,N,Minnewaska,61013000,3290.84,NA,EWM
2017-1486,2024,2024-09-18,2024-09-18,NA,copper_ethnolamine (gals),Copper Complex,S_2489,N,Minnewaska,61013000,3290.84,NA,EWM
2017-1985,2024,2024-06-26,2024-06-26,NA,alligare (gals),"2,4-D",S_2511,N,Bay,18003400,878.98,NA,EWM
2017-3409,2024,2024-07-29,2024-07-29,NA,diquat (gals),Diquat Dibromide,S_2525,N,Forest,82015900,1561.19,NA,FR
2017-3409,2024,2024-08-08,2024-08-08,NA,diquat (gals),Diquat Dibromide,S_2525,N,Forest,82015900,1561.19,NA,FR
2017-3409,2024,2024-10-03,2024-10-03,NA,diquat (gals),Diquat Dibromide,S_2525,N,Forest,82015900,1561.19,NA,FR
2018-1997,2024,2024-07-01,2024-07-01,NA,,,S_2592,N,Unnamed,19006400,NA,NA,FR
2018-1997,2024,2024-07-30,2024-07-30,NA,,,S_2592,N,Unnamed,19006400,NA,NA,FR
2018-1997,2024,2024-09-26,2024-09-26,NA,,,S_2592,N,Unnamed,19006400,NA,NA,FR
2018-3392,2024,2024-07-01,2024-07-01,NA,"glyphosate (gals), imazapyr (gals)","Glyphosate, Imazapyr",S_2599,N,Unnamed,19006200,NA,NA,FR
2018-3392,2024,2024-07-30,2024-07-30,NA,"glyphosate (gals), imazapyr (gals)","Glyphosate, Imazapyr",S_2599,N,Unnamed,19006200,NA,NA,FR
2018-3392,2024,2024-09-26,2024-09-26,NA,"glyphosate (gals), imazapyr (gals)","Glyphosate, Imazapyr",S_2599,N,Unnamed,19006200,NA,NA,FR
2019-1328,2024,2024-04-11,2024-04-11,NA,"diquat (gals), fluridone (gals)","Diquat Dibromide, Fluridone",S_2620,N,Long,82011800,35.94,NA,EWM
2019-1328,2024,2024-05-22,2024-05-22,NA,"diquat (gals), fluridone (gals)","Diquat Dibromide, Fluridone",S_2620,N,Long,82011800,35.94,NA,EWM
2019-1328,2024,2024-09-25,2024-09-25,NA,"diquat (gals), fluridone (gals)","Diquat Dibromide, Fluridone",S_2620,N,Long,82011800,35.94,NA,EWM
2021-2194,2024,2024-06-11,2024-06-11,NA,glyphosate (gals),Glyphosate,S_2695,N,Carlson,19006600,8.91,NA,YI
2021-2194,2024,2024-07-01,2024-07-01,NA,glyphosate (gals),Glyphosate,S_2695,N,Carlson,19006600,8.91,NA,YI
2021-2194,2024,2024-09-27,2024-09-27,NA,glyphosate (gals),Glyphosate,S_2695,N,Carlson,19006600,8.91,NA,YI
2022-2116,2024,2024-06-11,2024-06-11,NA,glyphosate (gals),Glyphosate,S_2726,N,East Thomas,19016100,NA,NA,YI
2022-2116,2024,2024-07-01,2024-07-01,NA,glyphosate (gals),Glyphosate,S_2726,N,East Thomas,19016100,NA,NA,YI
2022-2116,2024,2024-09-27,2024-09-27,NA,glyphosate (gals),Glyphosate,S_2726,N,East Thomas,19016100,NA,NA,YI
2023-0128,2024,2024-04-18,2024-04-18,NA,flumioxazin (lbs),Flumioxazin,S_2740,N,Silver,62008300,63.26,NA,EWM
2023-0128,2024,2024-05-03,2024-05-03,NA,flumioxazin (lbs),Flumioxazin,S_2740,N,Silver,62008300,63.26,NA,EWM
2023-0128,2024,2024-06-28,2024-06-28,NA,flumioxazin (lbs),Flumioxazin,S_2740,N,Silver,62008300,63.26,NA,EWM
2023-2095,2024,2024-09-14,2024-09-16,NA,,,S_2759,N,Tetonka,40003100,551.22,NA,EWM
2017-2950,2025,2025-07-10,2025-07-10,NA,"copper_sulfate (lbs), hydrothol_liquid (gals)","Copper Sulfate, Endothall",S_2934,N,Rice,73019600,832.55,NA,SS
2017-2950,2025,2025-08-19,2025-08-19,NA,"copper_sulfate (lbs), hydrothol_liquid (gals)","Copper Sulfate, Endothall",S_2934,N,Rice,73019600,832.55,NA,SS
2017-2950,2025,2025-09-25,2025-09-25,NA,"copper_sulfate (lbs), hydrothol_liquid (gals)","Copper Sulfate, Endothall",S_2934,N,Rice,73019600,832.55,NA,SS
2018-3392,2025,2025-08-05,2025-08-05,NA,glyphosate (gals),Glyphosate,S_3017,N,Unnamed,19006200,NA,NA,FR
2018-3392,2025,2025-08-20,2025-08-20,NA,glyphosate (gals),Glyphosate,S_3017,N,Unnamed,19006200,NA,NA,FR
2018-3392,2025,2025-09-10,2025-09-10,NA,glyphosate (gals),Glyphosate,S_3017,N,Unnamed,19006200,NA,NA,FR
2020-1556,2025,2025-05-08,2025-05-08,NA,fluridone (gals),Fluridone,S_3073,N,Oak,10009300,360.47,NA,"CLP, EWM"
2020-1556,2025,2025-06-18,2025-06-18,NA,fluridone (gals),Fluridone,S_3073,N,Oak,10009300,360.47,NA,"CLP, EWM"
2023-2342,2025,2025-06-26,2025-06-26,NA,copper_ethnolamine (gals),Copper Complex,S_3158,N,Long,34006600,154.02,NA,SS
2023-2342,2025,2025-08-19,2025-08-19,NA,copper_ethnolamine (gals),Copper Complex,S_3158,N,Long,34006600,154.02,NA,SS
2023-2342,2025,2025-09-23,2025-09-23,NA,copper_ethnolamine (gals),Copper Complex,S_3158,N,Long,34006600,154.02,NA,SS
2024-1775,2025,2025-05-13,2025-05-13,NA,"diquat (gals), fluridone (gals)","Diquat Dibromide, Fluridone",S_3185,N,Minnetonka-Stubbs Bay,27013312,111.49,NA,EWM
2024-1775,2025,2025-10-08,2025-10-08,NA,"diquat (gals), fluridone (gals)","Diquat Dibromide, Fluridone",S_3185,N,Minnetonka-Stubbs Bay,27013312,111.49,NA,EWM
2024-1775,2025,2025-11-12,2025-11-12,NA,"diquat (gals), fluridone (gals)","Diquat Dibromide, Fluridone",S_3185,N,Minnetonka-Stubbs Bay,27013312,111.49,NA,EWM
2025-2071,2025,2025-07-07,2025-07-07,NA,fluridone (gals),Fluridone,S_3211,N,Shady Oak,27008900,NA,NA,EWM
2025-2071,2025,2025-08-06,2025-08-06,NA,fluridone (gals),Fluridone,S_3211,N,Shady Oak,27008900,NA,NA,EWM
2025-2071,2025,2025-09-03,2025-09-03,NA,fluridone (gals),Fluridone,S_3211,N,Shady Oak,27008900,NA,NA,EWM
2025-2885,2025,2025-08-28,2025-08-28,NA,"copper_sulfate (lbs), hydrothol_liquid (gals)","Copper Sulfate, Endothall",S_3218,N,Two Rivers,73013800,221.09,NA,SS
2025-2885,2025,2025-09-24,2025-09-24,NA,"copper_sulfate (lbs), hydrothol_liquid (gals)","Copper Sulfate, Endothall",S_3218,N,Two Rivers,73013800,221.09,NA,SS
2025-2885,2025,2025-10-14,2025-10-14,NA,"copper_sulfate (lbs), hydrothol_liquid (gals)","Copper Sulfate, Endothall",S_3218,N,Two Rivers,73013800,221.09,NA,SS
2022-2391,2023,2023-08-21,2023-08-24,NA,"glyphosate (gals), imazapyr (gals)","Glyphosate, Imazapyr",S_2332,N,Halfmoon,79000101,NA,NA,"PHR, FR"
2023-2530,2023,2023-08-07,2023-08-11,NA,,,S_2384,N,Ann,10001200,43.46,NA,ZM
2017-2950,2024,2024-07-19,2024-07-19,NA,"copper_sulfate (lbs), hydrothol_liquid (gals)","Copper Sulfate, Endothall",S_2524,N,Rice,73019600,832.55,NA,SS
2017-2950,2024,2024-08-14,2024-08-14,NA,"copper_sulfate (lbs), hydrothol_liquid (gals)","Copper Sulfate, Endothall",S_2524,N,Rice,73019600,832.55,NA,SS
2017-2950,2024,2024-09-12,2024-09-12,NA,"copper_sulfate (lbs), hydrothol_liquid (gals)","Copper Sulfate, Endothall",S_2524,N,Rice,73019600,832.55,NA,SS
2017-2950,2024,2024-10-15,2024-10-15,NA,"copper_sulfate (lbs), hydrothol_liquid (gals)","Copper Sulfate, Endothall",S_2524,N,Rice,73019600,832.55,NA,SS
2023-2720,2024,2024-08-09,2024-08-09,NA,copper_triethanola (gals),Copper Complex,S_2764,N,Clearwater,86025200,NA,NA,SS
2023-2720,2024,2024-08-30,2024-08-30,NA,copper_triethanola (gals),Copper Complex,S_2764,N,Clearwater,86025200,NA,NA,SS
2023-2720,2024,2024-10-10,2024-10-10,NA,copper_triethanola (gals),Copper Complex,S_2764,N,Clearwater,86025200,NA,NA,SS
2023-2866,2024,2024-06-11,2024-06-11,NA,"glyphosate (gals), imazapyr (gals)","Glyphosate, Imazapyr",S_2767,N,Unnamed,19029400,NA,NA,FR
2023-2866,2024,2024-07-01,2024-07-01,NA,"glyphosate (gals), imazapyr (gals)","Glyphosate, Imazapyr",S_2767,N,Unnamed,19029400,NA,NA,FR
2023-2866,2024,2024-07-30,2024-07-30,NA,"glyphosate (gals), imazapyr (gals)","Glyphosate, Imazapyr",S_2767,N,Unnamed,19029400,NA,NA,FR
2023-2866,2024,2024-09-26,2024-09-26,NA,"glyphosate (gals), imazapyr (gals)","Glyphosate, Imazapyr",S_2767,N,Unnamed,19029400,NA,NA,FR
2024-3126,2024,2024-09-16,2024-09-19,NA,copper_ethnolamine (gals),Copper Complex,S_2805,N,Minnetonka-St. Albans Bay,27013304,103.16,NA,ZM
2017-1983,2023,2023-10-02,2023-10-02,NA,fluridone (gals),Fluridone,S_2111,N,Silver,62000100,71.82,NA,EWM
2017-1983,2023,2023-11-03,2023-11-03,NA,fluridone (gals),Fluridone,S_2111,N,Silver,62000100,71.82,NA,EWM
2017-1983,2023,2024-04-06,2024-04-06,NA,fluridone (gals),Fluridone,S_2111,N,Silver,62000100,71.82,NA,EWM
2017-1983,2023,2024-05-08,2024-05-08,NA,fluridone (gals),Fluridone,S_2111,N,Silver,62000100,71.82,NA,EWM
2017-1983,2023,2024-06-12,2024-06-12,NA,fluridone (gals),Fluridone,S_2111,N,Silver,62000100,71.82,NA,EWM
2017-3409,2023,2023-07-26,2023-07-26,NA,diquat (gals),Diquat Dibromide,S_2126,N,Forest,82015900,1561.19,NA,FR
2017-3409,2023,2023-08-15,2023-08-15,NA,diquat (gals),Diquat Dibromide,S_2126,N,Forest,82015900,1561.19,NA,FR
2017-3409,2023,2023-08-29,2023-08-29,NA,diquat (gals),Diquat Dibromide,S_2126,N,Forest,82015900,1561.19,NA,FR
2017-3409,2023,2023-09-27,2023-09-27,NA,diquat (gals),Diquat Dibromide,S_2126,N,Forest,82015900,1561.19,NA,FR
2017-3409,2023,2023-10-10,2023-10-10,NA,diquat (gals),Diquat Dibromide,S_2126,N,Forest,82015900,1561.19,NA,FR
2018-3392,2023,2023-07-21,2023-07-21,NA,glyphosate (gals),Glyphosate,S_2211,N,Unnamed,19006200,NA,NA,FR
2018-3392,2023,2023-08-01,2023-08-01,NA,glyphosate (gals),Glyphosate,S_2211,N,Unnamed,19006200,NA,NA,FR
2018-3392,2023,2023-08-11,2023-08-11,NA,glyphosate (gals),Glyphosate,S_2211,N,Unnamed,19006200,NA,NA,FR
2018-3392,2023,2023-08-21,2023-08-21,NA,glyphosate (gals),Glyphosate,S_2211,N,Unnamed,19006200,NA,NA,FR
2018-3392,2023,2023-09-08,2023-09-08,NA,glyphosate (gals),Glyphosate,S_2211,N,Unnamed,19006200,NA,NA,FR
2018-3392,2023,2023-10-24,2023-10-24,NA,glyphosate (gals),Glyphosate,S_2211,N,Unnamed,19006200,NA,NA,FR
2017-3093,2025,2025-08-26,2025-08-26,NA,imazapyr (gals),Imazapyr,S_2936,N,St. Louis River Estuary,69129100,NA,NA,PHR
2017-3093,2025,2025-09-10,2025-09-15,NA,imazapyr (gals),Imazapyr,S_2936,N,St. Louis River Estuary,69129100,NA,NA,PHR
2017-3093,2025,2025-09-16,2025-09-16,NA,imazapyr (gals),Imazapyr,S_2936,N,St. Louis River Estuary,69129100,NA,NA,PHR
2017-3093,2025,2025-09-23,2025-09-25,NA,imazapyr (gals),Imazapyr,S_2936,N,St. Louis River Estuary,69129100,NA,NA,PHR
2017-0562,2019,2019-05-01,2019-05-31,793,fluridone (gals),Fluridone,S_666,Y,Cedar,70009100,792.5,1.0006,CLP
16W-3A003,2016,2016-04-01,2016-04-30,600,other (gals),Other,S_4,Y,Cedar,70009100,792.5,0.7571,CLP
2017-0742,2019,2019-05-01,2019-05-31,405,fluridone (gals),Fluridone,S_686,Y,Diamond,27012500,405.02,1,CLP
2017-0562,2018,2018-05-01,2018-05-31,396,aquathol_k (gals),Endothall,S_385,Y,Cedar,70009100,792.5,0.4997,CLP
2017-1050,2017,2017-05-01,2017-05-31,352.8,fluridone (gals),Fluridone,S_205,Y,Benton,41004300,2649.41,0.1332,CLP
2017-0389,2017,2017-05-01,2017-05-31,260,aquathol_k (gals),Endothall,S_52,Y,Sarah,27019100,NA,NA,CLP
2017-0562,2017,2017-05-01,2017-05-31,180,aquathol_k (gals),Endothall,S_91,Y,Cedar,70009100,792.5,0.2271,CLP
2017-0917,2017,2017-05-01,2017-05-31,169.3,aquathol_k (gals),Endothall,S_164,Y,Forest,82015900,1561.19,0.1084,CLP
2019-0758,2019,2019-07-01,2019-07-31,161,,,S_892,Y,Minnetonka-St. Albans Bay,27013304,103.16,1.5607,ZM
2019-0880,2019,2019-05-01,2019-05-31,145,fluridone (gals),Fluridone,S_897,Y,Cleary,70002200,144.74,1.0018,CLP
2017-0917,2021,2021-05-01,2021-05-31,120.33,diquat (gals),Diquat Dibromide,S_1324,Y,Forest,82015900,1561.19,0.0771,CLP
2018-2340,2021,2021-04-01,2021-04-30,119,fluridone (gals),Fluridone,S_1491,Y,Ham,02005300,190.45,0.6248,EWM
2021-0437,2021,2021-04-01,2021-04-30,115,,,S_1589,Y,Jennie,47001500,1064.03,0.1081,CLP
2017-0389,2018,2018-05-01,2018-05-31,114.5,aquathol_k (gals),Endothall,S_362,Y,Sarah,27019100,NA,NA,CLP
2017-0389,2019,2019-05-01,2019-05-31,108.6,"aquathol_k (gals), diquat (gals)","Endothall, Diquat Dibromide",S_645,Y,Sarah,27019100,NA,NA,CLP
2017-0917,2022,2022-05-01,2022-05-31,103.96,diquat (gals),Diquat Dibromide,S_1681,Y,Forest,82015900,1561.19,0.0666,CLP
2017-0562,2021,2021-05-01,2021-05-31,103.56,diquat (gals),Diquat Dibromide,S_1292,Y,Cedar,70009100,792.5,0.1307,CLP
2017-1072,2017,2017-05-01,2017-05-31,101.29,aquathol_k (gals),Endothall,S_210,Y,Platte,18008800,1615.91,0.0627,CLP
2017-0917,2019,2019-05-01,2019-05-31,99.11,aquathol_k (gals),Endothall,S_699,Y,Forest,82015900,1561.19,0.0635,CLP
2020-2754,2020,2020-09-01,2020-09-30,96.8,,,S_1253,Y,East Rush,13006901,1136.44,0.0852,EWM
2017-0757,2017,2017-05-01,2017-05-31,91.3,aquathol_k (gals),Endothall,S_142,Y,Alexander,49007900,843.85,0.1082,CLP
2018-0182,2021,2021-07-01,2021-07-31,88.6,"copper_triethanola (gals), diquat (gals)","Copper Complex, Diquat Dibromide",S_1424,Y,Koronis (main lake),73020002,1146.64,0.0773,SS
2017-1154,2021,2021-05-01,2021-05-31,86.89,diquat (gals),Diquat Dibromide,S_1353,Y,Bald Eagle,62000200,589.06,0.1475,CLP
2020-2753,2020,2020-09-01,2020-09-30,85.7,,,S_1252,Y,West Rush,13006902,902.79,0.0949,EWM
2017-1875,2020,2020-05-01,2020-05-31,84.2,aquathol_k (gals),Endothall,S_1049,Y,Diamond,34004400,649.45,0.1296,CLP
2017-0522,2022,2022-04-01,2022-04-30,84,fluridone (gals),Fluridone,S_1647,Y,Hyland,27004800,83.91,1.0011,CLP
2018-0182,2022,2022-07-01,2022-07-31,81.82,copper_triethanola (gals),Copper Complex,S_1770,Y,Koronis (main lake),73020002,1146.64,0.0714,SS
2017-0741,2017,2017-04-01,2017-04-30,80.8,aquathol_k (gals),Endothall,S_131,Y,Washington,40011700,1131.37,0.0714,CLP
2019-0027,2022,2022-05-01,2022-05-31,80.7,aquathol_k (gals),Endothall,S_1839,Y,Washington,40011700,1131.37,0.0713,CLP
2018-1091,2018,2018-05-01,2018-05-31,80.68,aquathol_k (gals),Endothall,S_588,Y,Washington,40011700,1131.37,0.0713,CLP
2019-0027,2019,2019-05-01,2019-05-31,80.68,alligare (gals),"2,4-D",S_885,Y,Washington,40011700,1131.37,0.0713,CLP
2018-0182,2022,2022-08-01,2022-08-31,78.47,copper_triethanola (gals),Copper Complex,S_1771,Y,Koronis (main lake),73020002,1146.64,0.0684,SS
2017-1054,2019,2019-05-01,2019-05-31,77.8,aquathol_k (gals),Endothall,S_721,Y,Nest,34015400,577.17,0.1348,CLP
2018-0988,2022,2022-06-01,2022-06-30,75.56,diquat (gals),Diquat Dibromide,S_1812,Y,Toad,03010700,557.91,0.1354,CLP
2017-1054,2017,2017-05-01,2017-05-31,75,aquathol_k (gals),Endothall,S_206,Y,Nest,34015400,577.17,0.1299,CLP
2018-1044,2018,2018-05-01,2018-05-31,73,aquathol_k (gals),Endothall,S_585,Y,West Rush,13006902,902.79,0.0809,CLP
2017-1054,2018,2018-05-01,2018-05-31,70,aquathol_k (gals),Endothall,S_435,Y,Nest,34015400,577.17,0.1213,CLP
2020-0611,2021,2021-04-01,2021-04-30,70,fluridone (gals),Fluridone,S_1556,Y,Como,62005500,65.65,1.0663,CLP
2017-1154,2019,2019-05-01,2019-05-31,68.82,diquat (gals),Diquat Dibromide,S_728,Y,Bald Eagle,62000200,589.06,0.1168,CLP
2017-2870,2018,2018-06-01,2018-06-30,65.76,"alligare (gals), triclopyr_44_percent (gals)","2,4-D, Triclopyr",S_499,Y,White Bear,82016700,1334.41,0.0493,EWM
2017-2870,2017,2017-07-01,2017-07-31,65.07,alligare (gals),"2,4-D",S_309,Y,White Bear,82016700,1334.41,0.0488,EWM
2017-1012,2018,2018-05-01,2018-05-31,65,aquastrike (gals),Endothall + Diquat,S_420,Y,Clear,47009500,479.66,0.1355,CLP
2017-1396,2017,2017-05-01,2017-05-31,64.8,aquathol_k (gals),Endothall,S_249,Y,Big Pine,56013000,2375.96,0.0273,CLP
2017-1054,2021,2021-05-01,2021-05-31,63.66,aquathol_k (gals),Endothall,S_1345,Y,Nest,34015400,577.17,0.1103,CLP
2017-0533,2018,2018-05-01,2018-05-31,63.2,aquathol_k (gals),Endothall,S_382,Y,Detroit,03038100,1868.58,0.0338,CLP
2017-0533,2019,2019-06-01,2019-06-30,62.9,aquathol_k (gals),Endothall,S_664,Y,Detroit,03038100,1868.58,0.0337,CLP
2018-1190,2021,2021-08-01,2021-08-31,60.88,triclopyr_44_percent (gals),Triclopyr,S_1480,Y,Ripley (west portion),47013402,507.57,0.1199,EWM
2017-0742,2017,2017-05-01,2017-05-31,60.5,aquathol_k (gals),Endothall,S_132,Y,Diamond,27012500,405.02,0.1494,CLP
2017-0533,2017,2017-05-01,2017-05-31,60,aquathol_k (gals),Endothall,S_88,Y,Detroit,03038100,1868.58,0.0321,CLP
2017-0748,2017,2017-05-01,2017-05-31,60,aquathol_k (gals),Endothall,S_135,Y,South Long,18013600,451.45,0.1329,CLP
2017-0742,2018,2018-05-01,2018-05-31,60,"aquathol_k (gals), diquat (gals)","Endothall, Diquat Dibromide",S_403,Y,Diamond,27012500,405.02,0.1481,CLP
2018-0182,2021,2021-08-01,2021-08-31,59.78,copper_triethanola (gals),Copper Complex,S_1425,Y,Koronis (main lake),73020002,1146.64,0.0521,SS
2018-1044,2019,2019-05-01,2019-05-31,59.6,aquathol_k (gals),Endothall,S_851,Y,West Rush,13006902,902.79,0.066,CLP
2018-1044,2020,2020-05-01,2020-05-31,59.6,aquathol_k (gals),Endothall,S_1141,Y,West Rush,13006902,902.79,0.066,CLP
2017-0751,2017,2017-05-01,2017-05-31,59.5,aquathol_k (gals),Endothall,S_137,Y,Round,18037300,593.59,0.1002,CLP
2017-0621,2019,2019-05-01,2019-05-31,57,diquat (gals),Diquat Dibromide,S_677,Y,Linwood,02002600,484.91,0.1175,CLP
2021-0484,2021,2021-07-01,2021-07-31,57,dma4_ivm (gals),"2,4-D",S_1595,Y,Clear,81001401,563.67,0.1011,EWM
2018-0611,2018,2018-05-01,2018-05-31,56.8,aquathol_k (gals),Endothall,S_555,Y,Big Pine,56013000,2375.96,0.0239,CLP
2017-1028,2018,2018-06-01,2018-06-30,56.7,alligare (gals),"2,4-D",S_421,Y,George,02009100,383.26,0.1479,EWM
2017-1825,2022,2022-05-01,2022-05-31,56.7,aquathol_k (gals),Endothall,S_1732,Y,Tetonka,40003100,551.22,0.1029,CLP
2017-2870,2019,2019-07-01,2019-07-31,56.42,alligare (gals),"2,4-D",S_776,Y,White Bear,82016700,1334.41,0.0423,EWM
2022-0106,2022,2022-06-01,2022-06-30,55.44,aquathol_k (gals),Endothall,S_1949,Y,Union,60021700,376.24,0.1474,CLP
2017-1054,2020,2020-05-01,2020-05-31,55.28,aquathol_k (gals),Endothall,S_1013,Y,Nest,34015400,577.17,0.0958,CLP
2022-0140,2022,2022-05-01,2022-05-31,55,diquat (gals),Diquat Dibromide,S_1951,Y,Minnetonka-West Arm,27013314,537.83,0.1023,CLP
2018-0973,2019,2019-05-01,2019-05-31,54.2,aquathol_k (gals),Endothall,S_845,Y,Sullivan,49001600,622.01,0.0871,CLP
2017-0819,2022,2022-09-01,2022-09-30,54,alligare (gals),"2,4-D",S_1672,Y,Alexander,49007900,843.85,0.064,EWM
2017-2634,2020,2020-07-01,2020-07-31,53.83,diquat (gals),Diquat Dibromide,S_1064,Y,Forest,82015900,1561.19,0.0345,EWM
2017-1072,2019,2019-05-01,2019-05-31,53.62,aquathol_k (gals),Endothall,S_723,Y,Platte,18008800,1615.91,0.0332,CLP
2017-1189,2017,2017-05-01,2017-05-31,52.84,aquathol_k (gals),Endothall,S_229,Y,Pokegama,58014200,942.83,0.056,CLP
2021-0451,2022,2022-05-01,2022-05-31,51.68,aquathol_k (gals),Endothall,S_1921,Y,Osakis,77021500,3389.01,0.0152,CLP
2021-0006,2021,2021-05-01,2021-05-31,51.5,aquathol_k (gals),Endothall,S_1575,Y,Irene,21007600,240.38,0.2142,CLP
2017-0474,2017,2017-05-01,2017-05-31,51,aquathol_k (gals),Endothall,S_69,Y,Big Swan,77002300,397.1,0.1284,CLP
2017-1875,2021,2021-05-01,2021-05-31,51,aquathol_k (gals),Endothall,S_1386,Y,Diamond,34004400,649.45,0.0785,CLP
2018-1015,2018,2018-05-01,2018-05-31,50.58,aquathol_k (gals),Endothall,S_582,Y,Green,30013600,357.1,0.1416,CLP
2018-1015,2021,2021-05-01,2021-05-31,50.5,diquat (gals),Diquat Dibromide,S_1470,Y,Green,30013600,357.1,0.1414,CLP
2018-1015,2022,2022-05-01,2022-05-31,50.5,diquat (gals),Diquat Dibromide,S_1815,Y,Green,30013600,357.1,0.1414,CLP
2017-0038,2022,2022-05-01,2022-05-31,50,aquathol_k (gals),Endothall,S_1628,Y,Knife,33002800,1259.21,0.0397,CLP
2017-0857,2019,2019-05-01,2019-05-31,49.57,diquat (gals),Diquat Dibromide,S_695,Y,Medicine,27010400,434.53,0.1141,CLP
2018-1044,2022,2022-05-01,2022-05-31,49.5,aquathol_k (gals),Endothall,S_1818,Y,West Rush,13006902,902.79,0.0548,CLP
2017-0857,2020,2020-05-01,2020-05-31,49.4,diquat (gals),Diquat Dibromide,S_987,Y,Medicine,27010400,434.53,0.1137,CLP
2017-2634,2019,2019-06-01,2019-06-30,49.35,alligare (gals),"2,4-D",S_772,Y,Forest,82015900,1561.19,0.0316,EWM
2018-0611,2021,2021-05-01,2021-05-31,49,aquathol_k (gals),Endothall,S_1447,Y,Big Pine,56013000,2375.96,0.0206,CLP
2018-0543,2021,2021-05-01,2021-05-31,48.9,aquathol_k (gals),Endothall,S_1444,Y,Fish Trap,49013700,357.29,0.1369,CLP
2018-0611,2019,2019-05-01,2019-05-31,48.5,aquathol_k (gals),Endothall,S_824,Y,Big Pine,56013000,2375.96,0.0204,CLP
2018-0611,2020,2020-05-01,2020-05-31,48.5,aquathol_k (gals),Endothall,S_1116,Y,Big Pine,56013000,2375.96,0.0204,CLP
2017-1064,2017,2017-05-01,2017-05-31,48.4,aquathol_k (gals),Endothall,S_209,Y,Green,30013600,357.1,0.1355,CLP
2017-2726,2019,2019-06-01,2019-06-30,48.1,diquat (gals),Diquat Dibromide,S_773,Y,Sarah,27019100,NA,NA,EWM
2017-0831,2017,2017-05-01,2017-05-31,48,aquathol_k (gals),Endothall,S_155,Y,Sullivan,49001600,622.01,0.0772,CLP
2018-0113,2018,2018-05-01,2018-05-31,47.6,aquathol_k (gals),Endothall,S_513,Y,Big Swan,77002300,397.1,0.1199,CLP
2017-1044,2019,2019-05-01,2019-05-31,47,diquat (gals),Diquat Dibromide,S_716,Y,Minnetonka-North Arm,27013313,169.2,0.2778,CLP
2017-0888,2017,2017-05-01,2017-05-31,46.8,aquathol_k (gals),Endothall,S_160,Y,Eagle,71006700,319.49,0.1465,CLP
2018-1228,2018,2018-05-01,2018-05-31,46.8,aquathol_k (gals),Endothall,S_597,Y,Eagle,71006700,319.49,0.1465,CLP
2018-1228,2019,2019-05-01,2019-05-31,46.8,aquathol_k (gals),Endothall,S_858,Y,Eagle,71006700,319.49,0.1465,CLP
2018-1228,2021,2021-05-01,2021-05-31,46.6,aquathol_k (gals),Endothall,S_1481,Y,Eagle,71006700,319.49,0.1459,CLP
2018-0973,2020,2020-05-01,2020-05-31,46.5,aquathol_k (gals),Endothall,S_1136,Y,Sullivan,49001600,622.01,0.0748,CLP
2018-1228,2022,2022-05-01,2022-05-31,46.5,aquathol_k (gals),Endothall,S_1827,Y,Eagle,71006700,319.49,0.1455,CLP
2017-1325,2021,2021-07-01,2021-07-31,46.1,,,S_1366,Y,Union,60021700,376.24,0.1225,EWM
2017-0573,2018,2018-05-01,2018-05-31,46,diquat (gals),Diquat Dibromide,S_387,Y,Rebecca,27019200,122.72,0.3748,"EWM, CLP"
2017-1054,2022,2022-05-01,2022-05-31,46,aquathol_k (gals),Endothall,S_1700,Y,Nest,34015400,577.17,0.0797,CLP
2018-1045,2022,2022-05-01,2022-05-31,45.6,aquathol_k (gals),Endothall,S_1819,Y,East Rush,13006901,1136.44,0.0401,CLP
2017-0857,2017,2017-04-01,2017-04-30,45,aquathol_k (gals),Endothall,S_157,Y,Medicine,27010400,434.53,0.1036,CLP
2017-1825,2018,2018-05-01,2018-05-31,45,aquathol_k (gals),Endothall,S_473,Y,Tetonka,40003100,551.22,0.0816,CLP
2017-1018,2017,2017-05-01,2017-05-31,44.1,aquathol_k (gals),Endothall,S_183,Y,Serpent,18009000,301.12,0.1465,CLP
2017-1779,2019,2019-05-01,2019-05-31,44.1,aquathol_k (gals),Endothall,S_753,Y,Smith,21001600,363.97,0.1212,CLP
2018-2174,2019,2019-07-01,2019-07-31,44.1,,,S_869,Y,Maple,86013400,NA,NA,EWM
2018-1015,2019,2019-05-01,2019-05-31,43.5,aquathol_k (gals),Endothall,S_849,Y,Green,30013600,357.1,0.1218,CLP
2017-0573,2019,2019-05-01,2019-05-31,43.1,diquat (gals),Diquat Dibromide,S_669,Y,Rebecca,27019200,122.72,0.3512,"EWM, CLP"
2017-1040,2019,2019-06-01,2019-06-30,43,diquat (gals),Diquat Dibromide,S_712,Y,Minnetonka-Lower Lake,27013302,2059.41,0.0209,EWM
2017-1083,2017,2017-04-01,2017-04-30,42.44,aquathol_k (gals),Endothall,S_215,Y,Coon,02004200,1331.96,0.0319,CLP
2017-0823,2017,2017-07-01,2017-07-31,42.2,alligare (gals),"2,4-D",S_149,Y,Linwood,02002600,484.91,0.087,EWM
2017-2804,2018,2018-07-01,2018-07-31,42.15,alligare (gals),"2,4-D",S_497,Y,Bald Eagle,62000200,589.06,0.0716,EWM
2017-0616,2017,2017-05-01,2017-05-31,41.7,aquathol_k (gals),Endothall,S_100,Y,East Rush,13006901,1136.44,0.0367,CLP
2018-1045,2018,2018-05-01,2018-05-31,41.3,aquathol_k (gals),Endothall,S_586,Y,East Rush,13006901,1136.44,0.0363,CLP
2017-1097,2022,2022-05-01,2022-05-31,41.3,diquat (gals),Diquat Dibromide,S_1703,Y,Minnewashta,10000900,337.89,0.1222,CLP
2017-1985,2022,2022-10-01,2022-10-31,41.25,alligare (gals),"2,4-D",S_1741,Y,Bay,18003400,878.98,0.0469,EWM
2017-2634,2018,2018-07-01,2018-07-31,40.74,alligare (gals),"2,4-D",S_493,Y,Forest,82015900,1561.19,0.0261,EWM
2017-3409,2017,2017-08-01,2017-08-31,40.2,diquat (gals),Diquat Dibromide,S_329,Y,Forest,82015900,1561.19,0.0257,FR
2017-1028,2017,2017-06-01,2017-06-30,40.1,alligare (gals),"2,4-D",S_187,Y,George,02009100,383.26,0.1046,EWM
2017-1657,2017,2017-05-01,2017-05-31,40,aquathol_k (gals),Endothall,S_268,Y,Staring,27007800,156.22,0.256,CLP
2017-1779,2020,2020-05-01,2020-05-31,40,aquathol_k (gals),Endothall,S_1045,Y,Smith,21001600,363.97,0.1099,CLP
2020-0903,2020,2020-05-01,2020-05-31,40,diquat (gals),Diquat Dibromide,S_1239,Y,Centerville,02000600,288.64,0.1386,CLP
2017-1033,2021,2021-08-01,2021-08-31,40,diquat (gals),Diquat Dibromide,S_1331,Y,Florida,34021700,278.96,0.1434,EWM
2021-0437,2022,2022-05-01,2022-05-31,40,aquathol_k (gals),Endothall,S_1920,Y,Jennie,47001500,1064.03,0.0376,CLP
2017-1985,2017,2017-10-01,2017-10-31,39.89,alligare (gals),"2,4-D",S_290,Y,Bay,18003400,878.98,0.0454,EWM
2019-0859,2019,2019-05-01,2019-05-31,39.6,aquathol_k (gals),Endothall,S_896,Y,Francis,30008000,270.42,0.1464,CLP
2019-0859,2020,2020-05-01,2020-05-31,39.6,aquathol_k (gals),Endothall,S_1182,Y,Francis,30008000,270.42,0.1464,CLP
2019-0859,2021,2021-05-01,2021-05-31,39.6,aquathol_k (gals),Endothall,S_1508,Y,Francis,30008000,270.42,0.1464,CLP
2019-0859,2022,2022-05-01,2022-05-31,39.6,aquathol_k (gals),Endothall,S_1846,Y,Francis,30008000,270.42,0.1464,CLP
2020-2754,2022,2022-10-01,2022-10-31,39.6,,,S_1900,Y,East Rush,13006901,1136.44,0.0348,EWM
2018-1045,2019,2019-05-01,2019-05-31,39.58,aquathol_k (gals),Endothall,S_852,Y,East Rush,13006901,1136.44,0.0348,CLP
2017-1046,2021,2021-06-01,2021-06-30,39.4,diquat (gals),Diquat Dibromide,S_1343,Y,Minnetonka-Crystal Bay,27013310,317.36,0.1241,CLP
2017-1046,2022,2022-06-01,2022-06-30,39.4,diquat (gals),Diquat Dibromide,S_1697,Y,Minnetonka-Crystal Bay,27013310,317.36,0.1241,CLP
2018-1190,2018,2018-06-01,2018-06-30,39.3,alligare (gals),"2,4-D",S_595,Y,Ripley (west portion),47013402,507.57,0.0774,EWM
2016-1858,2016,2016-10-01,2016-10-31,39.284,other (gals),Other,S_29,Y,Bay,18003400,878.98,0.0447,EWM
2021-0413,2021,2021-05-01,2021-05-31,38.62,diquat (gals),Diquat Dibromide,S_1587,Y,Byllesby,19000600,935.97,0.0413,CLP
2017-1779,2021,2021-05-01,2021-05-31,38.6,aquathol_k (gals),Endothall,S_1381,Y,Smith,21001600,363.97,0.1061,CLP
2017-1779,2022,2022-05-01,2022-05-31,38.6,aquathol_k (gals),Endothall,S_1730,Y,Smith,21001600,363.97,0.1061,CLP
2017-1881,2017,2017-05-01,2017-05-31,38.4,aquathol_k (gals),Endothall,S_283,Y,Minnetonka-Upper Lake,27013305,1699.3,0.0226,CLP
2017-1486,2017,2017-08-01,2017-08-31,38.27,alligare (gals),"2,4-D",S_253,Y,Minnewaska,61013000,3290.84,0.0116,EWM
2017-1779,2018,2018-05-01,2018-05-31,38.1,aquathol_k (gals),Endothall,S_471,Y,Smith,21001600,363.97,0.1047,CLP
2018-0973,2022,2022-06-01,2022-06-30,38,aquathol_k (gals),Endothall,S_1811,Y,Sullivan,49001600,622.01,0.0611,CLP
2017-0666,2017,2017-06-01,2017-06-30,37.5,"alligare (gals), triclopyr_44_percent (gals)","2,4-D, Triclopyr",S_114,Y,Clear,82016300,270.31,0.1387,EWM
2019-3106,2021,2021-09-01,2021-09-30,37.5,diquat (gals),Diquat Dibromide,S_1531,Y,White Sand,18037900,282.54,0.1327,EWM
2017-0729,2019,2019-08-01,2019-08-31,37,alligare (gals),"2,4-D",S_685,Y,Scandinavian,61004100,229.73,0.1611,EWM
2020-0043,2022,2022-05-01,2022-05-31,37,diquat (gals),Diquat Dibromide,S_1877,Y,Coon,02004200,1331.96,0.0278,CLP
2017-1041,2019,2019-06-01,2019-06-30,36.9,diquat (gals),Diquat Dibromide,S_713,Y,Minnetonka-Upper Lake,27013305,1699.3,0.0217,EWM
2021-1578,2021,2021-05-01,2021-05-31,36.43,aquathol_k (gals),Endothall,S_1606,Y,Marion (main bay),43008401,NA,NA,CLP
2018-0293,2019,2019-05-01,2019-05-31,36.35,aquathol_k (gals),Endothall,S_810,Y,Fannie,30004300,268.23,0.1355,CLP
2019-1617,2022,2022-06-01,2022-06-30,36.19,diquat (gals),Diquat Dibromide,S_1855,Y,Minnetonka-Lower Lake,27013302,2059.41,0.0176,CLP
16W-3A014,2016,2016-08-01,2016-08-31,36.1,other (gals),Other,S_6,Y,Forest,82015900,1561.19,0.0231,FR
2017-0857,2018,2018-05-01,2018-05-31,35.8,diquat (gals),Diquat Dibromide,S_413,Y,Medicine,27010400,434.53,0.0824,CLP
2019-1617,2021,2021-05-01,2021-05-31,35.2,diquat (gals),Diquat Dibromide,S_1515,Y,Minnetonka-Lower Lake,27013302,2059.41,0.0171,CLP
2018-0988,2018,2018-06-01,2018-06-30,35.1,aquathol_k (gals),Endothall,S_579,Y,Toad,03010700,557.91,0.0629,CLP
2017-0582,2017,2017-05-01,2017-05-31,35,aquathol_k (gals),Endothall,S_96,Y,O'Dowd,70009500,273.58,0.1279,CLP
2017-1211,2018,2018-05-01,2018-05-31,35,aquathol_k (gals),Endothall,S_444,Y,Jennie,47001500,1064.03,0.0329,CLP
2017-0434,2021,2021-07-01,2021-07-31,34.91,,,S_1276,Y,Sturgeon,58006700,727.33,0.048,EWM
2017-2726,2020,2020-06-01,2020-06-30,34.25,diquat (gals),Diquat Dibromide,S_1065,Y,Sarah,27019100,NA,NA,EWM
2017-1666,2017,2017-05-01,2017-05-31,34.1,aquathol_k (gals),Endothall,S_271,Y,Dixon,31092100,480,0.071,CLP
2018-0293,2018,2018-05-01,2018-05-31,33.85,aquathol_k (gals),Endothall,S_533,Y,Fannie,30004300,268.23,0.1262,CLP
2017-0479,2017,2017-05-01,2017-05-31,33.16,aquathol_k (gals),Endothall,S_73,Y,Upper Cullen,18037600,232.78,0.1425,CLP
2017-0715,2017,2017-05-01,2017-05-31,33,aquathol_k (gals),Endothall,S_127,Y,Toad,03010700,557.91,0.0591,CLP
2017-0689,2017,2017-05-01,2017-05-31,32.9,aquathol_k (gals),Endothall,S_123,Y,Grand,73005500,233.22,0.1411,CLP
2018-0668,2018,2018-05-01,2018-05-31,32.9,aquathol_k (gals),Endothall,S_558,Y,Grand,73005500,233.22,0.1411,CLP
2018-1190,2019,2019-06-01,2019-06-30,32.5,alligare (gals),"2,4-D",S_856,Y,Ripley (west portion),47013402,507.57,0.064,EWM
2018-1190,2020,2020-06-01,2020-06-30,32.5,alligare (gals),"2,4-D",S_1148,Y,Ripley (west portion),47013402,507.57,0.064,EWM
2018-0334,2019,2019-05-01,2019-05-31,32.3,aquathol_k (gals),Endothall,S_813,Y,Ida,21012300,1751.07,0.0184,CLP
2018-0668,2019,2019-05-01,2019-05-31,32.2,aquathol_k (gals),Endothall,S_827,Y,Grand,73005500,233.22,0.1381,CLP
2018-0668,2022,2022-05-01,2022-05-31,32.2,aquathol_k (gals),Endothall,S_1793,Y,Grand,73005500,233.22,0.1381,CLP
2018-0881,2019,2019-05-01,2019-05-31,32.1,aquathol_k (gals),Endothall,S_839,Y,Norway,11030700,514.88,0.0623,CLP
2018-0881,2018,2018-05-01,2018-05-31,32,aquathol_k (gals),Endothall,S_572,Y,Norway,11030700,514.88,0.0622,CLP
2017-0522,2017,2017-04-01,2017-04-30,31.1,aquathol_k (gals),Endothall,S_83,Y,Hyland,27004800,83.91,0.3706,CLP
2017-0959,2017,2017-05-01,2017-05-31,31,aquathol_k (gals),Endothall,S_171,Y,Pearl,73003700,558.63,0.0555,CLP
2017-1779,2017,2017-05-01,2017-05-31,30.76,aquathol_k (gals),Endothall,S_275,Y,Smith,21001600,363.97,0.0845,CLP
2017-2926,2017,2017-07-01,2017-07-31,30.54,alligare (gals),"2,4-D",S_311,Y,Sugar,86023300,371.23,0.0823,EWM
2017-1985,2018,2018-10-01,2018-10-31,30.51,alligare (gals),"2,4-D",S_483,Y,Bay,18003400,878.98,0.0347,EWM
2018-0127,2018,2018-07-01,2018-07-31,30.5,alligare (gals),"2,4-D",S_517,Y,North Center,13003200,NA,NA,EWM
2017-0729,2021,2021-07-01,2021-07-31,30.4,alligare (gals),"2,4-D",S_1308,Y,Scandinavian,61004100,229.73,0.1323,EWM
2017-0621,2018,2018-05-01,2018-05-31,30.3,diquat (gals),Diquat Dibromide,S_394,Y,Linwood,02002600,484.91,0.0625,CLP
2018-0093,2018,2018-05-01,2018-05-31,30,diquat (gals),Diquat Dibromide,S_512,Y,Two Rivers,73013800,221.09,0.1357,CLP
2018-0669,2018,2018-05-01,2018-05-31,30,aquathol_k (gals),Endothall,S_559,Y,Ripley (west portion),47013402,507.57,0.0591,CLP
2018-0669,2019,2019-05-01,2019-05-31,30,aquathol_k (gals),Endothall,S_828,Y,Ripley (west portion),47013402,507.57,0.0591,CLP
2017-0512,2020,2020-05-01,2020-05-31,30,aquathol_k (gals),Endothall,S_957,Y,Middle Jefferson,40009204,654.93,0.0458,CLP
2018-0669,2020,2020-05-01,2020-05-31,30,aquathol_k (gals),Endothall,S_1119,Y,Ripley (west portion),47013402,507.57,0.0591,CLP
2018-1087,2021,2021-06-01,2021-06-30,30,aquathol_k (gals),Endothall,S_1475,Y,Upper Cormorant,03058800,522.84,0.0574,CLP
2017-0512,2019,2019-05-01,2019-05-31,29.9,aquathol_k (gals),Endothall,S_658,Y,Middle Jefferson,40009204,654.93,0.0457,CLP
2018-1087,2022,2022-06-01,2022-06-30,29.9,aquathol_k (gals),Endothall,S_1820,Y,Upper Cormorant,03058800,522.84,0.0572,CLP
2017-1092,2017,2017-06-01,2017-06-30,29.8,dma4_ivm (gals),"2,4-D",S_216,Y,Coon,02004200,1331.96,0.0224,EWM
2017-0512,2018,2018-05-01,2018-05-31,29.6,aquathol_k (gals),Endothall,S_376,Y,Middle Jefferson,40009204,654.93,0.0452,CLP
2020-0613,2020,2020-07-01,2020-07-31,29.6,diquat (gals),Diquat Dibromide,S_1236,Y,Koronis (main lake),73020002,1146.64,0.0258,SS
2019-0545,2022,2022-07-01,2022-07-31,29.5,,,S_1842,Y,Coon,02004200,1331.96,0.0221,EWM
2016-1684,2016,2016-09-01,2016-09-30,29,other (gals),Other,S_25,Y,Minnewashta,10000900,337.89,0.0858,ZM
2017-1027,2017,2017-05-01,2017-05-31,28.8,aquathol_k (gals),Endothall,S_186,Y,George,02009100,383.26,0.0751,CLP
2017-1189,2022,2022-05-01,2022-05-31,28.65,aquathol_k (gals),Endothall,S_1707,Y,Pokegama,58014200,942.83,0.0304,CLP
2017-1154,2017,2017-04-01,2017-04-30,28.6,aquathol_k (gals),Endothall,S_227,Y,Bald Eagle,62000200,589.06,0.0486,CLP
2017-1083,2019,2019-05-01,2019-05-31,28.6,diquat (gals),Diquat Dibromide,S_724,Y,Coon,02004200,1331.96,0.0215,CLP
2017-0819,2017,2017-08-01,2017-08-31,28.35,alligare (gals),"2,4-D",S_146,Y,Alexander,49007900,843.85,0.0336,EWM
2017-1985,2020,2020-10-01,2020-10-31,28.33,,,S_1056,Y,Bay,18003400,878.98,0.0322,EWM
2017-0040,2017,2017-05-01,2017-05-31,28.3,aquathol_k (gals),Endothall,S_42,Y,Cedar Island,73013300,NA,NA,CLP
2018-0093,2020,2020-05-01,2020-05-31,28.3,diquat (gals),Diquat Dibromide,S_1083,Y,Two Rivers,73013800,221.09,0.128,CLP
16W-3A097,2016,2016-05-01,2016-05-31,28.1,other (gals),Other,S_16,Y,Minnetonka-St. Albans Bay,27013304,103.16,0.2724,CLP
2017-1500,2021,2021-07-01,2021-07-31,27.8,,,S_1370,Y,Ballantyne,07005400,328.59,0.0846,EWM
2017-1210,2021,2021-06-01,2021-06-30,27.59,diquat (gals),Diquat Dibromide,S_1355,Y,Big Marine,82005200,1180.44,0.0234,EWM
2017-1042,2017,2017-05-01,2017-05-31,27.5,aquathol_k (gals),Endothall,S_198,Y,Minnetonka-St. Albans Bay,27013304,103.16,0.2666,CLP
2018-0994,2022,2022-05-01,2022-05-31,27.4,aquathol_k (gals),Endothall,S_1813,Y,Sugar,86023300,371.23,0.0738,CLP
2017-1012,2017,2017-05-01,2017-05-31,27.35,aquathol_k (gals),Endothall,S_180,Y,Clear,47009500,479.66,0.057,CLP
2022-0198,2022,2022-08-01,2022-08-31,27.2,alligare (gals),"2,4-D",S_1958,Y,Norway,34025100,2106.35,0.0129,EWM
2017-1039,2018,2018-07-01,2018-07-31,27,,,S_429,Y,Minnetonka-Grays Bay,27013301,164.54,0.1641,EWM
2018-0118,2018,2018-05-01,2018-05-31,27,aquathol_k (gals),Endothall,S_515,Y,Pearl,73003700,558.63,0.0483,CLP
2018-0334,2018,2018-05-01,2018-05-31,26.6,aquathol_k (gals),Endothall,S_537,Y,Ida,21012300,1751.07,0.0152,CLP
2017-0892,2017,2017-05-01,2017-05-31,26.5,aquathol_k (gals),Endothall,S_161,Y,Beebe,86002300,179.49,0.1476,CLP
2017-0892,2018,2018-05-01,2018-05-31,26.5,aquathol_k (gals),Endothall,S_417,Y,Beebe,86002300,179.49,0.1476,CLP
2019-1328,2019,2019-05-01,2019-05-31,26.5,"alligare (gals), dma4_ivm (gals)","2,4-D",S_903,Y,Long,82011800,35.94,0.7373,EWM
2017-1154,2022,2022-05-01,2022-05-31,26.47,diquat (gals),Diquat Dibromide,S_1706,Y,Bald Eagle,62000200,589.06,0.0449,CLP
2017-0819,2021,2021-09-01,2021-09-30,26.45,,,S_1314,Y,Alexander,49007900,843.85,0.0313,EWM
2018-0670,2018,2018-05-01,2018-05-31,26.4,aquathol_k (gals),Endothall,S_560,Y,Briggs,71014600,219.68,0.1202,CLP
2017-0477,2017,2017-05-01,2017-05-31,26.19,aquathol_k (gals),Endothall,S_71,Y,Lower Cullen,18040300,201.25,0.1301,CLP
2017-1033,2018,2018-08-01,2018-08-31,26,sculpin (lbs),"2,4-D",S_423,Y,Florida,34021700,278.96,0.0932,EWM
2018-0093,2019,2019-05-01,2019-05-31,26,diquat (gals),Diquat Dibromide,S_790,Y,Two Rivers,73013800,221.09,0.1176,CLP
2019-3431,2021,2021-05-01,2021-05-31,26,diquat (gals),Diquat Dibromide,S_1534,Y,Darling,21008000,553.89,0.0469,CLP
2018-1159,2022,2022-05-01,2022-05-31,26,aquathol_k (gals),Endothall,S_1823,Y,Fish,33003600,505.76,0.0514,CLP
2017-0573,2022,2022-05-01,2022-05-31,25.94,diquat (gals),Diquat Dibromide,S_1656,Y,Rebecca,27019200,122.72,0.2114,"EWM, CLP"
2017-0892,2019,2019-05-01,2019-05-31,25.9,aquathol_k (gals),Endothall,S_697,Y,Beebe,86002300,179.49,0.1443,CLP
2017-0617,2017,2017-05-01,2017-05-31,25.8,aquathol_k (gals),Endothall,S_101,Y,West Rush,13006902,902.79,0.0286,CLP
2017-0745,2017,2017-04-01,2017-04-30,25.7,aquathol_k (gals),Endothall,S_134,Y,Duck,07005300,247.13,0.104,CLP
2018-1014,2018,2018-05-01,2018-05-31,25.69,aquathol_k (gals),Endothall,S_581,Y,Duck,07005300,247.13,0.104,CLP
2020-1556,2022,2022-06-01,2022-06-30,25.65,diquat (gals),Diquat Dibromide,S_1896,Y,Oak,10009300,360.47,0.0712,"CLP, EWM"
2017-1043,2019,2019-06-01,2019-06-30,25.6,diquat (gals),Diquat Dibromide,S_715,Y,Minnetonka-St. Albans Bay,27013304,103.16,0.2482,EWM
2018-1087,2020,2020-05-01,2020-05-31,25.6,aquathol_k (gals),Endothall,S_1143,Y,Upper Cormorant,03058800,522.84,0.049,CLP
2018-1087,2018,2018-05-01,2018-05-31,25.5,aquathol_k (gals),Endothall,S_587,Y,Upper Cormorant,03058800,522.84,0.0488,CLP
2018-0728,2020,2020-05-01,2020-05-31,25.5,aquathol_k (gals),Endothall,S_1123,Y,Orono,71001300,246.64,0.1034,CLP
2018-0787,2021,2021-05-01,2021-05-31,25.4,aquathol_k (gals),Endothall,S_1455,Y,Roberds,66001800,486.89,0.0522,CLP
2017-1027,2019,2019-05-01,2019-05-31,25.3,diquat (gals),Diquat Dibromide,S_703,Y,George,02009100,383.26,0.066,CLP
2017-0533,2020,2020-06-01,2020-06-30,25.3,aquathol_k (gals),Endothall,S_964,Y,Detroit,03038100,1868.58,0.0135,CLP
2017-1040,2017,2017-07-01,2017-07-31,25.2,"diquat (gals), triclopyr_14_percent (lbs)","Diquat Dibromide, Triclopyr",S_196,Y,Minnetonka-Lower Lake,27013302,2059.41,0.0122,EWM
2017-1486,2018,2018-07-01,2018-07-31,25.2,alligare (gals),"2,4-D",S_458,Y,Minnewaska,61013000,3290.84,0.0077,EWM
2017-1040,2018,2018-07-01,2018-07-31,25.1,diquat (gals),Diquat Dibromide,S_430,Y,Minnetonka-Lower Lake,27013302,2059.41,0.0122,EWM
2017-1827,2017,2017-05-01,2017-05-31,25,aquathol_k (gals),Endothall,S_280,Y,Crow Wing,18015500,202.02,0.1238,CLP
2017-1306,2018,2018-05-01,2018-05-31,25,aquathol_k (gals),Endothall,S_448,Y,Cedar,66005200,667.27,0.0375,CLP
2018-0345,2018,2018-05-01,2018-05-31,25,aquathol_k (gals),Endothall,S_538,Y,John,86028800,284.53,0.0879,CLP
2017-1039,2019,2019-06-01,2019-06-30,25,diquat (gals),Diquat Dibromide,S_711,Y,Minnetonka-Grays Bay,27013301,164.54,0.1519,EWM
2017-1306,2019,2019-05-01,2019-05-31,25,aquathol_k (gals),Endothall,S_733,Y,Cedar,66005200,667.27,0.0375,CLP
2017-1307,2019,2019-05-01,2019-05-31,25,aquathol_k (gals),Endothall,S_734,Y,Clear,81001401,563.67,0.0444,CLP
2018-0345,2019,2019-05-01,2019-05-31,25,aquathol_k (gals),Endothall,S_814,Y,John,86028800,284.53,0.0879,CLP
2017-0384,2017,2017-05-01,2017-05-31,24.9,diquat (gals),Diquat Dibromide,S_51,Y,Josephine,62005700,78.88,0.3157,"CLP, EWM"
2017-0434,2018,2018-07-01,2018-07-31,24.7,alligare (gals),"2,4-D",S_365,Y,Sturgeon,58006700,727.33,0.034,EWM
2017-1005,2017,2017-05-01,2017-05-31,24.6,aquathol_k (gals),Endothall,S_178,Y,Upper South Long,18009600,292.08,0.0842,CLP
2018-0113,2019,2019-05-01,2019-05-31,24.2,aquathol_k (gals),Endothall,S_791,Y,Big Swan,77002300,397.1,0.0609,CLP
2018-0113,2021,2021-05-01,2021-05-31,24.2,aquathol_k (gals),Endothall,S_1419,Y,Big Swan,77002300,397.1,0.0609,CLP
2018-0113,2020,2020-05-01,2020-05-31,24.16,aquathol_k (gals),Endothall,S_1084,Y,Big Swan,77002300,397.1,0.0608,CLP
2018-0113,2022,2022-05-01,2022-05-31,24.16,aquathol_k (gals),Endothall,S_1765,Y,Big Swan,77002300,397.1,0.0608,CLP
2017-1782,2017,2017-05-01,2017-05-31,24.1,aquathol_k (gals),Endothall,S_276,Y,Fish,33003600,505.76,0.0477,CLP
2018-1159,2018,2018-05-01,2018-05-31,24.1,aquathol_k (gals),Endothall,S_593,Y,Fish,33003600,505.76,0.0477,CLP
2018-0118,2019,2019-05-01,2019-05-31,24.1,aquathol_k (gals),Endothall,S_793,Y,Pearl,73003700,558.63,0.0431,CLP
2019-0258,2019,2019-05-01,2019-05-31,24.1,aquathol_k (gals),Endothall,S_888,Y,South Lida,56074702,321.03,0.0751,CLP
2018-0671,2020,2020-05-01,2020-05-31,24,aquathol_k (gals),Endothall,S_1121,Y,Rush,71014700,160.82,0.1492,CLP
2018-0671,2021,2021-05-01,2021-05-31,23.96,aquathol_k (gals),Endothall,S_1452,Y,Rush,71014700,160.82,0.149,CLP
2017-0434,2017,2017-07-01,2017-07-31,23.93,alligare (gals),"2,4-D",S_59,Y,Sturgeon,58006700,727.33,0.0329,EWM
2017-1033,2017,2017-07-01,2017-07-31,23.7,sculpin (lbs),"2,4-D",S_189,Y,Florida,34021700,278.96,0.085,EWM
2018-1014,2019,2019-05-01,2019-05-31,23.7,aquathol_k (gals),Endothall,S_848,Y,Duck,07005300,247.13,0.0959,CLP
2018-0670,2022,2022-05-01,2022-05-31,23.7,aquathol_k (gals),Endothall,S_1794,Y,Briggs,71014600,219.68,0.1079,CLP
2017-1046,2017,2017-05-01,2017-05-31,23.198,aquathol_k (gals),Endothall,S_201,Y,Minnetonka-Crystal Bay,27013310,317.36,0.0731,CLP
2017-0664,2017,2017-05-01,2017-05-31,23.1,aquathol_k (gals),Endothall,S_113,Y,South Center,13002700,544.51,0.0424,CLP
2018-0988,2019,2019-06-01,2019-06-30,23,aquathol_k (gals),Endothall,S_846,Y,Toad,03010700,557.91,0.0412,CLP
2017-0619,2017,2017-05-01,2017-05-31,22.9,aquathol_k (gals),Endothall,S_102,Y,Mazaska,66003900,333,0.0688,CLP
2017-0619,2018,2018-05-01,2018-05-31,22.9,aquathol_k (gals),Endothall,S_392,Y,Mazaska,66003900,333,0.0688,CLP
2017-1881,2018,2018-05-01,2018-05-31,22.9,diquat (gals),Diquat Dibromide,S_478,Y,Minnetonka-Upper Lake,27013305,1699.3,0.0135,CLP
2017-0619,2019,2019-05-01,2019-05-31,22.9,aquathol_k (gals),Endothall,S_675,Y,Mazaska,66003900,333,0.0688,CLP
2018-1865,2021,2021-06-01,2021-06-30,22.8,diquat (gals),Diquat Dibromide,S_1486,Y,Lotus,10000600,182.41,0.125,CLP
2018-2174,2022,2022-07-01,2022-07-31,22.7,,,S_1833,Y,Maple,86013400,NA,NA,EWM
2017-0524,2021,2021-05-01,2021-05-31,22.65,diquat (gals),Diquat Dibromide,S_1287,Y,Spring,70005400,282.83,0.0801,CLP
2017-1881,2019,2019-05-01,2019-05-31,22.5,diquat (gals),Diquat Dibromide,S_757,Y,Minnetonka-Upper Lake,27013305,1699.3,0.0132,CLP
2017-1656,2021,2021-05-01,2021-05-31,22.3,diquat (gals),Diquat Dibromide,S_1376,Y,Riley,10000200,110.08,0.2026,CLP
2017-2634,2022,2022-08-01,2022-08-31,22.3,diquat (gals),Diquat Dibromide,S_1749,Y,Forest,82015900,1561.19,0.0143,EWM
2018-3356,2019,2019-08-01,2019-08-31,22.2,hydrothol_liquid (gals),Endothall,S_877,Y,Koronis (main lake),73020002,1146.64,0.0194,SS
2017-0480,2017,2017-05-01,2017-05-31,22.1,aquathol_k (gals),Endothall,S_74,Y,Briggs,71014600,219.68,0.1006,CLP
2017-0492,2018,2018-07-01,2018-07-31,22.1,alligare (gals),"2,4-D",S_373,Y,John,86028800,284.53,0.0777,EWM
2018-1014,2021,2021-05-01,2021-05-31,22.1,aquathol_k (gals),Endothall,S_1469,Y,Duck,07005300,247.13,0.0894,CLP
2018-1014,2022,2022-05-01,2022-05-31,22.1,aquathol_k (gals),Endothall,S_1814,Y,Duck,07005300,247.13,0.0894,CLP
2017-0038,2017,2017-05-01,2017-05-31,22,aquathol_k (gals),Endothall,S_40,Y,Knife,33002800,1259.21,0.0175,CLP
2017-0417,2017,2017-05-01,2017-05-31,22,alligare (gals),"2,4-D",S_58,Y,Lower Prior,70002600,589.7,0.0373,EWM
2017-0038,2018,2018-05-01,2018-05-31,22,aquathol_k (gals),Endothall,S_348,Y,Knife,33002800,1259.21,0.0175,CLP
2017-0040,2021,2021-05-01,2021-05-31,22,aquathol_k (gals),Endothall,S_1262,Y,Cedar Island,73013300,NA,NA,CLP
2018-0988,2021,2021-06-01,2021-06-30,22,aquathol_super_k (lbs),Endothall,S_1467,Y,Toad,03010700,557.91,0.0394,CLP
2021-2937,2022,2022-09-01,2022-09-30,22,,,S_1939,Y,Belle Lake,47004901,376.55,0.0584,EWM
2018-0728,2018,2018-05-01,2018-05-31,21.91,aquathol_k (gals),Endothall,S_563,Y,Orono,71001300,246.64,0.0888,CLP
2017-1827,2020,2020-05-01,2020-05-31,21.9,aquathol_k (gals),Endothall,S_1048,Y,Crow Wing,18015500,202.02,0.1084,CLP
2021-1676,2021,2021-05-01,2021-05-31,21.8,aquathol_k (gals),Endothall,S_1607,Y,Willmar (main bay),34018001,NA,NA,CLP
2017-1307,2017,2017-05-01,2017-05-31,21.77,aquathol_k (gals),Endothall,S_240,Y,Clear,81001401,563.67,0.0386,CLP
2017-1307,2018,2018-05-01,2018-05-31,21.77,aquathol_k (gals),Endothall,S_449,Y,Clear,81001401,563.67,0.0386,CLP
2017-1039,2017,2017-07-01,2017-07-31,21.5,"diquat (gals), triclopyr_14_percent (lbs)","Diquat Dibromide, Triclopyr",S_195,Y,Minnetonka-Grays Bay,27013301,164.54,0.1307,EWM
2021-0373,2021,2021-07-01,2021-07-31,21.5,dma4_ivm (gals),"2,4-D",S_1581,Y,Madison,07004400,1026.22,0.021,EWM
2017-1784,2020,2020-05-01,2020-05-31,21.3,diquat (gals),Diquat Dibromide,S_1046,Y,Bass,27009800,149.28,0.1427,CLP
2018-0408,2018,2018-05-01,2018-05-31,21.1,aquathol_k (gals),Endothall,S_545,Y,Serpent,18009000,301.12,0.0701,CLP
2020-0260,2021,2021-05-01,2021-05-31,21.1,diquat (gals),Diquat Dibromide,S_1553,Y,Eagle,27011101,203.29,0.1038,CLP
2017-0754,2017,2017-05-01,2017-05-31,21,aquathol_k (gals),Endothall,S_139,Y,Fannie,30004300,268.23,0.0783,CLP
2017-1784,2022,2022-05-01,2022-05-31,20.89,diquat (gals),Diquat Dibromide,S_1731,Y,Bass,27009800,149.28,0.1399,CLP
2022-0286,2022,2022-06-01,2022-06-30,20.8,diquat (gals),Diquat Dibromide,S_1962,Y,Lotus,10000600,182.41,0.114,"CLP, EWM"
2017-1985,2019,2019-10-01,2019-10-31,20.74,,,S_763,Y,Bay,18003400,878.98,0.0236,EWM
2017-0609,2018,2018-06-01,2018-06-30,20.7,"alligare (gals), diquat (gals)","2,4-D, Diquat Dibromide",S_390,Y,Zumbra-Sunny,10004100,156.44,0.1323,EWM
2017-0609,2019,2019-06-01,2019-06-30,20.7,diquat (gals),Diquat Dibromide,S_673,Y,Zumbra-Sunny,10004100,156.44,0.1323,EWM
2017-0609,2020,2020-06-01,2020-06-30,20.7,diquat (gals),Diquat Dibromide,S_969,Y,Zumbra-Sunny,10004100,156.44,0.1323,EWM
2018-1865,2019,2019-05-01,2019-05-31,20.6,diquat (gals),Diquat Dibromide,S_862,Y,Lotus,10000600,182.41,0.1129,CLP
2017-2726,2017,2017-07-01,2017-07-31,20.5,diquat (gals),Diquat Dibromide,S_304,Y,Sarah,27019100,NA,NA,EWM
2018-0371,2021,2021-05-01,2021-05-31,20.5,aquathol_k (gals),Endothall,S_1439,Y,Alexander,49007900,843.85,0.0243,CLP
2017-0449,2017,2017-05-01,2017-05-31,20.4,aquathol_k (gals),Endothall,S_64,Y,Long,30007200,381.58,0.0535,CLP
2017-1784,2019,2019-05-01,2019-05-31,20.4,diquat (gals),Diquat Dibromide,S_754,Y,Bass,27009800,149.28,0.1367,CLP
2019-0132,2021,2021-05-01,2021-05-31,20.3,aquathol_k (gals),Endothall,S_1503,Y,Sibley,18040400,274.5,0.074,CLP
2020-0139,2022,2022-05-01,2022-05-31,20.3,aquathol_k (gals),Endothall,S_1880,Y,Lower Cullen,18040300,201.25,0.1009,CLP
2018-2556,2018,2018-07-01,2018-07-31,20.2,alligare (gals),"2,4-D",S_621,Y,Stella,47006800,300.41,0.0672,EWM
2017-0620,2019,2019-05-01,2019-05-31,20.2,aquathol_k (gals),Endothall,S_676,Y,Quamba,33001500,226.37,0.0892,CLP
2019-1617,2019,2019-05-01,2019-05-31,20.2,diquat (gals),Diquat Dibromide,S_908,Y,Minnetonka-Lower Lake,27013302,2059.41,0.0098,CLP
2017-1656,2017,2017-05-01,2017-05-31,20,aquathol_k (gals),Endothall,S_267,Y,Riley,10000200,110.08,0.1817,CLP
2017-1875,2017,2017-05-01,2017-05-31,20,aquathol_k (gals),Endothall,S_282,Y,Diamond,34004400,649.45,0.0308,CLP
2017-1875,2018,2018-05-01,2018-05-31,20,aquathol_k (gals),Endothall,S_477,Y,Diamond,34004400,649.45,0.0308,CLP
2018-0544,2021,2021-05-01,2021-05-31,20,diquat (gals),Diquat Dibromide,S_1445,Y,Pleasant,86025100,291.24,0.0687,CLP
2021-0403,2021,2021-05-01,2021-05-31,20,diquat (gals),Diquat Dibromide,S_1586,Y,Zumbra-Sunny,10004100,156.44,0.1278,CLP
2018-0544,2022,2022-05-01,2022-05-31,20,diquat (gals),Diquat Dibromide,S_1790,Y,Pleasant,86025100,291.24,0.0687,CLP
2022-2426,2022,2022-08-01,2022-08-31,20,,,S_1991,Y,Ramsey,86012000,155.23,0.1288,EWM
2017-0621,2017,2017-05-01,2017-05-31,19.96,aquathol_k (gals),Endothall,S_103,Y,Linwood,02002600,484.91,0.0412,CLP
2017-0403,2017,2017-05-01,2017-05-31,19.92,aquathol_k (gals),Endothall,S_56,Y,Sugar,86023300,371.23,0.0537,CLP
2018-0994,2018,2018-05-01,2018-05-31,19.92,aquathol_k (gals),Endothall,S_580,Y,Sugar,86023300,371.23,0.0537,CLP
2017-1046,2018,2018-05-01,2018-05-31,19.9,diquat (gals),Diquat Dibromide,S_434,Y,Minnetonka-Crystal Bay,27013310,317.36,0.0627,CLP
2017-1881,2021,2021-05-01,2021-05-31,19.9,diquat (gals),Diquat Dibromide,S_1387,Y,Minnetonka-Upper Lake,27013305,1699.3,0.0117,CLP
2017-1985,2018,2018-06-01,2018-06-30,19.82,alligare (gals),"2,4-D",S_484,Y,Bay,18003400,878.98,0.0225,EWM
2021-1320,2022,2022-05-01,2022-05-31,19.8,aquathol_k (gals),Endothall,S_1928,Y,Hunt,66004700,148.64,0.1332,CLP
2017-2607,2017,2017-06-01,2017-06-30,19.68,"sculpin (lbs), triclopyr_14_percent (lbs)","2,4-D, Triclopyr",S_301,Y,Riley,10000200,110.08,0.1788,EWM
2017-0109,2017,2017-05-01,2017-05-31,19.6,aquathol_k (gals),Endothall,S_45,Y,Upper Sakatah,40000200,899.57,0.0218,CLP
2017-1154,2018,2018-05-01,2018-05-31,19.6,aquathol_k (gals),Endothall,S_441,Y,Bald Eagle,62000200,589.06,0.0333,CLP
2017-1083,2018,2018-05-01,2018-05-31,19.5,diquat (gals),Diquat Dibromide,S_437,Y,Coon,02004200,1331.96,0.0146,CLP
2019-1061,2021,2021-05-01,2021-05-31,19.5,diquat (gals),Diquat Dibromide,S_1510,Y,Upper Prior,70007200,310.51,0.0628,CLP
2017-1039,2022,2022-07-01,2022-07-31,19.5,diquat (gals),Diquat Dibromide,S_1692,Y,Minnetonka-Grays Bay,27013301,164.54,0.1185,EWM
2017-1470,2021,2021-05-01,2021-05-31,19.4,diquat (gals),Diquat Dibromide,S_1368,Y,Mink,86022900,251.82,0.077,CLP
2017-2804,2017,2017-07-01,2017-07-31,19.36,alligare (gals),"2,4-D",S_307,Y,Bald Eagle,62000200,589.06,0.0329,EWM
2017-0378,2017,2017-05-01,2017-05-31,19.11,aquathol_k (gals),Endothall,S_49,Y,Little Pelican,56076100,NA,NA,CLP
2017-0378,2018,2018-05-01,2018-05-31,19.11,aquathol_k (gals),Endothall,S_360,Y,Little Pelican,56076100,NA,NA,CLP
2017-1048,2020,2020-09-01,2020-09-30,19.1,triclopyr_14_percent (lbs),Triclopyr,S_1011,Y,Green,34007900,2119.75,0.009,EWM
2017-0522,2019,2019-05-01,2019-05-31,19,diquat (gals),Diquat Dibromide,S_660,Y,Hyland,27004800,83.91,0.2264,CLP
2020-2056,2021,2021-09-01,2021-09-30,19,diquat (gals),Diquat Dibromide,S_1561,Y,Minnetonka-Lower Lake,27013302,2059.41,0.0092,FR
2021-0389,2021,2021-07-01,2021-07-31,19,,,S_1584,Y,Minnie-Belle,47011900,175.76,0.1081,EWM
2020-0139,2021,2021-05-01,2021-05-31,18.9,aquathol_k (gals),Endothall,S_1541,Y,Lower Cullen,18040300,201.25,0.0939,CLP
2017-0820,2017,2017-05-01,2017-05-31,18.8,aquathol_k (gals),Endothall,S_147,Y,Cedar,86022700,276.72,0.0679,CLP
2017-0620,2021,2021-05-01,2021-05-31,18.5,aquathol_k (gals),Endothall,S_1300,Y,Quamba,33001500,226.37,0.0817,CLP
2017-0620,2022,2022-05-01,2022-05-31,18.5,aquathol_k (gals),Endothall,S_1660,Y,Quamba,33001500,226.37,0.0817,CLP
2017-1289,2017,2017-04-01,2017-04-30,18.48,aquathol_k (gals),Endothall,S_236,Y,North Brown's,73014700,124.49,0.1484,CLP
2017-0478,2017,2017-05-01,2017-05-31,18.41,aquathol_k (gals),Endothall,S_72,Y,Middle Cullen,18037700,137.49,0.1339,CLP
2021-1772,2022,2022-05-01,2022-05-31,18.25,diquat (gals),Diquat Dibromide,S_1933,Y,Minnetonka-Grays Bay,27013301,164.54,0.1109,CLP
2017-1083,2022,2022-05-01,2022-05-31,18.2,diquat (gals),Diquat Dibromide,S_1701,Y,Coon,02004200,1331.96,0.0137,CLP
2017-0615,2020,2020-05-01,2020-05-31,18.11,"aquathol_k (gals), diquat (gals)","Endothall, Diquat Dibromide",S_970,Y,Gleason,27009500,NA,NA,CLP
2017-1784,2021,2021-06-01,2021-06-30,18.02,diquat (gals),Diquat Dibromide,S_1382,Y,Bass,27009800,149.28,0.1207,CLP
2017-0753,2017,2017-05-01,2017-05-31,18,aquathol_k (gals),Endothall,S_138,Y,Mooney,27013400,NA,NA,CLP
2017-0615,2018,2018-05-01,2018-05-31,18,"aquathol_k (gals), diquat (gals)","Endothall, Diquat Dibromide",S_391,Y,Gleason,27009500,NA,NA,CLP
2018-1512,2018,2018-05-01,2018-05-31,18,diquat (gals),Diquat Dibromide,S_603,Y,Weaver,27011700,73.24,0.2458,CLP
2017-1500,2019,2019-07-01,2019-07-31,18,alligare (gals),"2,4-D",S_744,Y,Ballantyne,07005400,328.59,0.0548,EWM
2017-1500,2019,2019-07-01,2019-07-31,18,dma4_ivm (gals),"2,4-D",S_745,Y,Ballantyne,07005400,328.59,0.0548,EWM
2018-0849,2019,2019-05-01,2019-05-31,18,diquat (gals),Diquat Dibromide,S_836,Y,North Brown's,73014700,124.49,0.1446,CLP
2018-0333,2020,2020-07-01,2020-07-31,18,sculpin (lbs),"2,4-D",S_1103,Y,French,86027300,166.94,0.10780000000000001,EWM
2018-0849,2022,2022-05-01,2022-05-31,18,diquat (gals),Diquat Dibromide,S_1802,Y,North Brown's,73014700,124.49,0.1446,CLP
2018-1190,2022,2022-08-01,2022-08-31,18,,,S_1825,Y,Ripley (west portion),47013402,507.57,0.0355,EWM
2017-2140,2017,2017-07-01,2017-07-31,17.9,sculpin (lbs),"2,4-D",S_294,Y,French,86027300,166.94,0.1072,EWM
2020-0260,2020,2020-05-01,2020-05-31,17.8,diquat (gals),Diquat Dibromide,S_1230,Y,Eagle,27011101,203.29,0.0876,CLP
2017-2765,2022,2022-06-01,2022-06-30,17.8,dma4_ivm (gals),"2,4-D",S_1751,Y,Rays,40005600,151.1,0.1178,EWM
2018-0787,2018,2018-06-01,2018-06-30,17.7,aquathol_k (gals),Endothall,S_566,Y,Roberds,66001800,486.89,0.0364,CLP
2019-1061,2020,2020-05-01,2020-05-31,17.7,diquat (gals),Diquat Dibromide,S_1184,Y,Upper Prior,70007200,310.51,0.057,CLP
2017-2609,2019,2019-06-01,2019-06-30,17.64,alligare (gals),"2,4-D",S_771,Y,Minnie-Belle,47011900,175.76,0.1004,EWM
2017-0961,2017,2017-08-01,2017-08-31,17.6,alligare (gals),"2,4-D",S_172,Y,Green,13004100,NA,NA,EWM
2017-0582,2019,2019-05-01,2019-05-31,17.6,diquat (gals),Diquat Dibromide,S_671,Y,O'Dowd,70009500,273.58,0.0643,CLP
2018-0849,2018,2018-05-01,2018-05-31,17.5,diquat (gals),Diquat Dibromide,S_569,Y,North Brown's,73014700,124.49,0.1406,CLP
2017-0582,2022,2022-06-01,2022-06-30,17.5,diquat (gals),Diquat Dibromide,S_1657,Y,O'Dowd,70009500,273.58,0.064,CLP
2017-0434,2019,2019-07-01,2019-07-31,17.4,triclopyr_44_percent (gals),Triclopyr,S_648,Y,Sturgeon,58006700,727.33,0.0239,EWM
2017-1038,2019,2019-07-01,2019-07-31,17.4,diquat (gals),Diquat Dibromide,S_710,Y,Minnetonka-Carsons Bay,27013303,78.86,0.2206,EWM
2018-0247,2018,2018-08-01,2018-08-31,17.15,sculpin (lbs),"2,4-D",S_531,Y,Upper Mission,18024200,285.46,0.0601,EWM
2017-0609,2017,2017-06-01,2017-06-30,17,"alligare (gals), navigate (lbs)","2,4-D",S_98,Y,Zumbra-Sunny,10004100,156.44,0.1087,EWM
2017-0973,2017,2017-05-01,2017-05-31,16.72,aquathol_k (gals),Endothall,S_175,Y,Sebie,18016100,NA,NA,CLP
2017-1081,2017,2017-07-01,2017-07-31,16.7,sculpin (lbs),"2,4-D",S_214,Y,Upper Mission,18024200,285.46,0.0585,EWM
2020-0449,2020,2020-05-01,2020-05-31,16.7,diquat (gals),Diquat Dibromide,S_1233,Y,Normandale,27104501,NA,NA,CLP
2017-1656,2022,2022-05-01,2022-05-31,16.7,diquat (gals),Diquat Dibromide,S_1726,Y,Riley,10000200,110.08,0.1517,CLP
2017-0442,2019,2019-06-01,2019-06-30,16.65,alligare (gals),"2,4-D",S_650,Y,Big,71008200,116.41,0.143,EWM
2017-1043,2017,2017-06-01,2017-06-30,16.6,triclopyr_14_percent (lbs),Triclopyr,S_199,Y,Minnetonka-St. Albans Bay,27013304,103.16,0.1609,EWM
2018-0787,2019,2019-05-01,2019-05-31,16.6,aquathol_k (gals),Endothall,S_834,Y,Roberds,66001800,486.89,0.0341,CLP
2021-2937,2021,2021-08-01,2021-08-31,16.6,,,S_1617,Y,Belle Lake,47004901,376.55,0.0441,EWM
2017-0917,2018,2018-05-01,2018-05-31,16.55,aquathol_k (gals),Endothall,S_419,Y,Forest,82015900,1561.19,0.0106,CLP
2017-0566,2017,2017-05-01,2017-05-31,16.5,aquathol_k (gals),Endothall,S_93,Y,McMahon,70005000,162.26,0.1017,CLP
2017-0566,2018,2018-05-01,2018-05-31,16.5,aquathol_k (gals),Endothall,S_386,Y,McMahon,70005000,162.26,0.1017,CLP
2017-0038,2019,2019-05-01,2019-05-31,16.5,aquathol_k (gals),Endothall,S_640,Y,Knife,33002800,1259.21,0.0131,CLP
2017-0566,2019,2019-05-01,2019-05-31,16.5,diquat (gals),Diquat Dibromide,S_668,Y,McMahon,70005000,162.26,0.1017,CLP
2017-0827,2019,2019-07-01,2019-07-31,16.5,,,S_692,Y,Minnewashta,10000900,337.89,0.0488,EWM
2017-0566,2020,2020-05-01,2020-05-31,16.5,diquat (gals),Diquat Dibromide,S_967,Y,McMahon,70005000,162.26,0.1017,CLP
2020-1308,2020,2020-05-01,2020-05-31,16.5,aquathol_k (gals),Endothall,S_1242,Y,Preston,65000200,660.85,0.025,CLP
2017-0566,2022,2022-05-01,2022-05-31,16.5,diquat (gals),Diquat Dibromide,S_1655,Y,McMahon,70005000,162.26,0.1017,CLP
2017-1080,2017,2017-05-01,2017-05-31,16.4,aquathol_k (gals),Endothall,S_213,Y,Upper Mission,18024200,285.46,0.0575,CLP
2017-0645,2017,2017-05-01,2017-05-31,16.2,aquathol_k (gals),Endothall,S_105,Y,Thole,70012001,118.52,0.1367,CLP
2018-0117,2018,2018-05-01,2018-05-31,16.2,aquathol_k (gals),Endothall,S_514,Y,Winsted,43001200,382.44,0.0424,CLP
2018-0294,2022,2022-05-01,2022-05-31,16.2,diquat (gals),Diquat Dibromide,S_1780,Y,Upper Twin,27004201,123.5,0.1312,CLP
2019-0017,2019,2019-10-01,2019-10-31,16.1,alligare (gals),"2,4-D",S_883,Y,Emily,18020300,720.62,0.0223,EWM
2017-0525,2018,2018-06-01,2018-06-30,16,diquat (gals),Diquat Dibromide,S_379,Y,DeMontreville,82010100,142.62,0.1122,EWM
2017-1656,2020,2020-05-01,2020-05-31,16,diquat (gals),Diquat Dibromide,S_1042,Y,Riley,10000200,110.08,0.1453,CLP
2021-0081,2021,2021-04-01,2021-04-30,16,aquathol_k (gals),Endothall,S_1576,Y,Wilhelm,86002000,106.73,0.1499,CLP
2018-0898,2022,2022-05-01,2022-05-31,16,diquat (gals),Diquat Dibromide,S_1807,Y,Blue,30010700,NA,NA,CLP
2020-1556,2020,2020-07-01,2020-07-31,15.81,diquat (gals),Diquat Dibromide,S_1243,Y,Oak,10009300,360.47,0.0439,"CLP, EWM"
2018-0898,2019,2019-05-01,2019-05-31,15.8,aquathol_k (gals),Endothall,S_841,Y,Blue,30010700,NA,NA,CLP
2017-1063,2017,2017-05-01,2017-05-31,15.7,aquathol_k (gals),Endothall,S_208,Y,Blue,30010700,NA,NA,CLP
2017-1656,2018,2018-05-01,2018-05-31,15.7,diquat (gals),Diquat Dibromide,S_467,Y,Riley,10000200,110.08,0.1426,CLP
2019-2034,2021,2021-06-01,2021-06-30,15.7,dma4_ivm (gals),"2,4-D",S_1517,Y,Reeds,81005500,113.11,0.1388,EWM
2017-1035,2018,2018-05-01,2018-05-31,15.69,aquathol_k (gals),Endothall,S_425,Y,Louisa,86028200,129.57,0.1211,CLP
2017-0996,2017,2017-05-01,2017-05-31,15.5,,,S_177,Y,Allie,65000600,509.12,0.0304,CLP
2017-1041,2017,2017-06-01,2017-06-30,15.5,"diquat (gals), triclopyr_14_percent (lbs)","Diquat Dibromide, Triclopyr",S_197,Y,Minnetonka-Upper Lake,27013305,1699.3,0.0091,EWM
2018-0371,2020,2020-05-01,2020-05-31,15.4,aquathol_k (gals),Endothall,S_1106,Y,Alexander,49007900,843.85,0.0182,CLP
2017-1666,2018,2018-06-01,2018-06-30,15.3,aquathol_k (gals),Endothall,S_470,Y,Dixon,31092100,480,0.0319,CLP
2018-1865,2018,2018-05-01,2018-05-31,15.3,diquat (gals),Diquat Dibromide,S_609,Y,Lotus,10000600,182.41,0.0839,CLP
2017-0525,2020,2020-06-01,2020-06-30,15.3,diquat (gals),Diquat Dibromide,S_961,Y,DeMontreville,82010100,142.62,0.1073,EWM
2018-0345,2020,2020-05-01,2020-05-31,15.3,aquathol_k (gals),Endothall,S_1105,Y,John,86028800,284.53,0.0538,CLP
2018-0345,2021,2021-05-01,2021-05-31,15.3,aquathol_k (gals),Endothall,S_1438,Y,John,86028800,284.53,0.0538,CLP
2018-0345,2022,2022-05-01,2022-05-31,15.3,aquathol_k (gals),Endothall,S_1784,Y,John,86028800,284.53,0.0538,CLP
2017-0743,2017,2017-05-01,2017-05-31,15.26,aquathol_k (gals),Endothall,S_133,Y,Gun,01009900,370.28,0.0412,CLP
2017-0524,2019,2019-05-01,2019-05-31,15.17,diquat (gals),Diquat Dibromide,S_661,Y,Spring,70005400,282.83,0.0536,CLP
2017-1046,2019,2019-05-01,2019-05-31,15.1,diquat (gals),Diquat Dibromide,S_717,Y,Minnetonka-Crystal Bay,27013310,317.36,0.0476,CLP
2022-2508,2022,2022-07-01,2022-07-31,15.1,,,S_1992,Y,Horseshoe,73015700,341.05,0.0443,EWM
2017-0365,2017,2017-04-01,2017-04-30,15,aquathol_k (gals),Endothall,S_46,Y,Long,47017700,787.03,0.0191,CLP
2017-2765,2017,2017-07-01,2017-07-31,15,dma4_ivm (gals),"2,4-D",S_305,Y,Rays,40005600,151.1,0.0993,EWM
2017-1500,2018,2018-06-01,2018-06-30,15,alligare (gals),"2,4-D",S_460,Y,Ballantyne,07005400,328.59,0.0456,EWM
2017-3595,2019,2019-08-01,2019-08-31,15,,,S_783,Y,Manuella,47005000,114.89,0.1306,EWM
2018-0544,2019,2019-05-01,2019-05-31,15,diquat (gals),Diquat Dibromide,S_821,Y,Pleasant,86025100,291.24,0.0515,CLP
2018-3101,2019,2019-08-01,2019-08-31,15,"copper_sulfate (lbs), hydrothol_liquid (gals)","Copper Sulfate, Endothall",S_874,Y,Medicine,27010400,434.53,0.0345,SS
2017-0442,2021,2021-08-01,2021-08-31,15,,,S_1278,Y,Big,71008200,116.41,0.1289,EWM
2017-0442,2022,2022-08-01,2022-08-31,15,aquacide (lbs),"2,4-D",S_1639,Y,Big,71008200,116.41,0.1289,EWM
2020-0260,2022,2022-05-01,2022-05-31,15,diquat (gals),Diquat Dibromide,S_1890,Y,Eagle,27011101,203.29,0.0738,CLP
2017-0524,2020,2020-05-01,2020-05-31,14.92,diquat (gals),Diquat Dibromide,S_960,Y,Spring,70005400,282.83,0.0528,CLP
2017-0521,2017,2017-05-01,2017-05-31,14.9,aquathol_k (gals),Endothall,S_82,Y,Elk,71005500,360.05,0.0414,CLP
2018-0544,2018,2018-05-01,2018-05-31,14.9,aquathol_k (gals),Endothall,S_551,Y,Pleasant,86025100,291.24,0.0512,CLP
2018-1027,2018,2018-05-01,2018-05-31,14.9,aquathol_k (gals),Endothall,S_584,Y,Elk,71005500,360.05,0.0414,CLP
2018-1027,2019,2019-05-01,2019-05-31,14.9,aquathol_k (gals),Endothall,S_850,Y,Elk,71005500,360.05,0.0414,CLP
2018-1027,2020,2020-05-01,2020-05-31,14.9,aquathol_k (gals),Endothall,S_1140,Y,Elk,71005500,360.05,0.0414,CLP
2017-1040,2021,2021-06-01,2021-06-30,14.9,diquat (gals),Diquat Dibromide,S_1338,Y,Minnetonka-Lower Lake,27013302,2059.41,0.0072,EWM
2017-1043,2021,2021-08-01,2021-08-31,14.9,diquat (gals),Diquat Dibromide,S_1341,Y,Minnetonka-St. Albans Bay,27013304,103.16,0.1444,EWM
2018-1027,2021,2021-05-01,2021-05-31,14.9,aquathol_k (gals),Endothall,S_1472,Y,Elk,71005500,360.05,0.0414,CLP
2018-1027,2022,2022-05-01,2022-05-31,14.9,aquathol_k (gals),Endothall,S_1817,Y,Elk,71005500,360.05,0.0414,CLP
2021-0373,2022,2022-06-01,2022-06-30,14.9,dma4_ivm (gals),"2,4-D",S_1913,Y,Madison,07004400,1026.22,0.0145,EWM
2017-2846,2017,2017-07-01,2017-07-31,14.87,dma4_ivm (gals),"2,4-D",S_308,Y,Reeds,81005500,113.11,0.1315,EWM
2017-0827,2017,2017-07-01,2017-07-31,14.85,alligare (gals),"2,4-D",S_152,Y,Minnewashta,10000900,337.89,0.0439,EWM
2017-0827,2018,2018-08-01,2018-08-31,14.85,alligare (gals),"2,4-D",S_410,Y,Minnewashta,10000900,337.89,0.0439,EWM
2017-1036,2017,2017-05-01,2017-05-31,14.8,aquathol_k (gals),Endothall,S_192,Y,Marie,73001400,124.97,0.1184,CLP
2017-0973,2021,2021-05-01,2021-05-31,14.8,aquathol_k (gals),Endothall,S_1327,Y,Sebie,18016100,NA,NA,CLP
2020-2645,2022,2022-08-01,2022-08-31,14.8,alligare (gals),"2,4-D",S_1899,Y,Lower Spunk,73012300,129.34,0.1144,EWM
2017-1885,2019,2019-05-01,2019-05-31,14.7,aquathol_k (gals),Endothall,S_758,Y,Mary,21009200,1096.45,0.0134,CLP
2017-1033,2020,2020-07-01,2020-07-31,14.7,sculpin (lbs),"2,4-D",S_997,Y,Florida,34021700,278.96,0.0527,EWM
2017-1885,2020,2020-05-01,2020-05-31,14.7,aquathol_k (gals),Endothall,S_1051,Y,Mary,21009200,1096.45,0.0134,CLP
2019-2541,2019,2019-08-01,2019-08-31,14.65,,,S_915,Y,McKinney,31037000,NA,NA,EWM
2017-0437,2019,2019-07-01,2019-07-31,14.63,triclopyr_14_percent (lbs),Triclopyr,S_649,Y,Sand,58008100,234.85,0.0623,EWM
2017-0485,2017,2017-05-01,2017-05-31,14.5,aquathol_k (gals),Endothall,S_75,Y,Julia,71014500,151.82,0.0955,CLP
2017-0662,2017,2017-05-01,2017-05-31,14.5,aquathol_k (gals),Endothall,S_110,Y,North Center,13003200,NA,NA,CLP
2017-1217,2017,2017-05-01,2017-05-31,14.5,aquathol_k (gals),Endothall,S_233,Y,South School Section,82015100,83.84,0.1729,CLP
2017-1566,2017,2017-05-01,2017-05-31,14.5,aquathol_k (gals),Endothall,S_264,Y,Orchard,19003100,172.06,0.0843,CLP
2017-1042,2018,2018-05-01,2018-05-31,14.5,diquat (gals),Diquat Dibromide,S_432,Y,Minnetonka-St. Albans Bay,27013304,103.16,0.1406,CLP
2018-0423,2018,2018-05-01,2018-05-31,14.5,aquathol_k (gals),Endothall,S_547,Y,Pulaski (main bay),86005302,138.77,0.1045,CLP
2018-0672,2018,2018-05-01,2018-05-31,14.5,aquathol_k (gals),Endothall,S_562,Y,Julia,71014500,151.82,0.0955,CLP
2018-2174,2018,2018-06-01,2018-06-30,14.5,triclopyr_14_percent (lbs),Triclopyr,S_616,Y,Maple,86013400,NA,NA,EWM
2017-1217,2021,2021-05-01,2021-05-31,14.5,aquathol_k (gals),Endothall,S_1357,Y,South School Section,82015100,83.84,0.1729,CLP
2017-3184,2022,2022-09-01,2022-09-30,14.5,,,S_1756,Y,Orchard,19003100,172.06,0.0843,EWM
2022-0227,2022,2022-07-01,2022-07-31,14.43,,,S_1959,Y,Eagle,71006700,319.49,0.0452,EWM
2017-0828,2019,2019-06-01,2019-06-30,14.4,,,S_693,Y,Pulaski (main bay),86005302,138.77,0.1038,EWM
2017-0892,2020,2020-05-01,2020-05-31,14.4,aquathol_k (gals),Endothall,S_990,Y,Beebe,86002300,179.49,0.0802,CLP
2018-0247,2020,2020-07-01,2020-07-31,14.4,,,S_1098,Y,Upper Mission,18024200,285.46,0.0504,EWM
2017-0892,2021,2021-04-01,2021-04-30,14.4,aquathol_k (gals),Endothall,S_1323,Y,Beebe,86002300,179.49,0.0802,CLP
2017-1083,2020,2020-05-01,2020-05-31,14.35,diquat (gals),Diquat Dibromide,S_1016,Y,Coon,02004200,1331.96,0.0108,CLP
2019-1061,2019,2019-05-01,2019-05-31,14.3,diquat (gals),Diquat Dibromide,S_899,Y,Upper Prior,70007200,310.51,0.0461,CLP
2017-1048,2017,2017-08-01,2017-08-31,14.25,triclopyr_14_percent (lbs),Triclopyr,S_203,Y,Green,34007900,2119.75,0.0067,EWM
2018-0333,2018,2018-07-01,2018-07-31,14.2,sculpin (lbs),"2,4-D",S_536,Y,French,86027300,166.94,0.0851,EWM
2017-1035,2019,2019-05-01,2019-05-31,14.2,aquathol_k (gals),Endothall,S_707,Y,Louisa,86028200,129.57,0.1096,CLP
16W-3A046,2016,2016-05-01,2016-05-31,14.14,other (gals),Other,S_10,Y,Minnetonka-Carsons Bay,27013303,78.86,0.1793,CLP
2017-3692,2019,2019-10-01,2019-10-31,14,navigate (lbs),"2,4-D",S_786,Y,Clearwater,18003800,338.34,0.0414,EWM
2019-1137,2019,2019-05-01,2019-05-31,14,diquat (gals),Diquat Dibromide,S_901,Y,Rogers,19008000,102.34,0.1368,CLP
2019-1137,2020,2020-05-01,2020-05-31,14,aquathol_k (gals),Endothall,S_1186,Y,Rogers,19008000,102.34,0.1368,CLP
2017-1978,2022,2022-06-01,2022-06-30,14,diquat (gals),Diquat Dibromide,S_1739,Y,Jane,82010400,109.71,0.1276,EWM
2020-0924,2022,2022-05-01,2022-05-31,14,aquathol_k (gals),Endothall,S_1895,Y,Little Birch,77008900,271.94,0.0515,CLP
2022-0469,2022,2022-06-01,2022-06-30,14,"diquat (gals), triclopyr_44_percent (gals)","Diquat Dibromide, Triclopyr",S_1976,Y,Keller,19002500,NA,NA,EWM
2017-1037,2017,2017-05-01,2017-05-31,13.9,aquathol_k (gals),Endothall,S_193,Y,Minnetonka-Carsons Bay,27013303,78.86,0.1763,CLP
2017-1512,2017,2017-06-01,2017-06-30,13.9,triclopyr_14_percent (lbs),Triclopyr,S_258,Y,Chub,09000800,172.92,0.0804,EWM
2017-1985,2019,2019-06-01,2019-06-30,13.9,alligare (gals),"2,4-D",S_764,Y,Bay,18003400,878.98,0.0158,EWM
2017-1035,2017,2017-05-01,2017-05-31,13.85,aquathol_k (gals),Endothall,S_191,Y,Louisa,86028200,129.57,0.1069,CLP
2017-2184,2018,2018-05-01,2018-05-31,13.8,diquat (gals),Diquat Dibromide,S_488,Y,Crooked,02008400,84.02,0.1642,CLP
2021-0311,2022,2022-05-01,2022-05-31,13.8,aquathol_k (gals),Endothall,S_1911,Y,Allie,65000600,509.12,0.0271,CLP
2022-1986,2022,2022-06-01,2022-06-30,13.8,"diquat (gals), flumioxazin (lbs)","Diquat Dibromide, Flumioxazin",S_1983,Y,Owasso,62005600,284.18,0.0486,EWM
2017-0402,2017,2017-05-01,2017-05-31,13.7,aquathol_k (gals),Endothall,S_55,Y,Bass,86023400,95.96,0.1428,CLP
2017-0819,2018,2018-08-01,2018-08-31,13.6,alligare (gals),"2,4-D",S_407,Y,Alexander,49007900,843.85,0.0161,EWM
2017-0442,2017,2017-07-01,2017-07-31,13.59,other (gals),Other,S_61,Y,Big,71008200,116.41,0.1167,EWM
2017-0442,2018,2018-07-01,2018-07-31,13.59,alligare (gals),"2,4-D",S_367,Y,Big,71008200,116.41,0.1167,EWM
2017-0703,2020,2020-05-01,2020-05-31,13.53,diquat (gals),Diquat Dibromide,S_978,Y,Skogman,30002200,129.77,0.1043,CLP
2017-2726,2018,2018-06-01,2018-06-30,13.52,diquat (gals),Diquat Dibromide,S_494,Y,Sarah,27019100,NA,NA,EWM
2017-0653,2022,2022-06-01,2022-06-30,13.51,diquat (gals),Diquat Dibromide,S_1662,Y,Long,62006700,117.29,0.1152,EWM
2017-0703,2017,2017-05-01,2017-05-31,13.5,aquathol_k (gals),Endothall,S_125,Y,Skogman,30002200,129.77,0.104,CLP
2017-0703,2018,2018-05-01,2018-05-31,13.5,aquathol_k (gals),Endothall,S_400,Y,Skogman,30002200,129.77,0.104,CLP
2017-0703,2019,2019-05-01,2019-05-31,13.5,aquathol_k (gals),Endothall,S_684,Y,Skogman,30002200,129.77,0.104,CLP
2019-2034,2020,2020-07-01,2020-07-31,13.5,dma4_ivm (gals),"2,4-D",S_1193,Y,Reeds,81005500,113.11,0.1194,EWM
2017-1049,2017,2017-05-01,2017-05-31,13.45,aquathol_k (gals),Endothall,S_204,Y,Ham,02005300,190.45,0.0706,CLP
2017-0535,2018,2018-05-01,2018-05-31,13.4,aquathol_k (gals),Endothall,S_384,Y,Melissa,03047500,899.47,0.0149,CLP
2020-0147,2020,2020-06-01,2020-06-30,13.4,diquat (gals),Diquat Dibromide,S_1219,Y,Gervais,62000700,94.42,0.1419,CLP
2018-0334,2020,2020-05-01,2020-05-31,13.3,aquathol_k (gals),Endothall,S_1104,Y,Ida,21012300,1751.07,0.0076,CLP
2017-0525,2021,2021-06-01,2021-06-30,13.23,diquat (gals),Diquat Dibromide,S_1288,Y,DeMontreville,82010100,142.62,0.0928,EWM
2017-1037,2019,2019-05-01,2019-05-31,13.17,diquat (gals),Diquat Dibromide,S_709,Y,Minnetonka-Carsons Bay,27013303,78.86,0.167,CLP
2017-1092,2018,2018-07-01,2018-07-31,13.07,diquat (gals),Diquat Dibromide,S_438,Y,Coon,02004200,1331.96,0.0098,EWM
2017-1659,2021,2021-05-01,2021-05-31,13.04,diquat (gals),Diquat Dibromide,S_1378,Y,Red Rock,27007600,96.61,0.135,CLP
2017-0535,2017,2017-05-01,2017-05-31,13,aquathol_k (gals),Endothall,S_90,Y,Melissa,03047500,899.47,0.0145,CLP
2017-1659,2017,2017-05-01,2017-05-31,13,aquathol_k (gals),Endothall,S_270,Y,Red Rock,27007600,96.61,0.1346,CLP
2017-1659,2018,2018-05-01,2018-05-31,13,diquat (gals),Diquat Dibromide,S_469,Y,Red Rock,27007600,96.61,0.1346,CLP
2017-1917,2018,2018-05-01,2018-05-31,13,diquat (gals),Diquat Dibromide,S_480,Y,Mitchell,27007000,110.62,0.1175,CLP
2017-1659,2019,2019-05-01,2019-05-31,13,diquat (gals),Diquat Dibromide,S_751,Y,Red Rock,27007600,96.61,0.1346,CLP
2017-1659,2020,2020-05-01,2020-05-31,13,diquat (gals),Diquat Dibromide,S_1043,Y,Red Rock,27007600,96.61,0.1346,CLP
2017-1917,2020,2020-05-01,2020-05-31,13,diquat (gals),Diquat Dibromide,S_1052,Y,Mitchell,27007000,110.62,0.1175,CLP
2017-1659,2022,2022-05-01,2022-05-31,13,aquathol_k (gals),Endothall,S_1728,Y,Red Rock,27007600,96.61,0.1346,CLP
2018-0130,2022,2022-06-01,2022-06-30,13,,,S_1767,Y,South Center,13002700,544.51,0.0239,EWM
2019-2034,2022,2022-06-01,2022-06-30,13,diquat (gals),Diquat Dibromide,S_1857,Y,Reeds,81005500,113.11,0.1149,EWM
2017-1784,2017,2017-05-01,2017-05-31,12.9,aquathol_k (gals),Endothall,S_277,Y,Bass,27009800,149.28,0.0864,CLP
2018-0180,2018,2018-08-01,2018-08-31,12.9,alligare (gals),"2,4-D",S_522,Y,Clearwater,86025200,NA,NA,EWM
2018-1512,2019,2019-05-01,2019-05-31,12.85,diquat (gals),Diquat Dibromide,S_861,Y,Weaver,27011700,73.24,0.1755,CLP
2019-3248,2021,2021-08-01,2021-08-31,12.85,,,S_1533,Y,Fannie,30004300,268.23,0.0479,EWM
2017-1036,2018,2018-05-01,2018-05-31,12.84,aquathol_k (gals),Endothall,S_426,Y,Marie,73001400,124.97,0.1027,CLP
16W-3A061,2016,2016-05-01,2016-05-31,12.8,other (gals),Other,S_12,Y,Bass,27009800,149.28,0.0857,CLP
2018-1865,2020,2020-05-01,2020-05-31,12.8,diquat (gals),Diquat Dibromide,S_1156,Y,Lotus,10000600,182.41,0.0702,CLP
2017-1917,2021,2021-05-01,2021-05-31,12.8,diquat (gals),Diquat Dibromide,S_1388,Y,Mitchell,27007000,110.62,0.1157,CLP
2017-1978,2021,2021-05-01,2021-05-31,12.8,diquat (gals),Diquat Dibromide,S_1390,Y,Jane,82010400,109.71,0.1167,EWM
2018-2661,2019,2019-06-01,2019-06-30,12.7,,,S_871,Y,Shamineau,49012700,630.54,0.0201,EWM
2017-1037,2018,2018-05-01,2018-05-31,12.6,diquat (gals),Diquat Dibromide,S_427,Y,Minnetonka-Carsons Bay,27013303,78.86,0.1598,CLP
2017-2846,2018,2018-06-01,2018-06-30,12.5,dma4_ivm (gals),"2,4-D",S_498,Y,Reeds,81005500,113.11,0.1105,EWM
2020-0148,2020,2020-06-01,2020-06-30,12.5,diquat (gals),Diquat Dibromide,S_1220,Y,Kohlman,62000600,82.9,0.1508,CLP
2017-1917,2022,2022-05-01,2022-05-31,12.5,diquat (gals),Diquat Dibromide,S_1737,Y,Mitchell,27007000,110.62,0.113,CLP
2018-0648,2022,2022-07-01,2022-07-31,12.49,,,S_1791,Y,Cross,58011900,456.42,0.0274,CLP
2018-0994,2021,2021-05-01,2021-05-31,12.429,aquathol_k (gals),Endothall,S_1468,Y,Sugar,86023300,371.23,0.0335,CLP
2017-1500,2017,2017-07-01,2017-07-31,12.41,dma4_ivm (gals),"2,4-D",S_255,Y,Ballantyne,07005400,328.59,0.0378,EWM
2018-2778,2018,2018-07-01,2018-07-31,12.4,alligare (gals),"2,4-D",S_624,Y,Rush,71014700,160.82,0.0771,EWM
2017-1035,2020,2020-05-01,2020-05-31,12.4,aquathol_k (gals),Endothall,S_999,Y,Louisa,86028200,129.57,0.0957,CLP
2017-2765,2020,2020-07-01,2020-07-31,12.4,dma4_ivm (gals),"2,4-D",S_1066,Y,Rays,40005600,151.1,0.0821,EWM
2017-1032,2022,2022-07-01,2022-07-31,12.4,,,S_1685,Y,Charlotte,86001100,89.71,0.1382,EWM
2017-0582,2020,2020-05-01,2020-05-31,12.35,diquat (gals),Diquat Dibromide,S_968,Y,O'Dowd,70009500,273.58,0.0451,CLP
2017-1566,2021,2021-05-01,2021-05-31,12.31,diquat (gals),Diquat Dibromide,S_1375,Y,Orchard,19003100,172.06,0.0715,CLP
2017-1784,2018,2018-05-01,2018-05-31,12.3,aquathol_k (gals),Endothall,S_472,Y,Bass,27009800,149.28,0.0824,CLP
2017-0525,2017,2017-06-01,2017-06-30,12.26,dma4_ivm (gals),"2,4-D",S_85,Y,DeMontreville,82010100,142.62,0.086,EWM
2017-1470,2017,2017-04-01,2017-04-30,12.2,aquathol_k (gals),Endothall,S_250,Y,Mink,86022900,251.82,0.0484,CLP
2017-2870,2020,2020-07-01,2020-07-31,12.16,alligare (gals),"2,4-D",S_1069,Y,White Bear,82016700,1334.41,0.0091,EWM
2017-2870,2020,2020-06-01,2020-06-30,12.16,alligare (gals),"2,4-D",S_1070,Y,White Bear,82016700,1334.41,0.0091,EWM
2016-1535,2016,2016-09-01,2016-09-30,12.1,other (lbs),Other,S_22,Y,Roosevelt,11004300,302.23,0.04,EWM
2017-1826,2017,2017-05-01,2017-05-31,12,aquathol_k (gals),Endothall,S_279,Y,Grave,18011000,NA,NA,CLP
2017-1826,2018,2018-05-01,2018-05-31,12,diquat (gals),Diquat Dibromide,S_474,Y,Grave,18011000,NA,NA,CLP
2017-1978,2018,2018-06-01,2018-06-30,12,,,S_482,Y,Jane,82010400,109.71,0.1094,EWM
2017-0445,2019,2019-06-01,2019-06-30,12,"alligare (gals), aquathol_k (gals)","2,4-D, Endothall",S_651,Y,Mitchell,71008100,90.38,0.1328,EWM
2017-1978,2019,2019-06-01,2019-06-30,12,,,S_760,Y,Jane,82010400,109.71,0.1094,EWM
2017-2765,2019,2019-07-01,2019-07-31,12,dma4_ivm (gals),"2,4-D",S_774,Y,Rays,40005600,151.1,0.0794,EWM
2018-0737,2019,2019-05-01,2019-05-31,12,aquathol_k (gals),Endothall,S_832,Y,Sauk,77015000,NA,NA,CLP
2018-0246,2022,2022-08-01,2022-08-31,12,,,S_1776,Y,Lower Mission,18024300,470.59,0.0255,EWM
2018-0242,2021,2021-05-01,2021-05-31,11.9,aquathol_k (gals),Endothall,S_1429,Y,Lower Mission,18024300,470.59,0.0253,CLP
2018-0652,2021,2021-05-01,2021-05-31,11.9,diquat (gals),Diquat Dibromide,S_1449,Y,Crookneck,49013300,144.83,0.0822,CLP
2017-0445,2017,2017-07-01,2017-07-31,11.8,"alligare (gals), aquathol_k (gals)","2,4-D, Endothall",S_62,Y,Mitchell,71008100,90.38,0.1306,EWM
2017-1158,2017,2017-05-01,2017-05-31,11.8,aquathol_k (gals),Endothall,S_228,Y,Ann,33004000,591.81,0.0199,CLP
2017-0445,2018,2018-07-01,2018-07-31,11.8,"alligare (gals), aquathol_k (gals)","2,4-D, Endothall",S_368,Y,Mitchell,71008100,90.38,0.1306,EWM
2018-0833,2018,2018-05-01,2018-05-31,11.8,aquathol_k (gals),Endothall,S_567,Y,Ann,33004000,591.81,0.0199,CLP
2017-1032,2021,2021-08-01,2021-08-31,11.7,diquat (gals),Diquat Dibromide,S_1330,Y,Charlotte,86001100,89.71,0.1304,EWM
2017-1017,2017,2017-05-01,2017-05-31,11.55,aquathol_k (gals),Endothall,S_182,Y,Latimer,77010500,83.07,0.139,CLP
2018-0247,2021,2021-07-01,2021-07-31,11.5,,,S_1432,Y,Upper Mission,18024200,285.46,0.0403,EWM
2020-0449,2021,2021-05-01,2021-05-31,11.5,diquat (gals),Diquat Dibromide,S_1554,Y,Normandale,27104501,NA,NA,CLP
2017-1035,2022,2022-05-01,2022-05-31,11.5,aquathol_k (gals),Endothall,S_1688,Y,Louisa,86028200,129.57,0.0888,CLP
2017-2151,2017,2017-07-01,2017-07-31,11.46,diquat (gals),Diquat Dibromide,S_295,Y,Detroit,03038100,1868.58,0.0061,FR
2017-0045,2017,2017-05-01,2017-05-31,11.4,aquathol_k (gals),Endothall,S_43,Y,Horseshoe,73015700,341.05,0.0334,CLP
2017-0047,2021,2021-05-01,2021-05-31,11.4,aquathol_k (gals),Endothall,S_1267,Y,Long,73013900,331.23,0.0344,CLP
2017-1827,2018,2018-05-01,2018-05-31,11.36,aquathol_k (gals),Endothall,S_475,Y,Crow Wing,18015500,202.02,0.0562,CLP
2017-1827,2019,2019-05-01,2019-05-31,11.36,aquathol_k (gals),Endothall,S_756,Y,Crow Wing,18015500,202.02,0.0562,CLP
16W-3A023,2016,2016-10-01,2016-10-31,11.3,other (gals),Other,S_7,Y,Ham,02005300,190.45,0.0593,EWM
2020-0924,2020,2020-05-01,2020-05-31,11.3,aquathol_k (gals),Endothall,S_1240,Y,Little Birch,77008900,271.94,0.0416,CLP
2020-0120,2021,2021-05-01,2021-05-31,11.3,aquathol_k (gals),Endothall,S_1536,Y,Knaus,73008600,209.7,0.053900000000000003,CLP
2020-0924,2021,2021-05-01,2021-05-31,11.3,aquathol_k (gals),Endothall,S_1559,Y,Little Birch,77008900,271.94,0.0416,CLP
2017-0935,2017,2017-07-01,2017-07-31,11.2,triclopyr_14_percent (lbs),Triclopyr,S_168,Y,Roosevelt,11004300,302.23,0.0371,EWM
2018-0750,2018,2018-05-01,2018-05-31,11.2,aquathol_k (gals),Endothall,S_565,Y,Cedar,86022700,276.72,0.0405,CLP
2022-1235,2022,2022-06-01,2022-06-30,11.2,diquat (gals),Diquat Dibromide,S_1979,Y,Minnetonka-Maxwell Bay,27013311,166.47,0.0673,CLP
2017-0930,2017,2017-07-01,2017-07-31,11.1,triclopyr_14_percent (lbs),Triclopyr,S_166,Y,Le Homme Dieu,21005600,879.66,0.0126,EWM
2017-1978,2017,2017-06-01,2017-06-30,11.1,dma4_ivm (gals),"2,4-D",S_289,Y,Jane,82010400,109.71,0.1012,EWM
2019-1554,2019,2019-05-01,2019-05-31,11.1,diquat (gals),Diquat Dibromide,S_907,Y,Josephine,62005700,78.88,0.1407,CLP
2018-3528,2018,2018-10-01,2018-10-31,11,,,S_639,Y,Crooked,02008400,84.02,0.1309,EWM
2017-1512,2019,2019-07-01,2019-07-31,11,,,S_747,Y,Chub,09000800,172.92,0.0636,EWM
2018-0652,2022,2022-06-01,2022-06-30,11,diquat (gals),Diquat Dibromide,S_1792,Y,Crookneck,49013300,144.83,0.076,CLP
2018-0833,2022,2022-05-01,2022-05-31,11,aquathol_k (gals),Endothall,S_1800,Y,Ann,33004000,591.81,0.0186,CLP
2017-1210,2017,2017-06-01,2017-06-30,10.92,triclopyr_14_percent (lbs),Triclopyr,S_232,Y,Big Marine,82005200,1180.44,0.0093,EWM
2020-0145,2020,2020-06-01,2020-06-30,10.9,diquat (gals),Diquat Dibromide,S_1218,Y,Keller (main bay),62001002,73.32,0.1487,CLP
2017-1034,2021,2021-07-01,2021-07-31,10.9,,,S_1332,Y,Granite,86021700,118.18,0.0922,EWM
2018-0419,2021,2021-05-01,2021-05-31,10.9,diquat (gals),Diquat Dibromide,S_1442,Y,George,34014200,113.71,0.0959,CLP
2017-0672,2017,2017-05-01,2017-05-31,10.8,aquathol_k (gals),Endothall,S_117,Y,Rush,71014700,160.82,0.0672,CLP
2018-0671,2018,2018-05-01,2018-05-31,10.8,aquathol_k (gals),Endothall,S_561,Y,Rush,71014700,160.82,0.0672,CLP
2022-3004,2022,2022-09-01,2022-09-30,10.8,diquat (gals),Diquat Dibromide,S_2004,Y,Minnetonka-Upper Lake,27013305,1699.3,0.0064,EWM
2017-0615,2021,2021-05-01,2021-05-31,10.73,diquat (gals),Diquat Dibromide,S_1299,Y,Gleason,27009500,NA,NA,CLP
2017-0615,2022,2022-05-01,2022-05-31,10.73,diquat (gals),Diquat Dibromide,S_1659,Y,Gleason,27009500,NA,NA,CLP
2017-2609,2018,2018-06-01,2018-06-30,10.7,alligare (gals),"2,4-D",S_492,Y,Minnie-Belle,47011900,175.76,0.0609,EWM
2017-0653,2018,2018-08-01,2018-08-31,10.65,diquat (gals),Diquat Dibromide,S_395,Y,Long,62006700,117.29,0.0908,EWM
2018-0737,2018,2018-05-01,2018-05-31,10.6,aquathol_k (gals),Endothall,S_564,Y,Sauk,77015000,NA,NA,CLP
2019-0858,2021,2021-09-01,2021-09-30,10.6,,,S_1507,Y,Skogman,30002200,129.77,0.0817,EWM
2020-0449,2022,2022-05-01,2022-05-31,10.59,diquat (gals),Diquat Dibromide,S_1892,Y,Normandale,27104501,NA,NA,CLP
2019-1137,2022,2022-05-01,2022-05-31,10.55,diquat (gals),Diquat Dibromide,S_1850,Y,Rogers,19008000,102.34,0.1031,CLP
2018-1174,2018,2018-06-01,2018-06-30,10.5,alligare (gals),"2,4-D",S_594,Y,Long,82003000,NA,NA,EWM
2017-0674,2017,2017-05-01,2017-05-31,10.4,aquathol_k (gals),Endothall,S_119,Y,Chisago,13001200,NA,NA,CLP
2018-0398,2018,2018-05-01,2018-05-31,10.4,aquathol_k (gals),Endothall,S_542,Y,Allie,65000600,509.12,0.0204,CLP
2017-1036,2019,2019-05-01,2019-05-31,10.4,aquathol_k (gals),Endothall,S_708,Y,Marie,73001400,124.97,0.0832,CLP
2017-1036,2020,2020-05-01,2020-05-31,10.4,aquathol_k (gals),Endothall,S_1000,Y,Marie,73001400,124.97,0.0832,CLP
2021-0460,2021,2021-08-01,2021-08-31,10.4,diquat (gals),Diquat Dibromide,S_1591,Y,Elk,71014100,356.88,0.0291,EWM
2021-0460,2022,2022-07-01,2022-07-31,10.4,diquat (gals),Diquat Dibromide,S_1922,Y,Elk,71014100,356.88,0.0291,EWM
2018-0187,2018,2018-05-01,2018-05-31,10.36,aquathol_k (gals),Endothall,S_525,Y,Latimer,77010500,83.07,0.1247,CLP
2018-0187,2019,2019-05-01,2019-05-31,10.36,aquathol_k (gals),Endothall,S_802,Y,Latimer,77010500,83.07,0.1247,CLP
2017-1036,2021,2021-05-01,2021-05-31,10.3,aquathol_k (gals),Endothall,S_1334,Y,Marie,73001400,124.97,0.0824,CLP
2018-0244,2019,2019-05-01,2019-05-31,10.2,aquathol_k (gals),Endothall,S_806,Y,Upper Mission,18024200,285.46,0.0357,CLP
2017-0045,2021,2021-05-01,2021-05-31,10.2,aquathol_k (gals),Endothall,S_1265,Y,Horseshoe,73015700,341.05,0.0299,CLP
2017-1035,2021,2021-05-01,2021-05-31,10.2,aquathol_k (gals),Endothall,S_1333,Y,Louisa,86028200,129.57,0.0787,CLP
2017-1507,2019,2019-05-01,2019-05-31,10.1,diquat (gals),Diquat Dibromide,S_746,Y,Maple,86013400,NA,NA,CLP
2017-1763,2017,2017-05-01,2017-05-31,10.09,aquathol_k (gals),Endothall,S_273,Y,Margaret,11022200,170.02,0.0593,CLP
2017-0645,2020,2020-05-01,2020-05-31,10.06,diquat (gals),Diquat Dibromide,S_973,Y,Thole,70012001,118.52,0.0849,CLP
16W-2B06,2016,2016-09-01,2016-09-30,10,other (lbs),Other,S_2,Y,Upper Mission,18024200,285.46,0.035,EWM
2017-1015,2017,2017-07-01,2017-07-31,10,triclopyr_44_percent (gals),Triclopyr,S_181,Y,Clear,47009500,479.66,0.0208,EWM
2017-1507,2017,2017-05-01,2017-05-31,10,aquathol_k (gals),Endothall,S_257,Y,Maple,86013400,NA,NA,CLP
2017-1034,2018,2018-08-01,2018-08-31,10,sculpin (lbs),"2,4-D",S_424,Y,Granite,86021700,118.18,0.0846,EWM
2017-1507,2018,2018-05-01,2018-05-31,10,aquathol_k (gals),Endothall,S_461,Y,Maple,86013400,NA,NA,CLP
2017-3595,2018,2018-09-01,2018-09-30,10,triclopyr_14_percent (lbs),Triclopyr,S_505,Y,Manuella,47005000,114.89,0.087,EWM
2018-0244,2018,2018-05-01,2018-05-31,10,aquathol_k (gals),Endothall,S_529,Y,Upper Mission,18024200,285.46,0.035,CLP
2019-2394,2019,2019-07-01,2019-07-31,10,,,S_912,Y,Waverly,86011400,146.75,0.0681,EWM
2018-0994,2020,2020-05-01,2020-05-31,10,aquathol_k (gals),Endothall,S_1137,Y,Sugar,86023300,371.23,0.0269,CLP
2018-0333,2022,2022-06-01,2022-06-30,10,,,S_1782,Y,French,86027300,166.94,0.0599,EWM
2019-2394,2022,2022-08-01,2022-08-31,10,alligare (gals),"2,4-D",S_1861,Y,Waverly,86011400,146.75,0.0681,EWM
2017-0729,2017,2017-07-01,2017-07-31,9.98,alligare (gals),"2,4-D",S_128,Y,Scandinavian,61004100,229.73,0.0434,EWM
2017-1297,2018,2018-05-01,2018-05-31,9.98,aquathol_k (gals),Endothall,S_446,Y,Farquar,19002300,63.58,0.157,CLP
2017-0653,2019,2019-07-01,2019-07-31,9.98,diquat (gals),Diquat Dibromide,S_680,Y,Long,62006700,117.29,0.0851,EWM
2017-0749,2017,2017-07-01,2017-07-31,9.85,triclopyr_14_percent (lbs),Triclopyr,S_136,Y,Ruth,18021200,207.08,0.0476,EWM
2018-0419,2020,2020-05-01,2020-05-31,9.78,diquat (gals),Diquat Dibromide,S_1109,Y,George,34014200,113.71,0.086,CLP
2017-3315,2017,2017-08-01,2017-08-31,9.7,"alligare (gals), triclopyr_44_percent (gals)","2,4-D, Triclopyr",S_322,Y,Turtle,62006100,284.18,0.0341,EWM
2017-0827,2021,2021-08-01,2021-08-31,9.7,,,S_1317,Y,Minnewashta,10000900,337.89,0.0287,EWM
2017-1097,2017,2017-05-01,2017-05-31,9.67,aquathol_k (gals),Endothall,S_217,Y,Minnewashta,10000900,337.89,0.0286,CLP
2018-0750,2019,2019-05-01,2019-05-31,9.6,aquathol_k (gals),Endothall,S_833,Y,Cedar,86022700,276.72,0.0347,CLP
2017-1707,2021,2021-05-01,2021-05-31,9.6,aquathol_k (gals),Endothall,S_1379,Y,Mayo,18040800,156.39,0.0614,CLP
2020-2386,2021,2021-08-01,2021-08-31,9.6,,,S_1562,Y,Indian,21013600,70.12,0.1369,EWM
2017-1917,2017,2017-05-01,2017-05-31,9.5,aquathol_k (gals),Endothall,S_286,Y,Mitchell,27007000,110.62,0.0859,CLP
2018-1380,2018,2018-08-01,2018-08-31,9.5,alligare (gals),"2,4-D",S_600,Y,Beebe,86002300,179.49,0.0529,EWM
2017-1566,2020,2020-05-01,2020-05-31,9.48,diquat (gals),Diquat Dibromide,S_1041,Y,Orchard,19003100,172.06,0.0551,CLP
2017-2609,2017,2017-07-01,2017-07-31,9.41,dma4_ivm (gals),"2,4-D",S_302,Y,Minnie-Belle,47011900,175.76,0.0535,EWM
2018-0294,2018,2018-05-01,2018-05-31,9.4,diquat (gals),Diquat Dibromide,S_534,Y,Upper Twin,27004201,123.5,0.0761,CLP
2018-0728,2019,2019-05-01,2019-05-31,9.4,aquathol_k (gals),Endothall,S_831,Y,Orono,71001300,246.64,0.0381,CLP
2020-0148,2021,2021-06-01,2021-06-30,9.4,diquat (gals),Diquat Dibromide,S_1546,Y,Kohlman,62000600,82.9,0.1134,CLP
2017-1297,2020,2020-05-01,2020-05-31,9.37,aquathol_k (gals),Endothall,S_1025,Y,Farquar,19002300,63.58,0.1474,CLP
2017-3595,2017,2017-09-01,2017-09-30,9.33,sculpin (lbs),"2,4-D",S_332,Y,Manuella,47005000,114.89,0.0812,EWM
2018-0670,2019,2019-05-01,2019-05-31,9.3,aquathol_k (gals),Endothall,S_829,Y,Briggs,71014600,219.68,0.0423,CLP
2017-0908,2017,2017-04-01,2017-04-30,9.2,aquathol_k (gals),Endothall,S_163,Y,Silver,62008300,63.26,0.1454,CLP
2017-0908,2019,2019-05-01,2019-05-31,9.2,diquat (gals),Diquat Dibromide,S_698,Y,Silver,62008300,63.26,0.1454,CLP
2018-1174,2019,2019-06-01,2019-06-30,9.2,alligare (gals),"2,4-D",S_855,Y,Long,82003000,NA,NA,EWM
2017-0445,2022,2022-08-01,2022-08-31,9.2,aquacide (lbs),"2,4-D",S_1640,Y,Mitchell,71008100,90.38,0.1018,EWM
2017-0739,2017,2017-05-01,2017-05-31,9.1,aquathol_k (gals),Endothall,S_130,Y,Pleasant,86025100,291.24,0.0312,CLP
2021-2453,2021,2021-07-01,2021-07-31,9.1,,,S_1614,Y,Crooked,18004100,NA,NA,EWM
2017-1658,2017,2017-05-01,2017-05-31,9,aquathol_k (gals),Endothall,S_269,Y,Susan,10001300,71.99,0.125,CLP
2017-0534,2018,2018-05-01,2018-05-31,9,aquathol_k (gals),Endothall,S_383,Y,Sallie,03035900,576.81,0.0156,CLP
2017-1097,2018,2018-05-01,2018-05-31,9,aquathol_k (gals),Endothall,S_439,Y,Minnewashta,10000900,337.89,0.0266,CLP
2018-0898,2018,2018-05-01,2018-05-31,9,aquathol_k (gals),Endothall,S_574,Y,Blue,30010700,NA,NA,CLP
2018-3356,2018,2018-10-01,2018-10-31,9,"copper_ethnolamine (gals), copper_sulfate (lbs), copper_triethanola (gals), hydrothol_liquid (gals)","Copper Complex, Copper Sulfate, Endothall",S_634,Y,Koronis (main lake),73020002,1146.64,0.0078,SS
2017-0526,2020,2020-06-01,2020-06-30,9,diquat (gals),Diquat Dibromide,S_962,Y,Olson,82010300,87.38,0.103,EWM
2022-0345,2022,2022-05-01,2022-05-31,9,diquat (gals),Diquat Dibromide,S_1968,Y,Minnetonka-Black Lake,27013306,63.1,0.1426,CLP
2017-0565,2019,2019-05-01,2019-05-31,8.9,aquathol_k (gals),Endothall,S_667,Y,Augusta,86028400,60.94,0.146,CLP
2017-0652,2019,2019-05-01,2019-05-31,8.9,,,S_678,Y,Augusta,86028400,60.94,0.146,EWM
2018-1312,2018,2018-10-01,2018-10-31,8.8,dma4_ivm (gals),"2,4-D",S_598,Y,Mary,18018500,139.41,0.0631,EWM
2016-1787,2016,2016-09-01,2016-09-30,8.79,other (lbs),Other,S_26,Y,Manuella,47005000,114.89,0.0765,EWM
2017-1042,2019,2019-05-01,2019-05-31,8.75,diquat (gals),Diquat Dibromide,S_714,Y,Minnetonka-St. Albans Bay,27013304,103.16,0.0848,CLP
2017-0663,2021,2021-05-01,2021-05-31,8.75,aquathol_k (gals),Endothall,S_1304,Y,Brooks,86026400,58.31,0.1501,CLP
2017-0663,2020,2020-05-01,2020-05-31,8.7,aquathol_k (gals),Endothall,S_975,Y,Brooks,86026400,58.31,0.1492,CLP
2018-0528,2022,2022-08-01,2022-08-31,8.7,diquat (gals),Diquat Dibromide,S_1788,Y,Le Homme Dieu,21005600,879.66,0.0099,EWM
2017-1470,2019,2019-05-01,2019-05-31,8.67,aquathol_k (gals),Endothall,S_741,Y,Mink,86022900,251.82,0.0344,CLP
2020-2572,2020,2020-08-01,2020-08-31,8.67,triclopyr_44_percent (gals),Triclopyr,S_1249,Y,Orono,71001300,246.64,0.0352,EWM
2017-1658,2021,2021-05-01,2021-05-31,8.64,diquat (gals),Diquat Dibromide,S_1377,Y,Susan,10001300,71.99,0.12,CLP
16W-3A045,2016,2016-07-01,2016-07-31,8.6,other (lbs),Other,S_9,Y,Minnetonka-Carsons Bay,27013303,78.86,0.1091,EWM
2017-0663,2017,2017-05-01,2017-05-31,8.6,aquathol_k (gals),Endothall,S_111,Y,Brooks,86026400,58.31,0.1475,CLP
2017-1152,2017,2017-04-01,2017-04-30,8.6,aquathol_k (gals),Endothall,S_225,Y,Reshanau,02000900,336.49,0.0256,CLP
2017-0663,2018,2018-05-01,2018-05-31,8.6,aquathol_k (gals),Endothall,S_396,Y,Brooks,86026400,58.31,0.1475,CLP
2017-0513,2019,2019-05-01,2019-05-31,8.6,aquathol_k (gals),Endothall,S_659,Y,West Jefferson,40009202,348.68,0.0247,CLP
2017-0663,2019,2019-05-01,2019-05-31,8.6,aquathol_k (gals),Endothall,S_681,Y,Brooks,86026400,58.31,0.1475,CLP
2017-0513,2020,2020-05-01,2020-05-31,8.6,aquathol_k (gals),Endothall,S_958,Y,West Jefferson,40009202,348.68,0.0247,CLP
2018-0737,2021,2021-05-01,2021-05-31,8.6,aquathol_k (gals),Endothall,S_1454,Y,Sauk,77015000,NA,NA,CLP
2017-1507,2022,2022-05-01,2022-05-31,8.6,diquat (gals),Diquat Dibromide,S_1722,Y,Maple,86013400,NA,NA,CLP
2017-1594,2017,2017-05-01,2017-05-31,8.57,aquathol_k (gals),Endothall,S_265,Y,Cross,58011900,456.42,0.0188,CLP
2017-2106,2017,2017-05-01,2017-05-31,8.56,aquathol_k (gals),Endothall,S_292,Y,Pelican,18030800,3883.67,0.0022,CLP
2017-1078,2017,2017-05-01,2017-05-31,8.5,aquathol_k (gals),Endothall,S_211,Y,Lower Mission,18024300,470.59,0.0181,CLP
2017-0526,2018,2018-06-01,2018-06-30,8.5,diquat (gals),Diquat Dibromide,S_380,Y,Olson,82010300,87.38,0.0973,EWM
2018-0004,2020,2020-08-01,2020-08-31,8.5,,,S_1081,Y,Roosevelt,11004300,302.23,0.0281,EWM
2017-1826,2021,2021-05-01,2021-05-31,8.5,diquat (gals),Diquat Dibromide,S_1384,Y,Grave,18011000,NA,NA,CLP
2017-1826,2022,2022-05-01,2022-05-31,8.5,diquat (gals),Diquat Dibromide,S_1733,Y,Grave,18011000,NA,NA,CLP
2017-0871,2017,2017-05-01,2017-05-31,8.48,aquathol_k (gals),Endothall,S_158,Y,Indian,86022300,57.13,0.1484,CLP
2017-0871,2018,2018-05-01,2018-05-31,8.48,aquathol_k (gals),Endothall,S_414,Y,Indian,86022300,57.13,0.1484,CLP
2017-0873,2018,2018-07-01,2018-07-31,8.48,alligare (gals),"2,4-D",S_415,Y,Indian,86022300,57.13,0.1484,EWM
2017-0871,2019,2019-05-01,2019-05-31,8.48,aquathol_k (gals),Endothall,S_696,Y,Indian,86022300,57.13,0.1484,CLP
16W-3A003,2016,2016-05-01,2016-05-31,8.42,other (gals),Other,S_5,Y,Cedar,70009100,792.5,0.0106,CLP
2017-0615,2019,2019-05-01,2019-05-31,8.42,"aquathol_k (gals), diquat (gals)","Endothall, Diquat Dibromide",S_674,Y,Gleason,27009500,NA,NA,CLP
2017-0525,2019,2019-06-01,2019-06-30,8.4,diquat (gals),Diquat Dibromide,S_662,Y,DeMontreville,82010100,142.62,0.0589,EWM
2018-3796,2020,2020-05-01,2020-05-31,8.4,diquat (gals),Diquat Dibromide,S_1169,Y,Manuella,47005000,114.89,0.0731,CLP
2017-2634,2021,2021-08-01,2021-08-31,8.37,diquat (gals),Diquat Dibromide,S_1402,Y,Forest,82015900,1561.19,0.0054,EWM
2017-0526,2017,2017-06-01,2017-06-30,8.35,dma4_ivm (gals),"2,4-D",S_86,Y,Olson,82010300,87.38,0.0956,EWM
2017-0479,2019,2019-05-01,2019-05-31,8.32,aquathol_k (gals),Endothall,S_655,Y,Upper Cullen,18037600,232.78,0.0357,CLP
2017-0824,2018,2018-07-01,2018-07-31,8.3,sculpin (lbs),"2,4-D",S_408,Y,Cedar,86022700,276.72,0.03,EWM
2017-1512,2018,2018-06-01,2018-06-30,8.3,triclopyr_14_percent (lbs),Triclopyr,S_462,Y,Chub,09000800,172.92,0.048,EWM
2017-3315,2019,2019-07-01,2019-07-31,8.3,diquat (gals),Diquat Dibromide,S_780,Y,Turtle,62006100,284.18,0.0292,EWM
2017-1658,2022,2022-05-01,2022-05-31,8.25,diquat (gals),Diquat Dibromide,S_1727,Y,Susan,10001300,71.99,0.1146,CLP
2017-3361,2017,2017-08-01,2017-08-31,8.2,"dma4_ivm (gals), other (gals)","2,4-D, Other",S_325,Y,Mink,86022900,251.82,0.0326,EWM
2018-0543,2018,2018-05-01,2018-05-31,8.2,aquathol_k (gals),Endothall,S_550,Y,Fish Trap,49013700,357.29,0.023,CLP
2017-0676,2018,2018-05-01,2018-05-31,8.19,aquathol_k (gals),Endothall,S_399,Y,Keller,19002500,NA,NA,CLP
2017-0676,2019,2019-05-01,2019-05-31,8.19,aquathol_k (gals),Endothall,S_683,Y,Keller,19002500,NA,NA,CLP
2017-0653,2019,2019-08-01,2019-08-31,8.18,,,S_679,Y,Long,62006700,117.29,0.0697,EWM
2017-0825,2019,2019-08-01,2019-08-31,8.18,,,S_691,Y,Middle Spunk,73012800,79.01,0.1035,EWM
2017-0524,2022,2022-05-01,2022-05-31,8.14,diquat (gals),Diquat Dibromide,S_1648,Y,Spring,70005400,282.83,0.0288,CLP
2017-0676,2017,2017-05-01,2017-05-31,8.1,aquathol_k (gals),Endothall,S_120,Y,Keller,19002500,NA,NA,CLP
2017-0828,2017,2017-07-01,2017-07-31,8.1,alligare (gals),"2,4-D",S_153,Y,Pulaski (main bay),86005302,138.77,0.0584,EWM
2018-0973,2018,2018-05-01,2018-05-31,8.1,aquathol_k (gals),Endothall,S_578,Y,Sullivan,49001600,622.01,0.013,CLP
2018-2661,2018,2018-07-01,2018-07-31,8.1,triclopyr_14_percent (lbs),Triclopyr,S_622,Y,Shamineau,49012700,630.54,0.0128,EWM
2018-0244,2020,2020-05-01,2020-05-31,8.1,aquathol_k (gals),Endothall,S_1097,Y,Upper Mission,18024200,285.46,0.0284,CLP
2017-0676,2021,2021-05-01,2021-05-31,8.1,diquat (gals),Diquat Dibromide,S_1306,Y,Keller,19002500,NA,NA,CLP
2021-3343,2021,2021-09-01,2021-09-30,8.1,diquat (gals),Diquat Dibromide,S_1624,Y,Spring,70005400,282.83,0.0286,EWM
2017-2607,2022,2022-07-01,2022-07-31,8.1,,,S_1748,Y,Riley,10000200,110.08,0.0736,EWM
2018-3120,2018,2018-09-01,2018-09-30,8.09,alligare (gals),"2,4-D",S_631,Y,Marion,19002600,417.99,0.0194,EWM
2019-2082,2021,2021-09-01,2021-09-30,8.05,,,S_1518,Y,Comfort,13005300,88.03,0.0914,EWM
2017-1915,2017,2017-05-01,2017-05-31,8,aquathol_k (gals),Endothall,S_285,Y,Ossawinnamakee,18035200,259.43,0.0308,CLP
2017-1915,2018,2018-05-01,2018-05-31,8,aquathol_k (gals),Endothall,S_479,Y,Ossawinnamakee,18035200,259.43,0.0308,CLP
2018-0129,2018,2018-05-01,2018-05-31,8,aquathol_k (gals),Endothall,S_518,Y,South Center,13002700,544.51,0.0147,CLP
2018-0175,2021,2021-08-01,2021-08-31,8,,,S_1422,Y,Ruth,18021200,207.08,0.0386,EWM
2018-0187,2021,2021-05-01,2021-05-31,8,aquathol_k (gals),Endothall,S_1426,Y,Latimer,77010500,83.07,0.0963,CLP
2018-0910,2022,2022-05-01,2022-05-31,8,diquat (gals),Diquat Dibromide,S_1808,Y,Constance,86005100,86.43,0.0926,CLP
2017-0534,2017,2017-05-01,2017-05-31,7.96,aquathol_k (gals),Endothall,S_89,Y,Sallie,03035900,576.81,0.0138,CLP
2018-0187,2022,2022-05-01,2022-05-31,7.95,aquathol_k (gals),Endothall,S_1772,Y,Latimer,77010500,83.07,0.0957,CLP
2017-0047,2017,2017-05-01,2017-05-31,7.9,aquathol_k (gals),Endothall,S_44,Y,Long,73013900,331.23,0.0239,CLP
2017-0671,2017,2017-05-01,2017-05-31,7.9,aquathol_k (gals),Endothall,S_116,Y,Limestone,86016300,97.93,0.0807,CLP
2017-0671,2018,2018-05-01,2018-05-31,7.9,aquathol_k (gals),Endothall,S_398,Y,Limestone,86016300,97.93,0.0807,CLP
2017-2765,2018,2018-07-01,2018-07-31,7.9,dma4_ivm (gals),"2,4-D",S_495,Y,Rays,40005600,151.1,0.0523,EWM
2018-0395,2018,2018-05-01,2018-05-31,7.9,aquathol_k (gals),Endothall,S_541,Y,Limestone,86016300,97.93,0.0807,CLP
2018-0395,2019,2019-05-01,2019-05-31,7.9,aquathol_k (gals),Endothall,S_817,Y,Limestone,86016300,97.93,0.0807,CLP
2017-1558,2021,2021-05-01,2021-05-31,7.86,diquat (gals),Diquat Dibromide,S_1373,Y,Goose,62003400,NA,NA,CLP
2017-1558,2022,2022-05-01,2022-05-31,7.86,diquat (gals),Diquat Dibromide,S_1723,Y,Goose,62003400,NA,NA,CLP
2017-0729,2018,2018-08-01,2018-08-31,7.8,alligare (gals),"2,4-D",S_401,Y,Scandinavian,61004100,229.73,0.034,EWM
2019-1460,2019,2019-05-01,2019-05-31,7.8,aquathol_k (gals),Endothall,S_905,Y,Moody,13002300,NA,NA,CLP
2017-0940,2017,2017-07-01,2017-07-31,7.75,alligare (gals),"2,4-D",S_170,Y,Ripley (west portion),47013402,507.57,0.0153,EWM
2017-1658,2018,2018-05-01,2018-05-31,7.73,diquat (gals),Diquat Dibromide,S_468,Y,Susan,10001300,71.99,0.1074,CLP
2017-0653,2017,2017-07-01,2017-07-31,7.7,diquat (gals),Diquat Dibromide,S_107,Y,Long,62006700,117.29,0.0656,EWM
2017-1365,2017,2017-07-01,2017-07-31,7.7,alligare (gals),"2,4-D",S_247,Y,West Lake Sylvia,86027900,297.1,0.0259,EWM
2021-0465,2022,2022-05-01,2022-05-31,7.7,other (gals),Other,S_1923,Y,Johanna,62007800,92.93,0.0829,CLP
2020-0147,2021,2021-06-01,2021-06-30,7.6,diquat (gals),Diquat Dibromide,S_1545,Y,Gervais,62000700,94.42,0.0805,CLP
2017-1034,2022,2022-06-01,2022-06-30,7.6,,,S_1687,Y,Granite,86021700,118.18,0.0643,EWM
2017-0676,2020,2020-05-01,2020-05-31,7.59,aquathol_k (gals),Endothall,S_977,Y,Keller,19002500,NA,NA,CLP
2017-0407,2018,2018-05-01,2018-05-31,7.5,diquat (gals),Diquat Dibromide,S_363,Y,Lucy,10000700,68.27,0.1099,CLP
2017-0446,2017,2017-05-01,2017-05-31,7.4,aquathol_super_k (lbs),Endothall,S_63,Y,Cornelia,27002800,NA,NA,CLP
2017-1020,2017,2017-09-01,2017-09-30,7.4,triclopyr_14_percent (lbs),Triclopyr,S_184,Y,Town Line,11019000,697.66,0.0106,EWM
2017-2559,2017,2017-06-01,2017-06-30,7.4,diquat (gals),Diquat Dibromide,S_300,Y,Long,82013000,49.46,0.1496,EWM
2017-0446,2018,2018-06-01,2018-06-30,7.4,aquathol_k (gals),Endothall,S_369,Y,Cornelia,27002800,NA,NA,CLP
2017-0446,2019,2019-05-01,2019-05-31,7.4,aquathol_k (gals),Endothall,S_652,Y,Cornelia,27002800,NA,NA,CLP
2017-0446,2020,2020-05-01,2020-05-31,7.4,aquathol_k (gals),Endothall,S_950,Y,Cornelia,27002800,NA,NA,CLP
2017-0446,2021,2021-05-01,2021-05-31,7.4,aquathol_k (gals),Endothall,S_1280,Y,Cornelia,27002800,NA,NA,CLP
2018-0241,2021,2021-05-01,2021-05-31,7.4,diquat (gals),Diquat Dibromide,S_1428,Y,Margaret,11022200,170.02,0.0435,CLP
2017-1040,2022,2022-07-01,2022-07-31,7.4,diquat (gals),Diquat Dibromide,S_1693,Y,Minnetonka-Lower Lake,27013302,2059.41,0.0036,EWM
2017-1041,2018,2018-07-01,2018-07-31,7.3,diquat (gals),Diquat Dibromide,S_431,Y,Minnetonka-Upper Lake,27013305,1699.3,0.0043,EWM
2019-2512,2019,2019-07-01,2019-07-31,7.3,alligare (gals),"2,4-D",S_914,Y,Erie,47006400,115.68,0.0631,EWM
2021-0486,2021,2021-06-01,2021-06-30,7.3,diquat (gals),Diquat Dibromide,S_1596,Y,Victoria,21005400,131.17,0.0557,CLP
2018-0241,2018,2018-05-01,2018-05-31,7.2,aquathol_k (gals),Endothall,S_527,Y,Margaret,11022200,170.02,0.0423,CLP
2018-0241,2019,2019-05-01,2019-05-31,7.2,aquathol_k (gals),Endothall,S_804,Y,Margaret,11022200,170.02,0.0423,CLP
2018-0244,2021,2021-05-01,2021-05-31,7.2,aquathol_k (gals),Endothall,S_1430,Y,Upper Mission,18024200,285.46,0.0252,CLP
2018-0973,2021,2021-05-01,2021-05-31,7.2,aquathol_k (gals),Endothall,S_1466,Y,Sullivan,49001600,622.01,0.0116,CLP
2019-2554,2022,2022-09-01,2022-09-30,7.17,,,S_1863,Y,Coon,31052401,277.87,0.0258,EWM
2017-2926,2022,2022-08-01,2022-08-31,7.12,alligare (gals),"2,4-D",S_1754,Y,Sugar,86023300,371.23,0.0192,EWM
2017-1032,2019,2019-07-01,2019-07-31,7.1,,,S_704,Y,Charlotte,86001100,89.71,0.0791,EWM
2018-1174,2022,2022-07-01,2022-07-31,7.1,,,S_1824,Y,Long,82003000,NA,NA,EWM
2017-3903,2017,2017-10-01,2017-10-31,7,,,S_343,Y,Marion,19002600,417.99,0.0167,ZM
2017-0534,2019,2019-06-01,2019-06-30,7,"aquathol_k (gals), diquat (gals)","Endothall, Diquat Dibromide",S_665,Y,Sallie,03035900,576.81,0.0121,CLP
2018-0652,2019,2019-05-01,2019-05-31,7,diquat (gals),Diquat Dibromide,S_826,Y,Crookneck,49013300,144.83,0.0483,CLP
2017-0445,2021,2021-08-01,2021-08-31,7,,,S_1279,Y,Mitchell,71008100,90.38,0.0775,EWM
2018-0244,2022,2022-05-01,2022-05-31,7,aquathol_k (gals),Endothall,S_1775,Y,Upper Mission,18024200,285.46,0.0245,CLP
2017-1007,2017,2017-05-01,2017-05-31,6.94,aquathol_k (gals),Endothall,S_179,Y,North Long,18037200,4018.38,0.0017,CLP
2017-0368,2017,2017-05-01,2017-05-31,6.92,aquathol_k (gals),Endothall,S_47,Y,Swan,31006700,NA,NA,CLP
2020-0140,2022,2022-05-01,2022-05-31,6.9,aquathol_k (gals),Endothall,S_1881,Y,Middle Cullen,18037700,137.49,0.0502,CLP
2017-1148,2017,2017-05-01,2017-05-31,6.8,aquathol_k (gals),Endothall,S_223,Y,Crookneck,49013300,144.83,0.047,CLP
2017-1968,2018,2018-06-01,2018-06-30,6.8,diquat (gals),Diquat Dibromide,S_481,Y,Cedar Island,27011900,NA,NA,CLP
2017-1968,2019,2019-05-01,2019-05-31,6.8,diquat (gals),Diquat Dibromide,S_759,Y,Cedar Island,27011900,NA,NA,CLP
2017-1968,2020,2020-05-01,2020-05-31,6.8,aquathol_k (gals),Endothall,S_1053,Y,Cedar Island,27011900,NA,NA,CLP
16W-2B19,2021,2021-05-01,2021-05-31,6.8,aquathol_k (gals),Endothall,S_1260,Y,Hubert,18037500,456.98,0.0149,CLP
2017-0615,2017,2017-05-01,2017-05-31,6.7,aquathol_k (gals),Endothall,S_99,Y,Gleason,27009500,NA,NA,CLP
2019-1475,2019,2019-05-01,2019-05-31,6.7,aquathol_k (gals),Endothall,S_906,Y,Long,49001500,68.59,0.0977,CLP
2017-1135,2020,2020-05-01,2020-05-31,6.7,diquat (gals),Diquat Dibromide,S_1019,Y,Lower Prior,70002600,589.7,0.0114,CLP
2018-1512,2021,2021-05-01,2021-05-31,6.7,diquat (gals),Diquat Dibromide,S_1484,Y,Weaver,27011700,73.24,0.0915,CLP
2017-1198,2017,2017-06-01,2017-06-30,6.65,copper_ethnolamine (gals),Copper Complex,S_230,Y,Koronis (main lake),73020002,1146.64,0.0058,SS
2017-1041,2020,2020-07-01,2020-07-31,6.65,diquat (gals),Diquat Dibromide,S_1005,Y,Minnetonka-Upper Lake,27013305,1699.3,0.0039,EWM
2017-2771,2018,2018-07-01,2018-07-31,6.6,diquat (gals),Diquat Dibromide,S_496,Y,Minnetonka-Grays Bay,27013301,164.54,0.0401,EWM
2017-2771,2019,2019-07-01,2019-07-31,6.6,diquat (gals),Diquat Dibromide,S_775,Y,Minnetonka-Grays Bay,27013301,164.54,0.0401,EWM
2019-3248,2022,2022-08-01,2022-08-31,6.6,diquat (gals),Diquat Dibromide,S_1875,Y,Fannie,30004300,268.23,0.0246,EWM
2021-0403,2022,2022-06-01,2022-06-30,6.58,dma4_ivm (gals),"2,4-D",S_1918,Y,Zumbra-Sunny,10004100,156.44,0.0421,CLP
2017-0526,2019,2019-06-01,2019-06-30,6.5,diquat (gals),Diquat Dibromide,S_663,Y,Olson,82010300,87.38,0.0744,EWM
2021-0379,2021,2021-05-01,2021-05-31,6.5,aquathol_k (gals),Endothall,S_1582,Y,Long,47002600,113.61,0.0572,CLP
2017-0751,2021,2021-05-01,2021-05-31,6.49,aquathol_k (gals),Endothall,S_1312,Y,Round,18037300,593.59,0.0109,CLP
2017-0513,2018,2018-05-01,2018-05-31,6.4,aquathol_k (gals),Endothall,S_377,Y,West Jefferson,40009202,348.68,0.0184,CLP
2018-1132,2018,2018-05-01,2018-05-31,6.4,aquathol_k (gals),Endothall,S_591,Y,Chisago,13001200,NA,NA,CLP
2017-2184,2019,2019-05-01,2019-05-31,6.4,diquat (gals),Diquat Dibromide,S_768,Y,Crooked,02008400,84.02,0.0762,CLP
2018-0175,2019,2019-08-01,2019-08-31,6.4,,,S_799,Y,Ruth,18021200,207.08,0.0309,EWM
2017-0873,2021,2021-08-01,2021-08-31,6.3,,,S_1322,Y,Indian,86022300,57.13,0.1103,EWM
2022-1832,2022,2022-06-01,2022-06-30,6.3,flumioxazin (lbs),Flumioxazin,S_1982,Y,Bass,22007400,152.24,0.0414,CLP
2017-1565,2022,2022-05-01,2022-05-31,6.26,diquat (gals),Diquat Dibromide,S_1724,Y,Marion,19002600,417.99,0.015,CLP
2017-0511,2018,2018-05-01,2018-05-31,6.2,aquathol_k (gals),Endothall,S_375,Y,East Jefferson,40009201,331.52,0.0187,CLP
2017-0511,2019,2019-05-01,2019-05-31,6.2,aquathol_k (gals),Endothall,S_657,Y,East Jefferson,40009201,331.52,0.0187,CLP
2017-0511,2020,2020-05-01,2020-05-31,6.2,aquathol_k (gals),Endothall,S_956,Y,East Jefferson,40009201,331.52,0.0187,CLP
2017-0492,2022,2022-08-01,2022-08-31,6.2,,,S_1643,Y,John,86028800,284.53,0.0218,EWM
2017-0753,2020,2020-05-01,2020-05-31,6.16,diquat (gals),Diquat Dibromide,S_982,Y,Mooney,27013400,NA,NA,CLP
2017-1968,2017,2017-05-01,2017-05-31,6.1,copper_sulfate (lbs),Copper Sulfate,S_288,Y,Cedar Island,27011900,NA,NA,CLP
2017-1968,2021,2021-06-01,2021-06-30,6.1,diquat (gals),Diquat Dibromide,S_1389,Y,Cedar Island,27011900,NA,NA,CLP
2017-0743,2018,2018-05-01,2018-05-31,6.05,aquathol_k (gals),Endothall,S_404,Y,Gun,01009900,370.28,0.0163,CLP
2017-0936,2017,2017-06-01,2017-06-30,6,dma4_ivm (gals),"2,4-D",S_169,Y,Little Birch,77008900,271.94,0.0221,EWM
2017-1594,2018,2018-05-01,2018-05-31,6,aquastrike (gals),Endothall + Diquat,S_466,Y,Cross,58011900,456.42,0.0131,CLP
2018-0242,2018,2018-05-01,2018-05-31,6,aquathol_k (gals),Endothall,S_528,Y,Lower Mission,18024300,470.59,0.0127,CLP
2018-0851,2018,2018-06-01,2018-06-30,6,alligare (gals),"2,4-D",S_570,Y,Little Birch,77008900,271.94,0.0221,EWM
2018-2398,2018,2018-09-01,2018-09-30,6,triclopyr_14_percent (lbs),Triclopyr,S_618,Y,Town Line,11019000,697.66,0.0086,EWM
2017-0365,2019,2019-05-01,2019-05-31,6,aquathol_k (gals),Endothall,S_641,Y,Long,47017700,787.03,0.0076,CLP
2017-2609,2020,2020-06-01,2020-06-30,6,alligare (gals),"2,4-D",S_1063,Y,Minnie-Belle,47011900,175.76,0.0341,EWM
2018-1174,2020,2020-07-01,2020-07-31,6,,,S_1146,Y,Long,82003000,NA,NA,EWM
2019-3125,2020,2020-10-01,2020-10-31,6,imazapyr (gals),Imazapyr,S_1205,Y,White Bear,82016700,1334.41,0.0045,PHR
2017-0565,2021,2021-05-01,2021-05-31,6,diquat (gals),Diquat Dibromide,S_1293,Y,Augusta,86028400,60.94,0.0985,CLP
2018-0833,2021,2021-05-01,2021-05-31,6,aquathol_k (gals),Endothall,S_1456,Y,Ann,33004000,591.81,0.0101,CLP
2018-1380,2021,2021-08-01,2021-08-31,6,diquat (gals),Diquat Dibromide,S_1483,Y,Beebe,86002300,179.49,0.0334,EWM
2017-0377,2017,2017-05-01,2017-05-31,5.9,aquathol_k (gals),Endothall,S_48,Y,Pelican,56078600,1608.25,0.0037,CLP
2017-0667,2017,2017-05-01,2017-05-31,5.9,aquathol_k (gals),Endothall,S_115,Y,Clear,82016300,270.31,0.0218,CLP
2017-0377,2018,2018-05-01,2018-05-31,5.86,aquathol_k (gals),Endothall,S_359,Y,Pelican,56078600,1608.25,0.0036,CLP
2018-0246,2019,2019-07-01,2019-07-31,5.8,,,S_807,Y,Lower Mission,18024300,470.59,0.0123,EWM
2019-0018,2019,2019-10-01,2019-10-31,5.8,alligare (gals),"2,4-D",S_884,Y,Mary,18018500,139.41,0.0416,EWM
2019-2711,2019,2019-08-01,2019-08-31,5.8,,,S_918,Y,Eagle,27011101,203.29,0.0285,EWM
2017-0645,2022,2022-06-01,2022-06-30,5.8,diquat (gals),Diquat Dibromide,S_1661,Y,Thole,70012001,118.52,0.0489,CLP
2018-0648,2018,2018-05-01,2018-05-31,5.71,aquathol_k (gals),Endothall,S_556,Y,Cross,58011900,456.42,0.0125,CLP
2018-0851,2019,2019-07-01,2019-07-31,5.7,alligare (gals),"2,4-D",S_837,Y,Little Birch,77008900,271.94,0.021,EWM
2018-0912,2019,2019-05-01,2019-05-31,5.7,aquathol_k (gals),Endothall,S_843,Y,Bass,86023400,95.96,0.0594,CLP
2018-0851,2020,2020-06-01,2020-06-30,5.7,,,S_1129,Y,Little Birch,77008900,271.94,0.021,EWM
2018-0648,2020,2020-05-01,2020-05-31,5.66,"alligare (gals), aquathol_k (gals)","2,4-D, Endothall",S_1117,Y,Cross,58011900,456.42,0.0124,CLP
2020-0842,2020,2020-05-01,2020-05-31,5.64,diquat (gals),Diquat Dibromide,S_1238,Y,Sweeney,27003501,37.77,0.1493,CLP
2017-0830,2022,2022-05-01,2022-05-31,5.64,aquathol_k (gals),Endothall,S_1675,Y,Lewis,33003200,80.88,0.0697,CLP
2017-0437,2021,2021-07-01,2021-07-31,5.63,,,S_1277,Y,Sand,58008100,234.85,0.024,EWM
2017-1034,2019,2019-06-01,2019-06-30,5.6,,,S_706,Y,Granite,86021700,118.18,0.0474,EWM
2017-1968,2022,2022-05-01,2022-05-31,5.6,diquat (gals),Diquat Dibromide,S_1738,Y,Cedar Island,27011900,NA,NA,CLP
2018-0175,2018,2018-07-01,2018-07-31,5.59,triclopyr_14_percent (lbs),Triclopyr,S_521,Y,Ruth,18021200,207.08,0.027,EWM
2017-0743,2019,2019-05-01,2019-05-31,5.56,aquathol_k (gals),Endothall,S_687,Y,Gun,01009900,370.28,0.015,CLP
2017-0743,2021,2021-05-01,2021-05-31,5.55,aquathol_k (gals),Endothall,S_1311,Y,Gun,01009900,370.28,0.015,CLP
2019-1068,2019,2019-05-01,2019-05-31,5.5,aquathol_k (gals),Endothall,S_900,Y,Green Prairie Fish,49003500,92.99,0.0591,CLP
2017-0830,2020,2020-05-01,2020-05-31,5.5,aquathol_k (gals),Endothall,S_986,Y,Lewis,33003200,80.88,0.068,CLP
2019-1068,2021,2021-06-01,2021-06-30,5.5,aquathol_k (gals),Endothall,S_1511,Y,Green Prairie Fish,49003500,92.99,0.0591,CLP
2021-2583,2021,2021-08-01,2021-08-31,5.5,,,S_1616,Y,Birch,86006600,49.87,0.1103,EWM
2019-0258,2022,2022-05-01,2022-05-31,5.5,aquathol_k (gals),Endothall,S_1841,Y,South Lida,56074702,321.03,0.0171,CLP
2021-2583,2022,2022-07-01,2022-07-31,5.5,,,S_1938,Y,Birch,86006600,49.87,0.1103,EWM
2017-1530,2017,2017-05-01,2017-05-31,5.49,"aquathol_k (gals), dma4_ivm (gals)","Endothall, 2,4-D",S_261,Y,Constance,86005100,86.43,0.0635,EWM
2017-1566,2019,2019-05-01,2019-05-31,5.49,diquat (gals),Diquat Dibromide,S_750,Y,Orchard,19003100,172.06,0.0319,CLP
2017-1210,2018,2018-06-01,2018-06-30,5.46,triclopyr_14_percent (lbs),Triclopyr,S_443,Y,Big Marine,82005200,1180.44,0.0046,EWM
2017-3692,2017,2017-09-01,2017-09-30,5.44,dma4_ivm (gals),"2,4-D",S_338,Y,Clearwater,18003800,338.34,0.0161,EWM
2018-0371,2018,2018-05-01,2018-05-31,5.4,aquathol_k (gals),Endothall,S_540,Y,Alexander,49007900,843.85,0.0064,CLP
2017-1032,2020,2020-06-01,2020-06-30,5.4,,,S_996,Y,Charlotte,86001100,89.71,0.0602,EWM
2018-0528,2020,2020-07-01,2020-07-31,5.4,diquat (gals),Diquat Dibromide,S_1110,Y,Le Homme Dieu,21005600,879.66,0.0061,EWM
2021-2453,2022,2022-10-01,2022-10-31,5.4,,,S_1937,Y,Crooked,18004100,NA,NA,EWM
2017-0908,2022,2022-05-01,2022-05-31,5.32,diquat (gals),Diquat Dibromide,S_1680,Y,Silver,62008300,63.26,0.0841,CLP
2017-0681,2017,2017-05-01,2017-05-31,5.3,aquathol_k (gals),Endothall,S_121,Y,Kroon,13001300,140.32,0.0378,CLP
2018-0833,2019,2019-05-01,2019-05-31,5.3,aquathol_k (gals),Endothall,S_835,Y,Ann,33004000,591.81,0.009,CLP
2018-0833,2020,2020-05-01,2020-05-31,5.3,aquathol_k (gals),Endothall,S_1126,Y,Ann,33004000,591.81,0.009,CLP
2017-1885,2017,2017-05-01,2017-05-31,5.2,aquathol_k (gals),Endothall,S_284,Y,Mary,21009200,1096.45,0.0047,CLP
2018-0246,2018,2018-08-01,2018-08-31,5.2,sculpin (lbs),"2,4-D",S_530,Y,Lower Mission,18024300,470.59,0.011,EWM
2017-0600,2019,2019-06-01,2019-06-30,5.2,,,S_672,Y,Fish,86018300,54.16,0.096,EWM
2018-0528,2021,2021-07-01,2021-07-31,5.2,diquat (gals),Diquat Dibromide,S_1443,Y,Le Homme Dieu,21005600,879.66,0.0059,EWM
2017-3807,2022,2022-10-01,2022-10-31,5.17,,,S_1762,Y,Marie,73001400,124.97,0.0414,EWM
2017-0673,2017,2017-07-01,2017-07-31,5.1,alligare (gals),"2,4-D",S_118,Y,Rush,71014700,160.82,0.0317,EWM
2017-1565,2017,2017-05-01,2017-05-31,5.1,aquathol_k (gals),Endothall,S_263,Y,Marion,19002600,417.99,0.0122,CLP
2019-2512,2021,2021-07-01,2021-07-31,5.1,,,S_1521,Y,Erie,47006400,115.68,0.0441,EWM
2020-0145,2021,2021-06-01,2021-06-30,5.1,diquat (gals),Diquat Dibromide,S_1544,Y,Keller (main bay),62001002,73.32,0.0696,CLP
2017-0667,2021,2021-05-01,2021-05-31,5.09,diquat (gals),Diquat Dibromide,S_1305,Y,Clear,82016300,270.31,0.0188,CLP
2019-3016,2022,2022-08-01,2022-08-31,5.05,sculpin (lbs),"2,4-D",S_1871,Y,Frances,40005700,568.07,0.0089,EWM
2018-0994,2019,2019-05-01,2019-05-31,5.04,aquathol_k (gals),Endothall,S_847,Y,Sugar,86023300,371.23,0.0136,CLP
16W-2B19,2017,2017-05-01,2017-05-31,5,aquathol_k (gals),Endothall,S_34,Y,Hubert,18037500,456.98,0.0109,CLP
2017-1056,2018,2018-05-01,2018-05-31,5,aquathol_k (gals),Endothall,S_436,Y,Minnie-Belle,47011900,175.76,0.0284,CLP
2018-0419,2018,2018-05-01,2018-05-31,5,diquat (gals),Diquat Dibromide,S_546,Y,George,34014200,113.71,0.044,CLP
2017-0417,2019,2019-06-01,2019-06-30,5,diquat (gals),Diquat Dibromide,S_647,Y,Lower Prior,70002600,589.7,0.0085,EWM
2017-1983,2022,2022-05-01,2022-05-31,5,diquat (gals),Diquat Dibromide,S_1740,Y,Silver,62000100,71.82,0.0696,EWM
2017-1298,2020,2020-05-01,2020-05-31,4.97,aquathol_k (gals),Endothall,S_1026,Y,Long,19002200,NA,NA,CLP
16W-2B07,2016,2016-09-01,2016-09-30,4.92,other (lbs),Other,S_3,Y,Lower Mission,18024300,470.59,0.0105,EWM
2017-1846,2021,2021-05-01,2021-05-31,4.89,diquat (gals),Diquat Dibromide,S_1385,Y,Lower Prior,70002600,589.7,0.0083,CLP
2021-3174,2021,2021-08-01,2021-08-31,4.86,,,S_1621,Y,Pine Tree,82012200,164.12,0.0296,EWM
2022-2616,2022,2022-08-01,2022-08-31,4.84,,,S_1995,Y,Geneva,21005200,295.38,0.0164,EWM
2017-0684,2017,2017-05-01,2017-05-31,4.8,aquathol_k (gals),Endothall,S_122,Y,South Lindstrom,13002800,261.42,0.0184,CLP
2019-2135,2021,2021-09-01,2021-09-30,4.8,,,S_1519,Y,Upper South Long,18009600,292.08,0.0164,EWM
2017-0437,2017,2017-07-01,2017-07-31,4.79,alligare (gals),"2,4-D",S_60,Y,Sand,58008100,234.85,0.0204,EWM
2017-1099,2017,2017-05-01,2017-05-31,4.78,aquathol_k (gals),Endothall,S_218,Y,Calhoun,34006200,647.1,0.0074,CLP
16W-3A034,2016,2016-06-01,2016-06-30,4.77,other (gals),Other,S_8,Y,Josephine,62005700,78.88,0.0605,EWM
2020-2639,2022,2022-08-01,2022-08-31,4.75,triclopyr_44_percent (gals),Triclopyr,S_1898,Y,Forest,82015900,1561.19,0.003,PL
2017-1298,2017,2017-05-01,2017-05-31,4.7,aquathol_k (gals),Endothall,S_238,Y,Long,19002200,NA,NA,CLP
2017-1005,2020,2020-05-01,2020-05-31,4.7,aquathol_k (gals),Endothall,S_994,Y,Upper South Long,18009600,292.08,0.0161,CLP
2017-0973,2022,2022-05-01,2022-05-31,4.7,aquathol_k (gals),Endothall,S_1682,Y,Sebie,18016100,NA,NA,CLP
2017-1135,2021,2021-05-01,2021-05-31,4.65,diquat (gals),Diquat Dibromide,S_1351,Y,Lower Prior,70002600,589.7,0.0079,CLP
2018-0126,2018,2018-05-01,2018-05-31,4.6,aquathol_k (gals),Endothall,S_516,Y,North Center,13003200,NA,NA,CLP
2018-1864,2018,2018-05-01,2018-05-31,4.6,aquathol_k (gals),Endothall,S_608,Y,Muskrat,03036000,64.18,0.0717,CLP
2017-1565,2020,2020-05-01,2020-05-31,4.6,diquat (gals),Diquat Dibromide,S_1040,Y,Marion,19002600,417.99,0.011,CLP
2017-0492,2021,2021-08-01,2021-08-31,4.6,,,S_1282,Y,John,86028800,284.53,0.0162,EWM
2017-0446,2022,2022-05-01,2022-05-31,4.6,aquathol_k (gals),Endothall,S_1641,Y,Cornelia,27002800,NA,NA,CLP
2017-1298,2018,2018-05-01,2018-05-31,4.55,aquathol_k (gals),Endothall,S_447,Y,Long,19002200,NA,NA,CLP
2017-1298,2022,2022-05-01,2022-05-31,4.55,aquathol_k (gals),Endothall,S_1711,Y,Long,19002200,NA,NA,CLP
2017-0459,2020,2020-07-01,2020-07-31,4.5,,,S_952,Y,Silver,86014000,37.67,0.1195,EWM
2017-0703,2021,2021-05-01,2021-05-31,4.5,aquathol_k (gals),Endothall,S_1307,Y,Skogman,30002200,129.77,0.0347,CLP
2017-1151,2017,2017-04-01,2017-04-30,4.45,aquathol_k (gals),Endothall,S_224,Y,Spectacle,30013500,170.29,0.0261,CLP
2018-0247,2019,2019-07-01,2019-07-31,4.45,sculpin (lbs),"2,4-D",S_808,Y,Upper Mission,18024200,285.46,0.0156,EWM
2018-0737,2020,2020-05-01,2020-05-31,4.4,aquathol_k (gals),Endothall,S_1124,Y,Sauk,77015000,NA,NA,CLP
2017-0907,2017,2017-05-01,2017-05-31,4.39,aquathol_k (gals),Endothall,S_162,Y,Roberds,66001800,486.89,0.009,CLP
2017-0830,2017,2017-05-01,2017-05-31,4.32,aquathol_super_k (lbs),Endothall,S_154,Y,Lewis,33003200,80.88,0.0534,CLP
2017-3669,2017,2017-10-01,2017-10-31,4.32,dma4_ivm (gals),"2,4-D",S_336,Y,Mary,18018500,139.41,0.031,EWM
2017-1024,2017,2017-05-01,2017-05-31,4.3,aquathol_k (gals),Endothall,S_185,Y,Orono,71001300,246.64,0.0174,CLP
2017-1367,2019,2019-07-01,2019-07-31,4.3,alligare (gals),"2,4-D",S_740,Y,East Lake Sylvia,86028900,209.54,0.0205,EWM
2018-3528,2020,2020-09-01,2020-09-30,4.3,,,S_1168,Y,Crooked,02008400,84.02,0.0512,EWM
2020-2570,2022,2022-06-01,2022-06-30,4.3,,,S_1897,Y,Birch,71005700,118.4,0.0363,EWM
2021-0379,2022,2022-05-01,2022-05-31,4.3,aquathol_k (gals),Endothall,S_1914,Y,Long,47002600,113.61,0.0378,CLP
2017-0830,2019,2019-05-01,2019-05-31,4.23,aquathol_super_k (lbs),Endothall,S_694,Y,Lewis,33003200,80.88,0.0523,CLP
2017-0830,2018,2018-05-01,2018-05-31,4.2,"aquathol_k (gals), aquathol_super_k (lbs)",Endothall,S_411,Y,Lewis,33003200,80.88,0.0519,CLP
2019-2135,2019,2019-07-01,2019-07-31,4.2,triclopyr_14_percent (lbs),Triclopyr,S_911,Y,Upper South Long,18009600,292.08,0.0144,EWM
2017-0820,2021,2021-05-01,2021-05-31,4.2,diquat (gals),Diquat Dibromide,S_1315,Y,Cedar,86022700,276.72,0.0152,CLP
2017-1529,2017,2017-05-01,2017-05-31,4.11,aquathol_k (gals),Endothall,S_260,Y,Constance,86005100,86.43,0.0476,CLP
2018-0910,2018,2018-05-01,2018-05-31,4.11,aquathol_k (gals),Endothall,S_575,Y,Constance,86005100,86.43,0.0476,CLP
2017-1483,2017,2017-05-01,2017-05-31,4.1,aquathol_k (gals),Endothall,S_252,Y,Big Watab,73010200,57.18,0.0717,CLP
2018-1097,2018,2018-05-01,2018-05-31,4.1,aquathol_k (gals),Endothall,S_589,Y,Big Watab,73010200,57.18,0.0717,CLP
2017-0824,2019,2019-09-01,2019-09-30,4.1,,,S_690,Y,Cedar,86022700,276.72,0.0148,EWM
2018-0528,2019,2019-07-01,2019-07-31,4.1,diquat (gals),Diquat Dibromide,S_819,Y,Le Homme Dieu,21005600,879.66,0.0047,EWM
2018-1097,2019,2019-05-01,2019-05-31,4.1,aquathol_k (gals),Endothall,S_854,Y,Big Watab,73010200,57.18,0.0717,CLP
2019-1475,2020,2020-05-01,2020-05-31,4.1,aquathol_k (gals),Endothall,S_1190,Y,Long,49001500,68.59,0.0598,CLP
2018-0371,2022,2022-06-01,2022-06-30,4.1,aquathol_k (gals),Endothall,S_1785,Y,Alexander,49007900,843.85,0.0049,CLP
2019-0039,2022,2022-09-01,2022-09-30,4.05,sculpin (lbs),"2,4-D",S_1840,Y,Henderson,34011600,31.49,0.1286,EWM
2017-0667,2022,2022-05-01,2022-05-31,4.01,diquat (gals),Diquat Dibromide,S_1665,Y,Clear,82016300,270.31,0.0148,CLP
16W-3B075,2016,2016-05-01,2016-05-31,4,other (lbs),Other,S_21,Y,Koronis (main lake),73020002,1146.64,0.0035,SS
2017-1498,2017,2017-05-01,2017-05-31,4,aquathol_k (gals),Endothall,S_254,Y,Lost,27010300,NA,NA,CLP
2017-0417,2018,2018-06-01,2018-06-30,4,diquat (gals),Diquat Dibromide,S_364,Y,Lower Prior,70002600,589.7,0.0068,EWM
2017-1498,2018,2018-06-01,2018-06-30,4,aquathol_k (gals),Endothall,S_459,Y,Lost,27010300,NA,NA,CLP
2018-0866,2018,2018-06-01,2018-06-30,4,diquat (gals),Diquat Dibromide,S_571,Y,Unnamed,27097900,NA,NA,CLP
2018-1664,2018,2018-05-01,2018-05-31,4,aquathol_k (gals),Endothall,S_605,Y,West Lake Sylvia,86027900,297.1,0.0135,CLP
2017-0492,2019,2019-07-01,2019-07-31,4,alligare (gals),"2,4-D",S_656,Y,John,86028800,284.53,0.0141,EWM
2018-0866,2019,2019-05-01,2019-05-31,4,diquat (gals),Diquat Dibromide,S_838,Y,Unnamed,27097900,NA,NA,CLP
2018-0910,2019,2019-05-01,2019-05-31,4,aquathol_k (gals),Endothall,S_842,Y,Constance,86005100,86.43,0.0463,CLP
2017-1498,2020,2020-05-01,2020-05-31,4,aquathol_k (gals),Endothall,S_1036,Y,Lost,27010300,NA,NA,CLP
2018-0866,2020,2020-05-01,2020-05-31,4,diquat (gals),Diquat Dibromide,S_1130,Y,Unnamed,27097900,NA,NA,CLP
2020-0120,2020,2020-05-01,2020-05-31,4,aquathol_k (gals),Endothall,S_1209,Y,Knaus,73008600,209.7,0.0191,CLP
2017-1298,2021,2021-05-01,2021-05-31,4,aquathol_k (gals),Endothall,S_1359,Y,Long,19002200,NA,NA,CLP
2017-1982,2021,2021-05-01,2021-05-31,4,diquat (gals),Diquat Dibromide,S_1391,Y,Silver,62000100,71.82,0.0557,"EWM, CLP"
2021-1189,2021,2021-05-01,2021-05-31,4,diquat (gals),Diquat Dibromide,S_1599,Y,Markley,70002100,NA,NA,EWM
2018-0866,2022,2022-05-01,2022-05-31,4,diquat (gals),Diquat Dibromide,S_1804,Y,Unnamed,27097900,NA,NA,CLP
2020-3343,2022,2022-05-01,2022-05-31,4,diquat (gals),Diquat Dibromide,S_1907,Y,Elms,30003600,40.8,0.098,CLP
2021-1189,2022,2022-05-01,2022-05-31,4,diquat (gals),Diquat Dibromide,S_1927,Y,Markley,70002100,NA,NA,EWM
2022-0194,2022,2022-08-01,2022-08-31,4,alligare (gals),"2,4-D",S_1957,Y,Games,34022400,247.82,0.0161,EWM
2017-0753,2019,2019-05-01,2019-05-31,3.93,diquat (gals),Diquat Dibromide,S_688,Y,Mooney,27013400,NA,NA,CLP
2017-1530,2019,2019-05-01,2019-05-31,3.92,,,S_748,Y,Constance,86005100,86.43,0.0454,EWM
2017-4032,2017,2017-10-01,2017-10-31,3.91,,,S_346,Y,Unnamed,19020300,NA,NA,ZM
2017-0477,2019,2019-05-01,2019-05-31,3.9,aquathol_k (gals),Endothall,S_654,Y,Lower Cullen,18040300,201.25,0.0194,CLP
2017-1826,2019,2019-05-01,2019-05-31,3.9,diquat (gals),Diquat Dibromide,S_755,Y,Grave,18011000,NA,NA,CLP
2017-0969,2021,2021-05-01,2021-05-31,3.9,aquathol_k (gals),Endothall,S_1326,Y,Lower Twin,27004203,26.6,0.1466,CLP
2017-1709,2017,2017-05-01,2017-05-31,3.89,aquathol_k (gals),Endothall,S_272,Y,Bone,82005400,119.4,0.0326,CLP
2019-1554,2021,2021-06-01,2021-06-30,3.89,diquat (gals),Diquat Dibromide,S_1514,Y,Josephine,62005700,78.88,0.0493,CLP
2017-1709,2019,2019-05-01,2019-05-31,3.88,aquathol_k (gals),Endothall,S_752,Y,Bone,82005400,119.4,0.0325,CLP
2019-0039,2021,2021-07-01,2021-07-31,3.81,diquat (gals),Diquat Dibromide,S_1502,Y,Henderson,34011600,31.49,0.121,EWM
2017-1120,2017,2017-05-01,2017-05-31,3.8,aquathol_k (gals),Endothall,S_221,Y,Love,18038800,64.67,0.0588,CLP
2018-2148,2018,2018-07-01,2018-07-31,3.8,diquat (gals),Diquat Dibromide,S_613,Y,Alice,82028700,NA,NA,EWM
2018-2148,2020,2020-06-01,2020-06-30,3.8,diquat (gals),Diquat Dibromide,S_1158,Y,Alice,82028700,NA,NA,EWM
2018-2148,2021,2021-06-01,2021-06-30,3.8,diquat (gals),Diquat Dibromide,S_1488,Y,Alice,82028700,NA,NA,EWM
2018-2148,2022,2022-06-01,2022-06-30,3.8,diquat (gals),Diquat Dibromide,S_1832,Y,Alice,82028700,NA,NA,EWM
2017-1983,2019,2019-05-01,2019-05-31,3.79,diquat (gals),Diquat Dibromide,S_762,Y,Silver,62000100,71.82,0.0528,EWM
2017-0524,2017,2017-05-01,2017-05-31,3.7,other (gals),Other,S_84,Y,Spring,70005400,282.83,0.0131,CLP
2018-0004,2018,2018-07-01,2018-07-31,3.7,triclopyr_14_percent (lbs),Triclopyr,S_510,Y,Roosevelt,11004300,302.23,0.0122,EWM
2017-0407,2019,2019-05-01,2019-05-31,3.7,diquat (gals),Diquat Dibromide,S_646,Y,Lucy,10000700,68.27,0.0542,CLP
2017-0407,2020,2020-05-01,2020-05-31,3.7,diquat (gals),Diquat Dibromide,S_943,Y,Lucy,10000700,68.27,0.0542,CLP
2018-1380,2020,2020-07-01,2020-07-31,3.7,,,S_1152,Y,Beebe,86002300,179.49,0.0206,EWM
2018-0910,2021,2021-05-01,2021-05-31,3.63,diquat (gals),Diquat Dibromide,S_1464,Y,Constance,86005100,86.43,0.042,CLP
2017-0735,2017,2017-05-01,2017-05-31,3.6,aquathol_k (gals),Endothall,S_129,Y,Alimagnet,19002100,NA,NA,CLP
2017-0759,2017,2017-05-01,2017-05-31,3.6,aquathol_k (gals),Endothall,S_143,Y,Pulaski (main bay),86005302,138.77,0.0259,CLP
2017-0753,2018,2018-05-01,2018-05-31,3.52,aquathol_k (gals),Endothall,S_405,Y,Mooney,27013400,NA,NA,CLP
2017-0379,2017,2017-05-01,2017-05-31,3.5,aquathol_k (gals),Endothall,S_50,Y,Bass,56077000,NA,NA,CLP
2017-3807,2017,2017-10-01,2017-10-31,3.5,triclopyr_14_percent (lbs),Triclopyr,S_341,Y,Marie,73001400,124.97,0.028,EWM
2017-1038,2018,2018-07-01,2018-07-31,3.5,diquat (gals),Diquat Dibromide,S_428,Y,Minnetonka-Carsons Bay,27013303,78.86,0.0444,EWM
2018-1133,2018,2018-05-01,2018-05-31,3.5,aquathol_k (gals),Endothall,S_592,Y,South Lindstrom,13002800,261.42,0.0134,CLP
2018-0834,2022,2022-06-01,2022-06-30,3.5,aquathol_k (gals),Endothall,S_1801,Y,North Long,18037200,4018.38,9e-4,CLP
2017-0379,2018,2018-05-01,2018-05-31,3.49,aquathol_k (gals),Endothall,S_361,Y,Bass,56077000,NA,NA,CLP
2018-2165,2018,2018-08-01,2018-08-31,3.49,alligare (gals),"2,4-D",S_614,Y,West Lake Sylvia,86027900,297.1,0.0117,EWM
2017-1040,2020,2020-07-01,2020-07-31,3.49,diquat (gals),Diquat Dibromide,S_1004,Y,Minnetonka-Lower Lake,27013302,2059.41,0.0017,EWM
2018-0648,2021,2021-05-01,2021-05-31,3.43,diquat (gals),Diquat Dibromide,S_1448,Y,Cross,58011900,456.42,0.0075,CLP
2017-1297,2019,2019-05-01,2019-05-31,3.4,aquathol_k (gals),Endothall,S_732,Y,Farquar,19002300,63.58,0.0535,CLP
2019-3248,2019,2019-10-01,2019-10-31,3.4,,,S_931,Y,Fannie,30004300,268.23,0.0127,EWM
2019-0545,2020,2020-08-01,2020-08-31,3.4,diquat (gals),Diquat Dibromide,S_1175,Y,Coon,02004200,1331.96,0.0026,EWM
2020-0762,2020,2020-05-01,2020-05-31,3.4,aquathol_k (gals),Endothall,S_1237,Y,French,66003800,379.03,0.009,CLP
2022-0468,2022,2022-05-01,2022-05-31,3.4,diquat (gals),Diquat Dibromide,S_1975,Y,Alimagnet,19002100,NA,NA,EWM
2018-0004,2019,2019-07-01,2019-07-31,3.33,triclopyr_14_percent (lbs),Triclopyr,S_788,Y,Roosevelt,11004300,302.23,0.011,EWM
2017-3595,2020,2020-09-01,2020-09-30,3.3,,,S_1077,Y,Manuella,47005000,114.89,0.0287,EWM
2018-0004,2022,2022-08-01,2022-08-31,3.3,,,S_1763,Y,Roosevelt,11004300,302.23,0.0109,EWM
2017-1566,2022,2022-05-01,2022-05-31,3.29,diquat (gals),Diquat Dibromide,S_1725,Y,Orchard,19003100,172.06,0.0191,CLP
2017-1930,2017,2017-05-01,2017-05-31,3.2,dma4_ivm (gals),"2,4-D",S_287,Y,Comfort,13005300,88.03,0.0364,EWM
2018-1216,2018,2018-06-01,2018-06-30,3.2,aquathol_k (gals),Endothall,S_596,Y,Mirror,27005500,NA,NA,CLP
2018-1216,2019,2019-05-01,2019-05-31,3.2,aquathol_k (gals),Endothall,S_857,Y,Mirror,27005500,NA,NA,CLP
2020-0470,2020,2020-07-01,2020-07-31,3.2,,,S_1234,Y,Carlos,21005700,922.22,0.0035,EWM
2020-2570,2021,2021-06-01,2021-06-30,3.2,,,S_1563,Y,Birch,71005700,118.4,0.027,EWM
2018-1216,2022,2022-05-01,2022-05-31,3.2,aquathol_k (gals),Endothall,S_1826,Y,Mirror,27005500,NA,NA,CLP
2018-0912,2018,2018-05-01,2018-05-31,3.1,aquathol_k (gals),Endothall,S_576,Y,Bass,86023400,95.96,0.0323,CLP
2019-1303,2019,2019-05-01,2019-05-31,3.1,aquathol_k (gals),Endothall,S_902,Y,Shields,82016200,25.53,0.1214,CLP
2017-1151,2020,2020-05-01,2020-05-31,3.1,aquathol_k (gals),Endothall,S_1020,Y,Spectacle,30013500,170.29,0.0182,CLP
2017-2184,2022,2022-05-01,2022-05-31,3.1,diquat (gals),Diquat Dibromide,S_1745,Y,Crooked,02008400,84.02,0.0369,CLP
2017-0735,2022,2022-05-01,2022-05-31,3.06,diquat (gals),Diquat Dibromide,S_1668,Y,Alimagnet,19002100,NA,NA,CLP
2018-2165,2019,2019-07-01,2019-07-31,3.03,alligare (gals),"2,4-D",S_867,Y,West Lake Sylvia,86027900,297.1,0.0102,EWM
2017-1033,2019,2019-08-01,2019-08-31,3.02,sculpin (lbs),"2,4-D",S_705,Y,Florida,34021700,278.96,0.0108,EWM
2017-0407,2017,2017-05-01,2017-05-31,3,aquathol_k (gals),Endothall,S_57,Y,Lucy,10000700,68.27,0.0439,CLP
2017-0452,2017,2017-05-01,2017-05-31,3,aquathol_k (gals),Endothall,S_65,Y,Arrowhead,27004500,NA,NA,CLP
2018-0648,2019,2019-05-01,2019-05-31,3,aquathol_k (gals),Endothall,S_825,Y,Cross,58011900,456.42,0.0066,CLP
2019-0132,2019,2019-05-01,2019-05-31,3,aquathol_k (gals),Endothall,S_887,Y,Sibley,18040400,274.5,0.0109,CLP
2019-0858,2019,2019-06-01,2019-06-30,3,alligare (gals),"2,4-D",S_895,Y,Skogman,30002200,129.77,0.0231,EWM
2019-2554,2019,2019-07-01,2019-07-31,3,triclopyr_14_percent (lbs),Triclopyr,S_917,Y,Coon,31052401,277.87,0.0108,EWM
2017-1530,2020,2020-05-01,2020-05-31,3,alligare (gals),"2,4-D",S_1039,Y,Constance,86005100,86.43,0.0347,EWM
2018-0910,2020,2020-05-01,2020-05-31,3,diquat (gals),Diquat Dibromide,S_1134,Y,Constance,86005100,86.43,0.0347,CLP
2019-0808,2020,2020-05-01,2020-05-31,3,aquathol_k (gals),Endothall,S_1178,Y,Sleepy Eye,08004500,189.3,0.0158,CLP
2019-0808,2021,2021-05-01,2021-05-31,3,aquathol_k (gals),Endothall,S_1505,Y,Sleepy Eye,08004500,189.3,0.0158,CLP
2021-3224,2022,2022-08-01,2022-08-31,3,triclopyr_44_percent (gals),Triclopyr,S_1943,Y,Halfbreed,82008000,78.57,0.0382,PL
2017-1566,2018,2018-05-01,2018-05-31,2.98,diquat (gals),Diquat Dibromide,S_465,Y,Orchard,19003100,172.06,0.0173,CLP
2018-1016,2018,2018-05-01,2018-05-31,2.94,aquathol_k (gals),Endothall,S_583,Y,Long,30007200,381.58,0.0077,CLP
2017-1135,2022,2022-05-01,2022-05-31,2.82,diquat (gals),Diquat Dibromide,S_1704,Y,Lower Prior,70002600,589.7,0.0048,CLP
2018-1087,2019,2019-05-01,2019-05-31,2.8,aquathol_k (gals),Endothall,S_853,Y,Upper Cormorant,03058800,522.84,0.0054,CLP
2022-0174,2022,2022-06-01,2022-06-30,2.8,,,S_1953,Y,South Lindstrom,13002800,261.42,0.0107,EWM
2017-0825,2018,2018-08-01,2018-08-31,2.77,alligare (gals),"2,4-D",S_409,Y,Middle Spunk,73012800,79.01,0.0351,EWM
2017-1048,2019,2019-09-01,2019-09-30,2.72,sculpin (lbs),"2,4-D",S_719,Y,Green,34007900,2119.75,0.0013,EWM
2017-1056,2020,2020-05-01,2020-05-31,2.7,aquathol_k (gals),Endothall,S_1014,Y,Minnie-Belle,47011900,175.76,0.0154,CLP
2022-3122,2022,2022-10-01,2022-10-31,2.67,,,S_2008,Y,Louisa,86028200,129.57,0.0206,EWM
2020-0277,2020,2020-05-01,2020-05-31,2.65,aquathol_k (gals),Endothall,S_1231,Y,Round,01020400,311.65,0.0085,CLP
2018-2789,2018,2018-08-01,2018-08-31,2.62,alligare (gals),"2,4-D",S_625,Y,Spectacle,30013500,170.29,0.0154,EWM
2017-3622,2021,2021-08-01,2021-08-31,2.62,copper_ethnolamine (gals),Copper Complex,S_1412,Y,Minnewaska,61013000,3290.84,8e-4,SS
2017-0743,2022,2022-05-01,2022-05-31,2.62,aquathol_k (gals),Endothall,S_1670,Y,Gun,01009900,370.28,0.0071,CLP
2017-0039,2017,2017-05-01,2017-05-31,2.6,aquathol_k (gals),Endothall,S_41,Y,Schneider,73008200,25.14,0.1034,CLP
2017-1846,2017,2017-05-01,2017-05-31,2.6,aquathol_k (gals),Endothall,S_281,Y,Lower Prior,70002600,589.7,0.0044,CLP
2018-0241,2022,2022-06-01,2022-06-30,2.6,diquat (gals),Diquat Dibromide,S_1773,Y,Margaret,11022200,170.02,0.0153,CLP
2017-1135,2017,2017-05-01,2017-05-31,2.55,diquat (gals),Diquat Dibromide,S_222,Y,Lower Prior,70002600,589.7,0.0043,CLP
2019-3319,2019,2019-10-01,2019-10-31,2.55,,,S_933,Y,Clearwater,18003800,338.34,0.0075,EWM
2017-0824,2017,2017-07-01,2017-07-31,2.5,triclopyr_14_percent (lbs),Triclopyr,S_150,Y,Cedar,86022700,276.72,0.009,EWM
2018-0610,2018,2018-05-01,2018-05-31,2.5,aquathol_k (gals),Endothall,S_554,Y,Le Homme Dieu,21005600,879.66,0.0028,CLP
2018-0834,2018,2018-05-01,2018-05-31,2.5,aquathol_k (gals),Endothall,S_568,Y,North Long,18037200,4018.38,6e-4,CLP
2018-0610,2020,2020-05-01,2020-05-31,2.5,aquathol_k (gals),Endothall,S_1115,Y,Le Homme Dieu,21005600,879.66,0.0028,CLP
2018-0834,2020,2020-05-01,2020-05-31,2.5,aquathol_k (gals),Endothall,S_1127,Y,North Long,18037200,4018.38,6e-4,CLP
2017-3807,2021,2021-09-01,2021-09-30,2.5,,,S_1415,Y,Marie,73001400,124.97,0.02,EWM
2019-1475,2021,2021-05-01,2021-05-31,2.5,aquathol_k (gals),Endothall,S_1513,Y,Long,49001500,68.59,0.0364,CLP
2017-3947,2017,2017-10-01,2017-10-31,2.42,diquat (gals),Diquat Dibromide,S_345,Y,Lotus,10000600,182.41,0.0133,BN
2017-1047,2017,2017-07-01,2017-07-31,2.4,triclopyr_14_percent (lbs),Triclopyr,S_202,Y,Minnetonka-Crystal Bay,27013310,317.36,0.0076,EWM
2017-1110,2017,2017-05-01,2017-05-31,2.4,aquathol_k (gals),Endothall,S_220,Y,Le Homme Dieu,21005600,879.66,0.0027,CLP
2017-3015,2017,2017-07-01,2017-07-31,2.4,triclopyr_14_percent (lbs),Triclopyr,S_316,Y,Bear,09003400,70.07,0.0343,EWM
2018-1866,2018,2018-05-01,2018-05-31,2.4,aquathol_k (gals),Endothall,S_610,Y,Square,82004600,64.49,0.0372,CLP
2018-1866,2019,2019-05-01,2019-05-31,2.4,aquathol_super_k (lbs),Endothall,S_863,Y,Square,82004600,64.49,0.0372,CLP
2018-1864,2020,2020-06-01,2020-06-30,2.4,diquat (gals),Diquat Dibromide,S_1155,Y,Muskrat,03036000,64.18,0.0374,CLP
2018-0267,2018,2018-05-01,2018-05-31,2.35,aquathol_k (gals),Endothall,S_532,Y,Sylvan,87013400,NA,NA,CLP
2018-0267,2019,2019-05-01,2019-05-31,2.35,diquat (gals),Diquat Dibromide,S_809,Y,Sylvan,87013400,NA,NA,CLP
2018-0267,2020,2020-05-01,2020-05-31,2.35,diquat (gals),Diquat Dibromide,S_1099,Y,Sylvan,87013400,NA,NA,CLP
2018-0267,2021,2021-05-01,2021-05-31,2.35,diquat (gals),Diquat Dibromide,S_1433,Y,Sylvan,87013400,NA,NA,CLP
2018-0267,2022,2022-05-01,2022-05-31,2.35,diquat (gals),Diquat Dibromide,S_1778,Y,Sylvan,87013400,NA,NA,CLP
2017-3015,2019,2019-08-01,2019-08-31,2.25,triclopyr_14_percent (lbs),Triclopyr,S_778,Y,Bear,09003400,70.07,0.0321,EWM
16W-3A076,2016,2016-05-01,2016-05-31,2.2,other (gals),Other,S_15,Y,Lower Prior,70002600,589.7,0.0037,CLP
2017-0927,2017,2017-05-01,2017-05-31,2.2,aquathol_k (gals),Endothall,S_165,Y,Ida,21012300,1751.07,0.0013,CLP
2017-0993,2017,2017-06-01,2017-06-30,2.2,alligare (gals),"2,4-D",S_176,Y,South Center,13002700,544.51,0.004,EWM
2018-0130,2018,2018-07-01,2018-07-31,2.2,alligare (gals),"2,4-D",S_519,Y,South Center,13002700,544.51,0.004,EWM
2018-0543,2019,2019-05-01,2019-05-31,2.2,aquathol_k (gals),Endothall,S_820,Y,Fish Trap,49013700,357.29,0.0062,CLP
2017-0533,2022,2022-06-01,2022-06-30,2.2,aquathol_k (gals),Endothall,S_1651,Y,Detroit,03038100,1868.58,0.0012,CLP
2017-0973,2019,2019-05-01,2019-05-31,2.16,aquathol_k (gals),Endothall,S_701,Y,Sebie,18016100,NA,NA,CLP
2019-3125,2019,2019-10-01,2019-10-31,2.14,imazapyr (gals),Imazapyr,S_929,Y,White Bear,82016700,1334.41,0.0016,PHR
2017-2184,2017,2017-05-01,2017-05-31,2.12,diquat (gals),Diquat Dibromide,S_296,Y,Crooked,02008400,84.02,0.0252,CLP
2017-3184,2018,2018-07-01,2018-07-31,2.11,,,S_502,Y,Orchard,19003100,172.06,0.0123,EWM
2017-0600,2017,2017-07-01,2017-07-31,2.1,triclopyr_14_percent (lbs),Triclopyr,S_97,Y,Fish,86018300,54.16,0.0388,EWM
2019-0829,2020,2020-05-01,2020-05-31,2.1,aquathol_k (gals),Endothall,S_1180,Y,Indianhead,27004400,NA,NA,CLP
2019-0829,2021,2021-05-01,2021-05-31,2.1,aquathol_k (gals),Endothall,S_1506,Y,Indianhead,27004400,NA,NA,CLP
2019-0829,2022,2022-05-01,2022-05-31,2.1,aquathol_k (gals),Endothall,S_1844,Y,Indianhead,27004400,NA,NA,CLP
2017-3089,2017,2017-07-01,2017-07-31,2.06,dma4_ivm (gals),"2,4-D",S_317,Y,Erie,47006400,115.68,0.0178,EWM
2016-1930,2016,2016-10-01,2016-10-31,2,other (lbs),Other,S_32,Y,Cass,04003000,6934.29,3e-4,SS
2017-0934,2017,2017-07-01,2017-07-31,2,diquat (gals),Diquat Dibromide,S_167,Y,North Twin,31019000,69.75,0.0287,"EWM, FR"
2017-0969,2017,2017-05-01,2017-05-31,2,aquathol_k (gals),Endothall,S_174,Y,Lower Twin,27004203,26.6,0.0752,CLP
2017-1056,2017,2017-04-01,2017-04-30,2,aquathol_k (gals),Endothall,S_207,Y,Minnie-Belle,47011900,175.76,0.0114,CLP
2017-1362,2017,2017-05-01,2017-05-31,2,aquathol_k (gals),Endothall,S_246,Y,Middle Cormorant,03060200,474.65,0.0042,CLP
2017-3362,2017,2017-08-01,2017-08-31,2,alligare (gals),"2,4-D",S_326,Y,Somers,86023000,147.27,0.0136,EWM
2017-3436,2017,2017-08-01,2017-08-31,2,triclopyr_14_percent (lbs),Triclopyr,S_330,Y,Staring,27007800,156.22,0.0128,EWM
2017-0452,2018,2018-06-01,2018-06-30,2,aquathol_k (gals),Endothall,S_370,Y,Arrowhead,27004500,NA,NA,CLP
2017-1362,2018,2018-05-01,2018-05-31,2,aquathol_k (gals),Endothall,S_455,Y,Middle Cormorant,03060200,474.65,0.0042,CLP
2018-0174,2018,2018-06-01,2018-06-30,2,diquat (gals),Diquat Dibromide,S_520,Y,North Twin,31019000,69.75,0.0287,FR
2018-0528,2018,2018-08-01,2018-08-31,2,diquat (gals),Diquat Dibromide,S_549,Y,Le Homme Dieu,21005600,879.66,0.0023,EWM
2018-0652,2018,2018-05-01,2018-05-31,2,aquathol_k (gals),Endothall,S_557,Y,Crookneck,49013300,144.83,0.0138,CLP
2017-0452,2019,2019-05-01,2019-05-31,2,aquathol_k (gals),Endothall,S_653,Y,Arrowhead,27004500,NA,NA,CLP
2017-1362,2019,2019-05-01,2019-05-31,2,aquathol_k (gals),Endothall,S_739,Y,Middle Cormorant,03060200,474.65,0.0042,CLP
2018-0671,2019,2019-05-01,2019-05-31,2,aquathol_k (gals),Endothall,S_830,Y,Rush,71014700,160.82,0.0124,CLP
2019-0829,2019,2019-05-01,2019-05-31,2,aquathol_k (gals),Endothall,S_894,Y,Indianhead,27004400,NA,NA,CLP
2017-0452,2020,2020-05-01,2020-05-31,2,aquathol_k (gals),Endothall,S_951,Y,Arrowhead,27004500,NA,NA,CLP
2017-1362,2020,2020-05-01,2020-05-31,2,aquathol_k (gals),Endothall,S_1032,Y,Middle Cormorant,03060200,474.65,0.0042,CLP
2017-0452,2021,2021-05-01,2021-05-31,2,aquathol_k (gals),Endothall,S_1281,Y,Arrowhead,27004500,NA,NA,CLP
2017-1362,2021,2021-05-01,2021-05-31,2,aquathol_k (gals),Endothall,S_1367,Y,Middle Cormorant,03060200,474.65,0.0042,CLP
2017-2106,2021,2021-05-01,2021-05-31,2,aquathol_k (gals),Endothall,S_1397,Y,Pelican,18030800,3883.67,5e-4,CLP
2019-2551,2021,2021-09-01,2021-09-30,2,,,S_1522,Y,Hale,31037300,35.33,0.0566,EWM
2021-2454,2021,2021-07-01,2021-07-31,2,diquat (gals),Diquat Dibromide,S_1615,Y,Deer Pond,82038500,NA,NA,EWM
2017-0452,2022,2022-05-01,2022-05-31,2,aquathol_k (gals),Endothall,S_1642,Y,Arrowhead,27004500,NA,NA,CLP
2018-0174,2022,2022-07-01,2022-07-31,2,diquat (gals),Diquat Dibromide,S_1768,Y,North Twin,31019000,69.75,0.0287,FR
2019-3125,2022,2022-09-01,2022-09-30,2,"glyphosate (gals), imazapyr (gals)","Glyphosate, Imazapyr",S_1873,Y,White Bear,82016700,1334.41,0.0015,PHR
2017-3461,2021,2021-09-01,2021-09-30,1.96,flumioxazin (lbs),Flumioxazin,S_1411,Y,Ice,31037200,NA,NA,EWM
2020-0470,2021,2021-08-01,2021-08-31,1.96,,,S_1555,Y,Carlos,21005700,922.22,0.0021,EWM
2017-0756,2017,2017-05-01,2017-05-31,1.8,aquathol_k (gals),Endothall,S_141,Y,Fish Trap,49013700,357.29,0.005,CLP
2018-3443,2018,2018-09-01,2018-09-30,1.8,sculpin (lbs),"2,4-D",S_637,Y,Henderson,34011600,31.49,0.0572,EWM
2019-2886,2019,2019-09-01,2019-09-30,1.8,imazapyr (gals),Imazapyr,S_923,Y,North Lindstrom,13003500,61.92,0.0291,PHR
2019-2888,2019,2019-09-01,2019-09-30,1.8,imazapyr (gals),Imazapyr,S_925,Y,South Lindstrom,13002800,261.42,0.0069,PHR
2020-0122,2020,2020-05-01,2020-05-31,1.8,aquathol_k (gals),Endothall,S_1211,Y,Krays,73008700,86.94,0.0207,CLP
2020-0122,2021,2021-05-01,2021-05-31,1.8,aquathol_k (gals),Endothall,S_1538,Y,Krays,73008700,86.94,0.0207,CLP
2017-0379,2022,2022-06-01,2022-06-30,1.8,aquathol_k (gals),Endothall,S_1634,Y,Bass,56077000,NA,NA,CLP
2017-1032,2018,2018-07-01,2018-07-31,1.79,"diquat (gals), triclopyr_14_percent (lbs)","Diquat Dibromide, Triclopyr",S_422,Y,Charlotte,86001100,89.71,0.02,EWM
2017-1982,2019,2019-05-01,2019-05-31,1.75,diquat (gals),Diquat Dibromide,S_761,Y,Silver,62000100,71.82,0.0244,"EWM, CLP"
2017-0753,2022,2022-06-01,2022-06-30,1.72,diquat (gals),Diquat Dibromide,S_1671,Y,Mooney,27013400,NA,NA,CLP
2017-0760,2017,2017-05-01,2017-05-31,1.7,aquathol_k (gals),Endothall,S_144,Y,Little Pulaski,86005301,NA,NA,CLP
2019-3106,2019,2019-09-01,2019-09-30,1.7,"dma4_ivm (gals), navigate (lbs)","2,4-D",S_928,Y,White Sand,18037900,282.54,0.006,EWM
2017-0039,2020,2020-05-01,2020-05-31,1.7,aquathol_k (gals),Endothall,S_935,Y,Schneider,73008200,25.14,0.0676,CLP
2020-0123,2020,2020-05-01,2020-05-31,1.7,aquathol_k (gals),Endothall,S_1212,Y,Great Northern,73008300,185.35,0.0092,CLP
2020-0125,2020,2020-05-01,2020-05-31,1.7,aquathol_k (gals),Endothall,S_1213,Y,Zumwalde,73008900,118.62,0.0143,CLP
2020-0123,2021,2021-05-01,2021-05-31,1.7,aquathol_k (gals),Endothall,S_1539,Y,Great Northern,73008300,185.35,0.0092,CLP
2020-0125,2021,2021-05-01,2021-05-31,1.7,aquathol_k (gals),Endothall,S_1540,Y,Zumwalde,73008900,118.62,0.0143,CLP
2022-2989,2022,2022-09-01,2022-09-30,1.7,imazapyr (gals),Imazapyr,S_2002,Y,Boyer,03057900,295.22,0.0058,PHR
2017-0600,2018,2018-08-01,2018-08-31,1.67,triclopyr_14_percent (lbs),Triclopyr,S_389,Y,Fish,86018300,54.16,0.0308,EWM
2017-2060,2018,2018-10-01,2018-10-31,1.67,cutrine (lbs),Copper Complex,S_485,Y,West Lake Sylvia,86027900,297.1,0.0056,SS
2019-0627,2019,2019-07-01,2019-07-31,1.67,,,S_891,Y,Crookneck,49013300,144.83,0.0115,EWM
2017-2060,2021,2021-08-01,2021-08-31,1.67,copper_ethnolamine (gals),Copper Complex,S_1394,Y,West Lake Sylvia,86027900,297.1,0.0056,SS
2018-0592,2018,2018-05-01,2018-05-31,1.54,aquathol_k (gals),Endothall,S_552,Y,Unnamed,62001400,NA,NA,CLP
2018-0592,2019,2019-05-01,2019-05-31,1.54,aquathol_k (gals),Endothall,S_822,Y,Unnamed,62001400,NA,NA,CLP
2018-0592,2020,2020-05-01,2020-05-31,1.54,aquathol_k (gals),Endothall,S_1113,Y,Unnamed,62001400,NA,NA,CLP
2022-1999,2022,2022-06-01,2022-06-30,1.53,,,S_1984,Y,North Lindstrom,13003500,61.92,0.0247,EWM
2019-0039,2019,2019-07-01,2019-07-31,1.51,"diquat (gals), sculpin (lbs)","Diquat Dibromide, 2,4-D",S_886,Y,Henderson,34011600,31.49,0.048,EWM
2018-2453,2018,2018-08-01,2018-08-31,1.5,copper_ethnolamine (gals),Copper Complex,S_619,Y,Minnewaska,61013000,3290.84,5e-4,SS
2019-1846,2020,2020-06-01,2020-06-30,1.5,aquathol_k (gals),Endothall,S_1192,Y,Curfman,03036300,NA,NA,CLP
2022-0008,2022,2022-05-01,2022-05-31,1.5,aquathol_k (gals),Endothall,S_1948,Y,Manuella,47005000,114.89,0.0131,CLP
2022-2614,2022,2022-10-01,2022-10-31,1.5,,,S_1993,Y,Hanks,18004400,48.08,0.0312,EWM
2017-2060,2021,2021-09-01,2021-09-30,1.44,copper_ethnolamine (gals),Copper Complex,S_1395,Y,West Lake Sylvia,86027900,297.1,0.0048,SS
2017-2060,2022,2022-07-01,2022-07-31,1.44,copper_ethnolamine (gals),Copper Complex,S_1743,Y,West Lake Sylvia,86027900,297.1,0.0048,SS
2017-2351,2017,2017-07-01,2017-07-31,1.4,sculpin (lbs),"2,4-D",S_298,Y,Emily,18020300,720.62,0.0019,EWM
2017-3599,2017,2017-09-01,2017-09-30,1.4,triclopyr_14_percent (lbs),Triclopyr,S_333,Y,Bad Axe,29020800,NA,NA,EWM
2017-3800,2019,2019-06-01,2019-06-30,1.4,,,S_787,Y,Pleasant,86025100,291.24,0.0048,EWM
2018-3522,2019,2019-07-01,2019-07-31,1.4,"sculpin (lbs), triclopyr_14_percent (lbs)","2,4-D, Triclopyr",S_881,Y,Washburn,11005900,720.55,0.0019,EWM
2018-0332,2022,2022-09-01,2022-09-30,1.4,,,S_1781,Y,Bad Axe,29020800,NA,NA,EWM
2017-0968,2017,2017-05-01,2017-05-31,1.377,aquathol_k (gals),Endothall,S_173,Y,Crystal,27003400,NA,NA,CLP
2017-3461,2020,2020-09-01,2020-09-30,1.35,,,S_1076,Y,Ice,31037200,NA,NA,EWM
2020-2386,2020,2020-08-01,2020-08-31,1.31,,,S_1247,Y,Indian,21013600,70.12,0.0187,EWM
2017-0735,2021,2021-05-01,2021-05-31,1.29,diquat (gals),Diquat Dibromide,S_1309,Y,Alimagnet,19002100,NA,NA,CLP
2019-2885,2020,2020-10-01,2020-10-31,1.27,imazapyr (gals),Imazapyr,S_1199,Y,North Center,13003200,NA,NA,PHR
2022-3003,2022,2022-09-01,2022-09-30,1.27,,,S_2003,Y,Unnamed,19034800,NA,NA,EWM
2019-0828,2022,2022-05-01,2022-05-31,1.2,aquathol_k (gals),Endothall,S_1843,Y,Melody,27066900,NA,NA,CLP
2021-0371,2021,2021-08-01,2021-08-31,1.17,,,S_1580,Y,Lower Twin,27004203,26.6,0.044,EWM
2017-3184,2017,2017-07-01,2017-07-31,1.15,triclopyr_14_percent (lbs),Triclopyr,S_321,Y,Orchard,19003100,172.06,0.0067,EWM
2018-3522,2018,2018-10-01,2018-10-31,1.1,"sculpin (lbs), triclopyr_14_percent (lbs)","2,4-D, Triclopyr",S_638,Y,Washburn,11005900,720.55,0.0015,EWM
2019-0828,2019,2019-05-01,2019-05-31,1.1,aquathol_k (gals),Endothall,S_893,Y,Melody,27066900,NA,NA,CLP
2017-3595,2022,2022-06-01,2022-06-30,1.1,,,S_1759,Y,Manuella,47005000,114.89,0.0096,EWM
2020-0398,2022,2022-09-01,2022-09-30,1.1,,,S_1891,Y,Mantrap,29015100,NA,NA,EWM
2017-1530,2018,2018-08-01,2018-08-31,1.02,alligare (gals),"2,4-D",S_463,Y,Constance,86005100,86.43,0.0118,EWM
2017-1565,2018,2018-05-01,2018-05-31,1.01,diquat (gals),Diquat Dibromide,S_464,Y,Marion,19002600,417.99,0.0024,CLP
2017-0036,2017,2017-07-01,2017-07-31,1,alligare (gals),"2,4-D",S_39,Y,Goose,13008300,NA,NA,EWM
2017-3136,2017,2017-07-01,2017-07-31,1,imazapyr (gals),Imazapyr,S_319,Y,Kingsley,19003000,NA,NA,YI
2017-3461,2017,2017-08-01,2017-08-31,1,dma4_ivm (gals),"2,4-D",S_331,Y,Ice,31037200,NA,NA,EWM
2017-3853,2017,2017-10-01,2017-10-31,1,triclopyr_14_percent (lbs),Triclopyr,S_342,Y,Washburn,11005900,720.55,0.0014,EWM
2017-3915,2017,2017-10-01,2017-10-31,1,,,S_344,Y,Minnewashta,10000900,337.89,0.003,ZM
2017-3800,2018,2018-09-01,2018-09-30,1,triclopyr_14_percent (lbs),Triclopyr,S_508,Y,Pleasant,86025100,291.24,0.0034,EWM
2017-3800,2018,2018-07-01,2018-07-31,1,alligare (gals),"2,4-D",S_509,Y,Pleasant,86025100,291.24,0.0034,EWM
2018-1459,2018,2018-06-01,2018-06-30,1,alligare (gals),"2,4-D",S_602,Y,Goose,13008300,NA,NA,EWM
2017-3461,2019,2019-08-01,2019-08-31,1,,,S_782,Y,Ice,31037200,NA,NA,EWM
2018-1459,2019,2019-06-01,2019-06-30,1,alligare (gals),"2,4-D",S_860,Y,Goose,13008300,NA,NA,EWM
2019-0587,2019,2019-08-01,2019-08-31,1,glyphosate (gals),Glyphosate,S_890,Y,Lower Twin,27004203,26.6,0.0376,PL
2019-1846,2019,2019-06-01,2019-06-30,1,aquathol_k (gals),Endothall,S_909,Y,Curfman,03036300,NA,NA,CLP
2019-2551,2019,2019-08-01,2019-08-31,1,,,S_916,Y,Hale,31037300,35.33,0.0283,EWM
2019-2723,2019,2019-08-01,2019-08-31,1,diquat (gals),Diquat Dibromide,S_919,Y,Grants,21015000,64.31,0.0155,FR
2019-3105,2019,2019-09-01,2019-09-30,1,glyphosate (gals),Glyphosate,S_927,Y,Unnamed,62024300,NA,NA,PL
2017-1313,2020,2020-08-01,2020-08-31,1,imazamox (gals),Imazamox,S_1031,Y,Melissa,03047500,899.47,0.0011,FR
2018-2661,2020,2020-08-01,2020-08-31,1,,,S_1162,Y,Shamineau,49012700,630.54,0.0016,EWM
2018-3412,2020,2020-08-01,2020-08-31,1,cutrine (lbs),Copper Complex,S_1166,Y,Pleasant,86025100,291.24,0.0034,SS
2018-3522,2020,2020-08-01,2020-08-31,1,,,S_1167,Y,Washburn,11005900,720.55,0.0014,EWM
2019-0587,2020,2020-08-01,2020-08-31,1,glyphosate (gals),Glyphosate,S_1176,Y,Lower Twin,27004203,26.6,0.0376,PL
2020-0121,2020,2020-05-01,2020-05-31,1,aquathol_k (gals),Endothall,S_1210,Y,Bolfing,73008800,67.37,0.0148,CLP
2020-0144,2020,2020-06-01,2020-06-30,1,diquat (gals),Diquat Dibromide,S_1217,Y,Spoon,62001001,6.82,0.1466,CLP
2020-2639,2020,2020-08-01,2020-08-31,1,triclopyr_14_percent (lbs),Triclopyr,S_1250,Y,Forest,82015900,1561.19,6e-4,PL
2018-0610,2021,2021-05-01,2021-05-31,1,aquathol_k (gals),Endothall,S_1446,Y,Le Homme Dieu,21005600,879.66,0.0011,CLP
2018-3412,2021,2021-08-01,2021-08-31,1,copper_ethnolamine (gals),Copper Complex,S_1497,Y,Pleasant,86025100,291.24,0.0034,SS
2019-2885,2021,2021-09-01,2021-09-30,1,"imazapyr (gals), other (gals)","Imazapyr, Other",S_1525,Y,North Center,13003200,NA,NA,PHR
2019-3125,2021,2021-09-01,2021-09-30,1,"glyphosate (gals), imazapyr (gals)","Glyphosate, Imazapyr",S_1532,Y,White Bear,82016700,1334.41,7e-4,PHR
2020-0121,2021,2021-05-01,2021-05-31,1,aquathol_k (gals),Endothall,S_1537,Y,Bolfing,73008800,67.37,0.0148,CLP
2020-2639,2021,2021-09-01,2021-09-30,1,triclopyr_44_percent (gals),Triclopyr,S_1564,Y,Forest,82015900,1561.19,6e-4,PL
2021-3224,2021,2021-09-01,2021-09-30,1,triclopyr_44_percent (gals),Triclopyr,S_1622,Y,Halfbreed,82008000,78.57,0.0127,PL
2017-3641,2022,2022-08-01,2022-08-31,1,copper_sulfate (lbs),Copper Sulfate,S_1761,Y,Turtle,04015900,928.21,0.0011,SS
2018-2938,2022,2022-06-01,2022-06-30,1,imazapyr (gals),Imazapyr,S_1835,Y,Granite,86021700,118.18,0.0085,FR
2019-2885,2022,2022-09-01,2022-09-30,1,"glyphosate (gals), imazapyr (gals)","Glyphosate, Imazapyr",S_1867,Y,North Center,13003200,NA,NA,PHR
2019-2878,2022,2022-10-01,2022-10-31,0.999,diquat (gals),Diquat Dibromide,S_1866,Y,Spectacle,30013500,170.29,0.0059,EWM
2019-2878,2019,2019-08-01,2019-08-31,0.96,alligare (gals),"2,4-D",S_921,Y,Spectacle,30013500,170.29,0.0056,EWM
2018-0332,2019,2019-07-01,2019-07-31,0.95,triclopyr_14_percent (lbs),Triclopyr,S_811,Y,Bad Axe,29020800,NA,NA,EWM
2019-2887,2019,2019-09-01,2019-09-30,0.9,imazapyr (gals),Imazapyr,S_924,Y,South Center,13002700,544.51,0.0017,PHR
2017-2771,2022,2022-07-01,2022-07-31,0.9,diquat (gals),Diquat Dibromide,S_1752,Y,Minnetonka-Grays Bay,27013301,164.54,0.0055,EWM
2017-1367,2017,2017-07-01,2017-07-31,0.86,alligare (gals),"2,4-D",S_248,Y,East Lake Sylvia,86028900,209.54,0.0041,EWM
2018-0332,2018,2018-07-01,2018-07-31,0.8,triclopyr_14_percent (lbs),Triclopyr,S_535,Y,Bad Axe,29020800,NA,NA,EWM
2022-0108,2022,2022-07-01,2022-07-31,0.8,alligare (gals),"2,4-D",S_1950,Y,School Section,73003500,192.98,0.0041,EWM
2017-0968,2019,2019-05-01,2019-05-31,0.778,aquathol_k (gals),Endothall,S_700,Y,Crystal,27003400,NA,NA,CLP
2016-1674,2016,2016-09-01,2016-09-30,0.75,"other (gals), other (lbs)",Other,S_24,Y,Turtle,04015900,928.21,8e-4,SS
2017-3641,2017,2017-09-01,2017-09-30,0.75,"copper_sulfate (lbs), cutrine (lbs)","Copper Sulfate, Copper Complex",S_335,Y,Turtle,04015900,928.21,8e-4,SS
2017-1565,2019,2019-05-01,2019-05-31,0.75,diquat (gals),Diquat Dibromide,S_749,Y,Marion,19002600,417.99,0.0018,CLP
2017-3641,2020,2020-08-01,2020-08-31,0.75,copper_sulfate (lbs),Copper Sulfate,S_1080,Y,Turtle,04015900,928.21,8e-4,SS
2020-2199,2020,2020-07-01,2020-07-31,0.75,glyphosate (gals),Glyphosate,S_1246,Y,White Bear,82016700,1334.41,6e-4,YI
2017-3641,2021,2021-07-01,2021-07-31,0.75,copper_sulfate (lbs),Copper Sulfate,S_1414,Y,Turtle,04015900,928.21,8e-4,SS
2018-0035,2019,2019-09-01,2019-09-30,0.74,renovate (lbs),Triclopyr,S_789,Y,Girl,11017400,265.94,0.0028,EWM
2018-0035,2020,2020-07-01,2020-07-31,0.74,,,S_1082,Y,Girl,11017400,265.94,0.0028,EWM
2018-3095,2018,2018-08-01,2018-08-31,0.73,triclopyr_44_percent (gals),Triclopyr,S_628,Y,Unnamed,27064000,NA,NA,PL
2018-0332,2020,2020-09-01,2020-09-30,0.73,,,S_1102,Y,Bad Axe,29020800,NA,NA,EWM
2021-1428,2021,2021-05-01,2021-05-31,0.71,aquathol_k (gals),Endothall,S_1601,Y,Unnamed,82007700,34.14,0.0208,CLP
2019-3016,2020,2020-09-01,2020-09-30,0.7,,,S_1203,Y,Frances,40005700,568.07,0.0012,EWM
2020-0194,2020,2020-07-01,2020-07-31,0.63,triclopyr_14_percent (lbs),Triclopyr,S_1226,Y,Crooked,18004100,NA,NA,EWM
2020-2968,2021,2021-09-01,2021-09-30,0.61,imazapyr (gals),Imazapyr,S_1569,Y,Foot,34018100,662.68,9e-4,PHR
2017-1471,2017,2017-04-01,2017-04-30,0.6,aquathol_k (gals),Endothall,S_251,Y,Somers,86023000,147.27,0.0041,CLP
2018-0333,2019,2019-08-01,2019-08-31,0.6,sculpin (lbs),"2,4-D",S_812,Y,French,86027300,166.94,0.0036,EWM
2020-2968,2020,2020-10-01,2020-10-31,0.6,imazapyr (gals),Imazapyr,S_1257,Y,Foot,34018100,662.68,9e-4,PHR
2020-2945,2021,2021-09-01,2021-09-30,0.6,copper_ethnolamine (gals),Copper Complex,S_1567,Y,Carnelian,73003800,96.99,0.0062,SS
2021-3365,2021,2021-09-01,2021-09-30,0.6,glyphosate (gals),Glyphosate,S_1625,Y,Silver,62000100,71.82,0.0084,PL
2017-1151,2022,2022-05-01,2022-05-31,0.6,diquat (gals),Diquat Dibromide,S_1705,Y,Spectacle,30013500,170.29,0.0035,CLP
2020-2945,2022,2022-06-01,2022-06-30,0.6,copper_triethanola (gals),Copper Complex,S_1901,Y,Carnelian,73003800,96.99,0.0062,SS
2022-1789,2022,2022-05-01,2022-05-31,0.6,aquathol_k (gals),Endothall,S_1981,Y,Nancy,27067700,NA,NA,CLP
2019-1966,2019,2019-06-01,2019-06-30,0.57,,,S_910,Y,Bone,82005400,119.4,0.0048,ZM
2017-1032,2017,2017-07-01,2017-07-31,0.56,triclopyr_14_percent (lbs),Triclopyr,S_188,Y,Charlotte,86001100,89.71,0.0062,EWM
2019-3016,2019,2019-09-01,2019-09-30,0.56,,,S_926,Y,Frances,40005700,568.07,0.001,EWM
2017-0666,2022,2022-07-01,2022-07-31,0.56,,,S_1664,Y,Clear,82016300,270.31,0.0021,EWM
2019-2887,2020,2020-10-01,2020-10-31,0.55,imazapyr (gals),Imazapyr,S_1201,Y,South Center,13002700,544.51,0.001,PHR
2020-0398,2020,2020-07-01,2020-07-31,0.54,,,S_1232,Y,Mantrap,29015100,NA,NA,EWM
2017-1034,2017,2017-07-01,2017-07-31,0.5,sculpin (lbs),"2,4-D",S_190,Y,Granite,86021700,118.18,0.0042,EWM
2018-3117,2018,2018-08-01,2018-08-31,0.5,dma4_ivm (gals),"2,4-D",S_630,Y,Little Mud,47009600,25.74,0.0194,EWM
2018-3412,2018,2018-10-01,2018-10-31,0.5,copper_ethnolamine (gals),Copper Complex,S_636,Y,Pleasant,86025100,291.24,0.0017,SS
2020-2945,2020,2020-10-01,2020-10-31,0.5,cutrine (lbs),Copper Complex,S_1256,Y,Carnelian,73003800,96.99,0.0052,SS
2020-2945,2021,2021-07-01,2021-07-31,0.5,copper_ethnolamine (gals),Copper Complex,S_1568,Y,Carnelian,73003800,96.99,0.0052,SS
2021-3092,2021,2021-10-01,2021-10-31,0.5,imazapyr (gals),Imazapyr,S_1620,Y,Emily,40012400,219.86,0.0023,PHR
2022-2615,2022,2022-10-01,2022-10-31,0.5,,,S_1994,Y,Portage,18005000,116.21,0.0043,EWM
2022-2892,2022,2022-09-01,2022-09-30,0.48,,,S_1998,Y,Little Hanging Horn,09003500,51.73,0.0093,EWM
2017-1367,2018,2018-08-01,2018-08-31,0.46,alligare (gals),"2,4-D",S_457,Y,East Lake Sylvia,86028900,209.54,0.0022,EWM
16W-2B02,2016,2016-05-01,2016-05-31,0.41,other (gals),Other,S_1,Y,Daggett,18027100,135.71,0.003,CLP
2017-1769,2017,2017-05-01,2017-05-31,0.41,aquathol_k (gals),Endothall,S_274,Y,Daggett,18027100,135.71,0.003,CLP
2018-2529,2018,2018-06-01,2018-06-30,0.4,diquat (gals),Diquat Dibromide,S_620,Y,Muskrat,03036000,64.18,0.0062,FR
2018-3522,2021,2021-09-01,2021-09-30,0.4,diquat (gals),Diquat Dibromide,S_1498,Y,Washburn,11005900,720.55,6e-4,EWM
2017-3350,2017,2017-08-01,2017-08-31,0.33,renovate (lbs),Triclopyr,S_323,Y,Girl,11017400,265.94,0.0012,EWM
2017-3350,2017,2017-08-01,2017-08-31,0.33,triclopyr_14_percent (lbs),Triclopyr,S_324,Y,Girl,11017400,265.94,0.0012,EWM
2018-0035,2018,2018-08-01,2018-08-31,0.33,triclopyr_14_percent (lbs),Triclopyr,S_511,Y,Girl,11017400,265.94,0.0012,EWM
2019-2888,2020,2020-09-01,2020-09-30,0.3,imazapyr (gals),Imazapyr,S_1202,Y,South Lindstrom,13002800,261.42,0.0011,PHR
2020-3061,2020,2020-10-01,2020-10-31,0.3,imazapyr (gals),Imazapyr,S_1258,Y,Henjum,34031600,NA,NA,PHR
2019-2888,2021,2021-09-01,2021-09-30,0.3,"glyphosate (gals), imazapyr (gals)","Glyphosate, Imazapyr",S_1528,Y,South Lindstrom,13002800,261.42,0.0011,PHR
2019-2888,2022,2022-09-01,2022-09-30,0.3,"glyphosate (gals), imazapyr (gals)","Glyphosate, Imazapyr",S_1870,Y,South Lindstrom,13002800,261.42,0.0011,PHR
2020-2968,2022,2022-08-01,2022-08-31,0.3,imazapyr (gals),Imazapyr,S_1903,Y,Foot,34018100,662.68,5e-4,PHR
2017-3382,2017,2017-08-01,2017-08-31,0.25,"diquat (gals), flumioxazin (lbs)","Diquat Dibromide, Flumioxazin",S_327,Y,Ann,10001200,43.46,0.0058,BN
2018-3341,2019,2019-06-01,2019-06-30,0.25,aquathol_k (gals),Endothall,S_876,Y,Belle Lake,47004901,376.55,7e-4,EWM
2019-3105,2020,2020-09-01,2020-09-30,0.25,glyphosate (gals),Glyphosate,S_1204,Y,Unnamed,62024300,NA,NA,PL
2019-2887,2021,2021-09-01,2021-09-30,0.25,"glyphosate (gals), imazapyr (gals)","Glyphosate, Imazapyr",S_1527,Y,South Center,13002700,544.51,5e-4,PHR
2019-2786,2022,2022-09-01,2022-09-30,0.25,"glyphosate (gals), imazapyr (gals)","Glyphosate, Imazapyr",S_1865,Y,Chisago,13001200,NA,NA,PHR
2021-3092,2022,2022-08-01,2022-08-31,0.23,imazapyr (gals),Imazapyr,S_1941,Y,Emily,40012400,219.86,0.001,PHR
2017-2973,2017,2017-07-01,2017-07-31,0.22,diquat (gals),Diquat Dibromide,S_315,Y,Pickerel,03028700,137.68,0.0016,FR
2020-2448,2020,2020-08-01,2020-08-31,0.22,diquat (gals),Diquat Dibromide,S_1248,Y,Long,82011800,35.94,0.0061,EWM
2020-2931,2020,2020-09-01,2020-09-30,0.2,dma4_ivm (gals),"2,4-D",S_1255,Y,Upper Sakatah,40000200,899.57,2e-4,EWM
2019-2786,2020,2020-09-01,2020-09-30,0.19,imazapyr (gals),Imazapyr,S_1198,Y,Chisago,13001200,NA,NA,PHR
2019-2786,2021,2021-09-01,2021-09-30,0.19,"glyphosate (gals), imazapyr (gals)","Glyphosate, Imazapyr",S_1524,Y,Chisago,13001200,NA,NA,PHR
2022-2814,2022,2022-09-01,2022-09-30,0.19,imazapyr (gals),Imazapyr,S_1996,Y,Haughey,27018700,NA,NA,PHR
2019-3316,2019,2019-10-01,2019-10-31,0.16,imazapyr (gals),Imazapyr,S_932,Y,Crystal,27003400,NA,NA,PHR
2019-2886,2022,2022-09-01,2022-09-30,0.15,"glyphosate (gals), imazapyr (gals)","Glyphosate, Imazapyr",S_1868,Y,North Lindstrom,13003500,61.92,0.0024,PHR
2018-3341,2018,2018-10-01,2018-10-31,0.12,,,S_633,Y,Belle Lake,47004901,376.55,3e-4,EWM
2022-2888,2022,2022-09-01,2022-09-30,0.12,imazapyr (gals),Imazapyr,S_1997,Y,Pioneer,13003400,NA,NA,PHR
16W-3A110,2016,2016-07-01,2016-07-31,0.1,other (gals),Other,S_17,Y,Turtle,62006100,284.18,4e-4,PHR
2018-2938,2018,2018-08-01,2018-08-31,0.1,diquat (gals),Diquat Dibromide,S_627,Y,Granite,86021700,118.18,8e-4,FR
2018-2938,2021,2021-07-01,2021-07-31,0.1,diquat (gals),Diquat Dibromide,S_1493,Y,Granite,86021700,118.18,8e-4,FR
2020-3248,2021,2021-09-01,2021-09-30,0.1,glyphosate (gals),Glyphosate,S_1571,Y,Indianhead,27004400,NA,NA,YI
2020-3061,2022,2022-09-01,2022-09-30,0.1,imazapyr (gals),Imazapyr,S_1904,Y,Henjum,34031600,NA,NA,PHR
2018-2894,2018,2018-09-01,2018-09-30,0.06,"glyphosate (gals), imazapyr (gals)","Glyphosate, Imazapyr",S_626,Y,Ham,02005300,190.45,3e-4,PHR
2019-3158,2019,2019-10-01,2019-10-31,0.06,imazapyr (gals),Imazapyr,S_930,Y,Otter,02000300,313.85,2e-4,PHR
2019-2886,2020,2020-09-01,2020-09-30,0.06,imazapyr (gals),Imazapyr,S_1200,Y,North Lindstrom,13003500,61.92,0.001,PHR
2019-2886,2021,2021-09-01,2021-09-30,0.06,"glyphosate (gals), imazapyr (gals)","Glyphosate, Imazapyr",S_1526,Y,North Lindstrom,13003500,61.92,0.001,PHR
2021-3071,2021,2021-08-01,2021-08-31,0.05,imazapyr (gals),Imazapyr,S_1619,Y,Henry,27017500,NA,NA,PHR
2021-3486,2021,2021-10-01,2021-10-31,0.03,imazapyr (gals),Imazapyr,S_1626,Y,Rollingstone Creek,M-026,NA,NA,PHR
2021-3071,2022,2022-08-01,2022-08-31,0.02,imazapyr (gals),Imazapyr,S_1940,Y,Henry,27017500,NA,NA,PHR
2021-3238,2022,2022-08-01,2022-08-31,0.02,imazapyr (gals),Imazapyr,S_1944,Y,Swamp,86001400,NA,NA,PHR
2022-3007,2022,2022-09-01,2022-09-30,0.01,"glyphosate (gals), imazapyr (gals)","Glyphosate, Imazapyr",S_2005,Y,North Center,13003200,NA,NA,PHR
2022-3053,2022,2022-09-01,2022-09-30,0.01,"glyphosate (gals), imazapyr (gals)","Glyphosate, Imazapyr",S_2006,Y,Kroon,13001300,140.32,1e-4,PHR
2017-0492,2017,2017-07-01,2017-07-31,NA,aquathol_k (gals),Endothall,S_76,Y,John,86028800,284.53,NA,EWM
2017-0497,2017,2017-07-01,2017-07-31,NA,aquathol_k (gals),Endothall,S_77,Y,John,86028800,284.53,NA,CLP
2017-0511,2017,2017-05-01,2017-05-31,NA,aquathol_k (gals),Endothall,S_79,Y,East Jefferson,40009201,331.52,NA,CLP
2017-0512,2017,2017-05-01,2017-05-31,NA,aquathol_k (gals),Endothall,S_80,Y,Middle Jefferson,40009204,654.93,NA,CLP
2017-0513,2017,2017-05-01,2017-05-31,NA,aquathol_k (gals),Endothall,S_81,Y,West Jefferson,40009202,348.68,NA,CLP
2017-0531,2017,2017-05-01,2017-05-31,NA,aquathol_k (gals),Endothall,S_87,Y,German,40006300,522.41,NA,CLP
2017-0825,2017,2017-07-01,2017-07-31,NA,alligare (gals),"2,4-D",S_151,Y,Middle Spunk,73012800,79.01,NA,EWM
2017-0847,2017,2017-04-01,2017-04-30,NA,alligare (gals),"2,4-D",S_156,Y,Green,13004100,NA,NA,CLP
2017-1306,2017,2017-05-01,2017-05-31,NA,aquathol_k (gals),Endothall,S_239,Y,Cedar,66005200,667.27,NA,CLP
2017-1825,2017,2017-05-01,2017-05-31,NA,aquathol_k (gals),Endothall,S_278,Y,Tetonka,40003100,551.22,NA,CLP
2017-3800,2017,2017-09-01,2017-09-30,NA,alligare (gals),"2,4-D",S_340,Y,Pleasant,86025100,291.24,NA,EWM
2018-1997,2018,2018-09-01,2018-09-30,NA,glyphosate (gals),Glyphosate,S_611,Y,Unnamed,19006400,NA,NA,FR
2017-0819,2019,2019-08-01,2019-08-31,NA,,,S_689,Y,Alexander,49007900,843.85,NA,EWM
2017-1097,2019,2019-05-01,2019-05-31,NA,diquat (gals),Diquat Dibromide,S_726,Y,Minnewashta,10000900,337.89,NA,CLP
2018-0371,2019,2019-05-01,2019-05-31,NA,aquathol_k (gals),Endothall,S_816,Y,Alexander,49007900,843.85,NA,CLP
2019-2498,2019,2019-07-01,2019-07-31,NA,,,S_913,Y,Green,30013600,357.1,NA,EWM
2017-0531,2020,2020-05-01,2020-05-31,NA,,,S_963,Y,German,40006300,522.41,NA,CLP
2017-0407,2021,2021-05-01,2021-05-31,NA,diquat (gals),Diquat Dibromide,S_1275,Y,Lucy,10000700,68.27,NA,CLP
2017-3622,2021,2021-06-01,2021-06-30,NA,,,S_1413,Y,Minnewaska,61013000,3290.84,NA,SS
2020-0762,2021,2021-07-01,2021-07-31,NA,,,S_1557,Y,French,66003800,379.03,NA,CLP
2021-1320,2021,2021-05-01,2021-05-31,NA,,,S_1600,Y,Hunt,66004700,148.64,NA,CLP
2019-2887,2022,2022-09-01,2022-09-30,NA,"glyphosate (gals), imazapyr (gals)","Glyphosate, Imazapyr",S_1869,Y,South Center,13002700,544.51,NA,PHR
2017-0447,2017,2017-05-01,2017-05-31,NA,aquathol_k (gals),Endothall,S_3235,Y,Ann,86019000,282.16,NA,CLP
2017-0620,2017,2017-05-01,2017-05-31,NA,,,S_3237,Y,Quamba,33001500,226.37,NA,CLP
2017-0692,2017,2017-07-01,2017-07-31,NA,,,S_3238,Y,Little Mud,47009600,25.74,NA,EWM
2017-0805,2017,2017-05-01,2017-05-31,NA,aquathol_k (gals),Endothall,S_3240,Y,Ann,71006900,132.85,NA,CLP
2017-1211,2017,2017-05-01,2017-05-31,NA,,,S_3244,Y,Jennie,47001500,1064.03,NA,CLP
2017-1297,2017,2017-06-01,2017-06-30,NA,,,S_3245,Y,Farquar,19002300,63.58,NA,CLP
2017-1325,2017,2017-07-01,2017-07-31,NA,,,S_3246,Y,Union,60021700,376.24,NA,EWM
2017-1341,2017,2017-06-01,2017-06-30,NA,,,S_3247,Y,French,66003800,379.03,NA,CLP
2017-1707,2017,2017-05-01,2017-05-31,NA,hydrothol_granular (lbs),Endothall,S_3248,Y,Mayo,18040800,156.39,NA,CLP
2017-2657,2017,2017-07-01,2017-07-31,NA,,,S_3251,Y,Winona,85001100,NA,NA,YI
2017-3137,2017,2017-08-01,2017-08-31,NA,triclopyr_44_percent (gals),Triclopyr,S_3252,Y,Unnamed,03108700,NA,NA,PL
2017-3517,2017,2017-09-01,2017-09-30,NA,,,S_3253,Y,Spectacle,30013500,170.29,NA,EWM
2017-3658,2017,2017-09-01,2017-09-30,NA,,,S_3254,Y,Cedar,43011500,1860.01,NA,EWM
2017-3788,2017,2017-10-01,2017-10-31,NA,,,S_3255,Y,Frances,40005700,568.07,NA,EWM
2017-3789,2017,2017-09-01,2017-09-30,NA,,,S_3256,Y,Grand,73005500,233.22,NA,SS
2017-0447,2018,2018-05-01,2018-05-31,NA,aquathol_k (gals),Endothall,S_3258,Y,Ann,86019000,282.16,NA,CLP
2017-1325,2018,2018-07-01,2018-07-31,NA,dma4_ivm (gals),"2,4-D",S_3260,Y,Union,60021700,376.24,NA,EWM
2017-1341,2018,2018-06-01,2018-06-30,NA,,,S_3262,Y,French,66003800,379.03,NA,CLP
2017-1379,2018,2018-08-01,2018-08-31,NA,alligare (gals),"2,4-D",S_3263,Y,Howard,86019900,317.59,NA,EWM
2017-2657,2018,2018-05-01,2018-05-31,NA,,,S_3264,Y,Winona,85001100,NA,NA,YI
2017-3137,2018,2018-08-01,2018-08-31,NA,triclopyr_44_percent (gals),Triclopyr,S_3265,Y,Unnamed,03108700,NA,NA,PL
2018-0662,2018,2018-06-01,2018-06-30,NA,alligare (gals),"2,4-D",S_3266,Y,Green,13004100,NA,NA,EWM
2018-0663,2018,2018-05-01,2018-05-31,NA,aquathol_k (gals),Endothall,S_3267,Y,Green,13004100,NA,NA,CLP
2018-0972,2018,2018-05-01,2018-05-31,NA,aquathol_k (gals),Endothall,S_3269,Y,Ann,71006900,132.85,NA,CLP
2017-0447,2019,2019-05-01,2019-05-31,NA,aquathol_k (gals),Endothall,S_3271,Y,Ann,86019000,282.16,NA,CLP
2017-1341,2019,2019-06-01,2019-06-30,NA,,,S_3273,Y,French,66003800,379.03,NA,CLP
2017-1707,2019,2019-05-01,2019-05-31,NA,,,S_3275,Y,Mayo,18040800,156.39,NA,CLP
2017-2130,2019,2019-06-01,2019-06-30,NA,,,S_3277,Y,Earley,19003300,NA,NA,CLP
2017-2657,2019,2019-06-01,2019-06-30,NA,,,S_3278,Y,Winona,85001100,NA,NA,YI
2018-0662,2019,2019-06-01,2019-06-30,NA,alligare (gals),"2,4-D",S_3279,Y,Green,13004100,NA,NA,EWM
2018-0663,2019,2019-06-01,2019-06-30,NA,alligare (gals),"2,4-D",S_3280,Y,Green,13004100,NA,NA,CLP
2019-1868,2019,2019-06-01,2019-06-30,NA,,,S_3283,Y,Pirz,73014400,NA,NA,CLP
2019-2419,2019,2019-08-01,2019-08-31,NA,,,S_3284,Y,Little Mud,47009600,25.74,NA,EWM
2017-0447,2020,2020-05-01,2020-05-31,NA,aquathol_k (gals),Endothall,S_3294,Y,Ann,86019000,282.16,NA,CLP
2017-1286,2020,2020-07-01,2020-07-31,NA,,,S_3298,Y,Phalen,62001300,84.53,NA,EWM
2017-1325,2020,2020-07-01,2020-07-31,NA,,,S_3299,Y,Union,60021700,376.24,NA,EWM
2017-1341,2020,2020-06-01,2020-06-30,NA,,,S_3300,Y,French,66003800,379.03,NA,CLP
2017-1707,2020,2020-05-01,2020-05-31,NA,,,S_3301,Y,Mayo,18040800,156.39,NA,CLP
2018-0662,2020,2020-06-01,2020-06-30,NA,alligare (gals),"2,4-D",S_3303,Y,Green,13004100,NA,NA,EWM
2018-0662,2020,2020-05-01,2020-05-31,NA,,,S_3304,Y,Green,13004100,NA,NA,EWM
2018-0663,2020,2020-05-01,2020-05-31,NA,aquathol_k (gals),Endothall,S_3305,Y,Green,13004100,NA,NA,CLP
2018-0972,2020,2020-05-01,2020-05-31,NA,aquathol_k (gals),Endothall,S_3307,Y,Ann,71006900,132.85,NA,CLP
2018-1630,2020,2020-07-01,2020-07-31,NA,,,S_3308,Y,Buck,03047300,85.94,NA,FR
2019-1868,2020,2020-06-01,2020-06-30,NA,,,S_3312,Y,Pirz,73014400,NA,NA,CLP
2019-3187,2020,2020-06-01,2020-06-30,NA,,,S_3315,Y,Deep,62001800,NA,NA,YI
2020-2074,2020,2020-07-01,2020-07-31,NA,,,S_3317,Y,White Sand,18037900,282.54,NA,EWM
2020-2700,2020,2020-09-01,2020-09-30,NA,,,S_3320,Y,Duck,27006900,NA,NA,EWM
2017-0447,2021,2021-05-01,2021-05-31,NA,aquathol_k (gals),Endothall,S_3326,Y,Ann,86019000,282.16,NA,CLP
2017-2657,2021,2021-08-01,2021-08-31,NA,,,S_3332,Y,Winona,85001100,NA,NA,YI
2018-0662,2021,2021-07-01,2021-07-31,NA,alligare (gals),"2,4-D",S_3333,Y,Green,13004100,NA,NA,EWM
2018-0663,2021,2021-05-01,2021-05-31,NA,aquathol_k (gals),Endothall,S_3334,Y,Green,13004100,NA,NA,CLP
2018-0972,2021,2021-05-01,2021-05-31,NA,aquathol_k (gals),Endothall,S_3335,Y,Ann,71006900,132.85,NA,CLP
2018-1866,2021,2021-05-01,2021-05-31,NA,aquathol_super_k (lbs),Endothall,S_3337,Y,Square,82004600,64.49,NA,CLP
2018-1997,2021,2021-08-01,2021-08-31,NA,,,S_3338,Y,Unnamed,19006400,NA,NA,FR
2018-2691,2021,2021-09-01,2021-09-30,NA,,,S_3339,Y,Bass,56077000,NA,NA,FR
2019-2419,2021,2021-08-01,2021-08-31,NA,,,S_3344,Y,Little Mud,47009600,25.74,NA,EWM
2021-2165,2021,2021-07-01,2021-07-31,NA,,,S_3350,Y,Shields,66005500,702.93,NA,CLP
2021-2461,2021,2021-07-01,2021-07-31,NA,"glyphosate (gals), imazapyr (gals)","Glyphosate, Imazapyr",S_3352,Y,Paul's Creek,M-055-060,NA,NA,JW
2021-2743,2021,2021-08-01,2021-08-31,NA,glyphosate (gals),Glyphosate,S_3354,Y,DeMontreville,82010100,142.62,NA,PL
2021-3096,2021,2021-09-01,2021-09-30,NA,,,S_3355,Y,Keller,19002500,NA,NA,YI
2021-3215,2021,2021-09-01,2021-09-30,NA,,,S_3356,Y,Carnelian,73003800,96.99,NA,SS
2021-3374,2021,2021-10-01,2021-10-31,NA,"glyphosate (gals), imazapyr (gals)","Glyphosate, Imazapyr",S_3357,Y,Halfmoon,79000101,NA,NA,PHR
2021-3471,2021,2021-10-01,2021-10-31,NA,,,S_3358,Y,Clearwater,18003800,338.34,NA,EWM
2017-0365,2022,2022-05-01,2022-05-31,NA,diquat (gals),Diquat Dibromide,S_3359,Y,Long,47017700,787.03,NA,CLP
2017-0394,2022,2022-06-01,2022-06-30,NA,,,S_3360,Y,Cedar,27003900,60.06,NA,EWM
2017-0397,2022,2022-06-01,2022-06-30,NA,,,S_3362,Y,Lake of the Isles,27004000,92.02,NA,EWM
2017-2657,2022,2022-06-01,2022-06-30,NA,,,S_3370,Y,Winona,85001100,NA,NA,YI
2017-3137,2022,2022-08-01,2022-08-31,NA,triclopyr_44_percent (gals),Triclopyr,S_3371,Y,Unnamed,03108700,NA,NA,PL
2018-0662,2022,2022-07-01,2022-07-31,NA,,,S_3372,Y,Green,13004100,NA,NA,EWM
2018-0663,2022,2022-05-01,2022-05-31,NA,,,S_3373,Y,Green,13004100,NA,NA,CLP
2018-0972,2022,2022-05-01,2022-05-31,NA,aquathol_k (gals),Endothall,S_3374,Y,Ann,71006900,132.85,NA,CLP
2019-2419,2022,2022-09-01,2022-09-30,NA,,,S_3379,Y,Little Mud,47009600,25.74,NA,EWM
2020-0194,2022,2022-07-01,2022-07-31,NA,,,S_3380,Y,Crooked,18004100,NA,NA,EWM
2021-2461,2022,2022-07-01,2022-07-31,NA,"glyphosate (gals), imazapyr (gals)","Glyphosate, Imazapyr",S_3386,Y,Paul's Creek,M-055-060,NA,NA,JW
2022-2391,2022,2022-08-01,2022-08-31,NA,imazapyr (gals),Imazapyr,S_3390,Y,Halfmoon,79000101,NA,NA,"PHR, FR"
2017-0447,2023,2023-05-01,2023-05-31,NA,aquathol_k (gals),Endothall,S_3396,Y,Ann,86019000,282.16,NA,CLP
2017-1274,2023,2023-08-01,2023-08-31,NA,,,S_3399,Y,Sunset,82015300,130.59,NA,EWM
2017-2215,2023,2023-08-01,2023-08-31,NA,,,S_3400,Y,Shamineau,49012700,630.54,NA,EWM
2017-2657,2023,2023-06-01,2023-06-30,NA,,,S_3401,Y,Winona,85001100,NA,NA,YI
2017-3137,2023,2023-08-01,2023-08-31,NA,triclopyr_44_percent (gals),Triclopyr,S_3402,Y,Unnamed,03108700,NA,NA,PL
2018-0662,2023,2023-07-01,2023-07-31,NA,,,S_3403,Y,Green,13004100,NA,NA,EWM
2018-0663,2023,2023-05-01,2023-05-31,NA,,,S_3404,Y,Green,13004100,NA,NA,CLP
2018-0972,2023,2023-05-01,2023-05-31,NA,aquathol_k (gals),Endothall,S_3406,Y,Ann,71006900,132.85,NA,CLP
2021-2461,2023,2023-08-01,2023-08-31,NA,"glyphosate (gals), imazapyr (gals)","Glyphosate, Imazapyr",S_3412,Y,Paul's Creek,M-055-060,NA,NA,JW
2022-2156,2023,2023-06-01,2023-06-30,NA,,,S_3413,Y,Birch,62002400,NA,NA,EWM
2023-1950,2023,2023-07-01,2023-07-31,NA,glyphosate (gals),Glyphosate,S_3416,Y,Tamarack,09006700,182.13,NA,PL
2017-2657,2024,2024-06-01,2024-06-30,NA,,,S_3426,Y,Winona,85001100,NA,NA,YI
2017-3137,2024,2024-08-01,2024-08-31,NA,triclopyr_44_percent (gals),Triclopyr,S_3427,Y,Unnamed,03108700,NA,NA,PL
2018-1015,2024,2024-06-01,2024-06-30,NA,,,S_3429,Y,Green,30013600,357.1,NA,CLP
2018-1132,2024,2024-06-01,2024-06-30,NA,,,S_3430,Y,Chisago,13001200,NA,NA,CLP
2019-1868,2024,2024-06-01,2024-06-30,NA,,,S_3433,Y,Pirz,73014400,NA,NA,CLP
2021-2461,2024,2024-07-01,2024-07-31,NA,glyphosate (gals),Glyphosate,S_3438,Y,Paul's Creek,M-055-060,NA,NA,JW
2022-0174,2024,2024-06-01,2024-06-30,NA,,,S_3440,Y,South Lindstrom,13002800,261.42,NA,EWM
2022-1999,2024,2024-06-01,2024-06-30,NA,,,S_3442,Y,North Lindstrom,13003500,61.92,NA,EWM
2024-2255,2024,2024-06-01,2024-06-30,NA,,,S_3445,Y,Unnamed,34037600,NA,NA,CLP
2024-3367,2024,2024-11-01,2024-11-30,NA,,,S_3446,Y,Paul's Creek,M-055-060,NA,NA,JW
2017-0447,2025,2025-05-01,2025-05-31,NA,,,S_3447,Y,Ann,86019000,282.16,NA,CLP
2018-0972,2025,2025-05-01,2025-05-31,NA,aquathol_k (gals),Endothall,S_3449,Y,Ann,71006900,132.85,NA,CLP
2018-1630,2025,2025-08-01,2025-08-31,NA,,,S_3450,Y,Buck,03047300,85.94,NA,FR
2019-1868,2025,2025-06-01,2025-06-30,NA,,,S_3451,Y,Pirz,73014400,NA,NA,CLP
2019-2419,2025,2025-05-01,2025-05-31,NA,,,S_3452,Y,Little Mud,47009600,25.74,NA,EWM
2021-2461,2025,2025-07-01,2025-07-31,NA,glyphosate (gals),Glyphosate,S_3457,Y,Paul's Creek,M-055-060,NA,NA,JW
2021-3092,2025,2025-10-01,2025-10-31,NA,imazapyr (gals),Imazapyr,S_3458,Y,Emily,40012400,219.86,NA,PHR
2022-2888,2025,2025-10-01,2025-10-31,NA,imazapyr (gals),Imazapyr,S_3460,Y,Pioneer,13003400,NA,NA,PHR
2022-2989,2025,2025-10-01,2025-10-31,NA,imazapyr (gals),Imazapyr,S_3461,Y,Boyer,03057900,295.22,NA,PHR
2022-3048,2025,2025-08-01,2025-08-31,NA,,,S_3462,Y,Latoka,21010600,268.8,NA,NWL
2022-3053,2025,2025-10-01,2025-10-31,NA,imazapyr (gals),Imazapyr,S_3463,Y,Kroon,13001300,140.32,NA,PHR
2024-3000,2025,2025-10-01,2025-10-31,NA,imazapyr (gals),Imazapyr,S_3471,Y,Ellison,03048400,75.87,NA,PHR
2024-3017,2025,2025-09-01,2025-09-30,NA,,,S_3474,Y,Katrina,27015400,NA,NA,PHR
2024-3408,2025,2025-05-01,2025-05-31,NA,,,S_3475,Y,Little Mud,47009600,25.74,NA,CLP
2025-0941,2025,2025-06-01,2025-06-30,NA,glyphosate (gals),Glyphosate,S_3477,Y,Cedar,01020900,NA,NA,PL
2025-2648,2025,2025-07-01,2025-07-31,NA,,,S_3484,Y,Grants,21015000,64.31,NA,FR
2025-2784,2025,2025-09-01,2025-09-30,NA,glyphosate (gals),Glyphosate,S_3485,Y,Karth,62007200,NA,NA,PL
2025-3018,2025,2025-09-01,2025-09-30,NA,"glyphosate (gals), imazapyr (gals)","Glyphosate, Imazapyr",S_3486,Y,St. Louis River Estuary,69129100,NA,NA,PHR
2025-3164,2025,2025-10-01,2025-10-31,NA,komeen_liquid (gals),Copper Complex,S_3487,Y,Garfield,29006100,517.27,NA,SS
2025-3217,2025,2025-10-01,2025-10-31,NA,imazapyr (gals),Imazapyr,S_3491,Y,Chisago,13001200,NA,NA,PHR
2025-3218,2025,2025-10-01,2025-10-31,NA,imazapyr (gals),Imazapyr,S_3492,Y,South Lindstrom,13002800,261.42,NA,PHR
2025-3219,2025,2025-10-01,2025-10-31,NA,imazapyr (gals),Imazapyr,S_3493,Y,North Lindstrom,13003500,61.92,NA,PHR
2025-3220,2025,2025-10-01,2025-10-31,NA,imazapyr (gals),Imazapyr,S_3494,Y,North Center,13003200,NA,NA,PHR
2025-3226,2025,2025-10-01,2025-10-31,NA,imazapyr (gals),Imazapyr,S_3495,Y,Little,13003300,113.98,NA,PHR
2017-1050,2019,2019-04-01,2019-04-30,NA,"diquat (gals), fluridone (gals)","Diquat Dibromide, Fluridone",S_720,N,Benton,41004300,2649.41,NA,CLP
2017-1050,2019,2019-05-01,2019-05-31,NA,"diquat (gals), fluridone (gals)","Diquat Dibromide, Fluridone",S_720,N,Benton,41004300,2649.41,NA,CLP
2017-1050,2020,2020-04-01,2020-04-30,NA,fluridone (gals),Fluridone,S_1012,N,Benton,41004300,2649.41,NA,CLP
2017-0562,2020,2020-04-01,2020-04-30,NA,fluridone (gals),Fluridone,S_965,N,Cedar,70009100,792.5,NA,CLP
2017-0562,2020,2020-05-01,2020-05-31,NA,fluridone (gals),Fluridone,S_965,N,Cedar,70009100,792.5,NA,CLP
2022-0248,2022,2022-07-01,2022-07-31,NA,fluridone (gals),Fluridone,S_1960,N,Clear,81001401,563.67,NA,EWM
2017-0742,2020,2020-05-01,2020-05-31,NA,fluridone (gals),Fluridone,S_980,N,Diamond,27012500,405.02,NA,CLP
2017-0742,2022,2022-05-01,2022-05-31,NA,fluridone (gals),Fluridone,S_1669,N,Diamond,27012500,405.02,NA,CLP
2022-0324,2022,2022-04-01,2022-04-30,NA,fluridone (gals),Fluridone,S_1966,N,Stay,41003400,NA,NA,CLP
2022-0324,2022,2022-05-01,2022-05-31,NA,fluridone (gals),Fluridone,S_1966,N,Stay,41003400,NA,NA,CLP
2020-2953,2022,2022-07-01,2022-07-31,NA,diquat (gals),Diquat Dibromide,S_1902,N,U.S. Lock & Dam #8 Pool (main channel),28000599,NA,NA,FR
2020-2953,2022,2022-08-01,2022-08-31,NA,diquat (gals),Diquat Dibromide,S_1902,N,U.S. Lock & Dam #8 Pool (main channel),28000599,NA,NA,FR
2017-1310,2017,2017-06-01,2017-06-30,NA,diquat (gals),Diquat Dibromide,S_241,N,Detroit,03038100,1868.58,NA,FR
2017-1310,2017,2017-07-01,2017-07-31,NA,diquat (gals),Diquat Dibromide,S_241,N,Detroit,03038100,1868.58,NA,FR
2019-0880,2020,2020-05-01,2020-05-31,NA,fluridone (gals),Fluridone,S_1183,N,Cleary,70002200,144.74,NA,CLP
2019-0880,2022,2022-05-01,2022-05-31,NA,fluridone (gals),Fluridone,S_1847,N,Cleary,70002200,144.74,NA,CLP
2017-0562,2022,2022-05-01,2022-05-31,NA,diquat (gals),Diquat Dibromide,S_1653,N,Cedar,70009100,792.5,NA,CLP
2017-0389,2020,2020-05-01,2020-05-31,NA,"aquathol_k (gals), diquat (gals)","Endothall, Diquat Dibromide",S_941,N,Sarah,27019100,NA,NA,CLP
2017-0389,2020,2020-06-01,2020-06-30,NA,"aquathol_k (gals), diquat (gals)","Endothall, Diquat Dibromide",S_941,N,Sarah,27019100,NA,NA,CLP
2018-2340,2020,2020-10-01,2020-10-31,NA,fluridone (gals),Fluridone,S_1161,N,Ham,02005300,190.45,NA,EWM
2018-2340,2020,2020-11-01,2020-11-30,NA,fluridone (gals),Fluridone,S_1161,N,Ham,02005300,190.45,NA,EWM
2017-1310,2018,2018-06-01,2018-06-30,NA,diquat (gals),Diquat Dibromide,S_450,N,Detroit,03038100,1868.58,NA,FR
2017-1310,2018,2018-08-01,2018-08-31,NA,diquat (gals),Diquat Dibromide,S_450,N,Detroit,03038100,1868.58,NA,FR
2018-0182,2019,2019-08-01,2019-08-31,NA,copper_ethnolamine (gals),Copper Complex,S_800,N,Koronis (main lake),73020002,1146.64,NA,SS
2018-0182,2019,2019-09-01,2019-09-30,NA,copper_ethnolamine (gals),Copper Complex,S_800,N,Koronis (main lake),73020002,1146.64,NA,SS
2017-1310,2019,2019-06-01,2019-06-30,NA,diquat (gals),Diquat Dibromide,S_735,N,Detroit,03038100,1868.58,NA,FR
2017-1310,2019,2019-07-01,2019-07-31,NA,diquat (gals),Diquat Dibromide,S_735,N,Detroit,03038100,1868.58,NA,FR
2022-0318,2022,2022-11-01,2022-11-30,NA,fluridone (gals),Fluridone,S_1964,N,Colby,82009400,NA,NA,CLP
2017-1312,2018,2018-06-01,2018-06-30,NA,diquat (gals),Diquat Dibromide,S_452,N,Sallie,03035900,576.81,NA,FR
2017-1312,2018,2018-08-01,2018-08-31,NA,diquat (gals),Diquat Dibromide,S_452,N,Sallie,03035900,576.81,NA,FR
2020-0611,2020,2020-04-01,2020-04-30,NA,fluridone (gals),Fluridone,S_1235,N,Como,62005500,65.65,NA,CLP
2020-0611,2020,2020-05-01,2020-05-31,NA,fluridone (gals),Fluridone,S_1235,N,Como,62005500,65.65,NA,CLP
2018-1452,2018,2018-05-01,2018-05-31,NA,fluridone (gals),Fluridone,S_601,N,Minnetonka-North Arm,27013313,169.2,NA,UNKNOWN
2018-1452,2018,2018-07-01,2018-07-31,NA,fluridone (gals),Fluridone,S_601,N,Minnetonka-North Arm,27013313,169.2,NA,UNKNOWN
2017-1312,2019,2019-06-01,2019-06-30,NA,diquat (gals),Diquat Dibromide,S_737,N,Sallie,03035900,576.81,NA,FR
2017-1312,2019,2019-07-01,2019-07-31,NA,diquat (gals),Diquat Dibromide,S_737,N,Sallie,03035900,576.81,NA,FR
2018-0182,2020,2020-07-01,2020-07-31,NA,cutrine (lbs),Copper Complex,S_1093,N,Koronis (main lake),73020002,1146.64,NA,SS
2018-0182,2020,2020-08-01,2020-08-31,NA,cutrine (lbs),Copper Complex,S_1093,N,Koronis (main lake),73020002,1146.64,NA,SS
2017-0822,2017,2017-07-01,2017-07-31,NA,alligare (gals),"2,4-D",S_148,N,Clearwater,86025200,NA,NA,EWM
2017-0822,2017,2017-08-01,2017-08-31,NA,alligare (gals),"2,4-D",S_148,N,Clearwater,86025200,NA,NA,EWM
2017-1313,2017,2017-06-01,2017-06-30,NA,diquat (gals),Diquat Dibromide,S_244,N,Melissa,03047500,899.47,NA,FR
2017-1313,2017,2017-07-01,2017-07-31,NA,diquat (gals),Diquat Dibromide,S_244,N,Melissa,03047500,899.47,NA,FR
2017-1312,2021,2021-06-01,2021-06-30,NA,"diquat (gals), imazapyr (gals)","Diquat Dibromide, Imazapyr",S_1364,N,Sallie,03035900,576.81,NA,FR
2017-1312,2021,2021-08-01,2021-08-31,NA,"diquat (gals), imazapyr (gals)","Diquat Dibromide, Imazapyr",S_1364,N,Sallie,03035900,576.81,NA,FR
2017-1313,2018,2018-06-01,2018-06-30,NA,diquat (gals),Diquat Dibromide,S_453,N,Melissa,03047500,899.47,NA,FR
2017-1313,2018,2018-08-01,2018-08-31,NA,diquat (gals),Diquat Dibromide,S_453,N,Melissa,03047500,899.47,NA,FR
2018-0182,2020,2020-07-01,2020-07-31,NA,copper_triethanola (gals),Copper Complex,S_1092,N,Koronis (main lake),73020002,1146.64,NA,SS
2018-0182,2020,2020-08-01,2020-08-31,NA,copper_triethanola (gals),Copper Complex,S_1092,N,Koronis (main lake),73020002,1146.64,NA,SS
2017-1312,2017,2017-06-01,2017-06-30,NA,diquat (gals),Diquat Dibromide,S_243,N,Sallie,03035900,576.81,NA,FR
2017-1312,2017,2017-07-01,2017-07-31,NA,diquat (gals),Diquat Dibromide,S_243,N,Sallie,03035900,576.81,NA,FR
2017-3409,2017,2017-09-01,2017-09-30,NA,diquat (gals),Diquat Dibromide,S_328,N,Forest,82015900,1561.19,NA,FR
2017-1313,2019,2019-06-01,2019-06-30,NA,diquat (gals),Diquat Dibromide,S_738,N,Melissa,03047500,899.47,NA,FR
2017-1313,2019,2019-07-01,2019-07-31,NA,diquat (gals),Diquat Dibromide,S_738,N,Melissa,03047500,899.47,NA,FR
2017-1310,2021,2021-06-01,2021-06-30,NA,diquat (gals),Diquat Dibromide,S_1362,N,Detroit,03038100,1868.58,NA,FR
2017-1310,2021,2021-08-01,2021-08-31,NA,diquat (gals),Diquat Dibromide,S_1362,N,Detroit,03038100,1868.58,NA,FR
2017-2634,2017,2017-06-01,2017-06-30,NA,"alligare (gals), dma4_ivm (gals)","2,4-D",S_303,N,Forest,82015900,1561.19,NA,EWM
2017-2634,2017,2017-08-01,2017-08-31,NA,"alligare (gals), dma4_ivm (gals)","2,4-D",S_303,N,Forest,82015900,1561.19,NA,EWM
2017-1312,2020,2020-07-01,2020-07-31,NA,"diquat (gals), imazamox (gals)","Diquat Dibromide, Imazamox",S_1030,N,Sallie,03035900,576.81,NA,FR
2017-1312,2020,2020-08-01,2020-08-31,NA,"diquat (gals), imazamox (gals)","Diquat Dibromide, Imazamox",S_1030,N,Sallie,03035900,576.81,NA,FR
2017-3409,2018,2018-07-01,2018-07-31,NA,diquat (gals),Diquat Dibromide,S_504,N,Forest,82015900,1561.19,NA,FR
2017-3409,2018,2018-08-01,2018-08-31,NA,diquat (gals),Diquat Dibromide,S_504,N,Forest,82015900,1561.19,NA,FR
2017-1310,2022,2022-06-01,2022-06-30,NA,diquat (gals),Diquat Dibromide,S_1713,N,Detroit,03038100,1868.58,NA,FR
2017-1310,2022,2022-08-01,2022-08-31,NA,diquat (gals),Diquat Dibromide,S_1713,N,Detroit,03038100,1868.58,NA,FR
2017-1312,2022,2022-08-01,2022-08-31,NA,diquat (gals),Diquat Dibromide,S_1715,N,Sallie,03035900,576.81,NA,FR
2017-1210,2021,2021-09-01,2021-09-30,NA,diquat (gals),Diquat Dibromide,S_1354,N,Big Marine,82005200,1180.44,NA,EWM
2017-1486,2019,2019-07-01,2019-07-31,NA,alligare (gals),"2,4-D",S_742,N,Minnewaska,61013000,3290.84,NA,EWM
2017-1486,2019,2019-08-01,2019-08-31,NA,alligare (gals),"2,4-D",S_742,N,Minnewaska,61013000,3290.84,NA,EWM
2022-0322,2022,2022-11-01,2022-11-30,NA,fluridone (gals),Fluridone,S_1965,N,Unnamed (Ravine),82008700,18.63,NA,CLP
2017-1313,2021,2021-08-01,2021-08-31,NA,diquat (gals),Diquat Dibromide,S_1365,N,Melissa,03047500,899.47,NA,FR
2018-3356,2019,2019-08-01,2019-08-31,NA,"copper_ethnolamine (gals), copper_triethanola (gals), komeen_crystal (lbs)",Copper Complex,S_878,N,Koronis (main lake),73020002,1146.64,NA,SS
2018-3356,2019,2019-09-01,2019-09-30,NA,"copper_ethnolamine (gals), copper_triethanola (gals), komeen_crystal (lbs)",Copper Complex,S_878,N,Koronis (main lake),73020002,1146.64,NA,SS
2017-1038,2017,2017-06-01,2017-06-30,NA,"diquat (gals), triclopyr_14_percent (lbs)","Diquat Dibromide, Triclopyr",S_194,N,Minnetonka-Carsons Bay,27013303,78.86,NA,EWM
2017-1038,2017,2017-07-01,2017-07-31,NA,"diquat (gals), triclopyr_14_percent (lbs)","Diquat Dibromide, Triclopyr",S_194,N,Minnetonka-Carsons Bay,27013303,78.86,NA,EWM
2020-2056,2020,2020-07-01,2020-07-31,NA,diquat (gals),Diquat Dibromide,S_1244,N,Minnetonka-Lower Lake,27013302,2059.41,NA,FR
2020-2056,2020,2020-08-01,2020-08-31,NA,diquat (gals),Diquat Dibromide,S_1244,N,Minnetonka-Lower Lake,27013302,2059.41,NA,FR
2017-1313,2022,2022-06-01,2022-06-30,NA,diquat (gals),Diquat Dibromide,S_1716,N,Melissa,03047500,899.47,NA,FR
2017-1313,2022,2022-08-01,2022-08-31,NA,diquat (gals),Diquat Dibromide,S_1716,N,Melissa,03047500,899.47,NA,FR
2017-1311,2017,2017-06-01,2017-06-30,NA,diquat (gals),Diquat Dibromide,S_242,N,Curfman,03036300,NA,NA,FR
2017-1311,2017,2017-07-01,2017-07-31,NA,diquat (gals),Diquat Dibromide,S_242,N,Curfman,03036300,NA,NA,FR
2018-3101,2018,2018-08-01,2018-08-31,NA,"copper_sulfate (lbs), hydrothol_liquid (gals)","Copper Sulfate, Endothall",S_629,N,Medicine,27010400,434.53,NA,SS
2018-3101,2018,2018-09-01,2018-09-30,NA,"copper_sulfate (lbs), hydrothol_liquid (gals)","Copper Sulfate, Endothall",S_629,N,Medicine,27010400,434.53,NA,SS
2018-3101,2021,2021-07-01,2021-07-31,NA,"copper_sulfate (lbs), hydrothol_liquid (gals)","Copper Sulfate, Endothall",S_1494,N,Medicine,27010400,434.53,NA,SS
2018-3101,2021,2021-08-01,2021-08-31,NA,"copper_sulfate (lbs), hydrothol_liquid (gals)","Copper Sulfate, Endothall",S_1494,N,Medicine,27010400,434.53,NA,SS
2018-3101,2022,2022-07-01,2022-07-31,NA,"copper_sulfate (lbs), hydrothol_liquid (gals)","Copper Sulfate, Endothall",S_1836,N,Medicine,27010400,434.53,NA,SS
2018-3101,2022,2022-08-01,2022-08-31,NA,"copper_sulfate (lbs), hydrothol_liquid (gals)","Copper Sulfate, Endothall",S_1836,N,Medicine,27010400,434.53,NA,SS
2017-0659,2017,2017-07-01,2017-07-31,NA,"dma4_ivm (gals), navigate (lbs)","2,4-D",S_108,N,Clearwater,18003800,338.34,NA,EWM
2017-0659,2017,2017-08-01,2017-08-31,NA,"dma4_ivm (gals), navigate (lbs)","2,4-D",S_108,N,Clearwater,18003800,338.34,NA,EWM
2017-3315,2018,2018-06-01,2018-06-30,NA,"alligare (gals), triclopyr_14_percent (lbs)","2,4-D, Triclopyr",S_503,N,Turtle,62006100,284.18,NA,EWM
2017-3315,2018,2018-07-01,2018-07-31,NA,"alligare (gals), triclopyr_14_percent (lbs)","2,4-D, Triclopyr",S_503,N,Turtle,62006100,284.18,NA,EWM
2017-1311,2018,2018-06-01,2018-06-30,NA,diquat (gals),Diquat Dibromide,S_451,N,Curfman,03036300,NA,NA,FR
2017-1311,2018,2018-08-01,2018-08-31,NA,diquat (gals),Diquat Dibromide,S_451,N,Curfman,03036300,NA,NA,FR
2018-2340,2018,2018-07-01,2018-07-31,NA,diquat (gals),Diquat Dibromide,S_617,N,Ham,02005300,190.45,NA,EWM
2018-2340,2018,2018-09-01,2018-09-30,NA,diquat (gals),Diquat Dibromide,S_617,N,Ham,02005300,190.45,NA,EWM
2017-1310,2020,2020-07-01,2020-07-31,NA,diquat (gals),Diquat Dibromide,S_1029,N,Detroit,03038100,1868.58,NA,FR
2017-1310,2020,2020-08-01,2020-08-31,NA,diquat (gals),Diquat Dibromide,S_1029,N,Detroit,03038100,1868.58,NA,FR
2018-0238,2018,2018-06-01,2018-06-30,NA,diquat (gals),Diquat Dibromide,S_526,N,Detroit,03038100,1868.58,NA,FR
2018-0238,2018,2018-08-01,2018-08-31,NA,diquat (gals),Diquat Dibromide,S_526,N,Detroit,03038100,1868.58,NA,FR
2018-0238,2019,2019-06-01,2019-06-30,NA,diquat (gals),Diquat Dibromide,S_803,N,Detroit,03038100,1868.58,NA,FR
2018-0238,2019,2019-07-01,2019-07-31,NA,diquat (gals),Diquat Dibromide,S_803,N,Detroit,03038100,1868.58,NA,FR
2017-1311,2021,2021-06-01,2021-06-30,NA,diquat (gals),Diquat Dibromide,S_1363,N,Curfman,03036300,NA,NA,FR
2017-1311,2021,2021-08-01,2021-08-31,NA,diquat (gals),Diquat Dibromide,S_1363,N,Curfman,03036300,NA,NA,FR
2017-3409,2020,2020-09-01,2020-09-30,NA,diquat (gals),Diquat Dibromide,S_1075,N,Forest,82015900,1561.19,NA,FR
2017-0565,2020,2020-05-01,2020-05-31,NA,"aquathol_k (gals), diquat (gals)","Endothall, Diquat Dibromide",S_966,N,Augusta,86028400,60.94,NA,CLP
2017-0565,2020,2020-08-01,2020-08-31,NA,"aquathol_k (gals), diquat (gals)","Endothall, Diquat Dibromide",S_966,N,Augusta,86028400,60.94,NA,CLP
2017-1311,2019,2019-06-01,2019-06-30,NA,diquat (gals),Diquat Dibromide,S_736,N,Curfman,03036300,NA,NA,FR
2017-1311,2019,2019-07-01,2019-07-31,NA,diquat (gals),Diquat Dibromide,S_736,N,Curfman,03036300,NA,NA,FR
2017-3093,2019,2019-07-01,2019-07-31,NA,imazapyr (gals),Imazapyr,S_779,N,St. Louis River Estuary,69129100,NA,NA,PHR
2017-3093,2019,2019-08-01,2019-08-31,NA,imazapyr (gals),Imazapyr,S_779,N,St. Louis River Estuary,69129100,NA,NA,PHR
2019-2135,2020,2020-09-01,2020-09-30,NA,,,S_1194,N,Upper South Long,18009600,292.08,NA,EWM
2018-0238,2021,2021-06-01,2021-06-30,NA,diquat (gals),Diquat Dibromide,S_1427,N,Detroit,03038100,1868.58,NA,FR
2018-0238,2021,2021-07-01,2021-07-31,NA,diquat (gals),Diquat Dibromide,S_1427,N,Detroit,03038100,1868.58,NA,FR
2017-3409,2019,2019-07-01,2019-07-31,NA,diquat (gals),Diquat Dibromide,S_781,N,Forest,82015900,1561.19,NA,FR
2017-3409,2019,2019-08-01,2019-08-31,NA,diquat (gals),Diquat Dibromide,S_781,N,Forest,82015900,1561.19,NA,FR
2017-1594,2017,2017-04-01,2017-04-30,NA,aquastrike (gals),Endothall + Diquat,S_266,N,Cross,58011900,456.42,NA,CLP
2017-1594,2017,2017-05-01,2017-05-31,NA,aquastrike (gals),Endothall + Diquat,S_266,N,Cross,58011900,456.42,NA,CLP
2017-1210,2019,2019-06-01,2019-06-30,NA,diquat (gals),Diquat Dibromide,S_729,N,Big Marine,82005200,1180.44,NA,EWM
2017-1210,2019,2019-08-01,2019-08-31,NA,diquat (gals),Diquat Dibromide,S_729,N,Big Marine,82005200,1180.44,NA,EWM
2017-1311,2022,2022-06-01,2022-06-30,NA,diquat (gals),Diquat Dibromide,S_1714,N,Curfman,03036300,NA,NA,FR
2017-1311,2022,2022-08-01,2022-08-31,NA,diquat (gals),Diquat Dibromide,S_1714,N,Curfman,03036300,NA,NA,FR
16W-3B058,2016,2016-09-01,2016-09-30,NA,"other (gals), other (lbs)",Other,S_20,N,Koronis (main lake),73020002,1146.64,NA,SS
16W-3B058,2016,2016-10-01,2016-10-31,NA,"other (gals), other (lbs)",Other,S_20,N,Koronis (main lake),73020002,1146.64,NA,SS
2017-1079,2017,2017-07-01,2017-07-31,NA,triclopyr_14_percent (lbs),Triclopyr,S_212,N,Lower Mission,18024300,470.59,NA,EWM
2017-1079,2017,2017-08-01,2017-08-31,NA,triclopyr_14_percent (lbs),Triclopyr,S_212,N,Lower Mission,18024300,470.59,NA,EWM
16W-3B043,2016,2016-08-01,2016-08-31,NA,,,S_18,N,Koronis (main lake),73020002,1146.64,NA,SS
16W-3B043,2016,2016-09-01,2016-09-30,NA,,,S_18,N,Koronis (main lake),73020002,1146.64,NA,SS
16W-3B045,2016,2016-08-01,2016-08-31,NA,,,S_19,N,Koronis (main lake),73020002,1146.64,NA,SS
16W-3B045,2016,2016-09-01,2016-09-30,NA,,,S_19,N,Koronis (main lake),73020002,1146.64,NA,SS
2017-3409,2022,2022-07-01,2022-07-31,NA,diquat (gals),Diquat Dibromide,S_1758,N,Forest,82015900,1561.19,NA,FR
2017-3409,2022,2022-09-01,2022-09-30,NA,diquat (gals),Diquat Dibromide,S_1758,N,Forest,82015900,1561.19,NA,FR
2017-0437,2018,2018-07-01,2018-07-31,NA,alligare (gals),"2,4-D",S_366,N,Sand,58008100,234.85,NA,EWM
2017-0437,2018,2018-08-01,2018-08-31,NA,alligare (gals),"2,4-D",S_366,N,Sand,58008100,234.85,NA,EWM
2017-3093,2020,2020-08-01,2020-08-31,NA,imazapyr (gals),Imazapyr,S_1073,N,St. Louis River Estuary,69129100,NA,NA,PHR
2017-3093,2020,2020-09-01,2020-09-30,NA,imazapyr (gals),Imazapyr,S_1073,N,St. Louis River Estuary,69129100,NA,NA,PHR
2017-1210,2020,2020-09-01,2020-09-30,NA,diquat (gals),Diquat Dibromide,S_1023,N,Big Marine,82005200,1180.44,NA,EWM
2019-2885,2019,2019-09-01,2019-09-30,NA,imazapyr (gals),Imazapyr,S_922,N,North Center,13003200,NA,NA,PHR
2019-2885,2019,2019-10-01,2019-10-31,NA,imazapyr (gals),Imazapyr,S_922,N,North Center,13003200,NA,NA,PHR
2018-0175,2020,2020-09-01,2020-09-30,NA,,,S_1090,N,Ruth,18021200,207.08,NA,EWM
2017-2950,2018,2018-07-01,2018-07-31,NA,"copper_ethnolamine (gals), copper_sulfate (lbs), hydrothol_liquid (gals), komeen_liquid (gals)","Copper Complex, Copper Sulfate, Endothall",S_500,N,Rice,73019600,832.55,NA,SS
2017-2950,2018,2018-08-01,2018-08-31,NA,"copper_ethnolamine (gals), copper_sulfate (lbs), hydrothol_liquid (gals), komeen_liquid (gals)","Copper Complex, Copper Sulfate, Endothall",S_500,N,Rice,73019600,832.55,NA,SS
2017-2950,2019,2019-07-01,2019-07-31,NA,"copper_sulfate (lbs), hydrothol_liquid (gals)","Copper Sulfate, Endothall",S_777,N,Rice,73019600,832.55,NA,SS
2017-2950,2019,2019-08-01,2019-08-31,NA,"copper_sulfate (lbs), hydrothol_liquid (gals)","Copper Sulfate, Endothall",S_777,N,Rice,73019600,832.55,NA,SS
2017-2950,2021,2021-07-01,2021-07-31,NA,"copper_sulfate (lbs), hydrothol_liquid (gals)","Copper Sulfate, Endothall",S_1407,N,Rice,73019600,832.55,NA,SS
2017-2950,2021,2021-08-01,2021-08-31,NA,"copper_sulfate (lbs), hydrothol_liquid (gals)","Copper Sulfate, Endothall",S_1407,N,Rice,73019600,832.55,NA,SS
2019-2786,2019,2019-09-01,2019-09-30,NA,imazapyr (gals),Imazapyr,S_920,N,Chisago,13001200,NA,NA,PHR
2019-2786,2019,2019-10-01,2019-10-31,NA,imazapyr (gals),Imazapyr,S_920,N,Chisago,13001200,NA,NA,PHR
2018-0359,2018,2018-06-01,2018-06-30,NA,triclopyr_44_percent (gals),Triclopyr,S_539,N,Elkhorn,34011900,38.16,NA,EWM
2018-0359,2018,2018-09-01,2018-09-30,NA,triclopyr_44_percent (gals),Triclopyr,S_539,N,Elkhorn,34011900,38.16,NA,EWM
16W-2B29,2017,2017-08-01,2017-08-31,NA,"other (gals), other (lbs)",Other,S_35,N,Kimball,18036100,46.27,NA,EWM
16W-2B29,2017,2017-09-01,2017-09-30,NA,"other (gals), other (lbs)",Other,S_35,N,Kimball,18036100,46.27,NA,EWM
2019-2723,2020,2020-07-01,2020-07-31,NA,diquat (gals),Diquat Dibromide,S_1197,N,Grants,21015000,64.31,NA,FR
2019-2723,2020,2020-08-01,2020-08-31,NA,diquat (gals),Diquat Dibromide,S_1197,N,Grants,21015000,64.31,NA,FR
2019-2723,2021,2021-06-01,2021-06-30,NA,diquat (gals),Diquat Dibromide,S_1523,N,Grants,21015000,64.31,NA,FR
2019-2723,2021,2021-08-01,2021-08-31,NA,diquat (gals),Diquat Dibromide,S_1523,N,Grants,21015000,64.31,NA,FR
2019-2723,2022,2022-06-01,2022-06-30,NA,diquat (gals),Diquat Dibromide,S_1864,N,Grants,21015000,64.31,NA,FR
2019-2723,2022,2022-07-01,2022-07-31,NA,diquat (gals),Diquat Dibromide,S_1864,N,Grants,21015000,64.31,NA,FR
2018-0174,2019,2019-06-01,2019-06-30,NA,diquat (gals),Diquat Dibromide,S_798,N,North Twin,31019000,69.75,NA,FR
2018-0174,2019,2019-07-01,2019-07-31,NA,diquat (gals),Diquat Dibromide,S_798,N,North Twin,31019000,69.75,NA,FR
2018-0174,2020,2020-06-01,2020-06-30,NA,diquat (gals),Diquat Dibromide,S_1089,N,North Twin,31019000,69.75,NA,FR
2018-0174,2020,2020-07-01,2020-07-31,NA,diquat (gals),Diquat Dibromide,S_1089,N,North Twin,31019000,69.75,NA,FR
2018-0174,2021,2021-06-01,2021-06-30,NA,diquat (gals),Diquat Dibromide,S_1421,N,North Twin,31019000,69.75,NA,FR
2018-0174,2021,2021-07-01,2021-07-31,NA,diquat (gals),Diquat Dibromide,S_1421,N,North Twin,31019000,69.75,NA,FR
2017-3622,2017,2017-08-01,2017-08-31,NA,cutrine (lbs),Copper Complex,S_334,N,Minnewaska,61013000,3290.84,NA,SS
2017-3622,2017,2017-10-01,2017-10-31,NA,cutrine (lbs),Copper Complex,S_334,N,Minnewaska,61013000,3290.84,NA,SS
2018-0932,2019,2019-07-01,2019-07-31,NA,,,S_844,N,Victoria,21005400,131.17,NA,EWM
2018-0932,2019,2019-08-01,2019-08-31,NA,,,S_844,N,Victoria,21005400,131.17,NA,EWM
2017-2950,2017,2017-07-01,2017-07-31,NA,"diquat (gals), komeen_crystal (lbs)","Diquat Dibromide, Copper Complex",S_314,N,Rice,73019600,832.55,NA,SS
2017-2950,2017,2017-08-01,2017-08-31,NA,"diquat (gals), komeen_crystal (lbs)","Diquat Dibromide, Copper Complex",S_314,N,Rice,73019600,832.55,NA,SS
2017-3641,2018,2018-07-01,2018-07-31,NA,"copper_ethnolamine (gals), copper_sulfate (lbs), cutrine (lbs)","Copper Complex, Copper Sulfate",S_506,N,Turtle,04015900,928.21,NA,SS
2017-3641,2018,2018-08-01,2018-08-31,NA,"copper_ethnolamine (gals), copper_sulfate (lbs), cutrine (lbs)","Copper Complex, Copper Sulfate",S_506,N,Turtle,04015900,928.21,NA,SS
2017-3641,2019,2019-08-01,2019-08-31,NA,copper_sulfate (lbs),Copper Sulfate,S_785,N,Turtle,04015900,928.21,NA,SS
2017-3641,2019,2019-09-01,2019-09-30,NA,copper_sulfate (lbs),Copper Sulfate,S_785,N,Turtle,04015900,928.21,NA,SS
2017-3641,2020,2020-09-01,2020-09-30,NA,copper_sulfate (lbs),Copper Sulfate,S_1079,N,Turtle,04015900,928.21,NA,SS
2016-1641,2016,2016-08-01,2016-08-31,NA,other (lbs),Other,S_23,N,Red (Upper Red),04003501,NA,NA,SS
2016-1641,2016,2016-09-01,2016-09-30,NA,other (lbs),Other,S_23,N,Red (Upper Red),04003501,NA,NA,SS
2016-1832,2016,2016-10-01,2016-10-31,NA,"other (gals), other (lbs)",Other,S_28,N,Rice,73019600,832.55,NA,SS
2016-1832,2016,2016-11-01,2016-11-30,NA,"other (gals), other (lbs)",Other,S_28,N,Rice,73019600,832.55,NA,SS
2018-0897,2018,2018-06-01,2018-06-30,NA,diquat (gals),Diquat Dibromide,S_573,N,Pickerel,03028700,137.68,NA,FR
2018-0897,2018,2018-08-01,2018-08-31,NA,diquat (gals),Diquat Dibromide,S_573,N,Pickerel,03028700,137.68,NA,FR
2018-0897,2019,2019-06-01,2019-06-30,NA,diquat (gals),Diquat Dibromide,S_840,N,Pickerel,03028700,137.68,NA,FR
2018-0897,2019,2019-07-01,2019-07-31,NA,diquat (gals),Diquat Dibromide,S_840,N,Pickerel,03028700,137.68,NA,FR
2018-0897,2020,2020-07-01,2020-07-31,NA,diquat (gals),Diquat Dibromide,S_1132,N,Pickerel,03028700,137.68,NA,FR
2018-0897,2020,2020-08-01,2020-08-31,NA,diquat (gals),Diquat Dibromide,S_1132,N,Pickerel,03028700,137.68,NA,FR
2018-0932,2018,2018-06-01,2018-06-30,NA,navigate (lbs),"2,4-D",S_577,N,Victoria,21005400,131.17,NA,EWM
2018-0932,2018,2018-09-01,2018-09-30,NA,navigate (lbs),"2,4-D",S_577,N,Victoria,21005400,131.17,NA,EWM
2016-1929,2016,2016-10-01,2016-10-31,NA,other (lbs),Other,S_31,N,West Lake Sylvia,86027900,297.1,NA,SS
2016-1929,2016,2016-11-01,2016-11-30,NA,other (lbs),Other,S_31,N,West Lake Sylvia,86027900,297.1,NA,SS
2018-0897,2021,2021-06-01,2021-06-30,NA,diquat (gals),Diquat Dibromide,S_1462,N,Pickerel,03028700,137.68,NA,FR
2018-0897,2021,2021-07-01,2021-07-31,NA,diquat (gals),Diquat Dibromide,S_1462,N,Pickerel,03028700,137.68,NA,FR
2017-0474,2017,2017-07-01,2017-07-31,NA,,,S_70,N,Big Swan,77002300,397.1,NA,CLP
2018-0897,2022,2022-07-01,2022-07-31,NA,diquat (gals),Diquat Dibromide,S_1806,N,Pickerel,03028700,137.68,NA,FR
2018-0897,2022,2022-08-01,2022-08-31,NA,diquat (gals),Diquat Dibromide,S_1806,N,Pickerel,03028700,137.68,NA,FR
2022-0584,2022,2022-07-01,2022-07-31,NA,,,S_1977,N,Minnetonka-Maxwell Bay,27013311,166.47,NA,ZM
2022-0584,2022,2022-08-01,2022-08-31,NA,,,S_1977,N,Minnetonka-Maxwell Bay,27013311,166.47,NA,ZM
2018-0932,2018,2018-06-01,2018-06-30,NA,alligare (gals),"2,4-D",S_3268,N,Victoria,21005400,131.17,NA,EWM
2018-0932,2018,2018-08-01,2018-08-31,NA,alligare (gals),"2,4-D",S_3268,N,Victoria,21005400,131.17,NA,EWM
2017-1274,2019,2019-07-01,2019-07-31,NA,,,S_3272,N,Sunset,82015300,130.59,NA,EWM
2017-1274,2019,2019-08-01,2019-08-31,NA,,,S_3272,N,Sunset,82015300,130.59,NA,EWM
2017-1707,2019,2019-06-01,2019-06-30,NA,,,S_3276,N,Mayo,18040800,156.39,NA,CLP
2017-1707,2019,2019-07-01,2019-07-31,NA,,,S_3276,N,Mayo,18040800,156.39,NA,CLP
2018-3010,2019,2019-07-01,2019-07-31,NA,,,S_3282,N,Fredrickson Slough,71011000,NA,NA,EWM
2018-3010,2019,2019-08-01,2019-08-31,NA,,,S_3282,N,Fredrickson Slough,71011000,NA,NA,EWM
2017-0577,2020,2020-05-01,2020-05-31,NA,,,S_3296,N,Mountain,17000300,219.79,NA,CLP
2017-0577,2020,2020-06-01,2020-06-30,NA,,,S_3296,N,Mountain,17000300,219.79,NA,CLP
2017-1274,2020,2020-06-01,2020-06-30,NA,,,S_3297,N,Sunset,82015300,130.59,NA,EWM
2017-1274,2020,2020-08-01,2020-08-31,NA,,,S_3297,N,Sunset,82015300,130.59,NA,EWM
2018-1997,2020,2020-08-01,2020-08-31,NA,,,S_3309,N,Unnamed,19006400,NA,NA,FR
2018-1997,2020,2020-09-01,2020-09-30,NA,,,S_3309,N,Unnamed,19006400,NA,NA,FR
2018-3392,2020,2020-08-01,2020-08-31,NA,,,S_3310,N,Unnamed,19006200,NA,NA,FR
2018-3392,2020,2020-09-01,2020-09-30,NA,,,S_3310,N,Unnamed,19006200,NA,NA,FR
2019-2419,2020,2020-07-01,2020-07-31,NA,,,S_3314,N,Little Mud,47009600,25.74,NA,EWM
2019-2419,2020,2020-08-01,2020-08-31,NA,,,S_3314,N,Little Mud,47009600,25.74,NA,EWM
2020-2403,2020,2020-07-01,2020-07-31,NA,,,S_3318,N,Clear,47009500,479.66,NA,EWM
2020-2403,2020,2020-08-01,2020-08-31,NA,,,S_3318,N,Clear,47009500,479.66,NA,EWM
2017-0394,2021,2021-06-01,2021-06-30,NA,,,S_3322,N,Cedar,27003900,60.06,NA,EWM
2017-0394,2021,2021-08-01,2021-08-31,NA,,,S_3322,N,Cedar,27003900,60.06,NA,EWM
2017-0397,2021,2021-06-01,2021-06-30,NA,,,S_3324,N,Lake of the Isles,27004000,92.02,NA,EWM
2017-0397,2021,2021-08-01,2021-08-31,NA,,,S_3324,N,Lake of the Isles,27004000,92.02,NA,EWM
2017-0410,2021,2021-07-01,2021-07-31,NA,,,S_3325,N,Calhoun,27003100,113.95,NA,EWM
2017-0410,2021,2021-08-01,2021-08-31,NA,,,S_3325,N,Calhoun,27003100,113.95,NA,EWM
2017-1341,2021,2021-05-01,2021-05-31,NA,,,S_3330,N,French,66003800,379.03,NA,CLP
2017-1341,2021,2021-06-01,2021-06-30,NA,,,S_3330,N,French,66003800,379.03,NA,CLP
2018-1630,2021,2021-07-01,2021-07-31,NA,,,S_3336,N,Buck,03047300,85.94,NA,FR
2018-1630,2021,2021-08-01,2021-08-31,NA,,,S_3336,N,Buck,03047300,85.94,NA,FR
2019-1868,2021,2021-05-01,2021-05-31,NA,,,S_3343,N,Pirz,73014400,NA,NA,CLP
2019-1868,2021,2021-06-01,2021-06-30,NA,,,S_3343,N,Pirz,73014400,NA,NA,CLP
2020-2403,2021,2021-07-01,2021-07-31,NA,,,S_3348,N,Clear,47009500,479.66,NA,EWM
2020-2403,2021,2021-08-01,2021-08-31,NA,,,S_3348,N,Clear,47009500,479.66,NA,EWM
2021-2619,2021,2021-07-01,2021-07-31,NA,,,S_3353,N,Little Pelican,56076100,NA,NA,FR
2021-2619,2021,2021-08-01,2021-08-31,NA,,,S_3353,N,Little Pelican,56076100,NA,NA,FR
2017-0410,2022,2022-07-01,2022-07-31,NA,,,S_3365,N,Calhoun,27003100,113.95,NA,EWM
2017-0410,2022,2022-08-01,2022-08-31,NA,,,S_3365,N,Calhoun,27003100,113.95,NA,EWM
2017-0577,2022,2022-06-01,2022-06-30,NA,,,S_3367,N,Mountain,17000300,219.79,NA,CLP
2017-0577,2022,2022-07-01,2022-07-31,NA,,,S_3367,N,Mountain,17000300,219.79,NA,CLP
2018-1630,2022,2022-07-01,2022-07-31,NA,,,S_3375,N,Buck,03047300,85.94,NA,FR
2018-1630,2022,2022-08-01,2022-08-31,NA,,,S_3375,N,Buck,03047300,85.94,NA,FR
2018-2691,2022,2022-07-01,2022-07-31,NA,,,S_3377,N,Bass,56077000,NA,NA,FR
2018-2691,2022,2022-08-01,2022-08-31,NA,,,S_3377,N,Bass,56077000,NA,NA,FR
2019-1853,2022,2022-05-01,2022-05-31,NA,,,S_3378,N,Big Kandiyohi,34008600,1445.1,NA,CLP
2019-1853,2022,2022-06-01,2022-06-30,NA,,,S_3378,N,Big Kandiyohi,34008600,1445.1,NA,CLP
2020-1286,2022,2022-05-01,2022-05-31,NA,,,S_3382,N,Clear,47009500,479.66,NA,CLP
2020-1286,2022,2022-06-01,2022-06-30,NA,,,S_3382,N,Clear,47009500,479.66,NA,CLP
2021-3872,2022,2022-05-01,2022-05-31,NA,,,S_3389,N,Clear,81001401,563.67,NA,CLP
2021-3872,2022,2022-06-01,2022-06-30,NA,,,S_3389,N,Clear,81001401,563.67,NA,CLP
2017-0394,2023,2023-07-01,2023-07-31,NA,,,S_3391,N,Cedar,27003900,60.06,NA,EWM
2017-0394,2023,2023-08-01,2023-08-31,NA,,,S_3391,N,Cedar,27003900,60.06,NA,EWM
2017-0397,2023,2023-06-01,2023-06-30,NA,,,S_3393,N,Lake of the Isles,27004000,92.02,NA,EWM
2017-0397,2023,2023-08-01,2023-08-31,NA,,,S_3393,N,Lake of the Isles,27004000,92.02,NA,EWM
2017-0577,2023,2023-06-01,2023-06-30,NA,,,S_3397,N,Mountain,17000300,219.79,NA,CLP
2017-0577,2023,2023-07-01,2023-07-31,NA,,,S_3397,N,Mountain,17000300,219.79,NA,CLP
2019-1853,2023,2023-06-01,2023-06-30,NA,,,S_3408,N,Big Kandiyohi,34008600,1445.1,NA,CLP
2019-1853,2023,2023-07-01,2023-07-31,NA,,,S_3408,N,Big Kandiyohi,34008600,1445.1,NA,CLP
2020-1286,2023,2023-05-01,2023-05-31,NA,,,S_3409,N,Clear,47009500,479.66,NA,CLP
2020-1286,2023,2023-06-01,2023-06-30,NA,,,S_3409,N,Clear,47009500,479.66,NA,CLP
2023-0969,2023,2023-06-01,2023-06-30,NA,,,S_3415,N,Snail,62007300,127.79,NA,EWM
2023-0969,2023,2023-07-01,2023-07-31,NA,,,S_3415,N,Snail,62007300,127.79,NA,EWM
2017-0577,2024,2024-06-01,2024-06-30,NA,,,S_3424,N,Mountain,17000300,219.79,NA,CLP
2017-0577,2024,2024-07-01,2024-07-31,NA,,,S_3424,N,Mountain,17000300,219.79,NA,CLP
2020-1286,2024,2024-05-01,2024-05-31,NA,,,S_3435,N,Clear,47009500,479.66,NA,CLP
2020-1286,2024,2024-06-01,2024-06-30,NA,,,S_3435,N,Clear,47009500,479.66,NA,CLP
2017-0577,2025,2025-06-01,2025-06-30,NA,,,S_3448,N,Mountain,17000300,219.79,NA,CLP
2017-0577,2025,2025-07-01,2025-07-31,NA,,,S_3448,N,Mountain,17000300,219.79,NA,CLP
2020-1286,2025,2025-05-01,2025-05-31,NA,,,S_3454,N,Clear,47009500,479.66,NA,CLP
2020-1286,2025,2025-06-01,2025-06-30,NA,,,S_3454,N,Clear,47009500,479.66,NA,CLP
2025-2509,2025,2025-07-01,2025-07-31,NA,,,S_3478,N,Jensen,19007100,NA,NA,PL
2025-2509,2025,2025-08-01,2025-08-31,NA,,,S_3478,N,Jensen,19007100,NA,NA,PL
2025-2510,2025,2025-07-01,2025-07-31,NA,,,S_3479,N,Schultz,19007500,NA,NA,PL
2025-2510,2025,2025-08-01,2025-08-31,NA,,,S_3479,N,Schultz,19007500,NA,NA,PL
2025-2523,2025,2025-07-01,2025-07-31,NA,,,S_3480,N,Unnamed,19017800,NA,NA,PL
2025-2523,2025,2025-08-01,2025-08-31,NA,,,S_3480,N,Unnamed,19017800,NA,NA,PL
2025-2524,2025,2025-07-01,2025-07-31,NA,,,S_3481,N,Unnamed,19017900,NA,NA,PL
2025-2524,2025,2025-08-01,2025-08-31,NA,,,S_3481,N,Unnamed,19017900,NA,NA,PL
2025-2550,2025,2025-07-01,2025-07-31,NA,,,S_3482,N,Unnamed,19017800,NA,NA,PL
2025-2550,2025,2025-08-01,2025-08-31,NA,,,S_3482,N,Unnamed,19017800,NA,NA,PL
2025-2551,2025,2025-07-01,2025-07-31,NA,,,S_3483,N,McDonough,19007600,NA,NA,PL
2025-2551,2025,2025-08-01,2025-08-31,NA,,,S_3483,N,McDonough,19007600,NA,NA,PL
2019-0545,2019,2019-06-01,2019-06-30,NA,fluridone (gals),Fluridone,S_889,N,Coon,02004200,1331.96,NA,EWM
2019-0545,2019,2019-07-01,2019-07-31,NA,fluridone (gals),Fluridone,S_889,N,Coon,02004200,1331.96,NA,EWM
2019-0545,2019,2019-08-01,2019-08-31,NA,fluridone (gals),Fluridone,S_889,N,Coon,02004200,1331.96,NA,EWM
2017-0666,2019,2019-06-01,2019-06-30,NA,fluridone (gals),Fluridone,S_682,N,Clear,82016300,270.31,NA,EWM
2017-0666,2019,2019-07-01,2019-07-31,NA,fluridone (gals),Fluridone,S_682,N,Clear,82016300,270.31,NA,EWM
2017-0666,2019,2019-08-01,2019-08-31,NA,fluridone (gals),Fluridone,S_682,N,Clear,82016300,270.31,NA,EWM
2017-1044,2022,2022-05-01,2022-05-31,NA,fluridone (gals),Fluridone,S_1696,N,Minnetonka-North Arm,27013313,169.2,NA,CLP
2017-1044,2022,2022-06-01,2022-06-30,NA,fluridone (gals),Fluridone,S_1696,N,Minnetonka-North Arm,27013313,169.2,NA,CLP
2017-1044,2022,2022-07-01,2022-07-31,NA,fluridone (gals),Fluridone,S_1696,N,Minnetonka-North Arm,27013313,169.2,NA,CLP
2019-2082,2022,2022-09-01,2022-09-30,NA,sonarone (lbs),Fluridone,S_1858,N,Comfort,13005300,88.03,NA,EWM
2017-0525,2022,2022-06-01,2022-06-30,NA,"diquat (gals), fluridone (gals)","Diquat Dibromide, Fluridone",S_1649,N,DeMontreville,82010100,142.62,NA,EWM
2017-0525,2022,2022-10-01,2022-10-31,NA,"diquat (gals), fluridone (gals)","Diquat Dibromide, Fluridone",S_1649,N,DeMontreville,82010100,142.62,NA,EWM
2017-0525,2022,2022-11-01,2022-11-30,NA,"diquat (gals), fluridone (gals)","Diquat Dibromide, Fluridone",S_1649,N,DeMontreville,82010100,142.62,NA,EWM
2022-0385,2022,2022-06-01,2022-06-30,NA,fluridone (gals),Fluridone,S_1973,N,Staring,27007800,156.22,NA,EWM
2022-0385,2022,2022-07-01,2022-07-31,NA,fluridone (gals),Fluridone,S_1973,N,Staring,27007800,156.22,NA,EWM
2017-0384,2020,2020-06-01,2020-06-30,NA,fluridone (gals),Fluridone,S_940,N,Josephine,62005700,78.88,NA,"CLP, EWM"
2017-0384,2020,2020-07-01,2020-07-31,NA,fluridone (gals),Fluridone,S_940,N,Josephine,62005700,78.88,NA,"CLP, EWM"
2017-0526,2022,2022-06-01,2022-06-30,NA,"diquat (gals), fluridone (gals)","Diquat Dibromide, Fluridone",S_1650,N,Olson,82010300,87.38,NA,EWM
2017-0526,2022,2022-10-01,2022-10-31,NA,"diquat (gals), fluridone (gals)","Diquat Dibromide, Fluridone",S_1650,N,Olson,82010300,87.38,NA,EWM
2017-0526,2022,2022-11-01,2022-11-30,NA,"diquat (gals), fluridone (gals)","Diquat Dibromide, Fluridone",S_1650,N,Olson,82010300,87.38,NA,EWM
2017-0666,2018,2018-06-01,2018-06-30,NA,alligare (gals),"2,4-D",S_397,N,Clear,82016300,270.31,NA,EWM
2017-0666,2018,2018-07-01,2018-07-31,NA,alligare (gals),"2,4-D",S_397,N,Clear,82016300,270.31,NA,EWM
2017-0666,2018,2018-08-01,2018-08-31,NA,alligare (gals),"2,4-D",S_397,N,Clear,82016300,270.31,NA,EWM
2017-2529,2018,2018-06-01,2018-06-30,NA,fluridone (gals),Fluridone,S_491,N,Schmidt,27010200,41.24,NA,EWM
2017-2529,2018,2018-07-01,2018-07-31,NA,fluridone (gals),Fluridone,S_491,N,Schmidt,27010200,41.24,NA,EWM
2017-2529,2018,2018-08-01,2018-08-31,NA,fluridone (gals),Fluridone,S_491,N,Schmidt,27010200,41.24,NA,EWM
2017-2529,2022,2022-06-01,2022-06-30,NA,fluridone (gals),Fluridone,S_1747,N,Schmidt,27010200,41.24,NA,EWM
2017-2529,2022,2022-07-01,2022-07-31,NA,fluridone (gals),Fluridone,S_1747,N,Schmidt,27010200,41.24,NA,EWM
2017-2529,2022,2022-08-01,2022-08-31,NA,fluridone (gals),Fluridone,S_1747,N,Schmidt,27010200,41.24,NA,EWM
16W-2B08,2017,2017-06-01,2017-06-30,NA,"other (gals), other (lbs)",Other,S_33,N,Clearwater,18003800,338.34,NA,EWM
16W-2B08,2017,2017-07-01,2017-07-31,NA,"other (gals), other (lbs)",Other,S_33,N,Clearwater,18003800,338.34,NA,EWM
16W-2B08,2017,2017-11-01,2017-11-30,NA,"other (gals), other (lbs)",Other,S_33,N,Clearwater,18003800,338.34,NA,EWM
2017-2529,2017,2017-06-01,2017-06-30,NA,"alligare (gals), dma4_ivm (gals)","2,4-D",S_299,N,Schmidt,27010200,41.24,NA,EWM
2017-2529,2017,2017-08-01,2017-08-31,NA,"alligare (gals), dma4_ivm (gals)","2,4-D",S_299,N,Schmidt,27010200,41.24,NA,EWM
2017-2529,2017,2017-09-01,2017-09-30,NA,"alligare (gals), dma4_ivm (gals)","2,4-D",S_299,N,Schmidt,27010200,41.24,NA,EWM
2018-3101,2020,2020-07-01,2020-07-31,NA,"copper_sulfate (lbs), diquat (gals), hydrothol_liquid (gals)","Copper Sulfate, Diquat Dibromide, Endothall",S_1164,N,Medicine,27010400,434.53,NA,SS
2018-3101,2020,2020-08-01,2020-08-31,NA,"copper_sulfate (lbs), diquat (gals), hydrothol_liquid (gals)","Copper Sulfate, Diquat Dibromide, Endothall",S_1164,N,Medicine,27010400,434.53,NA,SS
2018-3101,2020,2020-09-01,2020-09-30,NA,"copper_sulfate (lbs), diquat (gals), hydrothol_liquid (gals)","Copper Sulfate, Diquat Dibromide, Endothall",S_1164,N,Medicine,27010400,434.53,NA,SS
2017-2950,2022,2022-07-01,2022-07-31,NA,"copper_sulfate (lbs), hydrothol_liquid (gals)","Copper Sulfate, Endothall",S_1755,N,Rice,73019600,832.55,NA,SS
2017-2950,2022,2022-08-01,2022-08-31,NA,"copper_sulfate (lbs), hydrothol_liquid (gals)","Copper Sulfate, Endothall",S_1755,N,Rice,73019600,832.55,NA,SS
2017-2950,2022,2022-09-01,2022-09-30,NA,"copper_sulfate (lbs), hydrothol_liquid (gals)","Copper Sulfate, Endothall",S_1755,N,Rice,73019600,832.55,NA,SS
2017-3409,2021,2021-07-01,2021-07-31,NA,diquat (gals),Diquat Dibromide,S_1410,N,Forest,82015900,1561.19,NA,FR
2017-3409,2021,2021-08-01,2021-08-31,NA,diquat (gals),Diquat Dibromide,S_1410,N,Forest,82015900,1561.19,NA,FR
2017-3409,2021,2021-09-01,2021-09-30,NA,diquat (gals),Diquat Dibromide,S_1410,N,Forest,82015900,1561.19,NA,FR
2017-1198,2017,2017-08-01,2017-08-31,NA,cutrine (lbs),Copper Complex,S_231,N,Koronis (main lake),73020002,1146.64,NA,SS
2017-1198,2017,2017-09-01,2017-09-30,NA,cutrine (lbs),Copper Complex,S_231,N,Koronis (main lake),73020002,1146.64,NA,SS
2017-1198,2017,2017-10-01,2017-10-31,NA,cutrine (lbs),Copper Complex,S_231,N,Koronis (main lake),73020002,1146.64,NA,SS
2017-2950,2020,2020-08-01,2020-08-31,NA,"copper_sulfate (lbs), hydrothol_liquid (gals)","Copper Sulfate, Endothall",S_1071,N,Rice,73019600,832.55,NA,SS
2017-2950,2020,2020-09-01,2020-09-30,NA,"copper_sulfate (lbs), hydrothol_liquid (gals)","Copper Sulfate, Endothall",S_1071,N,Rice,73019600,832.55,NA,SS
2017-2950,2020,2020-10-01,2020-10-31,NA,"copper_sulfate (lbs), hydrothol_liquid (gals)","Copper Sulfate, Endothall",S_1071,N,Rice,73019600,832.55,NA,SS
2017-2060,2018,2018-07-01,2018-07-31,NA,cutrine (lbs),Copper Complex,S_486,N,West Lake Sylvia,86027900,297.1,NA,SS
2017-2060,2018,2018-08-01,2018-08-31,NA,cutrine (lbs),Copper Complex,S_486,N,West Lake Sylvia,86027900,297.1,NA,SS
2017-2060,2018,2018-09-01,2018-09-30,NA,cutrine (lbs),Copper Complex,S_486,N,West Lake Sylvia,86027900,297.1,NA,SS
2017-2060,2020,2020-08-01,2020-08-31,NA,copper_ethnolamine (gals),Copper Complex,S_1058,N,West Lake Sylvia,86027900,297.1,NA,SS
2017-2060,2020,2020-09-01,2020-09-30,NA,copper_ethnolamine (gals),Copper Complex,S_1058,N,West Lake Sylvia,86027900,297.1,NA,SS
2017-2060,2020,2020-10-01,2020-10-31,NA,copper_ethnolamine (gals),Copper Complex,S_1058,N,West Lake Sylvia,86027900,297.1,NA,SS
2017-2950,2017,2017-07-01,2017-07-31,NA,"copper_ethnolamine (gals), copper_sulfate (lbs), diquat (gals), komeen_crystal (lbs)","Copper Complex, Copper Sulfate, Diquat Dibromide",S_312,N,Rice,73019600,832.55,NA,SS
2017-2950,2017,2017-08-01,2017-08-31,NA,"copper_ethnolamine (gals), copper_sulfate (lbs), diquat (gals), komeen_crystal (lbs)","Copper Complex, Copper Sulfate, Diquat Dibromide",S_312,N,Rice,73019600,832.55,NA,SS
2017-2950,2017,2017-09-01,2017-09-30,NA,"copper_ethnolamine (gals), copper_sulfate (lbs), diquat (gals), komeen_crystal (lbs)","Copper Complex, Copper Sulfate, Diquat Dibromide",S_312,N,Rice,73019600,832.55,NA,SS
2018-3412,2019,2019-07-01,2019-07-31,NA,copper_ethnolamine (gals),Copper Complex,S_880,N,Pleasant,86025100,291.24,NA,SS
2018-3412,2019,2019-08-01,2019-08-31,NA,copper_ethnolamine (gals),Copper Complex,S_880,N,Pleasant,86025100,291.24,NA,SS
2018-3412,2019,2019-09-01,2019-09-30,NA,copper_ethnolamine (gals),Copper Complex,S_880,N,Pleasant,86025100,291.24,NA,SS
2019-3187,2022,2022-06-01,2022-06-30,NA,"glyphosate (gals), imazapyr (gals)","Glyphosate, Imazapyr",S_1874,N,Deep,62001800,NA,NA,YI
2019-3187,2022,2022-07-01,2022-07-31,NA,"glyphosate (gals), imazapyr (gals)","Glyphosate, Imazapyr",S_1874,N,Deep,62001800,NA,NA,YI
2019-3187,2022,2022-08-01,2022-08-31,NA,"glyphosate (gals), imazapyr (gals)","Glyphosate, Imazapyr",S_1874,N,Deep,62001800,NA,NA,YI
2018-3412,2022,2022-08-01,2022-08-31,NA,copper_triethanola (gals),Copper Complex,S_1838,N,Pleasant,86025100,291.24,NA,SS
2018-3412,2022,2022-09-01,2022-09-30,NA,copper_triethanola (gals),Copper Complex,S_1838,N,Pleasant,86025100,291.24,NA,SS
2018-3412,2022,2022-10-01,2022-10-31,NA,copper_triethanola (gals),Copper Complex,S_1838,N,Pleasant,86025100,291.24,NA,SS
2017-0394,2017,2017-06-01,2017-06-30,NA,,,S_3230,N,Cedar,27003900,60.06,NA,EWM
2017-0394,2017,2017-07-01,2017-07-31,NA,,,S_3230,N,Cedar,27003900,60.06,NA,EWM
2017-0394,2017,2017-08-01,2017-08-31,NA,,,S_3230,N,Cedar,27003900,60.06,NA,EWM
2017-0396,2017,2017-06-01,2017-06-30,NA,,,S_3231,N,Harriet,27001600,88.94,NA,EWM
2017-0396,2017,2017-07-01,2017-07-31,NA,,,S_3231,N,Harriet,27001600,88.94,NA,EWM
2017-0396,2017,2017-08-01,2017-08-31,NA,,,S_3231,N,Harriet,27001600,88.94,NA,EWM
2017-0397,2017,2017-06-01,2017-06-30,NA,,,S_3232,N,Lake of the Isles,27004000,92.02,NA,EWM
2017-0397,2017,2017-07-01,2017-07-31,NA,,,S_3232,N,Lake of the Isles,27004000,92.02,NA,EWM
2017-0397,2017,2017-08-01,2017-08-31,NA,,,S_3232,N,Lake of the Isles,27004000,92.02,NA,EWM
2017-0410,2017,2017-06-01,2017-06-30,NA,,,S_3233,N,Calhoun,27003100,113.95,NA,EWM
2017-0410,2017,2017-07-01,2017-07-31,NA,,,S_3233,N,Calhoun,27003100,113.95,NA,EWM
2017-0410,2017,2017-08-01,2017-08-31,NA,,,S_3233,N,Calhoun,27003100,113.95,NA,EWM
2017-0453,2017,2017-06-01,2017-06-30,NA,,,S_3236,N,Edina Mill Pond,27004100,NA,NA,"CLP, EWM"
2017-0453,2017,2017-07-01,2017-07-31,NA,,,S_3236,N,Edina Mill Pond,27004100,NA,NA,"CLP, EWM"
2017-0453,2017,2017-09-01,2017-09-30,NA,,,S_3236,N,Edina Mill Pond,27004100,NA,NA,"CLP, EWM"
2017-0969,2017,2017-06-01,2017-06-30,NA,,,S_3242,N,Lower Twin,27004203,26.6,NA,CLP
2017-0969,2017,2017-07-01,2017-07-31,NA,,,S_3242,N,Lower Twin,27004203,26.6,NA,CLP
16W-3B082,2019,2019-06-01,2019-06-30,NA,glyphosate (gals),Glyphosate,S_3270,N,North Center,13003200,NA,NA,PHR
16W-3B082,2019,2019-07-01,2019-07-31,NA,glyphosate (gals),Glyphosate,S_3270,N,North Center,13003200,NA,NA,PHR
16W-3B082,2019,2019-08-01,2019-08-31,NA,glyphosate (gals),Glyphosate,S_3270,N,North Center,13003200,NA,NA,PHR
2017-0394,2020,2020-06-01,2020-06-30,NA,,,S_3290,N,Cedar,27003900,60.06,NA,EWM
2017-0394,2020,2020-07-01,2020-07-31,NA,,,S_3290,N,Cedar,27003900,60.06,NA,EWM
2017-0394,2020,2020-08-01,2020-08-31,NA,,,S_3290,N,Cedar,27003900,60.06,NA,EWM
2017-0396,2020,2020-06-01,2020-06-30,NA,,,S_3291,N,Harriet,27001600,88.94,NA,EWM
2017-0396,2020,2020-07-01,2020-07-31,NA,,,S_3291,N,Harriet,27001600,88.94,NA,EWM
2017-0396,2020,2020-08-01,2020-08-31,NA,,,S_3291,N,Harriet,27001600,88.94,NA,EWM
2017-0397,2020,2020-06-01,2020-06-30,NA,,,S_3292,N,Lake of the Isles,27004000,92.02,NA,EWM
2017-0397,2020,2020-07-01,2020-07-31,NA,,,S_3292,N,Lake of the Isles,27004000,92.02,NA,EWM
2017-0397,2020,2020-08-01,2020-08-31,NA,,,S_3292,N,Lake of the Isles,27004000,92.02,NA,EWM
2017-0410,2020,2020-06-01,2020-06-30,NA,,,S_3293,N,Calhoun,27003100,113.95,NA,EWM
2017-0410,2020,2020-07-01,2020-07-31,NA,,,S_3293,N,Calhoun,27003100,113.95,NA,EWM
2017-0410,2020,2020-08-01,2020-08-31,NA,,,S_3293,N,Calhoun,27003100,113.95,NA,EWM
2019-1853,2020,2020-05-01,2020-05-31,NA,,,S_3311,N,Big Kandiyohi,34008600,1445.1,NA,CLP
2019-1853,2020,2020-06-01,2020-06-30,NA,,,S_3311,N,Big Kandiyohi,34008600,1445.1,NA,CLP
2019-1853,2020,2020-07-01,2020-07-31,NA,,,S_3311,N,Big Kandiyohi,34008600,1445.1,NA,CLP
2020-1286,2020,2020-05-01,2020-05-31,NA,,,S_3316,N,Clear,47009500,479.66,NA,CLP
2020-1286,2020,2020-06-01,2020-06-30,NA,,,S_3316,N,Clear,47009500,479.66,NA,CLP
2020-1286,2020,2020-07-01,2020-07-31,NA,,,S_3316,N,Clear,47009500,479.66,NA,CLP
2017-0577,2021,2021-05-01,2021-05-31,NA,,,S_3327,N,Mountain,17000300,219.79,NA,CLP
2017-0577,2021,2021-06-01,2021-06-30,NA,,,S_3327,N,Mountain,17000300,219.79,NA,CLP
2017-0577,2021,2021-07-01,2021-07-31,NA,,,S_3327,N,Mountain,17000300,219.79,NA,CLP
2017-1274,2021,2021-06-01,2021-06-30,NA,,,S_3328,N,Sunset,82015300,130.59,NA,EWM
2017-1274,2021,2021-07-01,2021-07-31,NA,,,S_3328,N,Sunset,82015300,130.59,NA,EWM
2017-1274,2021,2021-08-01,2021-08-31,NA,,,S_3328,N,Sunset,82015300,130.59,NA,EWM
2019-1853,2021,2021-05-01,2021-05-31,NA,,,S_3342,N,Big Kandiyohi,34008600,1445.1,NA,CLP
2019-1853,2021,2021-06-01,2021-06-30,NA,,,S_3342,N,Big Kandiyohi,34008600,1445.1,NA,CLP
2019-1853,2021,2021-07-01,2021-07-31,NA,,,S_3342,N,Big Kandiyohi,34008600,1445.1,NA,CLP
2020-2403,2021,2021-05-01,2021-05-31,NA,,,S_3347,N,Clear,47009500,479.66,NA,EWM
2020-2403,2021,2021-06-01,2021-06-30,NA,,,S_3347,N,Clear,47009500,479.66,NA,EWM
2021-2194,2021,2021-06-01,2021-06-30,NA,glyphosate (gals),Glyphosate,S_3351,N,Carlson,19006600,8.91,NA,YI
2021-2194,2021,2021-07-01,2021-07-31,NA,glyphosate (gals),Glyphosate,S_3351,N,Carlson,19006600,8.91,NA,YI
2021-2194,2021,2021-08-01,2021-08-31,NA,glyphosate (gals),Glyphosate,S_3351,N,Carlson,19006600,8.91,NA,YI
2017-0396,2022,2022-06-01,2022-06-30,NA,,,S_3361,N,Harriet,27001600,88.94,NA,EWM
2017-0396,2022,2022-07-01,2022-07-31,NA,,,S_3361,N,Harriet,27001600,88.94,NA,EWM
2017-0396,2022,2022-08-01,2022-08-31,NA,,,S_3361,N,Harriet,27001600,88.94,NA,EWM
2017-0400,2022,2022-06-01,2022-06-30,NA,,,S_3363,N,Wirth,27003700,23.05,NA,EWM
2017-0400,2022,2022-07-01,2022-07-31,NA,,,S_3363,N,Wirth,27003700,23.05,NA,EWM
2017-0400,2022,2022-08-01,2022-08-31,NA,,,S_3363,N,Wirth,27003700,23.05,NA,EWM
2020-2403,2022,2022-06-01,2022-06-30,NA,,,S_3383,N,Clear,47009500,479.66,NA,EWM
2020-2403,2022,2022-07-01,2022-07-31,NA,,,S_3383,N,Clear,47009500,479.66,NA,EWM
2020-2403,2022,2022-08-01,2022-08-31,NA,,,S_3383,N,Clear,47009500,479.66,NA,EWM
2021-2619,2022,2022-06-01,2022-06-30,NA,,,S_3387,N,Little Pelican,56076100,NA,NA,FR
2021-2619,2022,2022-07-01,2022-07-31,NA,,,S_3387,N,Little Pelican,56076100,NA,NA,FR
2021-2619,2022,2022-08-01,2022-08-31,NA,,,S_3387,N,Little Pelican,56076100,NA,NA,FR
2017-0396,2023,2023-06-01,2023-06-30,NA,,,S_3392,N,Harriet,27001600,88.94,NA,EWM
2017-0396,2023,2023-07-01,2023-07-31,NA,,,S_3392,N,Harriet,27001600,88.94,NA,EWM
2017-0396,2023,2023-08-01,2023-08-31,NA,,,S_3392,N,Harriet,27001600,88.94,NA,EWM
2017-0400,2023,2023-05-01,2023-05-31,NA,,,S_3394,N,Wirth,27003700,23.05,NA,EWM
2017-0400,2023,2023-06-01,2023-06-30,NA,,,S_3394,N,Wirth,27003700,23.05,NA,EWM
2017-0400,2023,2023-08-01,2023-08-31,NA,,,S_3394,N,Wirth,27003700,23.05,NA,EWM
2017-0410,2023,2023-06-01,2023-06-30,NA,,,S_3395,N,Calhoun,27003100,113.95,NA,EWM
2017-0410,2023,2023-07-01,2023-07-31,NA,,,S_3395,N,Calhoun,27003100,113.95,NA,EWM
2017-0410,2023,2023-08-01,2023-08-31,NA,,,S_3395,N,Calhoun,27003100,113.95,NA,EWM
2020-2403,2023,2023-06-01,2023-06-30,NA,,,S_3410,N,Clear,47009500,479.66,NA,EWM
2020-2403,2023,2023-07-01,2023-07-31,NA,,,S_3410,N,Clear,47009500,479.66,NA,EWM
2020-2403,2023,2023-08-01,2023-08-31,NA,,,S_3410,N,Clear,47009500,479.66,NA,EWM
2017-0397,2024,2024-06-01,2024-06-30,NA,,,S_3420,N,Lake of the Isles,27004000,92.02,NA,EWM
2017-0397,2024,2024-07-01,2024-07-31,NA,,,S_3420,N,Lake of the Isles,27004000,92.02,NA,EWM
2017-0397,2024,2024-08-01,2024-08-31,NA,,,S_3420,N,Lake of the Isles,27004000,92.02,NA,EWM
2017-0400,2024,2024-06-01,2024-06-30,NA,,,S_3421,N,Wirth,27003700,23.05,NA,EWM
2017-0400,2024,2024-07-01,2024-07-31,NA,,,S_3421,N,Wirth,27003700,23.05,NA,EWM
2017-0400,2024,2024-08-01,2024-08-31,NA,,,S_3421,N,Wirth,27003700,23.05,NA,EWM
2017-0410,2024,2024-06-01,2024-06-30,NA,,,S_3422,N,Calhoun,27003100,113.95,NA,EWM
2017-0410,2024,2024-07-01,2024-07-31,NA,,,S_3422,N,Calhoun,27003100,113.95,NA,EWM
2017-0410,2024,2024-08-01,2024-08-31,NA,,,S_3422,N,Calhoun,27003100,113.95,NA,EWM
2018-0182,2018,2018-07-01,2018-07-31,NA,cutrine (lbs),Copper Complex,S_523,N,Koronis (main lake),73020002,1146.64,NA,SS
2018-0182,2018,2018-08-01,2018-08-31,NA,cutrine (lbs),Copper Complex,S_523,N,Koronis (main lake),73020002,1146.64,NA,SS
2018-0182,2018,2018-09-01,2018-09-30,NA,cutrine (lbs),Copper Complex,S_523,N,Koronis (main lake),73020002,1146.64,NA,SS
2018-0182,2018,2018-10-01,2018-10-31,NA,cutrine (lbs),Copper Complex,S_523,N,Koronis (main lake),73020002,1146.64,NA,SS
2017-3093,2021,2021-07-01,2021-07-31,NA,other (gals),Other,S_1408,N,St. Louis River Estuary,69129100,NA,NA,PHR
2017-3093,2021,2021-08-01,2021-08-31,NA,other (gals),Other,S_1408,N,St. Louis River Estuary,69129100,NA,NA,PHR
2017-3093,2021,2021-09-01,2021-09-30,NA,other (gals),Other,S_1408,N,St. Louis River Estuary,69129100,NA,NA,PHR
2017-3093,2021,2021-10-01,2021-10-31,NA,other (gals),Other,S_1408,N,St. Louis River Estuary,69129100,NA,NA,PHR
2017-3093,2018,2018-07-01,2018-07-31,NA,imazapyr (gals),Imazapyr,S_501,N,St. Louis River Estuary,69129100,NA,NA,PHR
2017-3093,2018,2018-08-01,2018-08-31,NA,imazapyr (gals),Imazapyr,S_501,N,St. Louis River Estuary,69129100,NA,NA,PHR
2017-3093,2018,2018-09-01,2018-09-30,NA,imazapyr (gals),Imazapyr,S_501,N,St. Louis River Estuary,69129100,NA,NA,PHR
2017-3093,2018,2018-10-01,2018-10-31,NA,imazapyr (gals),Imazapyr,S_501,N,St. Louis River Estuary,69129100,NA,NA,PHR
2017-3093,2017,2017-07-01,2017-07-31,NA,imazapyr (gals),Imazapyr,S_318,N,St. Louis River Estuary,69129100,NA,NA,PHR
2017-3093,2017,2017-08-01,2017-08-31,NA,imazapyr (gals),Imazapyr,S_318,N,St. Louis River Estuary,69129100,NA,NA,PHR
2017-3093,2017,2017-09-01,2017-09-30,NA,imazapyr (gals),Imazapyr,S_318,N,St. Louis River Estuary,69129100,NA,NA,PHR
2017-3093,2017,2017-10-01,2017-10-31,NA,imazapyr (gals),Imazapyr,S_318,N,St. Louis River Estuary,69129100,NA,NA,PHR
2017-3622,2019,2019-06-01,2019-06-30,NA,cutrine (lbs),Copper Complex,S_784,N,Minnewaska,61013000,3290.84,NA,SS
2017-3622,2019,2019-07-01,2019-07-31,NA,cutrine (lbs),Copper Complex,S_784,N,Minnewaska,61013000,3290.84,NA,SS
2017-3622,2019,2019-08-01,2019-08-31,NA,cutrine (lbs),Copper Complex,S_784,N,Minnewaska,61013000,3290.84,NA,SS
2017-3622,2019,2019-09-01,2019-09-30,NA,cutrine (lbs),Copper Complex,S_784,N,Minnewaska,61013000,3290.84,NA,SS
2017-2060,2017,2017-06-01,2017-06-30,NA,cutrine (lbs),Copper Complex,S_291,N,West Lake Sylvia,86027900,297.1,NA,SS
2017-2060,2017,2017-07-01,2017-07-31,NA,cutrine (lbs),Copper Complex,S_291,N,West Lake Sylvia,86027900,297.1,NA,SS
2017-2060,2017,2017-09-01,2017-09-30,NA,cutrine (lbs),Copper Complex,S_291,N,West Lake Sylvia,86027900,297.1,NA,SS
2017-2060,2017,2017-10-01,2017-10-31,NA,cutrine (lbs),Copper Complex,S_291,N,West Lake Sylvia,86027900,297.1,NA,SS
2017-2060,2019,2019-07-01,2019-07-31,NA,copper_ethnolamine (gals),Copper Complex,S_765,N,West Lake Sylvia,86027900,297.1,NA,SS
2017-2060,2019,2019-08-01,2019-08-31,NA,copper_ethnolamine (gals),Copper Complex,S_765,N,West Lake Sylvia,86027900,297.1,NA,SS
2017-2060,2019,2019-09-01,2019-09-30,NA,copper_ethnolamine (gals),Copper Complex,S_765,N,West Lake Sylvia,86027900,297.1,NA,SS
2017-2060,2019,2019-10-01,2019-10-31,NA,copper_ethnolamine (gals),Copper Complex,S_765,N,West Lake Sylvia,86027900,297.1,NA,SS
2017-2950,2017,2017-10-01,2017-10-31,NA,"copper_ethnolamine (gals), copper_sulfate (lbs), diquat (gals), komeen_crystal (lbs)","Copper Complex, Copper Sulfate, Diquat Dibromide",S_313,N,Rice,73019600,832.55,NA,SS
2017-0778,2017,2017-05-01,2017-05-31,NA,"dma4_ivm (gals), triclopyr_44_percent (gals)","2,4-D, Triclopyr",S_3239,N,Big Marine,82005200,1180.44,NA,EWM
2017-0778,2017,2017-06-01,2017-06-30,NA,"dma4_ivm (gals), triclopyr_44_percent (gals)","2,4-D, Triclopyr",S_3239,N,Big Marine,82005200,1180.44,NA,EWM
2017-0778,2017,2017-07-01,2017-07-31,NA,"dma4_ivm (gals), triclopyr_44_percent (gals)","2,4-D, Triclopyr",S_3239,N,Big Marine,82005200,1180.44,NA,EWM
2017-0778,2017,2017-08-01,2017-08-31,NA,"dma4_ivm (gals), triclopyr_44_percent (gals)","2,4-D, Triclopyr",S_3239,N,Big Marine,82005200,1180.44,NA,EWM
2019-2782,2019,2019-07-01,2019-07-31,NA,,,S_3286,N,Bone,82005400,119.4,NA,WH
2019-2782,2019,2019-08-01,2019-08-31,NA,,,S_3286,N,Bone,82005400,119.4,NA,WH
2019-2782,2019,2019-09-01,2019-09-30,NA,,,S_3286,N,Bone,82005400,119.4,NA,WH
2019-2782,2019,2019-10-01,2019-10-31,NA,,,S_3286,N,Bone,82005400,119.4,NA,WH
2017-0396,2021,2021-05-01,2021-05-31,NA,,,S_3323,N,Harriet,27001600,88.94,NA,EWM
2017-0396,2021,2021-06-01,2021-06-30,NA,,,S_3323,N,Harriet,27001600,88.94,NA,EWM
2017-0396,2021,2021-07-01,2021-07-31,NA,,,S_3323,N,Harriet,27001600,88.94,NA,EWM
2017-0396,2021,2021-08-01,2021-08-31,NA,,,S_3323,N,Harriet,27001600,88.94,NA,EWM
2020-1286,2021,2021-04-01,2021-04-30,NA,,,S_3346,N,Clear,47009500,479.66,NA,CLP
2020-1286,2021,2021-05-01,2021-05-31,NA,,,S_3346,N,Clear,47009500,479.66,NA,CLP
2020-1286,2021,2021-06-01,2021-06-30,NA,,,S_3346,N,Clear,47009500,479.66,NA,CLP
2020-1286,2021,2021-07-01,2021-07-31,NA,,,S_3346,N,Clear,47009500,479.66,NA,CLP
2017-1274,2022,2022-05-01,2022-05-31,NA,,,S_3369,N,Sunset,82015300,130.59,NA,EWM
2017-1274,2022,2022-06-01,2022-06-30,NA,,,S_3369,N,Sunset,82015300,130.59,NA,EWM
2017-1274,2022,2022-07-01,2022-07-31,NA,,,S_3369,N,Sunset,82015300,130.59,NA,EWM
2017-1274,2022,2022-08-01,2022-08-31,NA,,,S_3369,N,Sunset,82015300,130.59,NA,EWM
2022-2590,2023,2023-06-01,2023-06-30,NA,,,S_3414,N,Sucker,62002800,50.26,NA,ZM
2022-2590,2023,2023-07-01,2023-07-31,NA,,,S_3414,N,Sucker,62002800,50.26,NA,ZM
2022-2590,2023,2023-08-01,2023-08-31,NA,,,S_3414,N,Sucker,62002800,50.26,NA,ZM
2022-2590,2023,2023-09-01,2023-09-30,NA,,,S_3414,N,Sucker,62002800,50.26,NA,ZM
2017-0394,2024,2024-05-01,2024-05-31,NA,,,S_3418,N,Cedar,27003900,60.06,NA,EWM
2017-0394,2024,2024-06-01,2024-06-30,NA,,,S_3418,N,Cedar,27003900,60.06,NA,EWM
2017-0394,2024,2024-07-01,2024-07-31,NA,,,S_3418,N,Cedar,27003900,60.06,NA,EWM
2017-0394,2024,2024-08-01,2024-08-31,NA,,,S_3418,N,Cedar,27003900,60.06,NA,EWM
2017-0396,2024,2024-05-01,2024-05-31,NA,,,S_3419,N,Harriet,27001600,88.94,NA,EWM
2017-0396,2024,2024-06-01,2024-06-30,NA,,,S_3419,N,Harriet,27001600,88.94,NA,EWM
2017-0396,2024,2024-07-01,2024-07-31,NA,,,S_3419,N,Harriet,27001600,88.94,NA,EWM
2017-0396,2024,2024-08-01,2024-08-31,NA,,,S_3419,N,Harriet,27001600,88.94,NA,EWM
2020-2403,2024,2024-06-01,2024-06-30,NA,,,S_3436,N,Clear,47009500,479.66,NA,EWM
2020-2403,2024,2024-07-01,2024-07-31,NA,,,S_3436,N,Clear,47009500,479.66,NA,EWM
2020-2403,2024,2024-08-01,2024-08-31,NA,,,S_3436,N,Clear,47009500,479.66,NA,EWM
2020-2403,2024,2024-09-01,2024-09-30,NA,,,S_3436,N,Clear,47009500,479.66,NA,EWM
2021-0006,2024,2024-06-01,2024-06-30,NA,,,S_3437,N,Irene,21007600,240.38,NA,CLP
2021-0006,2024,2024-07-01,2024-07-31,NA,,,S_3437,N,Irene,21007600,240.38,NA,CLP
2021-0006,2024,2024-08-01,2024-08-31,NA,,,S_3437,N,Irene,21007600,240.38,NA,CLP
2021-0006,2024,2024-09-01,2024-09-30,NA,,,S_3437,N,Irene,21007600,240.38,NA,CLP
2020-2403,2025,2025-06-01,2025-06-30,NA,,,S_3455,N,Clear,47009500,479.66,NA,EWM
2020-2403,2025,2025-07-01,2025-07-31,NA,,,S_3455,N,Clear,47009500,479.66,NA,EWM
2020-2403,2025,2025-08-01,2025-08-31,NA,,,S_3455,N,Clear,47009500,479.66,NA,EWM
2020-2403,2025,2025-09-01,2025-09-30,NA,,,S_3455,N,Clear,47009500,479.66,NA,EWM
2022-2590,2025,2025-06-01,2025-06-30,NA,,,S_3459,N,Sucker,62002800,50.26,NA,ZM
2022-2590,2025,2025-07-01,2025-07-31,NA,,,S_3459,N,Sucker,62002800,50.26,NA,ZM
2022-2590,2025,2025-08-01,2025-08-31,NA,,,S_3459,N,Sucker,62002800,50.26,NA,ZM
2022-2590,2025,2025-09-01,2025-09-30,NA,,,S_3459,N,Sucker,62002800,50.26,NA,ZM
2022-2590,2024,2024-06-01,2024-06-30,NA,,,S_3443,N,Sucker,62002800,50.26,NA,ZM
2022-2590,2024,2024-07-01,2024-07-31,NA,,,S_3443,N,Sucker,62002800,50.26,NA,ZM
2022-2590,2024,2024-08-01,2024-08-31,NA,,,S_3443,N,Sucker,62002800,50.26,NA,ZM
2022-2590,2024,2024-09-01,2024-09-30,NA,,,S_3443,N,Sucker,62002800,50.26,NA,ZM
2022-2590,2024,2024-10-01,2024-10-31,NA,,,S_3443,N,Sucker,62002800,50.26,NA,ZM
16W-2A009,2018,NA,NA,NA,,,S_347,Y,St. Louis River Estuary,69129100,NA,NA,PHR
16W-2A009,2021,NA,NA,NA,,,S_1259,Y,St. Louis River Estuary,69129100,NA,NA,PHR
16W-2B19,2024,NA,NA,3.5,aquathol_k (gals),Endothall,S_2403,Y,Hubert,18037500,456.98,0.0077,CLP
16W-3A001,2016,NA,NA,NA,,,S_3225,Y,Snail,62007300,127.79,NA,YI
16W-3A049,2016,NA,NA,NA,,,S_11,Y,Lucy,10000700,68.27,NA,CLP
16W-3A066,2016,NA,NA,NA,,,S_13,Y,Nokomis,27001900,104.26,NA,EWM
16W-3A066,2017,NA,NA,NA,,,S_36,Y,Nokomis,27001900,104.26,NA,EWM
16W-3A067,2016,NA,NA,NA,,,S_14,Y,Wirth,27003700,23.05,NA,EWM
16W-3A067,2017,NA,NA,NA,,,S_37,Y,Wirth,27003700,23.05,NA,EWM
16W-3A101,2016,NA,NA,NA,,,S_3226,Y,Silver,62000100,71.82,NA,YI
16W-3B008,2018,NA,NA,NA,,,S_3257,Y,Two Rivers,73013800,221.09,NA,CLP
16W-3B103,2016,NA,NA,NA,,,S_3227,Y,Charlotte,86001100,89.71,NA,EWM
2016-1798,2016,NA,NA,NA,,,S_27,Y,Koronis (main lake),73020002,1146.64,NA,SS
2016-1925,2016,NA,NA,NA,,,S_30,Y,West Lake Sylvia,86027900,297.1,NA,SS
2016-1925,2017,NA,NA,NA,,,S_38,Y,West Lake Sylvia,86027900,297.1,NA,SS
2017-0038,2023,NA,NA,50.3,aquathol_k (gals),Endothall,S_2009,Y,Knife,33002800,1259.21,0.0399,CLP
2017-0038,2024,NA,NA,51,diquat (gals),Diquat Dibromide,S_2404,Y,Knife,33002800,1259.21,0.0405,CLP
2017-0038,2025,NA,NA,67.7,"aquathol_k (gals), flumioxazin (lbs), hydrothol_liquid (gals)","Endothall, Flumioxazin",S_2809,Y,Knife,33002800,1259.21,0.0538,CLP
2017-0319,2018,NA,NA,NA,,,S_349,Y,Minnetonka-Black Lake,27013306,63.1,NA,"CLP, EWM"
2017-0320,2018,NA,NA,NA,,,S_350,Y,Minnetonka-Carsons Bay,27013303,78.86,NA,"CLP, EWM"
2017-0321,2018,NA,NA,NA,,,S_351,Y,Minnetonka-Crystal Bay,27013310,317.36,NA,"CLP, EWM"
2017-0322,2018,NA,NA,NA,,,S_352,Y,Minnetonka-Emerald Lake,27013308,14.21,NA,"CLP, EWM"
2017-0323,2018,NA,NA,NA,,,S_353,Y,Minnetonka-Lower Lake,27013302,2059.41,NA,"CLP, EWM"
2017-0325,2018,NA,NA,NA,,,S_354,Y,Minnetonka-Maxwell Bay,27013311,166.47,NA,"CLP, EWM"
2017-0327,2018,NA,NA,NA,,,S_355,Y,Minnetonka-North Arm,27013313,169.2,NA,"CLP, EWM"
2017-0328,2018,NA,NA,NA,,,S_356,Y,Minnetonka-Seton Lake,27013307,38.02,NA,"CLP, EWM"
2017-0335,2018,NA,NA,NA,,,S_357,Y,Minnetonka-Upper Lake,27013305,1699.3,NA,"CLP, EWM"
2017-0336,2018,NA,NA,NA,,,S_358,Y,Minnetonka-West Arm,27013314,537.83,NA,"CLP, EWM"
2017-0368,2025,NA,NA,0.52,aquathol_super_k (lbs),Endothall,S_2814,Y,Swan,31006700,NA,NA,CLP
2017-0377,2019,NA,NA,NA,,,S_642,Y,Pelican,56078600,1608.25,NA,CLP
2017-0377,2021,NA,NA,NA,,,S_1270,Y,Pelican,56078600,1608.25,NA,CLP
2017-0378,2019,NA,NA,NA,,,S_643,Y,Little Pelican,56076100,NA,NA,CLP
2017-0378,2021,NA,NA,NA,,,S_1271,Y,Little Pelican,56076100,NA,NA,CLP
2017-0379,2019,NA,NA,NA,,,S_644,Y,Bass,56077000,NA,NA,CLP
2017-0379,2021,NA,NA,NA,,,S_1272,Y,Bass,56077000,NA,NA,CLP
2017-0394,2025,NA,NA,NA,,,S_2816,Y,Cedar,27003900,60.06,NA,EWM
2017-0396,2025,NA,NA,NA,,,S_2817,Y,Harriet,27001600,88.94,NA,EWM
2017-0399,2017,NA,NA,NA,,,S_53,Y,Nokomis,27001900,104.26,NA,EWM
2017-0400,2017,NA,NA,NA,,,S_54,Y,Wirth,27003700,23.05,NA,EWM
2017-0400,2020,NA,NA,NA,,,S_942,Y,Wirth,27003700,23.05,NA,EWM
2017-0400,2021,NA,NA,NA,,,S_1274,Y,Wirth,27003700,23.05,NA,EWM
2017-0400,2025,NA,NA,NA,,,S_2818,Y,Wirth,27003700,23.05,NA,EWM
2017-0407,2023,NA,NA,NA,,,S_2016,Y,Lucy,10000700,68.27,NA,CLP
2017-0410,2025,NA,NA,NA,,,S_2820,Y,Calhoun,27003100,113.95,NA,EWM
2017-0453,2018,NA,NA,NA,,,S_371,Y,Edina Mill Pond,27004100,NA,NA,"CLP, EWM"
2017-0459,2017,NA,NA,NA,,,S_67,Y,Silver,86014000,37.67,NA,EWM
2017-0459,2018,NA,NA,NA,,,S_372,Y,Silver,86014000,37.67,NA,EWM
2017-0459,2022,NA,NA,NA,,,S_3366,Y,Silver,86014000,37.67,NA,EWM
2017-0471,2017,NA,NA,NA,,,S_68,Y,Bavaria,10001900,65.71,NA,EWM
2017-0477,2020,NA,NA,NA,,,S_953,Y,Lower Cullen,18040300,201.25,NA,CLP
2017-0479,2020,NA,NA,NA,,,S_954,Y,Upper Cullen,18037600,232.78,NA,CLP
2017-0492,2020,NA,NA,NA,,,S_955,Y,John,86028800,284.53,NA,EWM
2017-0497,2018,NA,NA,NA,,,S_374,Y,John,86028800,284.53,NA,CLP
2017-0521,2018,NA,NA,NA,,,S_378,Y,Elk,71005500,360.05,NA,CLP
2017-0531,2018,NA,NA,NA,,,S_381,Y,German,40006300,522.41,NA,CLP
2017-0565,2017,NA,NA,NA,,,S_92,Y,Augusta,86028400,60.94,NA,CLP
2017-0573,2017,NA,NA,NA,,,S_94,Y,Rebecca,27019200,122.72,NA,"EWM, CLP"
2017-0573,2020,NA,NA,NA,,,S_3295,Y,Rebecca,27019200,122.72,NA,"EWM, CLP"
2017-0577,2017,NA,NA,NA,,,S_95,Y,Mountain,17000300,219.79,NA,CLP
2017-0577,2018,NA,NA,NA,,,S_388,Y,Mountain,17000300,219.79,NA,CLP
2017-0577,2019,NA,NA,NA,,,S_670,Y,Mountain,17000300,219.79,NA,CLP
2017-0582,2024,NA,NA,NA,,,S_2432,Y,O'Dowd,70009500,273.58,NA,CLP
2017-0609,2021,NA,NA,NA,,,S_1298,Y,Zumbra-Sunny,10004100,156.44,NA,EWM
2017-0620,2018,NA,NA,NA,,,S_393,Y,Quamba,33001500,226.37,NA,CLP
2017-0640,2017,NA,NA,NA,,,S_104,Y,Upper Cormorant,03058800,522.84,NA,CLP
2017-0652,2017,NA,NA,NA,,,S_106,Y,Augusta,86028400,60.94,NA,EWM
2017-0653,2021,NA,NA,NA,,,S_1303,Y,Long,62006700,117.29,NA,EWM
2017-0663,2025,NA,NA,NA,,,S_2843,Y,Brooks,86026400,58.31,NA,CLP
2017-0666,2025,NA,NA,NA,,,S_2844,Y,Clear,82016300,270.31,NA,EWM
2017-0735,2018,NA,NA,NA,,,S_402,Y,Alimagnet,19002100,NA,NA,CLP
2017-0755,2017,NA,NA,NA,,,S_140,Y,Pike,62006900,34.62,NA,CLP
2017-0755,2018,NA,NA,NA,,,S_406,Y,Pike,62006900,34.62,NA,CLP
2017-0764,2017,NA,NA,NA,,,S_145,Y,Circle,66002700,837.56,NA,CLP
2017-0828,2022,NA,NA,NA,,,S_1674,Y,Pulaski (main bay),86005302,138.77,NA,EWM
2017-0847,2018,NA,NA,NA,,,S_412,Y,Green,13004100,NA,NA,CLP
2017-0873,2017,NA,NA,NA,,,S_159,Y,Indian,86022300,57.13,NA,EWM
2017-0888,2018,NA,NA,NA,,,S_416,Y,Eagle,71006700,319.49,NA,CLP
2017-0908,2018,NA,NA,NA,,,S_418,Y,Silver,62008300,63.26,NA,CLP
2017-0968,2020,NA,NA,NA,,,S_992,Y,Crystal,27003400,NA,NA,CLP
2017-0969,2023,NA,NA,NA,,,S_2055,Y,Lower Twin,27004203,26.6,NA,CLP
2017-1005,2025,NA,NA,NA,,,S_2868,Y,Upper South Long,18009600,292.08,NA,CLP
2017-1012,2019,NA,NA,NA,,,S_702,Y,Clear,47009500,479.66,NA,CLP
2017-1033,2022,NA,NA,NA,,,S_1686,Y,Florida,34021700,278.96,NA,EWM
2017-1043,2018,NA,NA,NA,,,S_433,Y,Minnetonka-St. Albans Bay,27013304,103.16,NA,EWM
2017-1044,2017,NA,NA,NA,,,S_200,Y,Minnetonka-North Arm,27013313,169.2,NA,CLP
2017-1046,2020,NA,NA,NA,,,S_1009,Y,Minnetonka-Crystal Bay,27013310,317.36,NA,CLP
2017-1046,2024,NA,NA,NA,,,S_2472,Y,Minnetonka-Crystal Bay,27013310,317.36,NA,CLP
2017-1047,2019,NA,NA,NA,,,S_718,Y,Minnetonka-Crystal Bay,27013310,317.36,NA,EWM
2017-1047,2023,NA,NA,NA,,,S_2070,Y,Minnetonka-Crystal Bay,27013310,317.36,NA,EWM
2017-1047,2024,NA,NA,NA,,,S_2473,Y,Minnetonka-Crystal Bay,27013310,317.36,NA,EWM
2017-1048,2022,NA,NA,NA,,,S_1699,Y,Green,34007900,2119.75,NA,EWM
2017-1056,2019,NA,NA,NA,,,S_722,Y,Minnie-Belle,47011900,175.76,NA,CLP
2017-1056,2021,NA,NA,NA,,,S_1346,Y,Minnie-Belle,47011900,175.76,NA,CLP
2017-1092,2019,NA,NA,NA,,,S_725,Y,Coon,02004200,1331.96,NA,EWM
2017-1101,2017,NA,NA,NA,,,S_219,Y,Portage,29025000,427.62,NA,CLP
2017-1120,2020,NA,NA,NA,,,S_1018,Y,Love,18038800,64.67,NA,CLP
2017-1135,2023,NA,NA,NA,,,S_3398,Y,Lower Prior,70002600,589.7,NA,CLP
2017-1151,2023,NA,NA,NA,,,S_2076,Y,Spectacle,30013500,170.29,NA,CLP
2017-1153,2017,NA,NA,NA,,,S_226,Y,Crystal,19002700,221.71,NA,CLP
2017-1153,2018,NA,NA,NA,,,S_440,Y,Crystal,19002700,221.71,NA,CLP
2017-1153,2019,NA,NA,NA,,,S_727,Y,Crystal,19002700,221.71,NA,CLP
2017-1153,2020,NA,NA,NA,,,S_1021,Y,Crystal,19002700,221.71,NA,CLP
2017-1153,2021,NA,NA,NA,,,S_1352,Y,Crystal,19002700,221.71,NA,CLP
2017-1153,2024,NA,NA,NA,,,S_2480,Y,Crystal,19002700,221.71,NA,CLP
2017-1153,2025,NA,NA,NA,,,S_2887,Y,Crystal,19002700,221.71,NA,CLP
2017-1158,2018,NA,NA,NA,,,S_442,Y,Ann,33004000,591.81,NA,CLP
2017-1211,2019,NA,NA,NA,,,S_730,Y,Jennie,47001500,1064.03,NA,CLP
2017-1285,2017,NA,NA,NA,,,S_234,Y,Como,62005500,65.65,NA,CLP
2017-1286,2017,NA,NA,NA,,,S_235,Y,Phalen,62001300,84.53,NA,EWM
2017-1286,2018,NA,NA,NA,,,S_445,Y,Phalen,62001300,84.53,NA,EWM
2017-1286,2019,NA,NA,NA,,,S_731,Y,Phalen,62001300,84.53,NA,EWM
2017-1286,2021,NA,NA,NA,,,S_3329,Y,Phalen,62001300,84.53,NA,EWM
2017-1286,2022,NA,NA,NA,,,S_1709,Y,Phalen,62001300,84.53,NA,EWM
2017-1286,2023,NA,NA,NA,,,S_2079,Y,Phalen,62001300,84.53,NA,EWM
2017-1286,2024,NA,NA,NA,,,S_2484,Y,Phalen,62001300,84.53,NA,EWM
2017-1286,2025,NA,NA,NA,,,S_2891,Y,Phalen,62001300,84.53,NA,EWM
2017-1297,2023,NA,NA,NA,,,S_2080,Y,Farquar,19002300,63.58,NA,CLP
2017-1298,2023,NA,NA,NA,,,S_2081,Y,Long,19002200,NA,NA,CLP
2017-1307,2021,NA,NA,NA,,,S_1361,Y,Clear,81001401,563.67,NA,CLP
2017-1324,2017,NA,NA,NA,,,S_245,Y,Norway,11030700,514.88,NA,CLP
2017-1324,2018,NA,NA,NA,,,S_454,Y,Norway,11030700,514.88,NA,CLP
2017-1365,2018,NA,NA,NA,,,S_456,Y,West Lake Sylvia,86027900,297.1,NA,EWM
2017-1470,2020,NA,NA,NA,,,S_1033,Y,Mink,86022900,251.82,NA,CLP
2017-1470,2025,NA,NA,15.2,flumioxazin (lbs),Flumioxazin,S_2901,Y,Mink,86022900,251.82,0.0604,CLP
2017-1471,2020,NA,NA,NA,,,S_1034,Y,Somers,86023000,147.27,NA,CLP
2017-1498,2019,NA,NA,NA,,,S_743,Y,Lost,27010300,NA,NA,CLP
2017-1500,2024,NA,NA,NA,,,S_2490,Y,Ballantyne,07005400,328.59,NA,EWM
2017-1558,2017,NA,NA,NA,,,S_262,Y,Goose,62003400,NA,NA,CLP
2017-1558,2023,NA,NA,7.86,aquathol_k (gals),Endothall,S_2094,Y,Goose,62003400,NA,NA,CLP
2017-1826,2020,NA,NA,NA,,,S_1047,Y,Grave,18011000,NA,NA,CLP
2017-1827,2023,NA,NA,19.9,aquathol_k (gals),Endothall,S_2104,Y,Crow Wing,18015500,202.02,0.0985,CLP
2017-1827,2024,NA,NA,24,aquathol_k (gals),Endothall,S_2504,Y,Crow Wing,18015500,202.02,0.1188,CLP
2017-1846,2018,NA,NA,NA,,,S_476,Y,Lower Prior,70002600,589.7,NA,CLP
2017-1846,2022,NA,NA,NA,,,S_1734,Y,Lower Prior,70002600,589.7,NA,CLP
2017-1910,2017,NA,NA,NA,,,S_3250,Y,Upper Twin,27004201,123.5,NA,CLP
2017-2067,2018,NA,NA,NA,,,S_487,Y,Elmo,82010600,66.38,NA,EWM
2017-2067,2019,NA,NA,NA,,,S_766,Y,Elmo,82010600,66.38,NA,EWM
2017-2067,2020,NA,NA,NA,,,S_1059,Y,Elmo,82010600,66.38,NA,EWM
2017-2067,2021,NA,NA,NA,,,S_1396,Y,Elmo,82010600,66.38,NA,EWM
2017-2106,2024,NA,NA,3.6,aquathol_k (gals),Endothall,S_2515,Y,Pelican,18030800,3883.67,9e-4,CLP
2017-2106,2025,NA,NA,16.5,diquat (gals),Diquat Dibromide,S_2927,Y,Pelican,18030800,3883.67,0.0042,CLP
2017-2130,2017,NA,NA,NA,,,S_293,Y,Earley,19003300,NA,NA,CLP
2017-2215,2018,NA,NA,NA,,,S_489,Y,Shamineau,49012700,630.54,NA,EWM
2017-2215,2019,NA,NA,NA,,,S_769,Y,Shamineau,49012700,630.54,NA,EWM
2017-2215,2020,NA,NA,NA,,,S_1061,Y,Shamineau,49012700,630.54,NA,EWM
2017-2215,2021,NA,NA,NA,,,S_1399,Y,Shamineau,49012700,630.54,NA,EWM
2017-2215,2022,NA,NA,NA,,,S_1746,Y,Shamineau,49012700,630.54,NA,EWM
2017-2215,2024,NA,NA,NA,,,S_2516,Y,Shamineau,49012700,630.54,NA,EWM
2017-2216,2017,NA,NA,NA,,,S_297,Y,Mitchell,27007000,110.62,NA,CLP
2017-2216,2018,NA,NA,NA,,,S_490,Y,Mitchell,27007000,110.62,NA,CLP
2017-2216,2019,NA,NA,NA,,,S_770,Y,Mitchell,27007000,110.62,NA,CLP
2017-2216,2020,NA,NA,NA,,,S_1062,Y,Mitchell,27007000,110.62,NA,CLP
2017-2216,2021,NA,NA,NA,,,S_1400,Y,Mitchell,27007000,110.62,NA,CLP
2017-2609,2021,NA,NA,NA,,,S_1401,Y,Minnie-Belle,47011900,175.76,NA,EWM
2017-2765,2025,NA,NA,NA,,,S_2930,Y,Rays,40005600,151.1,NA,EWM
2017-2771,2017,NA,NA,NA,,,S_306,Y,Minnetonka-Grays Bay,27013301,164.54,NA,EWM
2017-2771,2021,NA,NA,NA,,,S_1405,Y,Minnetonka-Grays Bay,27013301,164.54,NA,EWM
2017-2771,2023,NA,NA,NA,,,S_2120,Y,Minnetonka-Grays Bay,27013301,164.54,NA,EWM
2017-3143,2017,NA,NA,NA,,,S_320,Y,Phalen,62001300,84.53,NA,EWM
2017-3622,2020,NA,NA,NA,,,S_1078,Y,Minnewaska,61013000,3290.84,NA,SS
2017-3622,2022,NA,NA,NA,,,S_1760,Y,Minnewaska,61013000,3290.84,NA,SS
2017-3622,2023,NA,NA,NA,,,S_2128,Y,Minnewaska,61013000,3290.84,NA,SS
2017-3641,2025,NA,NA,NA,,,S_2939,Y,Turtle,04015900,928.21,NA,SS
2017-3788,2018,NA,NA,NA,,,S_507,Y,Frances,40005700,568.07,NA,EWM
2018-0117,2019,NA,NA,NA,,,S_792,Y,Winsted,43001200,382.44,NA,CLP
2018-0117,2021,NA,NA,NA,,,S_1420,Y,Winsted,43001200,382.44,NA,CLP
2018-0126,2019,NA,NA,NA,,,S_794,Y,North Center,13003200,NA,NA,CLP
2018-0127,2019,NA,NA,NA,,,S_795,Y,North Center,13003200,NA,NA,EWM
2018-0129,2019,NA,NA,NA,,,S_796,Y,South Center,13002700,544.51,NA,CLP
2018-0130,2019,NA,NA,NA,,,S_797,Y,South Center,13002700,544.51,NA,EWM
2018-0242,2019,NA,NA,NA,,,S_805,Y,Lower Mission,18024300,470.59,NA,CLP
2018-0242,2020,NA,NA,NA,,,S_1096,Y,Lower Mission,18024300,470.59,NA,CLP
2018-0242,2022,NA,NA,NA,,,S_1774,Y,Lower Mission,18024300,470.59,NA,CLP
2018-0242,2024,NA,NA,NA,,,S_2542,Y,Lower Mission,18024300,470.59,NA,CLP
2018-0244,2024,NA,NA,NA,,,S_2543,Y,Upper Mission,18024200,285.46,NA,CLP
2018-0246,2021,NA,NA,NA,,,S_1431,Y,Lower Mission,18024300,470.59,NA,EWM
2018-0333,2024,NA,NA,NA,,,S_2550,Y,French,86027300,166.94,NA,EWM
2018-0345,2023,NA,NA,NA,,,S_2156,Y,John,86028800,284.53,NA,CLP
2018-0359,2019,NA,NA,NA,,,S_815,Y,Elkhorn,34011900,38.16,NA,EWM
2018-0371,2024,NA,NA,NA,,,S_2552,Y,Alexander,49007900,843.85,NA,CLP
2018-0402,2018,NA,NA,NA,,,S_543,Y,Minnewashta,10000900,337.89,NA,CLP
2018-0405,2018,NA,NA,NA,,,S_544,Y,Lucy,10000700,68.27,NA,CLP
2018-0405,2019,NA,NA,NA,,,S_818,Y,Lucy,10000700,68.27,NA,CLP
2018-0432,2018,NA,NA,NA,,,S_548,Y,Little Pulaski,86005301,NA,NA,CLP
2018-0603,2018,NA,NA,NA,,,S_553,Y,Como,62005500,65.65,NA,CLP
2018-0603,2019,NA,NA,NA,,,S_823,Y,Como,62005500,65.65,NA,CLP
2018-0603,2020,NA,NA,NA,,,S_1114,Y,Como,62005500,65.65,NA,CLP
2018-0671,2022,NA,NA,NA,,,S_1795,Y,Rush,71014700,160.82,NA,CLP
2018-0851,2021,NA,NA,NA,,,S_1459,Y,Little Birch,77008900,271.94,NA,EWM
2018-0851,2022,NA,NA,NA,,,S_1803,Y,Little Birch,77008900,271.94,NA,EWM
2018-0851,2024,NA,NA,NA,,,S_2569,Y,Little Birch,77008900,271.94,NA,EWM
2018-0866,2021,NA,NA,NA,,,S_1460,Y,Unnamed,27097900,NA,NA,CLP
2018-0866,2023,NA,NA,NA,,,S_2176,Y,Unnamed,27097900,NA,NA,CLP
2018-0881,2022,NA,NA,NA,,,S_1805,Y,Norway,11030700,514.88,NA,CLP
2018-0910,2025,NA,NA,8.2,diquat (gals),Diquat Dibromide,S_2988,Y,Constance,86005100,86.43,0.0949,CLP
2018-0912,2024,NA,NA,NA,,,S_2573,Y,Bass,86023400,95.96,NA,CLP
2018-0972,2019,NA,NA,NA,,,S_3281,Y,Ann,71006900,132.85,NA,CLP
2018-0972,2024,NA,NA,NA,,,S_3428,Y,Ann,71006900,132.85,NA,CLP
2018-1016,2022,NA,NA,NA,,,S_1816,Y,Long,30007200,381.58,NA,CLP
2018-1097,2020,NA,NA,NA,,,S_1144,Y,Big Watab,73010200,57.18,NA,CLP
2018-1097,2022,NA,NA,NA,,,S_1821,Y,Big Watab,73010200,57.18,NA,CLP
2018-1120,2018,NA,NA,NA,,,S_590,Y,Florence,30003500,120.2,NA,CLP
2018-1133,2024,NA,NA,NA,,,S_3431,Y,South Lindstrom,13002800,261.42,NA,CLP
2018-1174,2021,NA,NA,NA,,,S_1479,Y,Long,82003000,NA,NA,EWM
2018-1216,2020,NA,NA,NA,,,S_1149,Y,Mirror,27005500,NA,NA,CLP
2018-1350,2018,NA,NA,NA,,,S_599,Y,Circle,66002700,837.56,NA,CLP
2018-1350,2020,NA,NA,NA,,,S_1151,Y,Circle,66002700,837.56,NA,CLP
2018-1350,2021,NA,NA,NA,,,S_1482,Y,Circle,66002700,837.56,NA,CLP
2018-1350,2022,NA,NA,NA,,,S_1828,Y,Circle,66002700,837.56,NA,CLP
2018-1350,2023,NA,NA,NA,,,S_2197,Y,Circle,66002700,837.56,NA,CLP
2018-1350,2024,NA,NA,NA,,,S_3432,Y,Circle,66002700,837.56,NA,CLP
2018-1380,2019,NA,NA,NA,,,S_859,Y,Beebe,86002300,179.49,NA,EWM
2018-1630,2018,NA,NA,NA,,,S_604,Y,Buck,03047300,85.94,NA,FR
2018-1630,2023,NA,NA,NA,,,S_2201,Y,Buck,03047300,85.94,NA,FR
2018-1761,2018,NA,NA,NA,,,S_606,Y,Schultz,19007500,NA,NA,CLP
2018-1763,2018,NA,NA,NA,,,S_607,Y,McDonough,19007600,NA,NA,CLP
2018-1997,2019,NA,NA,NA,,,S_864,Y,Unnamed,19006400,NA,NA,FR
2018-1997,2022,NA,NA,NA,,,S_3376,Y,Unnamed,19006400,NA,NA,FR
2018-1997,2023,NA,NA,NA,,,S_2204,Y,Unnamed,19006400,NA,NA,FR
2018-2025,2018,NA,NA,NA,,,S_612,Y,Norway,11030700,514.88,NA,CLP
2018-2025,2019,NA,NA,NA,,,S_865,Y,Norway,11030700,514.88,NA,CLP
2018-2025,2020,NA,NA,NA,,,S_1157,Y,Norway,11030700,514.88,NA,CLP
2018-2025,2021,NA,NA,NA,,,S_1487,Y,Norway,11030700,514.88,NA,CLP
2018-2025,2022,NA,NA,NA,,,S_1831,Y,Norway,11030700,514.88,NA,CLP
2018-2148,2019,NA,NA,NA,,,S_866,Y,Alice,82028700,NA,NA,EWM
2018-2168,2018,NA,NA,NA,,,S_615,Y,Red Rock,27007600,96.61,NA,CLP
2018-2168,2019,NA,NA,NA,,,S_868,Y,Red Rock,27007600,96.61,NA,CLP
2018-2168,2020,NA,NA,NA,,,S_1159,Y,Red Rock,27007600,96.61,NA,CLP
2018-2168,2021,NA,NA,NA,,,S_1489,Y,Red Rock,27007600,96.61,NA,CLP
2018-2398,2024,NA,NA,NA,,,S_2595,Y,Town Line,11019000,697.66,NA,EWM
2018-2556,2019,NA,NA,NA,,,S_870,Y,Stella,47006800,300.41,NA,EWM
2018-2691,2018,NA,NA,NA,,,S_623,Y,Bass,56077000,NA,NA,FR
2018-2691,2023,NA,NA,NA,,,S_2208,Y,Bass,56077000,NA,NA,FR
2018-2789,2019,NA,NA,NA,,,S_872,Y,Spectacle,30013500,170.29,NA,EWM
2018-2894,2019,NA,NA,0.06,,,S_873,Y,Ham,02005300,190.45,3e-4,PHR
2018-2938,2025,NA,NA,NA,,,S_3015,Y,Granite,86021700,118.18,NA,FR
2018-3117,2019,NA,NA,NA,,,S_875,Y,Little Mud,47009600,25.74,NA,EWM
2018-3258,2021,NA,NA,NA,,,S_1495,Y,Grand,73005500,233.22,NA,SS
2018-3259,2018,NA,NA,NA,,,S_632,Y,Pleasant,86025100,291.24,NA,SS
2018-3259,2020,NA,NA,NA,,,S_1165,Y,Pleasant,86025100,291.24,NA,SS
2018-3259,2021,NA,NA,NA,,,S_1496,Y,Pleasant,86025100,291.24,NA,SS
2018-3392,2018,NA,NA,NA,,,S_635,Y,Unnamed,19006200,NA,NA,FR
2018-3392,2019,NA,NA,NA,,,S_879,Y,Unnamed,19006200,NA,NA,FR
2018-3392,2021,NA,NA,NA,,,S_3340,Y,Unnamed,19006200,NA,NA,FR
2018-3796,2019,NA,NA,NA,,,S_882,Y,Manuella,47005000,114.89,NA,CLP
2018-3796,2021,NA,NA,NA,,,S_1500,Y,Manuella,47005000,114.89,NA,CLP
2019-0828,2020,NA,NA,NA,,,S_1179,Y,Melody,27066900,NA,NA,CLP
2019-0858,2020,NA,NA,NA,,,S_1181,Y,Skogman,30002200,129.77,NA,EWM
2019-1039,2019,NA,NA,NA,,,S_898,Y,Long,56078400,287.04,NA,CLP
2019-1061,2023,NA,NA,NA,,,S_3407,Y,Upper Prior,70007200,310.51,NA,CLP
2019-1068,2020,NA,NA,NA,,,S_1185,Y,Green Prairie Fish,49003500,92.99,NA,CLP
2019-1068,2022,NA,NA,NA,,,S_1849,Y,Green Prairie Fish,49003500,92.99,NA,CLP
2019-1389,2019,NA,NA,NA,,,S_904,Y,Casey,62000500,11.82,NA,CLP
2019-1389,2022,NA,NA,NA,,,S_1852,Y,Casey,62000500,11.82,NA,CLP
2019-2039,2020,NA,NA,NA,,,S_3313,Y,Sugar,86023300,371.23,NA,YI
2019-2091,2022,NA,NA,NA,,,S_1859,Y,Frances,40005700,568.07,NA,EWM
2019-2091,2023,NA,NA,NA,,,S_2228,Y,Frances,40005700,568.07,NA,EWM
2019-2091,2024,NA,NA,NA,,,S_2627,Y,Frances,40005700,568.07,NA,EWM
2019-2419,2024,NA,NA,NA,,,S_3434,Y,Little Mud,47009600,25.74,NA,EWM
2019-2494,2019,NA,NA,NA,,,S_3285,Y,Leech,11020300,NA,NA,EWM
2019-2512,2020,NA,NA,NA,,,S_1196,Y,Erie,47006400,115.68,NA,EWM
2019-2786,2025,NA,NA,NA,,,S_3043,Y,Chisago,13001200,NA,NA,PHR
2019-2878,2025,NA,NA,4.4,triclopyr_14_percent (lbs),Triclopyr,S_3044,Y,Spectacle,30013500,170.29,0.0258,EWM
2019-2885,2025,NA,NA,NA,,,S_3045,Y,North Center,13003200,NA,NA,PHR
2019-2886,2025,NA,NA,NA,,,S_3046,Y,North Lindstrom,13003500,61.92,NA,PHR
2019-2887,2025,NA,NA,NA,,,S_3047,Y,South Center,13002700,544.51,NA,PHR
2019-2888,2025,NA,NA,NA,,,S_3048,Y,South Lindstrom,13002800,261.42,NA,PHR
2019-3105,2021,NA,NA,NA,,,S_1530,Y,Unnamed,62024300,NA,NA,PL
2019-3170,2019,NA,NA,NA,,,S_3287,Y,Washburn,01011100,NA,NA,PL
2019-3171,2019,NA,NA,NA,,,S_3288,Y,Mallard,01014900,NA,NA,PL
2019-3187,2019,NA,NA,NA,,,S_3289,Y,Deep,62001800,NA,NA,YI
2019-3316,2025,NA,NA,NA,,,S_3453,Y,Crystal,27003400,NA,NA,PHR
2020-0194,2021,NA,NA,NA,,,S_3345,Y,Crooked,18004100,NA,NA,EWM
2020-0212,2021,NA,NA,NA,,,S_1552,Y,Winona,85001100,NA,NA,CLP
2020-0212,2022,NA,NA,NA,,,S_1889,Y,Winona,85001100,NA,NA,CLP
2020-0277,2024,NA,NA,NA,,,S_2658,Y,Round,01020400,311.65,NA,CLP
2020-0762,2022,NA,NA,NA,,,S_1893,Y,French,66003800,379.03,NA,CLP
2020-0762,2023,NA,NA,NA,,,S_2255,Y,French,66003800,379.03,NA,CLP
2020-1274,2020,NA,NA,77,,,S_1241,Y,Washington,47004600,2318.68,0.0332,EWM
2020-2056,2023,NA,NA,NA,,,S_2259,Y,Minnetonka-Lower Lake,27013302,2059.41,NA,FR
2020-2448,2024,NA,NA,NA,,,S_2667,Y,Long,82011800,35.94,NA,EWM
2020-2570,2020,NA,NA,NA,,,S_3319,Y,Birch,71005700,118.4,NA,EWM
2020-2897,2020,NA,NA,NA,,,S_1254,Y,Carnelian,73003800,96.99,NA,SS
2020-2897,2021,NA,NA,NA,,,S_1566,Y,Carnelian,73003800,96.99,NA,SS
2020-2953,2020,NA,NA,NA,,,S_3321,Y,U.S. Lock & Dam #8 Pool (main channel),28000599,NA,NA,FR
2020-2953,2021,NA,NA,NA,,,S_3349,Y,U.S. Lock & Dam #8 Pool (main channel),28000599,NA,NA,FR
2020-2953,2023,NA,NA,NA,,,S_3411,Y,U.S. Lock & Dam #8 Pool (main channel),28000599,NA,NA,FR
2020-2953,2024,NA,NA,NA,,,S_2671,Y,U.S. Lock & Dam #8 Pool (main channel),28000599,NA,NA,FR
2020-2968,2025,NA,NA,NA,,,S_3456,Y,Foot,34018100,662.68,NA,PHR
2020-3061,2021,NA,NA,NA,,,S_1570,Y,Henjum,34031600,NA,NA,PHR
2020-3342,2023,NA,NA,15,diquat (gals),Diquat Dibromide,S_2269,Y,Florence,30003500,120.2,0.1248,CLP
2021-0100,2022,NA,NA,NA,,,S_1910,Y,Dean,86004100,126.94,NA,CLP
2021-0388,2022,NA,NA,NA,,,S_1915,Y,Minnie-Belle,47011900,175.76,NA,CLP
2021-0398,2021,NA,NA,NA,,,S_1585,Y,Becker,73015600,212.02,NA,CLP
2021-0398,2022,NA,NA,NA,,,S_1917,Y,Becker,73015600,212.02,NA,CLP
2021-0398,2023,NA,NA,NA,,,S_2276,Y,Becker,73015600,212.02,NA,CLP
2021-0398,2024,NA,NA,NA,,,S_2684,Y,Becker,73015600,212.02,NA,CLP
2021-0398,2025,NA,NA,NA,,,S_3091,Y,Becker,73015600,212.02,NA,CLP
2021-0437,2023,NA,NA,NA,,,S_2279,Y,Jennie,47001500,1064.03,NA,CLP
2021-0490,2021,NA,NA,NA,,,S_1597,Y,Libbs,27008500,NA,NA,"EWM, CLP"
2021-0490,2022,NA,NA,NA,,,S_1926,Y,Libbs,27008500,NA,NA,"EWM, CLP"
2021-0765,2021,NA,NA,NA,,,S_1598,Y,Green,30013600,357.1,NA,CLP
2021-1461,2021,NA,NA,NA,,,S_1602,Y,Bolfing,73008800,67.37,NA,CLP
2021-1461,2022,NA,NA,NA,,,S_1929,Y,Bolfing,73008800,67.37,NA,CLP
2021-1461,2023,NA,NA,NA,,,S_2286,Y,Bolfing,73008800,67.37,NA,CLP
2021-1468,2021,NA,NA,NA,,,S_1603,Y,Great Northern,73008300,185.35,NA,CLP
2021-1468,2022,NA,NA,NA,,,S_1930,Y,Great Northern,73008300,185.35,NA,CLP
2021-1468,2023,NA,NA,NA,,,S_2287,Y,Great Northern,73008300,185.35,NA,CLP
2021-1468,2024,NA,NA,NA,,,S_2692,Y,Great Northern,73008300,185.35,NA,CLP
2021-1471,2021,NA,NA,NA,,,S_1604,Y,Knaus,73008600,209.7,NA,CLP
2021-1471,2022,NA,NA,NA,,,S_1931,Y,Knaus,73008600,209.7,NA,CLP
2021-1475,2021,NA,NA,NA,,,S_1605,Y,Krays,73008700,86.94,NA,CLP
2021-1475,2022,NA,NA,NA,,,S_1932,Y,Krays,73008700,86.94,NA,CLP
2021-1475,2023,NA,NA,NA,,,S_2288,Y,Krays,73008700,86.94,NA,CLP
2021-2106,2021,NA,NA,NA,,,S_1609,Y,School Section,73003500,192.98,NA,EWM
2021-2116,2021,NA,NA,NA,,,S_1610,Y,Long,73013900,331.23,NA,CLP
2021-2116,2022,NA,NA,NA,,,S_1934,Y,Long,73013900,331.23,NA,CLP
2021-2116,2023,NA,NA,NA,,,S_2289,Y,Long,73013900,331.23,NA,CLP
2021-2116,2024,NA,NA,NA,,,S_2694,Y,Long,73013900,331.23,NA,CLP
2021-2116,2025,NA,NA,NA,,,S_3100,Y,Long,73013900,331.23,NA,CLP
2021-2371,2021,NA,NA,NA,,,S_1611,Y,Kohlman,62000600,82.9,NA,CLP
2021-2379,2021,NA,NA,NA,,,S_1612,Y,Keller (main bay),62001002,73.32,NA,CLP
2021-2381,2021,NA,NA,NA,,,S_1613,Y,Gervais,62000700,94.42,NA,CLP
2021-2381,2022,NA,NA,NA,,,S_1936,Y,Gervais,62000700,94.42,NA,CLP
2021-2619,2023,NA,NA,NA,,,S_2293,Y,Little Pelican,56076100,NA,NA,FR
2021-2743,2022,NA,NA,NA,,,S_3388,Y,DeMontreville,82010100,142.62,NA,PL
2021-2937,2023,NA,NA,NA,,,S_2294,Y,Belle Lake,47004901,376.55,NA,EWM
2021-3065,2021,NA,NA,NA,,,S_1618,Y,Leech,11020300,NA,NA,SS
2021-3065,2023,NA,NA,NA,,,S_2295,Y,Leech,11020300,NA,NA,SS
2021-3065,2024,NA,NA,NA,,,S_2697,Y,Leech,11020300,NA,NA,SS
2021-3092,2023,NA,NA,NA,,,S_2297,Y,Emily,40012400,219.86,NA,PHR
2021-3174,2025,NA,NA,NA,,,S_3103,Y,Pine Tree,82012200,164.12,NA,EWM
2021-3238,2021,NA,NA,NA,,,S_1623,Y,Swamp,86001400,NA,NA,PHR
2021-3238,2023,NA,NA,NA,,,S_2300,Y,Swamp,86001400,NA,NA,PHR
2021-3471,2022,NA,NA,NA,,,S_1946,Y,Clearwater,18003800,338.34,NA,EWM
2021-3486,2022,NA,NA,NA,,,S_1947,Y,Rollingstone Creek,M-026,NA,NA,PHR
2021-3872,2023,NA,NA,NA,,,S_2302,Y,Clear,81001401,563.67,NA,CLP
2021-3872,2024,NA,NA,NA,,,S_2701,Y,Clear,81001401,563.67,NA,CLP
2022-0106,2024,NA,NA,NA,,,S_2703,Y,Union,60021700,376.24,NA,CLP
2022-0108,2023,NA,NA,NA,,,S_2303,Y,School Section,73003500,192.98,NA,EWM
2022-0173,2025,NA,NA,NA,,,S_3106,Y,Kroon,13001300,140.32,NA,EWM
2022-0174,2025,NA,NA,NA,,,S_3107,Y,South Lindstrom,13002800,261.42,NA,EWM
2022-0175,2025,NA,NA,NA,,,S_3108,Y,Chisago,13001200,NA,NA,EWM
2022-0376,2022,NA,NA,NA,,,S_1971,Y,Sauk River,M-074,NA,NA,FR
2022-0377,2022,NA,NA,NA,,,S_1972,Y,Rice,73019600,832.55,NA,CLP
2022-0468,2023,NA,NA,NA,,,S_2324,Y,Alimagnet,19002100,NA,NA,EWM
2022-0911,2022,NA,NA,NA,,,S_1978,Y,Little Rock,05001300,1240.12,NA,CLP
2022-0911,2023,NA,NA,NA,,,S_2326,Y,Little Rock,05001300,1240.12,NA,CLP
2022-0911,2024,NA,NA,NA,,,S_2718,Y,Little Rock,05001300,1240.12,NA,CLP
2022-0911,2025,NA,NA,NA,,,S_3122,Y,Little Rock,05001300,1240.12,NA,CLP
2022-1999,2025,NA,NA,NA,,,S_3127,Y,North Lindstrom,13003500,61.92,NA,EWM
2022-2156,2022,NA,NA,NA,,,S_1986,Y,Birch,62002400,NA,NA,EWM
2022-2156,2024,NA,NA,NA,,,S_2727,Y,Birch,62002400,NA,NA,EWM
2022-2156,2025,NA,NA,NA,,,S_3128,Y,Birch,62002400,NA,NA,EWM
2022-2402,2022,NA,NA,NA,,,S_1987,Y,Pimushe,04003200,613.15,NA,SS
2022-2403,2022,NA,NA,NA,,,S_1988,Y,Wolf,04007900,318.1,NA,SS
2022-2404,2022,NA,NA,NA,,,S_1989,Y,Beltrami,04013500,405.49,NA,SS
2022-2405,2022,NA,NA,NA,,,S_1990,Y,Leech,11020300,NA,NA,SS
2022-2405,2023,NA,NA,NA,,,S_2333,Y,Leech,11020300,NA,NA,SS
2022-2405,2024,NA,NA,NA,,,S_2728,Y,Leech,11020300,NA,NA,SS
2022-2405,2025,NA,NA,NA,,,S_3130,Y,Leech,11020300,NA,NA,SS
2022-2426,2025,NA,NA,NA,,,S_3131,Y,Ramsey,86012000,155.23,NA,EWM
2022-2511,2023,NA,NA,NA,,,S_2337,Y,Mississippi River,M-B049,NA,NA,SS
2022-2511,2024,NA,NA,NA,,,S_2729,Y,Mississippi River,M-B049,NA,NA,SS
2022-2892,2025,NA,NA,NA,,,S_3135,Y,Little Hanging Horn,09003500,51.73,NA,EWM
2022-2981,2022,NA,NA,NA,,,S_2000,Y,Upper Sakatah,40000200,899.57,NA,EWM
2022-2983,2024,NA,NA,1.2166,navigate (lbs),"2,4-D",S_2733,Y,Kimball,18036100,46.27,0.0263,EWM
2022-2983,2025,NA,NA,0.739,sculpin (lbs),"2,4-D",S_3136,Y,Kimball,18036100,46.27,0.016,EWM
2022-3084,2025,NA,NA,NA,,,S_3464,Y,Slough,86007800,45.81,NA,PHR
2022-3350,2023,NA,NA,NA,,,S_2344,Y,Turtle River,04011100,717.67,NA,SS
2022-3350,2024,NA,NA,NA,,,S_2736,Y,Turtle River,04011100,717.67,NA,SS
2022-3351,2023,NA,NA,NA,,,S_2345,Y,Bemidji (main lake),04013002,1818.78,NA,SS
2022-3352,2023,NA,NA,NA,,,S_2346,Y,Beltrami,04013500,405.49,NA,SS
2022-3352,2025,NA,NA,NA,,,S_3138,Y,Beltrami,04013500,405.49,NA,SS
2023-0135,2023,NA,NA,NA,,,S_2351,Y,Bowen,11035000,51.06,NA,SS
2023-0135,2024,NA,NA,NA,,,S_2741,Y,Bowen,11035000,51.06,NA,SS
2023-0135,2025,NA,NA,NA,,,S_3141,Y,Bowen,11035000,51.06,NA,SS
2023-0167,2023,NA,NA,32,other (gals),Other,S_2352,Y,Jennie,47001500,1064.03,0.0301,CLP
2023-0389,2023,NA,NA,NA,,,S_2356,Y,Hunt,66004700,148.64,NA,CLP
2023-0515,2023,NA,NA,NA,,,S_2360,Y,Thunder,11006200,308.7,NA,SS
2023-0515,2024,NA,NA,NA,,,S_2748,Y,Thunder,11006200,308.7,NA,SS
2023-0515,2025,NA,NA,NA,,,S_3145,Y,Thunder,11006200,308.7,NA,SS
2023-0736,2023,NA,NA,NA,,,S_2364,Y,Zumwalde,73008900,118.62,NA,CLP
2023-1257,2023,NA,NA,NA,,,S_2370,Y,Como,62005500,65.65,NA,CLP
2023-1885,2023,NA,NA,NA,,,S_2374,Y,Wilmes,82009000,NA,NA,EWM
2023-1967,2023,NA,NA,NA,,,S_2376,Y,Pimushe,04003200,613.15,NA,SS
2023-1967,2024,NA,NA,NA,,,S_2756,Y,Pimushe,04003200,613.15,NA,SS
2023-1967,2025,NA,NA,NA,,,S_3153,Y,Pimushe,04003200,613.15,NA,SS
2023-1969,2023,NA,NA,NA,,,S_2377,Y,Wolf,04007900,318.1,NA,SS
2023-1969,2025,NA,NA,NA,,,S_3154,Y,Wolf,04007900,318.1,NA,SS
2023-2093,2024,NA,NA,NA,,,S_2758,Y,Augusta,86028400,60.94,NA,EWM
2023-2359,2023,NA,NA,NA,,,S_2382,Y,North Twin,04006300,138.86,NA,SS
2023-2739,2025,NA,NA,NA,,,S_3165,Y,Fredrickson Slough,71011000,NA,NA,EWM
2023-2777,2023,NA,NA,NA,,,S_2392,Y,Champlin Mill Pond,27006100,NA,NA,PHR
2023-2777,2025,NA,NA,NA,,,S_3465,Y,Champlin Mill Pond,27006100,NA,NA,PHR
2023-2780,2025,NA,NA,NA,,,S_3466,Y,Unnamed,62023700,NA,NA,PHR
2023-2786,2025,NA,NA,NA,,,S_3467,Y,Peterson Slough,13006000,NA,NA,PHR
2023-2792,2025,NA,NA,NA,,,S_3468,Y,Higgins,02000200,NA,NA,PHR
2023-2795,2025,NA,NA,NA,,,S_3469,Y,Unnamed,27108600,NA,NA,PHR
2024-0171,2024,NA,NA,NA,,,S_2776,Y,French,86027300,166.94,NA,CLP
2024-0428,2024,NA,NA,NA,,,S_2779,Y,Como,62005500,65.65,NA,CLP
2024-0501,2025,NA,NA,NA,,,S_3178,Y,Birch,86006600,49.87,NA,CLP
2024-0846,2025,NA,NA,11.3,flumioxazin (lbs),Flumioxazin,S_3181,Y,Maple,77018100,183.36,0.0616,CLP
2024-1090,2024,NA,NA,NA,,,S_3444,Y,North,25001704,NA,NA,FR
2024-1090,2025,NA,NA,NA,,,S_3470,Y,North,25001704,NA,NA,FR
2024-1122,2025,NA,NA,NA,,,S_3182,Y,Comfort,13005300,88.03,NA,CLP
2024-2138,2025,NA,NA,0.38,aquathol_super_k (lbs),Endothall,S_3187,Y,Deer,31071900,900.32,4e-4,CLP
2024-2849,2024,NA,NA,NA,,,S_2792,Y,Scalp,56035800,67.59,NA,YI
2024-2869,2024,NA,NA,NA,,,S_2793,Y,St. Louis River Estuary,69129100,NA,NA,EWM
2024-3002,2025,NA,NA,NA,,,S_3472,Y,Big Watab,73010200,57.18,NA,PHR
2024-3008,2025,NA,NA,NA,,,S_3473,Y,Round,13003800,NA,NA,PHR
2025-0815,2025,NA,NA,NA,,,S_3476,Y,St. Croix River,M-050,NA,NA,YI
2025-1191,2025,NA,NA,NA,,,S_3199,Y,Independence,27017600,424.77,NA,CLP
2025-1282,2025,NA,NA,NA,,,S_3201,Y,Round,01020400,311.65,NA,CLP
2025-1341,2025,NA,NA,46.56,aquathol_k (gals),Endothall,S_3202,Y,Fountain (West Bay),24001802,144.92,0.3213,CLP
2025-1342,2025,NA,NA,37.41,aquathol_k (gals),Endothall,S_3203,Y,Fountain (East Bay),24001801,252.16,0.1484,CLP
2025-1379,2025,NA,NA,NA,,,S_3205,Y,Clear,81001401,563.67,NA,CLP
2025-2399,2025,NA,NA,NA,,,S_3212,Y,Ballantyne,07005400,328.59,NA,EWM
2025-3099,2025,NA,NA,NA,,,S_3221,Y,Garfield,29006100,517.27,NA,SS
2025-3213,2025,NA,NA,NA,,,S_3488,Y,Green,13004100,NA,NA,PHR
2025-3215,2025,NA,NA,NA,,,S_3489,Y,Green,13004100,NA,NA,PHR
2025-3216,2025,NA,NA,NA,,,S_3490,Y,Chisago,13001200,NA,NA,PHR
2025-3221,2026,NA,NA,NA,,,S_3500,Y,South Center,13002700,544.51,NA,PHR
2025-3228,2025,NA,NA,NA,,,S_3496,Y,Wolf,17001300,NA,NA,PHR
2025-3229,2025,NA,NA,NA,,,S_3497,Y,Unnamed,27072100,NA,NA,PHR
2025-3231,2025,NA,NA,NA,,,S_3498,Y,Unnamed,70017700,NA,NA,PHR
2025-3233,2025,NA,NA,NA,,,S_3499,Y,Elmo,82010600,66.38,NA,PHR
2017-0038,2020,2020-05-27,2020-05-27,31.2,Aquathol K (gal),Endothall,P_1,Y,Knife,33002800,1259.21,0.0248,CLP
2017-0038,2021,2021-05-05,2021-05-05,24.28,Aquathol K (gal),Endothall,P_2,Y,Knife,33002800,1259.21,0.0193,CLP
2017-0038,2022,2023-05-23,2023-05-23,50.3,Aquathol K (gal),Endothall,P_3,Y,Knife,33002800,1259.21,0.0399,CLP
2017-0040,2025,2025-05-06,2025-05-06,14,FlumigardSC (gal),Flumioxazin,P_4,Y,Cedar Island,73013300,NA,NA,CLP
2017-0045,2020,2020-05-21,2020-05-21,5.4,Aquathol K (gal),Endothall,P_5,Y,Horseshoe,73015700,341.05,0.0158,CLP
2017-0047,2020,2020-05-21,2020-05-21,2,Aquathol K (gal),Endothall,P_6,Y,Long,73013900,331.23,0.006,CLP
2017-0109,2020,2020-05-14,2020-05-14,14.6,Aquathol K (gal),Endothall,P_7,Y,Upper Sakatah,40000200,899.57,0.0162,CLP
2017-0109,2021,2021-05-12,2021-05-12,21.2,Aquathol K (gal),Endothall,P_8,Y,Upper Sakatah,40000200,899.57,0.0236,CLP
2017-0109,2022,2022-05-20,2022-05-20,16.7,Aquathol K (gal),Endothall,P_9,Y,Upper Sakatah,40000200,899.57,0.0186,CLP
2017-0120,2020,2020-05-21,2020-05-21,4,Aquathol K (gal),Endothall,P_10,Y,Garfield,29006100,517.27,0.0077,"NA, NA"
2017-0121,2020,2020-05-21,2020-05-21,1,Aquathol K (gal),Endothall,P_11,Y,NA,NA,NA,NA,NA
2017-0122,2020,2020-05-21,2020-05-21,1.8,Aquathol K (gal),Endothall,P_12,Y,Minnetonka-Maxwell Bay,27013311,166.47,0.0108,UNKNOWN
2017-0123,2020,2020-05-21,2020-05-21,1.7,Aquathol K (gal),Endothall,P_13,Y,NA,NA,NA,NA,NA
2017-0125,2020,2020-05-21,2020-05-21,1.7,Aquathol K (gal),Endothall,P_14,Y,NA,NA,NA,NA,NA
2017-0365,2020,2020-05-06,2020-05-06,19,Aquathol K (gal),Endothall,P_15,Y,Long,47017700,787.03,0.0241,CLP
2017-0365,2021,2021-05-12,2021-05-12,18.5,Aquathol K (gal),Endothall,P_16,Y,Long,47017700,787.03,0.0235,CLP
2017-0365,2021,2021-05-12,2021-05-12,7,Tribune (gal),Diquat Dibromide,P_17,Y,Long,47017700,787.03,0.0089,CLP
2017-0365,2024,2024-05-08,2024-05-08,48.8,Tribune (gal),Diquat Dibromide,P_18,Y,Long,47017700,787.03,0.062,CLP
2017-0377,2022,2022-06-02,2022-06-02,5.8,Aquathol K (gal),Endothall,P_19,Y,Pelican,56078600,1608.25,0.0036,CLP
2017-0378,2022,2022-06-03,2022-06-03,8.4,Aquathol K (gal),Endothall,P_20,Y,Little Pelican,56076100,NA,NA,CLP
2017-0384,2020,2020-04-30,2020-04-30,117,Sonar A.S. (gal),Fluridone,P_21,Y,Josephine,62005700,78.88,1.4833,"CLP, EWM"
2017-0389,2021,2021-05-16,2021-05-16,66.2,Aquathol K (gal),Endothall,P_22,Y,Sarah,27019100,NA,NA,CLP
2017-0389,2021,2021-05-19,2021-05-23,29.05,Tribune (gal),Diquat Dibromide,P_23,Y,Sarah,27019100,NA,NA,CLP
2017-0389,2022,2022-05-26,2022-05-26,67.51,"Aquathol K (gal), Tribune (gal)","Endothall, Diquat Dibromide","P_24, P_25",Y,Sarah,27019100,NA,NA,CLP
2017-0389,2022,2022-05-26,2022-05-26,67.51,"Aquathol K (gal), Tribune (gal)","Endothall, Diquat Dibromide","P_24, P_25",Y,Sarah,27019100,NA,NA,CLP
2017-0389,2023,2023-05-23,2023-05-23,4.4,Tribune (gal),Diquat Dibromide,P_26,Y,Sarah,27019100,NA,NA,CLP
2017-0389,2025,2025-05-08,2025-05-08,26.7,FlumigardSC (gal),Flumioxazin,P_27,Y,Sarah,27019100,NA,NA,CLP
2017-039,2020,2020-05-21,2020-05-21,1.7,Aquathol K (gal),Endothall,P_28,Y,NA,NA,NA,NA,NA
2017-0407,2022,2022-05-17,2022-05-17,7.7,Tribune (gal),Diquat Dibromide,P_29,Y,Lucy,10000700,68.27,0.1128,CLP
2017-0417,2020,2020-06-03,2020-06-03,5,Tribune (gal),Diquat Dibromide,P_30,Y,Lower Prior,70002600,589.7,0.0085,EWM
2017-0417,2022,2022-06-10,2022-06-10,5,Tribune (gal),Diquat Dibromide,P_31,Y,Lower Prior,70002600,589.7,0.0085,EWM
2017-0417,2023,2023-06-19,2023-06-19,7.3999999999999995,Tribune (gal),Diquat Dibromide,P_32,Y,Lower Prior,70002600,589.7,0.0125,EWM
2017-0422,2020,2020-07-17,2020-07-17,15,"2,4-D Amine (gal)",NA,P_33,Y,Fish,27011800,80.41,0.1865,UNKNOWN
2017-0434,2020,2020-08-18,2020-08-18,27.63,"2,4-D Amine (gal)",NA,P_34,Y,Sturgeon,58006700,727.33,0.038,EWM
2017-0434,2020,2020-08-18,2020-08-18,8.43,ProcellaCOR EC (PDU),Florpyrauxifen-benzyl,P_35,Y,Sturgeon,58006700,727.33,0.0116,EWM
2017-0434,2022,2022-07-29,2022-07-29,42.69,ProcellaCOR EC (oz),Florpyrauxifen-benzyl,P_36,Y,Sturgeon,58006700,727.33,0.0587,EWM
2017-0434,2025,2025-08-20,2025-08-20,5.92,ProcellaCOR EC (oz),Florpyrauxifen-benzyl,P_37,Y,Sturgeon,58006700,727.33,0.0081,EWM
2017-0437,2020,2020-08-18,2020-08-18,10,ProcellaCOR EC (PDU),Florpyrauxifen-benzyl,P_38,Y,Sand,58008100,234.85,0.0426,EWM
2017-0437,2022,2022-07-29,2022-07-29,13.95,ProcellaCOR EC (PDU),Florpyrauxifen-benzyl,P_39,Y,Sand,58008100,234.85,0.0594,EWM
2017-0442,2020,2020-07-17,2020-07-17,1.6500000000000001,"2,4-D Amine (gal)",NA,P_40,Y,Big,71008200,116.41,0.0142,EWM
2017-0442,2023,2023-07-21,2023-07-21,4.5,ProcellaCOR EC (oz),Florpyrauxifen-benzyl,P_41,Y,Big,71008200,116.41,0.0387,EWM
2017-0445,2020,2020-07-17,2020-07-17,13.299999999999999,"2,4-D Amine (gal)",NA,P_42,Y,Mitchell,71008100,90.38,0.1472,EWM
2017-0447,2022,2024-05-23,2024-05-23,11.9,Aquathol K (gal),Endothall,P_43,Y,Ann,86019000,282.16,0.0422,CLP
2017-0447,2024,2024-05-14,2024-05-14,11.9,Aquathol K (gal),Endothall,P_44,Y,Ann,86019000,282.16,0.0422,CLP
2017-0511,2023,2023-05-09,2023-05-09,6.58,Aquathol K (gal),Endothall,P_45,Y,East Jefferson,40009201,331.52,0.0198,CLP
2017-0512,2021,2021-05-19,2021-05-19,29.9,Aquathol K (gal),Endothall,P_46,Y,Middle Jefferson,40009204,654.93,0.0457,CLP
2017-0512,2022,2022-05-18,2022-05-18,27.6,Aquathol K (gal),Endothall,P_47,Y,Middle Jefferson,40009204,654.93,0.0421,CLP
2017-0512,2024,2024-05-03,2024-05-03,18.689999999999998,Aquathol K (gal),Endothall,P_48,Y,Middle Jefferson,40009204,654.93,0.0285,CLP
2017-0513,2021,2021-05-19,2021-05-19,7.720000000000001,Aquathol K (gal),Endothall,P_49,Y,West Jefferson,40009202,348.68,0.0221,CLP
2017-0522,2020,2020-04-30,2020-04-30,9,Tribune (gal),Diquat Dibromide,P_50,Y,Hyland,27004800,83.91,0.1073,CLP
2017-0522,2021,2021-04-05,2021-04-05,84,Sonar A.S. (gal),Fluridone,P_51,Y,Hyland,27004800,83.91,1.0011,CLP
2017-0522,2024,2024-04-02,2024-04-02,37,Sonar A.S. (gal),Fluridone,P_52,Y,Hyland,27004800,83.91,0.4409,CLP
2017-0525,2023,2023-05-02,2023-05-02,157.06,Sonar A.S. (gal),Fluridone,P_53,Y,DeMontreville,82010100,142.62,1.1012,EWM
2017-0526,2021,2021-06-02,2021-06-02,9.2,Tribune (gal),Diquat Dibromide,P_54,Y,Olson,82010300,87.38,0.1053,EWM
2017-0533,2021,2021-05-26,2021-05-26,8.2,Aquathol K (gal),Endothall,P_55,Y,Detroit,03038100,1868.58,0.0044,CLP
2017-0534,2021,2021-05-26,2021-05-26,4.7,Aquathol K (gal),Endothall,P_56,Y,Sallie,03035900,576.81,0.0081,CLP
2017-0534,2021,2021-05-26,2021-05-26,7.6,Tribune (gal),Diquat Dibromide,P_57,Y,Sallie,03035900,576.81,0.0132,CLP
2017-0534,2022,2022-06-03,2022-06-03,7.6,Tribune (gal),Diquat Dibromide,P_58,Y,Sallie,03035900,576.81,0.0132,CLP
2017-0562,2022,2022-06-07,2022-06-07,132.6,Tribune (gal),Diquat Dibromide,P_59,Y,Cedar,70009100,792.5,0.1673,CLP
2017-0562,2023,2023-04-14,2023-04-14,793,Sonar A.S. (gal),Fluridone,P_60,Y,Cedar,70009100,792.5,1.0006,CLP
2017-0566,2021,2021-05-17,2021-05-17,16.5,Tribune (gal),Diquat Dibromide,P_61,Y,McMahon,70005000,162.26,0.1017,CLP
2017-0573,2021,2021-05-07,2021-05-07,35,Tribune (gal),Diquat Dibromide,P_62,Y,Rebecca,27019200,122.72,0.2852,"EWM, CLP"
2017-0582,2021,2021-05-24,2021-05-24,17.64,Tribune (gal),Diquat Dibromide,P_63,Y,O'Dowd,70009500,273.58,0.0645,CLP
2017-0600,2021,2021-07-16,2021-07-16,5.3,ProcellaCOR (oz),Florpyrauxifen-benzyl,P_64,Y,Fish,86018300,54.16,0.0979,EWM
2017-0600,2022,2022-09-28,2022-09-28,3.3,ProcellaCOR EC (oz),Florpyrauxifen-benzyl,P_65,Y,Fish,86018300,54.16,0.0609,EWM
2017-0600,2024,2024-07-12,2024-07-12,7.9,ProcellaCOR EC (oz),Florpyrauxifen-benzyl,P_66,Y,Fish,86018300,54.16,0.1459,EWM
2017-0620,2020,2020-05-19,2020-05-19,27.8,Aquathol K (gal),Endothall,P_67,Y,Quamba,33001500,226.37,0.1228,CLP
2017-0621,2020,2020-05-04,2020-05-04,40.9,Dibrox (gal),Diquat Dibromide,P_68,Y,Linwood,02002600,484.91,0.0843,CLP
2017-0621,2021,2021-05-05,2021-05-05,42.3,Dibrox (gal),Diquat Dibromide,P_69,Y,Linwood,02002600,484.91,0.0872,CLP
2017-0645,2021,2021-05-24,2021-05-24,7.42,Tribune (gal),Diquat Dibromide,P_70,Y,Thole,70012001,118.52,0.0626,CLP
2017-0653,2020,2020-07-20,2020-07-20,4.91,Dibrox (gal),Diquat Dibromide,P_71,Y,Long,62006700,117.29,0.0419,EWM
2017-0653,2025,2025-07-02,2025-07-02,8.79,ProcellaCOR EC (PDU),Florpyrauxifen-benzyl,P_72,Y,Long,62006700,117.29,0.0749,EWM
2017-0663,2022,2022-05-22,2022-05-22,5.12,Aquathol K (gal),Endothall,P_73,Y,Brooks,86026400,58.31,0.0878,CLP
2017-0663,2023,2022-05-15,2022-05-15,2,Aquathol K (gal),Endothall,P_74,Y,Brooks,86026400,58.31,0.0343,CLP
2017-0663,2024,2024-04-24,2024-04-24,7.12,Aquathol K (gal),Endothall,P_75,Y,Brooks,86026400,58.31,0.1221,CLP
2017-0666,2024,2024-05-30,2024-05-30,428.9,Sonar A.S. (gal),Fluridone,P_76,Y,Clear,82016300,270.31,1.5867,EWM
2017-0667,2020,2020-05-12,2020-05-12,5.31,Aquathol K (gal),Endothall,P_77,Y,Clear,82016300,270.31,0.0196,CLP
2017-0671,2020,2020-05-15,2020-05-15,24,Aquathol K (gal),Endothall,P_78,Y,Limestone,86016300,97.93,0.2451,CLP
2017-0671,2021,2021-05-05,2021-05-05,23.959999999999997,Aquathol K (gal),Endothall,P_79,Y,Limestone,86016300,97.93,0.2447,CLP
2017-0729,2020,2020-08-06,2020-08-06,9.72,Dibrox (gal),Diquat Dibromide,P_80,Y,Scandinavian,61004100,229.73,0.0423,EWM
2017-0729,2022,2022-07-15,2022-07-15,32.5,"2,4-D Amine (gal)",NA,P_81,Y,Scandinavian,61004100,229.73,0.1415,EWM
2017-0729,2025,2025-07-17,2025-07-17,42.5,"2,4-D Amine (gal)",NA,P_82,Y,Scandinavian,61004100,229.73,0.185,EWM
2017-0742,2020,2020-04-13,2020-04-13,405,Sonar A.S. (gal),Fluridone,P_83,Y,Diamond,27012500,405.02,1,CLP
2017-0742,2021,2021-04-07,2021-04-07,405,Sonar A.S. (gal),Fluridone,P_84,Y,Diamond,27012500,405.02,1,CLP
2017-0742,2022,2022-04-20,2022-04-20,405,Sonar A.S. (gal),Fluridone,P_85,Y,Diamond,27012500,405.02,1,CLP
2017-0742,2023,2023-05-15,2023-05-15,45.1,Tribune (gal),Diquat Dibromide,P_86,Y,Diamond,27012500,405.02,0.1114,CLP
2017-0742,2024,2024-04-24,2024-04-24,59.7,Tribune (gal),Diquat Dibromide,P_87,Y,Diamond,27012500,405.02,0.1474,CLP
2017-0743,2020,2020-05-27,2020-05-27,2.73,Aquathol K (gal),Endothall,P_88,Y,Gun,01009900,370.28,0.0074,CLP
2017-0753,2021,2021-05-07,2021-05-07,9.1,Dibrox (gal),Diquat Dibromide,P_89,Y,Mooney,27013400,NA,NA,CLP
2017-0820,2020,2020-05-19,2020-05-19,13.5,Tribune (gal),Diquat Dibromide,P_90,Y,Cedar,86022700,276.72,0.0488,CLP
2017-0823,2024,2024-08-26,2024-08-26,28.8,Platoon (gal),"2,4-D",P_91,Y,Linwood,02002600,484.91,0.0594,EWM
2017-0825,2020,2020-08-20,2020-08-20,6.82,"2,4-D Amine (gal)",NA,P_92,Y,Middle Spunk,73012800,79.01,0.0863,EWM
2017-0825,2021,2021-08-09,2021-08-09,1.23,Platoon (gal),"2,4-D",P_93,Y,Middle Spunk,73012800,79.01,0.0156,EWM
2017-0825,2022,2022-08-04,2022-08-04,18.3,"2,4-D Amine (gal)",NA,P_94,Y,Middle Spunk,73012800,79.01,0.2316,EWM
2017-0828,2020,2020-07-22,2020-07-22,17.2,ProcellaCOR EC (oz),Florpyrauxifen-benzyl,P_95,Y,Pulaski (main bay),86005302,138.77,0.1239,EWM
2017-0828,2021,2021-07-09,2021-07-09,16.7,ProcellaCOR EC (oz),Florpyrauxifen-benzyl,P_96,Y,Pulaski (main bay),86005302,138.77,0.1203,EWM
2017-0830,2021,2021-05-26,2021-05-26,1.17,Aquathol K (gal),Endothall,P_97,Y,Lewis,33003200,80.88,0.0145,CLP
2017-0830,2024,2025-04-29,2025-04-29,5.13,Propeller (lbs),NA,P_98,Y,Lewis,33003200,80.88,0.0634,CLP
2017-0857,2021,2021-05-06,2021-05-06,63.21,Tribune (gal),Diquat Dibromide,P_99,Y,Medicine,27010400,434.53,0.1455,CLP
2017-0857,2022,2022-05-16,2022-05-16,119.5,"Galleon SC (gal), Kammo Plus (gal), Tribune (gal)","Penoxsulam, Limonene, Diquat Dibromide","P_100, P_101, P_102",Y,Medicine,27010400,434.53,0.275,CLP
2017-0857,2022,2022-05-16,2022-05-16,119.5,"Galleon SC (gal), Kammo Plus (gal), Tribune (gal)","Penoxsulam, Limonene, Diquat Dibromide","P_100, P_101, P_102",Y,Medicine,27010400,434.53,0.275,CLP
2017-0857,2022,2022-05-16,2022-05-16,119.5,"Galleon SC (gal), Kammo Plus (gal), Tribune (gal)","Penoxsulam, Limonene, Diquat Dibromide","P_100, P_101, P_102",Y,Medicine,27010400,434.53,0.275,CLP
2017-0871,2020,2020-05-27,2020-05-27,2.5,Aquathol K (gal),Endothall,P_103,Y,Indian,86022300,57.13,0.0438,CLP
2017-0871,2021,2021-05-05,2021-05-05,4.6,Aquathol K (gal),Endothall,P_104,Y,Indian,86022300,57.13,0.0805,CLP
2017-0871,2022,2022-05-23,2022-05-23,2.73,Aquathol K (gal),Endothall,P_105,Y,Indian,86022300,57.13,0.0478,CLP
2017-0873,2020,2020-07-01,2020-07-01,8.5,"2,4-D Amine (gal)",NA,P_106,Y,Indian,86022300,57.13,0.1488,EWM
2017-0873,2022,2022-07-25,2022-07-25,5.75,"2,4-D Amine (gal)",NA,P_107,Y,Indian,86022300,57.13,0.1006,EWM
2017-0892,2022,2022-05-17,2022-05-17,14.39,Aquathol K (gal),Endothall,P_108,Y,Beebe,86002300,179.49,0.0802,CLP
2017-0892,2023,2023-05-07,2023-05-07,14.39,Aquathol K (gal),Endothall,P_109,Y,Beebe,86002300,179.49,0.0802,CLP
2017-0917,2020,2020-05-12,2020-05-12,59.309999999999995,Aquathol K (gal),Endothall,P_110,Y,Forest,82015900,1561.19,0.038,CLP
2017-0968,2021,2021-05-10,2021-05-10,5.1,Aquathol K (gal),Endothall,P_111,Y,Crystal,27003400,NA,NA,CLP
2017-0973,2020,2020-05-08,2020-05-08,5.18,Aquathol K (gal),Endothall,P_112,Y,Sebie,18016100,NA,NA,CLP
2017-1005,2021,2021-05-19,2021-05-19,7.8,Aquathol K (gal),Endothall,P_113,Y,Upper South Long,18009600,292.08,0.0267,CLP
2017-1005,2022,2022-06-01,2022-06-01,4.4,Aquathol K (gal),Endothall,P_114,Y,Upper South Long,18009600,292.08,0.0151,CLP
2017-1027,2020,2020-05-11,2020-05-11,46.9,Dibrox (gal),Diquat Dibromide,P_115,Y,George,02009100,383.26,0.1224,CLP
2017-1027,2021,2021-05-24,2021-05-24,28.330000000000002,Dibrox (gal),Diquat Dibromide,P_116,Y,George,02009100,383.26,0.0739,CLP
2017-1028,2022,2022-05-27,2022-05-27,37.65,Tribune (gal),Diquat Dibromide,P_117,Y,George,02009100,383.26,0.0982,EWM
2017-1028,2024,2024-05-20,2024-05-20,37.1,Dibrox (gal),Diquat Dibromide,P_118,Y,George,02009100,383.26,0.0968,EWM
2017-1028,2025,2025-05-14,2025-05-14,32.230000000000004,Diquat Herbicide (gal),Diquat Dibromide,P_119,Y,George,02009100,383.26,0.0841,EWM
2017-1032,2023,2023-06-28,2023-06-28,11,ProcellaCOR EC (oz),Florpyrauxifen-benzyl,P_120,Y,Charlotte,86001100,89.71,0.1226,EWM
2017-1034,2020,2020-07-09,2020-07-09,6.9,ProcellaCOR EC (oz),Florpyrauxifen-benzyl,P_121,Y,Granite,86021700,118.18,0.0584,EWM
2017-1034,2025,2025-09-22,2025-09-22,6.5,ProcellaCOR EC (oz),Florpyrauxifen-benzyl,P_122,Y,Granite,86021700,118.18,0.055,EWM
2017-1036,2022,2022-05-26,2022-05-26,14.3,Aquathol K (gal),Endothall,P_123,Y,Marie,73001400,124.97,0.1144,CLP
2017-1037,2020,2020-05-15,2020-05-15,4.8,Tribune (gal),Diquat Dibromide,P_124,Y,Minnetonka-Carsons Bay,27013303,78.86,0.0609,CLP
2017-1037,2021,2021-05-24,2021-05-24,14.1,Tribune (gal),Diquat Dibromide,P_125,Y,Minnetonka-Carsons Bay,27013303,78.86,0.1788,CLP
2017-1037,2022,2022-06-01,2022-06-01,23.4,Tribune (gal),Diquat Dibromide,P_126,Y,Minnetonka-Carsons Bay,27013303,78.86,0.2967,CLP
2017-1038,2020,2020-07-10,2020-07-10,4.95,"Kammo Plus (gal), ProcellaCOR EC (oz), Tribune (gal)","Limonene, Florpyrauxifen-benzyl, Diquat Dibromide","P_127, P_128, P_129",Y,Minnetonka-Carsons Bay,27013303,78.86,0.0628,EWM
2017-1038,2020,2020-07-10,2020-07-10,4.95,"Kammo Plus (gal), ProcellaCOR EC (oz), Tribune (gal)","Limonene, Florpyrauxifen-benzyl, Diquat Dibromide","P_127, P_128, P_129",Y,Minnetonka-Carsons Bay,27013303,78.86,0.0628,EWM
2017-1038,2020,2020-07-10,2020-07-10,4.95,"Kammo Plus (gal), ProcellaCOR EC (oz), Tribune (gal)","Limonene, Florpyrauxifen-benzyl, Diquat Dibromide","P_127, P_128, P_129",Y,Minnetonka-Carsons Bay,27013303,78.86,0.0628,EWM
2017-1038,2021,2021-06-29,2021-06-29,10.5,"ProcellaCOR (oz), Tribune (gal)","Florpyrauxifen-benzyl, Diquat Dibromide","P_130, P_131",Y,Minnetonka-Carsons Bay,27013303,78.86,0.1331,EWM
2017-1038,2021,2021-06-29,2021-06-29,10.5,"ProcellaCOR (oz), Tribune (gal)","Florpyrauxifen-benzyl, Diquat Dibromide","P_130, P_131",Y,Minnetonka-Carsons Bay,27013303,78.86,0.1331,EWM
2017-1038,2022,2022-08-09,2022-08-09,12,Tribune (gal),Diquat Dibromide,P_132,Y,Minnetonka-Carsons Bay,27013303,78.86,0.1522,EWM
2017-1038,2025,2025-04-29,2025-04-29,115,Sonar A.S. (gal),Fluridone,P_133,Y,Minnetonka-Carsons Bay,27013303,78.86,1.4583,EWM
2017-1039,2020,2020-07-08,2020-07-08,33.25,"ProcellaCOR EC (oz), Tribune (gal)","Florpyrauxifen-benzyl, Diquat Dibromide","P_134, P_135",Y,Minnetonka-Grays Bay,27013301,164.54,0.2021,EWM
2017-1039,2020,2020-07-08,2020-07-08,33.25,"ProcellaCOR EC (oz), Tribune (gal)","Florpyrauxifen-benzyl, Diquat Dibromide","P_134, P_135",Y,Minnetonka-Grays Bay,27013301,164.54,0.2021,EWM
2017-1039,2021,2021-06-29,2021-06-29,22.98,"ProcellaCOR (oz), Tribune (gal)","Florpyrauxifen-benzyl, Diquat Dibromide","P_136, P_137",Y,Minnetonka-Grays Bay,27013301,164.54,0.1397,EWM
2017-1039,2021,2021-06-29,2021-06-29,22.98,"ProcellaCOR (oz), Tribune (gal)","Florpyrauxifen-benzyl, Diquat Dibromide","P_136, P_137",Y,Minnetonka-Grays Bay,27013301,164.54,0.1397,EWM
2017-1041,2021,2021-06-18,2021-06-18,11.6,"ProcellaCOR EC (gal), Tribune (gal)","Florpyrauxifen-benzyl, Diquat Dibromide","P_138, P_139",Y,Minnetonka-Upper Lake,27013305,1699.3,0.0068,EWM
2017-1041,2021,2021-06-18,2021-06-18,11.6,"ProcellaCOR EC (gal), Tribune (gal)","Florpyrauxifen-benzyl, Diquat Dibromide","P_138, P_139",Y,Minnetonka-Upper Lake,27013305,1699.3,0.0068,EWM
2017-1041,2022,2022-07-01,2022-07-01,12,ProcellaCOR EC (oz),Florpyrauxifen-benzyl,P_140,Y,Minnetonka-Upper Lake,27013305,1699.3,0.0071,EWM
2017-1042,2020,2020-05-29,2020-05-29,12.7,Tribune (gal),Diquat Dibromide,P_141,Y,Minnetonka-St. Albans Bay,27013304,103.16,0.1231,CLP
2017-1042,2021,2021-05-26,2021-05-26,28.2,Tribune (gal),Diquat Dibromide,P_142,Y,Minnetonka-St. Albans Bay,27013304,103.16,0.2734,CLP
2017-1043,2020,2020-07-23,2020-07-23,3.84,"Kammo Plus (gal), ProcellaCOR EC (oz), Tribune (gal)","Limonene, Florpyrauxifen-benzyl, Diquat Dibromide","P_143, P_144, P_145",Y,Minnetonka-St. Albans Bay,27013304,103.16,0.0372,EWM
2017-1043,2020,2020-07-23,2020-07-23,3.84,"Kammo Plus (gal), ProcellaCOR EC (oz), Tribune (gal)","Limonene, Florpyrauxifen-benzyl, Diquat Dibromide","P_143, P_144, P_145",Y,Minnetonka-St. Albans Bay,27013304,103.16,0.0372,EWM
2017-1043,2020,2020-07-23,2020-07-23,3.84,"Kammo Plus (gal), ProcellaCOR EC (oz), Tribune (gal)","Limonene, Florpyrauxifen-benzyl, Diquat Dibromide","P_143, P_144, P_145",Y,Minnetonka-St. Albans Bay,27013304,103.16,0.0372,EWM
2017-1043,2022,2022-06-09,2022-06-09,100,Sonar A.S. (gal),Fluridone,P_146,Y,Minnetonka-St. Albans Bay,27013304,103.16,0.9694,EWM
2017-1043,2022,2022-05-11,2022-05-11,160,Sonar A.S. (gal),Fluridone,P_147,Y,Minnetonka-St. Albans Bay,27013304,103.16,1.551,EWM
2017-1043,2022,2022-07-13,2022-07-13,160,Sonar (gal),NA,P_148,Y,Minnetonka-St. Albans Bay,27013304,103.16,1.551,EWM
2017-1044,2020,2020-05-15,2020-05-15,47.7,Tribune (gal),Diquat Dibromide,P_149,Y,Minnetonka-North Arm,27013313,169.2,0.2819,CLP
2017-1044,2021,2021-05-26,2021-05-26,50.1,Tribune (gal),Diquat Dibromide,P_150,Y,Minnetonka-North Arm,27013313,169.2,0.2961,CLP
2017-1044,2025,2025-05-07,2025-05-07,53.62,Tribune (gal),Diquat Dibromide,P_151,Y,Minnetonka-North Arm,27013313,169.2,0.3169,CLP
2017-1047,2020,2020-06-11,2020-06-11,17,Tribune (gal),Diquat Dibromide,P_152,Y,Minnetonka-Crystal Bay,27013310,317.36,0.0536,EWM
2017-1047,2022,2022-07-26,2022-07-26,52.9,ProcellaCOR (oz),Florpyrauxifen-benzyl,P_153,Y,Minnetonka-Crystal Bay,27013310,317.36,0.1667,EWM
2017-1050,2020,2020-05-14,2020-05-14,1034,Sonar A.S. (gal),Fluridone,P_154,Y,Benton,41004300,2649.41,0.3903,CLP
2017-1050,2021,2021-04-14,2021-04-14,1034,Sonar A.S. (gal),Fluridone,P_155,Y,Benton,41004300,2649.41,0.3903,CLP
2017-1072,2020,2020-05-20,2020-05-20,43.2,Aquathol K (gal),Endothall,P_156,Y,Platte,18008800,1615.91,0.0267,CLP
2017-1072,2021,2021-05-21,2021-05-21,42.3,Aquathol K (gal),Endothall,P_157,Y,Platte,18008800,1615.91,0.0262,CLP
2017-1083,2021,2021-05-05,2021-05-05,9.2,Tribune (gal),Diquat Dibromide,P_158,Y,Coon,02004200,1331.96,0.0069,CLP
2017-1092,2021,2021-07-12,2021-07-12,22.83,"ProcellaCOR EC (oz), Tribune (gal)","Florpyrauxifen-benzyl, Diquat Dibromide","P_159, P_160",Y,Coon,02004200,1331.96,0.0171,EWM
2017-1092,2021,2021-07-12,2021-07-12,22.83,"ProcellaCOR EC (oz), Tribune (gal)","Florpyrauxifen-benzyl, Diquat Dibromide","P_159, P_160",Y,Coon,02004200,1331.96,0.0171,EWM
2017-1092,2022,2022-07-22,2022-07-22,40.3,ProcellaCOR EC (oz),Florpyrauxifen-benzyl,P_161,Y,Coon,02004200,1331.96,0.0303,EWM
2017-1097,2020,2020-05-19,2020-05-19,36.6,Dibrox (gal),Diquat Dibromide,P_162,Y,Minnewashta,10000900,337.89,0.1083,CLP
2017-1097,2021,2021-05-18,2021-05-18,41.1,Dibrox (gal),Diquat Dibromide,P_163,Y,Minnewashta,10000900,337.89,0.1216,CLP
2017-1154,2020,2020-05-04,2020-05-04,72.6,Diquat Herbicide (gal),Diquat Dibromide,P_164,Y,Bald Eagle,62000200,589.06,0.1232,CLP
2017-1154,2022,2023-05-16,2023-05-16,68.92999999999999,Tribune (gal),Diquat Dibromide,P_165,Y,Bald Eagle,62000200,589.06,0.117,CLP
2017-1210,2020,2020-07-16,2020-07-16,3.76,ProcellaCOR EC (oz),Florpyrauxifen-benzyl,P_166,Y,Big Marine,82005200,1180.44,0.0032,EWM
2017-1210,2022,2022-08-04,2022-08-04,5.18,"ProcellaCOR (oz), Tribune (gal)","Florpyrauxifen-benzyl, Diquat Dibromide","P_167, P_168",Y,Big Marine,82005200,1180.44,0.0044,EWM
2017-1210,2022,2022-08-04,2022-08-04,5.18,"ProcellaCOR (oz), Tribune (gal)","Florpyrauxifen-benzyl, Diquat Dibromide","P_167, P_168",Y,Big Marine,82005200,1180.44,0.0044,EWM
2017-1297,2021,2021-05-05,2021-05-05,10,Aquathol K (gal),Endothall,P_169,Y,Farquar,19002300,63.58,0.1573,CLP
2017-1297,2022,2022-05-10,2022-05-10,9.27,Aquathol K (gal),Endothall,P_170,Y,Farquar,19002300,63.58,0.1458,CLP
2017-1306,2020,2020-05-11,2020-05-11,24.5,Aquathol K (gal),Endothall,P_171,Y,Cedar,66005200,667.27,0.0367,CLP
2017-1306,2021,2021-05-12,2021-05-12,18.8,Aquathol K (gal),Endothall,P_172,Y,Cedar,66005200,667.27,0.0282,CLP
2017-1306,2022,2022-05-10,2022-05-10,35,Aquathol K (gal),Endothall,P_173,Y,Cedar,66005200,667.27,0.0525,CLP
2017-1306,2023,2023-05-11,2023-05-11,50,Aquathol K (gal),Endothall,P_174,Y,Cedar,66005200,667.27,0.0749,CLP
2017-1307,2020,2020-05-06,2020-05-06,24.2,Aquathol K (),Endothall,P_175,Y,Clear,81001401,563.67,0.0429,CLP
2017-1307,2020,2020-05-06,2020-05-06,5.8,Aquathol K (gal),Endothall,P_176,Y,Clear,81001401,563.67,0.0103,CLP
2017-1312,2022,2022-06-28,2022-06-28,31.1,Tribune (gal),Diquat Dibromide,P_177,Y,Sallie,03035900,576.81,0.053900000000000003,FR
2017-1313,2021,2021-06-28,2021-06-28,24,Tribune (gal),Diquat Dibromide,P_178,Y,Melissa,03047500,899.47,0.0267,FR
2017-1367,2023,2023-08-25,2023-08-25,3.06,Platoon (gal),"2,4-D",P_179,Y,East Lake Sylvia,86028900,209.54,0.0146,EWM
2017-1379,2022,2022-08-22,2022-08-22,44.4,"2,4-D Amine (gal)",NA,P_180,Y,Howard,86019900,317.59,0.1398,EWM
2017-1486,2020,2020-08-21,2020-08-21,18.14,"2,4-D Amine (gal)",NA,P_181,Y,Minnewaska,61013000,3290.84,0.0055,EWM
2017-1486,2021,2021-07-16,2021-07-16,16.74,"2,4-D Amine (gal)",NA,P_182,Y,Minnewaska,61013000,3290.84,0.0051,EWM
2017-1486,2022,2022-09-13,2022-09-13,5.27,"2,4-D Amine (gal)",NA,P_183,Y,Minnewaska,61013000,3290.84,0.0016,EWM
2017-1500,2022,2022-06-22,2022-06-22,37.099999999999994,"2,4-D Amine (gal)",NA,P_184,Y,Ballantyne,07005400,328.59,0.1129,EWM
2017-1500,2023,2023-06-27,2023-06-27,10.6,"2,4-D Amine (gal)",NA,P_185,Y,Ballantyne,07005400,328.59,0.0323,EWM
2017-1507,2020,2020-05-12,2020-05-12,10.1,Tribune (gal),Diquat Dibromide,P_186,Y,Maple,86013400,NA,NA,CLP
2017-1507,2021,2021-05-11,2021-05-11,10.1,Tribune (gal),Diquat Dibromide,P_187,Y,Maple,86013400,NA,NA,CLP
2017-1512,2020,2020-07-10,2020-07-10,11,ProcellaCOR EC (oz),Florpyrauxifen-benzyl,P_188,Y,Chub,09000800,172.92,0.0636,EWM
2017-1512,2021,2021-06-24,2021-06-24,13.2,ProcellaCOR (oz),Florpyrauxifen-benzyl,P_189,Y,Chub,09000800,172.92,0.0763,EWM
2017-1565,2021,2021-05-17,2021-05-17,16.46,Tribune (gal),Diquat Dibromide,P_190,Y,Marion,19002600,417.99,0.0394,CLP
2017-1707,2022,2022-05-19,2022-05-19,9.6,Aquathol K (gal),Endothall,P_191,Y,Mayo,18040800,156.39,0.0614,CLP
2017-1709,2020,2020-05-12,2020-05-12,5.140000000000001,Aquathol K (gal),Endothall,P_192,Y,Bone,82005400,119.4,0.043,CLP
2017-1709,2021,2021-05-26,2021-05-26,4.38,Aquathol K (gal),Endothall,P_193,Y,Bone,82005400,119.4,0.0367,CLP
2017-1779,2023,2023-05-30,2023-05-30,42.6,Aquathol K (gal),Endothall,P_194,Y,Smith,21001600,363.97,0.117,CLP
2017-1825,2020,2020-05-15,2020-05-15,58.74,Aquathol K (gal),Endothall,P_195,Y,Tetonka,40003100,551.22,0.1066,CLP
2017-1825,2021,2021-05-18,2021-05-18,58.74,Aquathol K (gal),Endothall,P_196,Y,Tetonka,40003100,551.22,0.1066,CLP
2017-1826,2025,2025-05-05,2025-05-05,5.5,FlumigardSC (gal),Flumioxazin,P_197,Y,Grave,18011000,NA,NA,CLP
2017-1827,2022,2023-05-15,2023-05-15,19.9,Aquathol K (gal),Endothall,P_198,Y,Crow Wing,18015500,202.02,0.0985,CLP
2017-1881,2020,2020-05-15,2020-05-15,27.3,Tribune (gal),Diquat Dibromide,P_199,Y,Minnetonka-Upper Lake,27013305,1699.3,0.0161,CLP
2017-1881,2022,2022-06-01,2022-06-01,25,Tribune (gal),Diquat Dibromide,P_200,Y,Minnetonka-Upper Lake,27013305,1699.3,0.0147,CLP
2017-1978,2020,2020-09-18,2020-09-18,6.71,ProcellaCOR EC (oz),Florpyrauxifen-benzyl,P_201,Y,Jane,82010400,109.71,0.0612,EWM
2017-1982,2020,2020-05-29,2020-05-29,6.52,Tribune (gal),Diquat Dibromide,P_202,Y,Silver,62000100,71.82,0.0908,"EWM, CLP"
2017-1984,2024,2024-10-09,2024-10-09,4.41,Platoon (gal),"2,4-D",P_203,Y,Unnamed,29055400,NA,NA,NA
2017-1985,2020,2020-06-22,2020-06-22,16.415,"2,4-D Amine (gal)",NA,P_204,Y,Bay,18003400,878.98,0.0187,EWM
2017-1985,2021,2021-10-11,2021-10-12,83.34,"2,4-D Amine (gal)",NA,P_205,Y,Bay,18003400,878.98,0.0948,EWM
2017-1985,2021,2021-10-11,2021-10-11,6.5,Dibrox (gal),Diquat Dibromide,P_206,Y,Bay,18003400,878.98,0.0074,EWM
2017-1985,2021,2021-06-22,2021-06-22,7.288,Platoon (gal),"2,4-D",P_207,Y,Bay,18003400,878.98,0.0083,EWM
2017-1985,2022,2022-06-27,2022-06-27,7.2219999999999995,"2,4-D Amine (gal)",NA,P_208,Y,Bay,18003400,878.98,0.0082,EWM
2017-1985,2024,2024-10-08,2024-10-09,33.68,Platoon (gal),"2,4-D",P_209,Y,Bay,18003400,878.98,0.0383,EWM
2017-2060,2023,2023-07-21,2023-07-21,1.7,Cutrine-Plus (gal),NA,P_210,Y,West Lake Sylvia,86027900,297.1,0.0057,SS
2017-2067,2022,2022-06-22,2022-06-22,12,ProcellaCOR EC (oz),Florpyrauxifen-benzyl,P_211,Y,Elmo,82010600,66.38,0.1808,EWM
2017-2067,2023,2023-06-16,2023-06-16,12,ProcellaCOR EC (oz),Florpyrauxifen-benzyl,P_212,Y,Elmo,82010600,66.38,0.1808,EWM
2017-2184,2020,2020-05-13,2020-05-13,5.9,Tribune (gal),Diquat Dibromide,P_213,Y,Crooked,02008400,84.02,0.0702,CLP
2017-2184,2021,2021-05-18,2021-05-18,1.9,Tribune (gal),Diquat Dibromide,P_214,Y,Crooked,02008400,84.02,0.0226,CLP
2017-2726,2021,2021-06-22,2021-06-22,29.08,Tribune (gal),Diquat Dibromide,P_215,Y,Sarah,27019100,NA,NA,EWM
2017-2726,2022,2022-07-01,2022-07-01,8.76,Tribune (gal),Diquat Dibromide,P_216,Y,Sarah,27019100,NA,NA,EWM
2017-2726,2023,2023-10-02,2023-10-02,23.12,ProcellaCOR EC (oz),Florpyrauxifen-benzyl,P_217,Y,Sarah,27019100,NA,NA,EWM
2017-2726,2023,2023-06-23,2023-06-23,2.8,Tribune (gal),Diquat Dibromide,P_218,Y,Sarah,27019100,NA,NA,EWM
2017-2765,2021,2021-06-08,2021-06-08,21.2,"2,4-D Amine (gal)",NA,P_219,Y,Rays,40005600,151.1,0.1403,EWM
2017-2771,2020,2020-07-08,2020-07-08,1,"Kammo Plus (gal), Tribune (gal)","Limonene, Diquat Dibromide","P_220, P_221",Y,Minnetonka-Grays Bay,27013301,164.54,0.0061,EWM
2017-2771,2020,2020-07-08,2020-07-08,1,"Kammo Plus (gal), Tribune (gal)","Limonene, Diquat Dibromide","P_220, P_221",Y,Minnetonka-Grays Bay,27013301,164.54,0.0061,EWM
2017-2870,2021,2021-07-15,2021-07-15,26.669999999999998,Triclopyr 3 (gal),Triclopyr,P_222,Y,White Bear,82016700,1334.41,0.02,EWM
2017-2870,2021,2021-07-15,2021-07-15,23.85,Weedar 64 (gal),"2,4-D",P_223,Y,White Bear,82016700,1334.41,0.0179,EWM
2017-2870,2022,2022-07-13,2022-07-13,32.7,Triclopyr 3 (gal),Triclopyr,P_224,Y,White Bear,82016700,1334.41,0.0245,EWM
2017-3015,2020,2020-09-09,2020-09-09,0.76,ProcellaCOR EC (oz),Florpyrauxifen-benzyl,P_225,Y,Bear,09003400,70.07,0.0108,EWM
2017-3315,2020,2020-07-02,2020-07-02,16.6,"ProcellaCOR (gal), Tribune (gal)","Florpyrauxifen-benzyl, Diquat Dibromide","P_226, P_227",Y,Turtle,62006100,284.18,0.0584,EWM
2017-3315,2020,2020-07-02,2020-07-02,16.6,"ProcellaCOR (gal), Tribune (gal)","Florpyrauxifen-benzyl, Diquat Dibromide","P_226, P_227",Y,Turtle,62006100,284.18,0.0584,EWM
2017-3315,2021,2021-06-30,2021-06-30,29.85,"ProcellaCOR (oz), Tribune (gal)","Florpyrauxifen-benzyl, Diquat Dibromide","P_228, P_229",Y,Turtle,62006100,284.18,0.105,EWM
2017-3315,2021,2021-06-30,2021-06-30,29.85,"ProcellaCOR (oz), Tribune (gal)","Florpyrauxifen-benzyl, Diquat Dibromide","P_228, P_229",Y,Turtle,62006100,284.18,0.105,EWM
2017-3315,2022,2022-06-28,2022-06-28,42.6,"ProcellaCOR (oz), Tribune (gal)","Florpyrauxifen-benzyl, Diquat Dibromide","P_230, P_231",Y,Turtle,62006100,284.18,0.1499,EWM
2017-3315,2022,2022-06-28,2022-06-28,42.6,"ProcellaCOR (oz), Tribune (gal)","Florpyrauxifen-benzyl, Diquat Dibromide","P_230, P_231",Y,Turtle,62006100,284.18,0.1499,EWM
2017-3409,2020,2020-08-06,2020-08-06,5.91,Tribune (gal),Diquat Dibromide,P_232,Y,Forest,82015900,1561.19,0.0038,FR
2017-365,2022,2022-05-22,2022-05-22,43.62,Tribune (gal),Diquat Dibromide,P_233,Y,NA,NA,NA,NA,NA
2017-459,2020,2020-07-01,2020-07-01,6,"2,4-D Amine (gal)",NA,P_234,Y,NA,NA,NA,NA,NA
2018-0004,2021,2021-08-05,2021-08-05,4.6,"ProcellaCOR (oz), Tribune (gal)","Florpyrauxifen-benzyl, Diquat Dibromide","P_235, P_236",Y,Roosevelt,11004300,302.23,0.0152,EWM
2018-0004,2021,2021-08-05,2021-08-05,4.6,"ProcellaCOR (oz), Tribune (gal)","Florpyrauxifen-benzyl, Diquat Dibromide","P_235, P_236",Y,Roosevelt,11004300,302.23,0.0152,EWM
2018-0035,2021,2021-08-04,2021-08-04,0.27,ProcellaCOR (oz),Florpyrauxifen-benzyl,P_237,Y,Girl,11017400,265.94,0.001,EWM
2018-0093,2021,2021-05-11,2021-05-11,28.4,Tribune (gal),Diquat Dibromide,P_238,Y,Two Rivers,73013800,221.09,0.1285,CLP
2018-0093,2022,2022-05-25,2022-05-25,7.8,Tribune (gal),Diquat Dibromide,P_239,Y,Two Rivers,73013800,221.09,0.0353,CLP
2018-0117,2022,2022-05-10,2022-05-10,12.799999999999999,Aquathol K (gal),Endothall,P_240,Y,Winsted,43001200,382.44,0.0335,CLP
2018-0118,2020,2020-05-05,2020-05-05,35.2,Aquathol K (gal),Endothall,P_241,Y,Pearl,73003700,558.63,0.063,CLP
2018-0118,2025,2025-05-14,2025-05-14,39.58,Diquat Herbicide (gal),Diquat Dibromide,P_242,Y,Pearl,73003700,558.63,0.0709,CLP
2018-0126,2020,2020-05-22,2020-05-22,18.580000000000002,Aquathol K (gal),Endothall,P_243,Y,North Center,13003200,NA,NA,CLP
2018-0127,2020,2020-07-09,2020-07-09,9.42,"2,4-D Amine (gal)",NA,P_244,Y,North Center,13003200,NA,NA,EWM
2018-0129,2020,2020-05-22,2020-05-22,14.16,Aquathol K (gal),Endothall,P_245,Y,South Center,13002700,544.51,0.026,CLP
2018-0175,2020,2020-07-31,2020-07-31,3.6,ProcellaCOR EC (oz),Florpyrauxifen-benzyl,P_246,Y,Ruth,18021200,207.08,0.0174,EWM
2018-0175,2022,2022-10-04,2022-10-04,11.9,ProcellaCOR EC (oz),Florpyrauxifen-benzyl,P_247,Y,Ruth,18021200,207.08,0.0575,EWM
2018-0180,2020,2020-09-10,2020-09-10,2.24,Dibrox (gal),Diquat Dibromide,P_248,Y,Clearwater,86025200,NA,NA,EWM
2018-0180,2021,2021-08-23,2021-08-23,5.27,Dibrox (gal),Diquat Dibromide,P_249,Y,Clearwater,86025200,NA,NA,EWM
2018-0182,2024,2024-07-08,2024-07-10,138.10999999999999,Mizzen (gal),NA,P_250,Y,Koronis (main lake),73020002,1146.64,0.1204,SS
2018-0187,2020,2020-05-26,2020-05-26,8,Aquathol K (gal),Endothall,P_251,Y,Latimer,77010500,83.07,0.0963,CLP
2018-0241,2020,2020-05-26,2020-05-26,7.4,Aquathol K (gal),Endothall,P_252,Y,Margaret,11022200,170.02,0.0435,CLP
2018-0244,2022,2022-08-04,2022-08-04,4.5,ProcellaCOR EC (oz),Florpyrauxifen-benzyl,P_253,Y,Upper Mission,18024200,285.46,0.0158,CLP
2018-0247,2022,2022-08-04,2022-08-04,4.5,ProcellaCOR EC (oz),Florpyrauxifen-benzyl,P_254,Y,Upper Mission,18024200,285.46,0.0158,EWM
2018-0293,2020,2020-05-05,2020-05-05,36.35,Aquathol K (gal),Endothall,P_255,Y,Fannie,30004300,268.23,0.1355,CLP
2018-0293,2021,2021-05-07,2021-05-07,27.599999999999998,Aquathol K (gal),Endothall,P_256,Y,Fannie,30004300,268.23,0.1029,CLP
2018-0293,2022,2022-05-24,2022-05-24,13.3,Aquathol K (gal),Endothall,P_257,Y,Fannie,30004300,268.23,0.0496,CLP
2018-0293,2022,2022-05-24,2022-05-24,6.6,Tribune (gal),Diquat Dibromide,P_258,Y,Fannie,30004300,268.23,0.0246,CLP
2018-0293,2024,2024-05-09,2024-05-09,18.96,Flumioxazin 51WDG Prime (),Flumioxazin,P_259,Y,Fannie,30004300,268.23,0.0707,CLP
2018-0293,2025,2025-05-12,2025-05-12,38.15,Flumioxazin 51WDG Prime (),Flumioxazin,P_260,Y,Fannie,30004300,268.23,0.1422,CLP
2018-0294,2020,2020-05-28,2020-05-28,9.15,Diquat SPC 2 L (),Diquat Dibromide,P_261,Y,Upper Twin,27004201,123.5,0.0741,CLP
2018-0332,2021,2021-08-26,2021-08-26,2.07,"ProcellaCOR EC (oz), Tribune (gal)","Florpyrauxifen-benzyl, Diquat Dibromide","P_262, P_263",Y,Bad Axe,29020800,NA,NA,EWM
2018-0332,2021,2021-08-26,2021-08-26,2.07,"ProcellaCOR EC (oz), Tribune (gal)","Florpyrauxifen-benzyl, Diquat Dibromide","P_262, P_263",Y,Bad Axe,29020800,NA,NA,EWM
2018-0332,2025,2025-07-24,2025-07-24,2,ProcellaCOR EC (oz),Florpyrauxifen-benzyl,P_264,Y,Bad Axe,29020800,NA,NA,EWM
2018-0333,2021,2021-07-27,2021-07-27,11.2,ProcellaCOR (oz),Florpyrauxifen-benzyl,P_265,Y,French,86027300,166.94,0.0671,EWM
2018-0333,2023,2023-09-26,2023-09-26,7.8,ProcellaCOR (oz),Florpyrauxifen-benzyl,P_266,Y,French,86027300,166.94,0.0467,EWM
2018-0334,2021,2021-05-24,2021-05-24,18.7,Aquathol K (gal),Endothall,P_267,Y,Ida,21012300,1751.07,0.0107,CLP
2018-0334,2022,2022-06-03,2022-06-03,13.8,Aquathol K (gal),Endothall,P_268,Y,Ida,21012300,1751.07,0.0079,CLP
2018-0334,2024,2024-05-23,2024-05-23,12.7,Semera (lbs),Flumioxazin,P_269,Y,Ida,21012300,1751.07,0.0073,CLP
2018-0371,2025,2025-05-08,2025-05-08,16.45,FlumigardSC (oz),Flumioxazin,P_270,Y,Alexander,49007900,843.85,0.0195,CLP
2018-0395,2020,2020-05-04,2020-05-04,7.9,Aquathol K (gal),Endothall,P_271,Y,Limestone,86016300,97.93,0.0807,CLP
2018-0395,2021,2021-05-01,2021-05-01,7.9,Aquathol K (gal),Endothall,P_272,Y,Limestone,86016300,97.93,0.0807,CLP
2018-0395,2022,2022-05-23,2022-05-23,7.9,Aquathol K (gal),Endothall,P_273,Y,Limestone,86016300,97.93,0.0807,CLP
2018-0408,2020,2020-05-22,2020-05-22,1.9,Aquathol K (gal),Endothall,P_274,Y,Serpent,18009000,301.12,0.0063,CLP
2018-0408,2021,2021-05-17,2021-05-17,5,Aquathol K (gal),Endothall,P_275,Y,Serpent,18009000,301.12,0.0166,CLP
2018-0408,2022,2022-06-01,2022-06-01,13.7,Aquathol K (gal),Endothall,P_276,Y,Serpent,18009000,301.12,0.0455,CLP
2018-0543,2020,2020-05-21,2020-05-21,9.24,Aquathol K (gal),Endothall,P_277,Y,Fish Trap,49013700,357.29,0.0259,CLP
2018-0543,2022,2022-06-06,2022-06-06,40.5,Aquathol K (gal),Endothall,P_278,Y,Fish Trap,49013700,357.29,0.1134,CLP
2018-0543,2024,2024-05-08,2024-05-08,39,Aquathol K (gal),Endothall,P_279,Y,Fish Trap,49013700,357.29,0.1092,CLP
2018-0544,2020,2020-05-12,2020-05-12,15,Tribune (gal),Diquat Dibromide,P_280,Y,Pleasant,86025100,291.24,0.0515,CLP
2018-0611,2022,2023-05-30,2023-05-30,65,Aquathol K (gal),Endothall,P_281,Y,Big Pine,56013000,2375.96,0.0274,CLP
2018-0668,2020,2020-05-22,2020-05-22,32.3,Aquathol K (gal),Endothall,P_282,Y,Grand,73005500,233.22,0.1385,CLP
2018-0668,2021,2021-05-07,2021-05-07,32.410000000000004,Aquathol K (gal),Endothall,P_283,Y,Grand,73005500,233.22,0.139,CLP
2018-0668,2023,2023-05-20,2023-05-20,29.9,Aquathol K (gal),Endothall,P_284,Y,Grand,73005500,233.22,0.1282,CLP
2018-0668,2024,2024-04-24,2024-04-24,33,Aquathol K (gal),Endothall,P_285,Y,Grand,73005500,233.22,0.1415,CLP
2018-0670,2020,2020-05-15,2020-05-15,32,Aquathol K (gal),Endothall,P_286,Y,Briggs,71014600,219.68,0.1457,CLP
2018-0670,2021,2021-05-05,2021-05-05,32.25,Aquathol K (gal),Endothall,P_287,Y,Briggs,71014600,219.68,0.1468,CLP
2018-0670,2023,2023-05-23,2023-05-23,25.3,Aquathol K (gal),Endothall,P_288,Y,Briggs,71014600,219.68,0.1152,CLP
2018-0670,2025,2025-04-30,2025-04-30,27.8,FlumigardSC (gal),Flumioxazin,P_289,Y,Briggs,71014600,219.68,0.1265,CLP
2018-0672,2020,2020-05-15,2020-05-15,8,Aquathol K (gal),Endothall,P_290,Y,Julia,71014500,151.82,0.0527,CLP
2018-0672,2021,2021-05-05,2021-05-05,10.5,Aquathol K (gal),Endothall,P_291,Y,Julia,71014500,151.82,0.0692,CLP
2018-0672,2022,2022-05-26,2022-05-26,3.7,Aquathol K (gal),Endothall,P_292,Y,Julia,71014500,151.82,0.0244,CLP
2018-0728,2022,2022-06-03,2022-06-03,30.87,Aquathol K (gal),Endothall,P_293,Y,Orono,71001300,246.64,0.1252,CLP
2018-0728,2022,2023-05-24,2023-05-25,30.87,Flumigard SC (gal),NA,P_294,Y,Orono,71001300,246.64,0.1252,CLP
2018-0750,2022,2022-05-23,2022-05-23,7.6,Tribune (gal),Diquat Dibromide,"P_295, P_296",Y,Cedar,86022700,276.72,0.0275,CLP
2018-0750,2022,2022-05-23,2022-05-23,7.6,Tribune (gal),Diquat Dibromide,"P_295, P_296",Y,Cedar,86022700,276.72,0.0275,CLP
2018-0787,2020,2020-05-04,2020-05-04,20,Aquathol K (gal),Endothall,P_297,Y,Roberds,66001800,486.89,0.0411,CLP
2018-0787,2022,2022-05-23,2022-05-23,20,Aquathol K (gal),Endothall,P_298,Y,Roberds,66001800,486.89,0.0411,CLP
2018-0833,2024,2024-05-05,2024-05-05,11,Aquathol K (gal),Endothall,P_299,Y,Ann,33004000,591.81,0.0186,CLP
2018-0834,2021,2021-05-17,2021-05-17,9.7,Aquathol K (gal),Endothall,P_300,Y,North Long,18037200,4018.38,0.0024,CLP
2018-0849,2020,2020-05-22,2020-05-22,18,"Cygnet Plus (gal), Tribune (gal)","Limonene, Diquat Dibromide","P_301, P_302",Y,North Brown's,73014700,124.49,0.1446,CLP
2018-0849,2020,2020-05-22,2020-05-22,18,"Cygnet Plus (gal), Tribune (gal)","Limonene, Diquat Dibromide","P_301, P_302",Y,North Brown's,73014700,124.49,0.1446,CLP
2018-0849,2021,2021-05-24,2021-05-24,18,Aquathol K (gal),Endothall,P_303,Y,North Brown's,73014700,124.49,0.1446,CLP
2018-0881,2020,2020-05-26,2020-05-26,12.2,Aquathol K (gal),Endothall,P_304,Y,Norway,11030700,514.88,0.0237,CLP
2018-0881,2021,2021-05-27,2021-05-27,7.1,Aquathol K (gal),Endothall,P_305,Y,Norway,11030700,514.88,0.0138,CLP
2018-0898,2020,2020-05-22,2020-05-22,15.760000000000002,Aquathol K (gal),Endothall,P_306,Y,Blue,30010700,NA,NA,CLP
2018-0898,2021,2021-05-17,2021-05-17,16,Diquat Herbicide (gal),Diquat Dibromide,P_307,Y,Blue,30010700,NA,NA,CLP
2018-0898,2023,2023-05-23,2023-05-23,16,Tribune (gal),Diquat Dibromide,P_308,Y,Blue,30010700,NA,NA,CLP
2018-0910,2024,2024-04-29,2024-04-29,8.2,Tribune (gal),Diquat Dibromide,P_309,Y,Constance,86005100,86.43,0.0949,CLP
2018-0912,2020,2020-05-20,2020-05-20,6.06,Aquathol K (gal),Endothall,P_310,Y,Bass,86023400,95.96,0.0632,CLP
2018-0912,2021,2021-05-19,2021-05-19,11.4,Aquathol K (gal),Endothall,P_311,Y,Bass,86023400,95.96,0.1188,CLP
2018-0912,2022,2022-05-19,2022-05-19,2.5,Aquathol K (gal),Endothall,P_312,Y,Bass,86023400,95.96,0.0261,CLP
2018-1014,2020,2020-05-06,2020-05-06,23.7,Dibrox (gal),Diquat Dibromide,P_313,Y,Duck,07005300,247.13,0.0959,CLP
2018-1015,2020,2020-05-20,2020-05-20,50.5,Dibrox (gal),Diquat Dibromide,P_314,Y,Green,30013600,357.1,0.1414,CLP
2018-1016,2021,2021-05-05,2021-05-05,7.8,Aquathol K (gal),Endothall,P_315,Y,Long,30007200,381.58,0.0204,CLP
2018-1041,2020,2020-07-15,2020-07-15,6.65,"ProcellaCOR EC (oz), Tribune (gal)","Florpyrauxifen-benzyl, Diquat Dibromide","P_316, P_317",Y,Medicine,27010400,434.53,0.0153,UNKNOWN
2018-1041,2020,2020-07-15,2020-07-15,6.65,"ProcellaCOR EC (oz), Tribune (gal)","Florpyrauxifen-benzyl, Diquat Dibromide","P_316, P_317",Y,Medicine,27010400,434.53,0.0153,UNKNOWN
2018-1044,2021,2021-05-05,2021-05-05,24.689999999999998,Aquathol K (gal),Endothall,P_318,Y,West Rush,13006902,902.79,0.0273,CLP
2018-1045,2020,2020-05-12,2020-05-12,39.58,Aquathol K (gal),Endothall,P_319,Y,East Rush,13006901,1136.44,0.0348,CLP
2018-1045,2021,2021-05-05,2021-05-05,24.53,Aquathol K (gal),Endothall,P_320,Y,East Rush,13006901,1136.44,0.0216,CLP
2018-1045,2023,2023-05-31,2023-05-31,37.95,Semera (lbs?),Flumioxazin,P_321,Y,East Rush,13006901,1136.44,0.0334,CLP
2018-1087,2021,2021-05-28,2021-05-28,30,Aquathol K (gal),Endothall,P_322,Y,Upper Cormorant,03058800,522.84,0.0574,CLP
2018-1097,2021,2021-05-06,2021-05-06,1,Aquathol K (gal),Endothall,P_323,Y,Big Watab,73010200,57.18,0.0175,CLP
2018-1132,2022,2022-05-23,2022-05-23,11,Aquathol K (gal),Endothall,P_324,Y,Chisago,13001200,NA,NA,CLP
2018-1159,2020,2020-05-27,2020-05-27,16,Aquathol K (gal),Endothall,P_325,Y,Fish,33003600,505.76,0.0316,CLP
2018-1159,2021,2021-05-12,2021-05-12,23,Aquathol K (gal),Endothall,P_326,Y,Fish,33003600,505.76,0.0455,CLP
2018-1159,2023,2023-05-21,2023-05-21,17.2,Aquathol K (gal),Endothall,P_327,Y,Fish,33003600,505.76,0.034,CLP
2018-1159,2024,2024-05-05,2024-05-05,16,Aquathol K (gal),Endothall,P_328,Y,Fish,33003600,505.76,0.0316,CLP
2018-1228,2020,2020-05-16,2020-05-16,46.5,Aquathol K (gal),Endothall,P_329,Y,Eagle,71006700,319.49,0.1455,CLP
2018-1380,2022,2022-07-16,2022-07-16,3.7,Tribune (gal),Diquat Dibromide,P_330,Y,Beebe,86002300,179.49,0.0206,EWM
2018-1459,2023,2023-07-06,2023-07-07,51.1,"2,4-D Amine ()",NA,P_331,Y,Goose,13008300,NA,NA,EWM
2018-1459,2024,2024-07-08,2024-07-08,51.1,"2,4-D Amine (gal)",NA,P_332,Y,Goose,13008300,NA,NA,EWM
2018-1459,2025,2025-07-10,2025-07-10,51.1,Weedar 64 (),"2,4-D",P_333,Y,Goose,13008300,NA,NA,EWM
2018-1512,2020,2020-05-19,2020-05-19,9.9,Tribune (gal),Diquat Dibromide,P_334,Y,Weaver,27011700,73.24,0.1352,CLP
2018-1512,2022,2022-06-01,2022-06-01,10.1,"Aquathol K (gal), Tribune (gal)","Endothall, Diquat Dibromide","P_335, P_336",Y,Weaver,27011700,73.24,0.1379,CLP
2018-1512,2022,2022-06-01,2022-06-01,10.1,"Aquathol K (gal), Tribune (gal)","Endothall, Diquat Dibromide","P_335, P_336",Y,Weaver,27011700,73.24,0.1379,CLP
2018-1664,2020,2020-05-19,2020-05-19,1.3,Aquathol K (gal),Endothall,P_337,Y,West Lake Sylvia,86027900,297.1,0.0044,CLP
2018-1664,2023,2023-05-26,2023-05-26,3.5700000000000003,Aquathol K (gal),Endothall,P_338,Y,West Lake Sylvia,86027900,297.1,0.012,CLP
2018-1864,2021,2021-05-26,2021-05-26,8.9,Tribune (gal),Diquat Dibromide,P_339,Y,Muskrat,03036000,64.18,0.1387,CLP
2018-2165,2023,2023-08-25,2023-08-25,1.79,Platoon (gal),"2,4-D",P_340,Y,West Lake Sylvia,86027900,297.1,0.006,EWM
2018-2174,2020,2020-06-23,2020-06-23,23.5,ProcellaCOR EC (oz),Florpyrauxifen-benzyl,P_341,Y,Maple,86013400,NA,NA,EWM
2018-2174,2021,2021-07-20,2021-07-20,38.9,ProcellaCOR EC (oz),Florpyrauxifen-benzyl,P_342,Y,Maple,86013400,NA,NA,EWM
2018-2398,2022,2022-08-25,2022-08-25,1, (),NA,P_343,Y,Town Line,11019000,697.66,0.0014,EWM
2018-2661,2021,2021-09-22,2021-09-22,14,"ProcellaCOR (oz), Tribune (gal)","Florpyrauxifen-benzyl, Diquat Dibromide","P_344, P_345",Y,Shamineau,49012700,630.54,0.0222,EWM
2018-2661,2021,2021-09-22,2021-09-22,14,"ProcellaCOR (oz), Tribune (gal)","Florpyrauxifen-benzyl, Diquat Dibromide","P_344, P_345",Y,Shamineau,49012700,630.54,0.0222,EWM
2018-2938,2020,2020-07-09,2020-07-09,0.1,"Cide-Kick 2.5 Gal (gal), Tribune  (gal)","Limonene, NA","P_346, P_347",Y,Granite,86021700,118.18,8e-4,FR
2018-2938,2020,2020-07-09,2020-07-09,0.1,"Cide-Kick 2.5 Gal (gal), Tribune  (gal)","Limonene, NA","P_346, P_347",Y,Granite,86021700,118.18,8e-4,FR
2018-3528,2021,2021-09-27,2021-09-27,11.3,"ProcellaCOR (oz), Tribune (gal)","Florpyrauxifen-benzyl, Diquat Dibromide","P_348, P_349",Y,Crooked,02008400,84.02,0.1345,EWM
2018-3528,2021,2021-09-27,2021-09-27,11.3,"ProcellaCOR (oz), Tribune (gal)","Florpyrauxifen-benzyl, Diquat Dibromide","P_348, P_349",Y,Crooked,02008400,84.02,0.1345,EWM
2018-3528,2024,2024-04-11,2024-04-11,115,Sonar A.S. (gal),Fluridone,P_350,Y,Crooked,02008400,84.02,1.3687,EWM
2019-0017,2020,2020-10-02,2020-10-02,11.3,ProcellaCOR EC (oz),Florpyrauxifen-benzyl,P_351,Y,Emily,18020300,720.62,0.0157,EWM
2019-0018,2020,2020-10-02,2020-10-02,4.3,ProcellaCOR (oz),Florpyrauxifen-benzyl,P_352,Y,Mary,18018500,139.41,0.0308,EWM
2019-0027,2020,2020-05-06,2020-05-06,80.7,Aquathol K (gal),Endothall,P_353,Y,Washington,40011700,1131.37,0.0713,CLP
2019-0027,2021,2021-05-11,2021-05-11,80.7,Aquathol K (gal),Endothall,P_354,Y,Washington,40011700,1131.37,0.0713,CLP
2019-0039,2020,2020-07-10,2020-07-10,3.1,ProcellaCOR EC (oz),Florpyrauxifen-benzyl,P_355,Y,Henderson,34011600,31.49,0.0984,EWM
2019-0258,2020,2020-05-26,2020-05-26,17.5,Aquathol K (gal),Endothall,P_356,Y,South Lida,56074702,321.03,0.0545,CLP
2019-0258,2021,2021-06-03,2021-06-03,13,Aquathol K (gal),Endothall,P_357,Y,South Lida,56074702,321.03,0.0405,CLP
2019-0258,2022,2022-06-02,2022-06-02,5.5,Aquathol K (gal),Endothall,P_358,Y,South Lida,56074702,321.03,0.0171,CLP
2019-0258,2025,2025-05-22,2025-05-22,22.4,FlumigardSC (gal),Flumioxazin,P_359,Y,South Lida,56074702,321.03,0.0698,CLP
2019-0627,2020,2020-10-08,2020-10-08,0.86,ProcellaCOR EC (oz),Florpyrauxifen-benzyl,P_360,Y,Crookneck,49013300,144.83,0.0059,EWM
2019-0859,2022,2023-05-15,2023-05-15,39.7,Aquathol K (gal),Endothall,P_361,Y,Francis,30008000,270.42,0.1468,CLP
2019-0880,2020,2020-04-14,2020-04-14,145,Sonar A.S. (gal),Fluridone,P_362,Y,Cleary,70002200,144.74,1.0018,CLP
2019-0880,2021,2021-04-07,2021-04-07,145,Sonar A.S. (gal),Fluridone,P_363,Y,Cleary,70002200,144.74,1.0018,CLP
2019-0880,2022,2022-04-20,2022-04-20,145,Sonar A.S. (gal),Fluridone,P_364,Y,Cleary,70002200,144.74,1.0018,CLP
2019-1039,2021,2021-05-26,2021-05-26,6,Tribune (gal),Diquat Dibromide,P_365,Y,Long,56078400,287.04,0.0209,CLP
2019-1061,2022,2022-05-19,2022-05-19,7.28,Tribune (gal),Diquat Dibromide,P_366,Y,Upper Prior,70007200,310.51,0.0234,CLP
2019-1068,2024,2024-04-30,2024-04-30,5.5,Aquathol K (gal),Endothall,P_367,Y,Green Prairie Fish,49003500,92.99,0.0591,CLP
2019-1068,2025,2025-05-08,2025-05-08,5.8100000000000005,FlumigardSC (oz),Flumioxazin,P_368,Y,Green Prairie Fish,49003500,92.99,0.0625,CLP
2019-1137,2021,2021-05-25,2021-05-25,14,Tribune (gal),Diquat Dibromide,P_369,Y,Rogers,19008000,102.34,0.1368,CLP
2019-1303,2020,2020-05-22,2020-05-22,3.54,Aquathol K (gal),Endothall,P_370,Y,Shields,82016200,25.53,0.1387,CLP
2019-1303,2021,2021-05-26,2021-05-26,3.18,Aquathol K (gal),Endothall,P_371,Y,Shields,82016200,25.53,0.1246,CLP
2019-1303,2022,2022-05-27,2022-05-27,3.27,Aquathol K (gal),Endothall,P_372,Y,Shields,82016200,25.53,0.1281,CLP
2019-1328,2020,2020-05-21,2020-05-21,8.32,"ProcellaCOR EC (gal), Tribune (gal)","Florpyrauxifen-benzyl, Diquat Dibromide","P_373, P_374",Y,Long,82011800,35.94,0.2315,EWM
2019-1328,2020,2020-05-21,2020-05-21,8.32,"ProcellaCOR EC (gal), Tribune (gal)","Florpyrauxifen-benzyl, Diquat Dibromide","P_373, P_374",Y,Long,82011800,35.94,0.2315,EWM
2019-1460,2020,2020-05-22,2020-05-22,3.11,Aquathol K (gal),Endothall,P_375,Y,Moody,13002300,NA,NA,CLP
2019-1475,2022,2023-05-15,2023-05-15,2.5,Semera (lbs),Flumioxazin,P_376,Y,Long,49001500,68.59,0.0364,CLP
2019-1554,2022,2022-05-24,2022-05-24,10,Galleon SC (qt),Penoxsulam,P_377,Y,Josephine,62005700,78.88,0.1268,CLP
2019-1554,2024,2024-04-15,2024-04-15,8.15,Flumigard SC (oz),NA,P_378,Y,Josephine,62005700,78.88,0.1033,CLP
2019-1617,2020,2020-05-15,2020-05-15,18.9,Tribune (gal),Diquat Dibromide,P_379,Y,Minnetonka-Lower Lake,27013302,2059.41,0.0092,CLP
2019-1617,2020,2020-07-10,2020-07-10,3.49,"Kammo Plus (gal), ProcellaCOR EC (oz), Tribune (gal)","Limonene, Florpyrauxifen-benzyl, Diquat Dibromide","P_380, P_381, P_382",Y,Minnetonka-Lower Lake,27013302,2059.41,0.0017,CLP
2019-1617,2020,2020-07-10,2020-07-10,3.49,"Kammo Plus (gal), ProcellaCOR EC (oz), Tribune (gal)","Limonene, Florpyrauxifen-benzyl, Diquat Dibromide","P_380, P_381, P_382",Y,Minnetonka-Lower Lake,27013302,2059.41,0.0017,CLP
2019-1617,2020,2020-07-10,2020-07-10,3.49,"Kammo Plus (gal), ProcellaCOR EC (oz), Tribune (gal)","Limonene, Florpyrauxifen-benzyl, Diquat Dibromide","P_380, P_381, P_382",Y,Minnetonka-Lower Lake,27013302,2059.41,0.0017,CLP
2019-1617,2025,2025-05-06,2025-05-06,45.9,Tribune (gal),Diquat Dibromide,P_383,Y,Minnetonka-Lower Lake,27013302,2059.41,0.0223,CLP
2019-1846,2021,2021-05-26,2021-05-26,7.9,Aquathol K (gal),Endothall,P_384,Y,Curfman,03036300,NA,NA,CLP
2019-1846,2022,2022-06-03,2022-06-03,7.2,Aquathol K (gal),Endothall,P_385,Y,Curfman,03036300,NA,NA,CLP
2019-2082,2022,2022-06-22,2022-06-22,218,Sonar A.S. (gal),Fluridone,P_386,Y,Comfort,13005300,88.03,2.4764,EWM
2019-2082,2022,2022-07-28,2022-07-28,218,Sonar A.S. (oz),Fluridone,P_387,Y,Comfort,13005300,88.03,2.4764,EWM
2019-2135,2020,2020-05-26,2020-05-26,4.7,Aquathol K (gal),Endothall,P_388,Y,Upper South Long,18009600,292.08,0.0161,EWM
2019-2135,2020,2020-07-22,2020-07-22,8.3,Aquathol K (oz),Endothall,P_389,Y,Upper South Long,18009600,292.08,0.0284,EWM
2019-2135,2022,2022-10-04,2022-10-04,1.9,ProcellaCOR EC (oz),Florpyrauxifen-benzyl,P_390,Y,Upper South Long,18009600,292.08,0.0065,EWM
2019-2394,2020,2020-08-04,2020-08-04,9.9,"2,4-D Amine (gal)",NA,P_391,Y,Waverly,86011400,146.75,0.0675,EWM
2019-2394,2021,2021-08-13,2021-08-13,13.200000000000001,Platoon (gal),"2,4-D",P_392,Y,Waverly,86011400,146.75,0.0899,EWM
2019-2512,2022,2022-07-27,2022-07-27,10,ProcellaCOR EC (PDU),Florpyrauxifen-benzyl,P_393,Y,Erie,47006400,115.68,0.0864,EWM
2019-2512,2022,2023-06-29,2023-06-29,6.7,ProcellaCOR EC (oz),Florpyrauxifen-benzyl,P_394,Y,Erie,47006400,115.68,0.0579,EWM
2019-3016,2021,2021-08-25,2021-08-25,3.08,"ProcellaCOR EC (oz), Tribune (gal)","Florpyrauxifen-benzyl, Diquat Dibromide","P_395, P_396",Y,Frances,40005700,568.07,0.0054,EWM
2019-3016,2021,2021-08-25,2021-08-25,3.08,"ProcellaCOR EC (oz), Tribune (gal)","Florpyrauxifen-benzyl, Diquat Dibromide","P_395, P_396",Y,Frances,40005700,568.07,0.0054,EWM
2019-3016,2023,2023-08-24,2023-08-24,11,"2,4-D Amine (gal)",NA,P_397,Y,Frances,40005700,568.07,0.0194,EWM
2019-3106,2022,2022-08-04,2022-08-04,3.1,ProcellaCOR EC (gal),Florpyrauxifen-benzyl,P_398,Y,White Sand,18037900,282.54,0.011,EWM
2019-3248,2020,2020-08-10,2020-08-10,3.2,"2,4-D Amine (gal)",NA,P_399,Y,Fannie,30004300,268.23,0.0119,EWM
2019-3431,2020,2020-05-15,2020-05-15,9,Aquathol K (gal),Endothall,P_400,Y,Darling,21008000,553.89,0.0162,CLP
2019-3431,2022,2022-06-03,2022-06-03,26,Tribune (gal),Diquat Dibromide,P_401,Y,Darling,21008000,553.89,0.0469,CLP
2020-0043,2020,2020-05-13,2020-05-13,29.11,Tribune (gal),Diquat Dibromide,P_402,Y,Coon,02004200,1331.96,0.0219,CLP
2020-0043,2021,2021-05-05,2021-05-05,26.2,Tribune (gal),Diquat Dibromide,P_403,Y,Coon,02004200,1331.96,0.0197,CLP
2020-0108,2020,2020-06-02,2020-06-02,18,Aquathol K (),Endothall,P_404,Y,Jennie,47001500,1064.03,0.0169,CLP
2020-0120,2024,2024-04-30,2024-04-30,11,Schooner 51.0% WDG (lbs),NA,P_405,Y,Knaus,73008600,209.7,0.0525,CLP
2020-0139,2020,2020-05-19,2020-05-19,22.05,Aquathol K (gal),Endothall,P_406,Y,Lower Cullen,18040300,201.25,0.1096,CLP
2020-0139,2025,2025-05-14,2025-05-14,8.6,FlumigardSC (gal),Flumioxazin,P_407,Y,Lower Cullen,18040300,201.25,0.0427,CLP
2020-0140,2020,2020-05-18,2020-05-19,9.37,Aquathol K (gal),Endothall,P_408,Y,Middle Cullen,18037700,137.49,0.0682,CLP
2020-0140,2020,2020-05-19,2020-05-19,3.8,Aquathol Super K (lbs),Endothall,P_409,Y,Middle Cullen,18037700,137.49,0.0276,CLP
2020-0140,2021,2021-05-19,2021-05-19,5.5,Aquathol K (gal),Endothall,P_410,Y,Middle Cullen,18037700,137.49,0.04,CLP
2020-0140,2025,2025-05-14,2025-05-14,3.6,FlumigardSC (gal),Flumioxazin,P_411,Y,Middle Cullen,18037700,137.49,0.0262,CLP
2020-0141,2020,2020-05-18,2020-05-18,10.81,Aquathol K (gal),Endothall,P_412,Y,Upper Cullen,18037600,232.78,0.0464,CLP
2020-0141,2021,2021-05-19,2021-05-19,7.7,Aquathol K (gal),Endothall,P_413,Y,Upper Cullen,18037600,232.78,0.0331,CLP
2020-0141,2022,2022-05-26,2022-05-26,12.8,Aquathol K (gal),Endothall,P_414,Y,Upper Cullen,18037600,232.78,0.055,CLP
2020-0141,2025,2025-05-14,2025-05-14,8.6,FlumigardSC (gal),Flumioxazin,P_415,Y,Upper Cullen,18037600,232.78,0.0369,CLP
2020-0145,2022,2022-10-26,2022-10-26,5,Tribune (),Diquat Dibromide,P_416,Y,Keller (main bay),62001002,73.32,0.0682,CLP
2020-0145,2022,2022-06-07,2022-06-07,6.9,Tribune (gal),Diquat Dibromide,P_417,Y,Keller (main bay),62001002,73.32,0.0941,CLP
2020-0147,2022,2022-06-07,2022-06-07,5.8,Tribune (gal),Diquat Dibromide,P_418,Y,Gervais,62000700,94.42,0.0614,CLP
2020-0148,2022,2022-10-26,2022-10-26,5.3,Tribune (),Diquat Dibromide,P_419,Y,Kohlman,62000600,82.9,0.0639,CLP
2020-0148,2022,2022-06-07,2022-06-07,10.6,Tribune (gal),Diquat Dibromide,P_420,Y,Kohlman,62000600,82.9,0.1279,CLP
2020-0172,2020,2020-05-15,2020-05-15,27.3,Aquathol K (gal),Endothall,P_421,Y,Clearwater,86025200,NA,NA,CLP
2020-0172,2021,2021-05-12,2021-05-12,23.509999999999998,Aquathol K (gal),Endothall,P_422,Y,Clearwater,86025200,NA,NA,CLP
2020-0177,2020,2020-10-07,2020-10-07,36.4,ProcellaCOR EC (PDU),Florpyrauxifen-benzyl,P_423,Y,Clearwater,18003800,338.34,0.1076,EWM
2020-0177,2021,2021-09-30,2021-09-30,0.54,"ProcellaCOR EC (oz), Tribune (gal)","Florpyrauxifen-benzyl, Diquat Dibromide","P_424, P_425",Y,Clearwater,18003800,338.34,0.0016,EWM
2020-0177,2021,2021-09-30,2021-09-30,0.54,"ProcellaCOR EC (oz), Tribune (gal)","Florpyrauxifen-benzyl, Diquat Dibromide","P_424, P_425",Y,Clearwater,18003800,338.34,0.0016,EWM
2020-0181,2020,2020-05-19,2020-05-19,23,Dibrox (gal),Diquat Dibromide,P_426,Y,Rice,02000800,371.22,0.062,CLP
2020-0181,2021,2021-05-10,2021-05-10,23,Dibrox (gal),Diquat Dibromide,P_427,Y,Rice,02000800,371.22,0.062,CLP
2020-0181,2022,2022-05-27,2022-05-27,28.7,Tribune (gal),Diquat Dibromide,P_428,Y,Rice,02000800,371.22,0.0773,CLP
2020-0185,2020,2020-05-21,2020-05-21,7,Aquathol K (gal),Endothall,P_429,Y,South Long,18013600,451.45,0.0155,CLP
2020-0185,2021,2021-05-22,2021-05-22,28,Aquathol K (gal),Endothall,P_430,Y,South Long,18013600,451.45,0.062,CLP
2020-0191,2025,2025-05-09,2025-05-09,30,Diquat Herbicide (gal),Diquat Dibromide,P_431,Y,NA,NA,NA,NA,NA
2020-0208,2020,2020-09-18,2020-09-18,10,"2,4-D Amine (gal)",NA,P_432,Y,McKinney,31037000,NA,NA,EWM
2020-0208,2022,2022-09-12,2022-09-12,14.63,Captain (gal),Copper Complex,P_433,Y,McKinney,31037000,NA,NA,EWM
2020-0211,2020,2020-07-13,2020-07-13,21.29,"Kammo Plus (gal), Tribune (gal)","Limonene, Diquat Dibromide","P_434, P_435",Y,Minnetonka-Upper Lake,27013305,1699.3,0.0125,EWM
2020-0211,2020,2020-07-13,2020-07-13,21.29,"Kammo Plus (gal), Tribune (gal)","Limonene, Diquat Dibromide","P_434, P_435",Y,Minnetonka-Upper Lake,27013305,1699.3,0.0125,EWM
2020-0211,2021,2021-06-26,2021-06-26,1.4,"ProcellaCOR EC (gal), Tribune (gal)","Florpyrauxifen-benzyl, Diquat Dibromide","P_436, P_438",Y,Minnetonka-Upper Lake,27013305,1699.3,8e-4,EWM
2020-0211,2021,2021-07-16,2021-07-16,10.6,ProcellaCOR EC (oz),Florpyrauxifen-benzyl,P_437,Y,Minnetonka-Upper Lake,27013305,1699.3,0.0062,EWM
2020-0211,2021,2021-06-26,2021-06-26,1.4,"ProcellaCOR EC (gal), Tribune (gal)","Florpyrauxifen-benzyl, Diquat Dibromide","P_436, P_438",Y,Minnetonka-Upper Lake,27013305,1699.3,8e-4,EWM
2020-0211,2022,2022-07-25,2022-07-25,4,"ProcellaCOR EC (oz), Tribune (gal)","Florpyrauxifen-benzyl, Diquat Dibromide","P_439, P_440",Y,Minnetonka-Upper Lake,27013305,1699.3,0.0024,EWM
2020-0211,2022,2022-07-25,2022-07-25,4,"ProcellaCOR EC (oz), Tribune (gal)","Florpyrauxifen-benzyl, Diquat Dibromide","P_439, P_440",Y,Minnetonka-Upper Lake,27013305,1699.3,0.0024,EWM
2020-0212,2020,2020-05-27,2020-05-27,11.85,Aquathol K (gal),Endothall,P_441,Y,Winona,85001100,NA,NA,CLP
2020-0903,2021,2021-05-12,2021-05-12,40.64,Tribune (gal),Diquat Dibromide,P_442,Y,Centerville,02000600,288.64,0.1408,CLP
2020-0903,2022,2022-05-17,2022-05-17,40.76,Diquat Herbicide (gal),Diquat Dibromide,P_443,Y,Centerville,02000600,288.64,0.1412,CLP
2020-0903,2022,2023-05-16,2023-05-16,40.81,Tribune (gal),Diquat Dibromide,P_444,Y,Centerville,02000600,288.64,0.1414,CLP
2020-0903,2024,2024-04-15,2024-04-15,42.489999999999995,Diquat Herbicide (gal),Diquat Dibromide,P_445,Y,Centerville,02000600,288.64,0.1472,CLP
2020-0924,2025,2025-05-13,2025-05-13,2.7,FlumigardSC (gal),Flumioxazin,P_446,Y,Little Birch,77008900,271.94,0.0099,CLP
2020-1556,2021,2021-05-13,2021-05-13,24.9,Tribune (gal),Diquat Dibromide,P_447,Y,Oak,10009300,360.47,0.0691,"CLP, EWM"
2020-1556,2025,2025-04-16,2025-04-16,360,Sonar A.S. (gal),Fluridone,P_448,Y,Oak,10009300,360.47,0.9987,"CLP, EWM"
2020-2645,2020,2020-08-20,2020-08-20,9.9,"2,4-D Amine (gal)",NA,P_449,Y,Lower Spunk,73012300,129.34,0.0765,EWM
2020-2645,2021,2021-08-09,2021-08-09,5.18,Platoon (gal),"2,4-D",P_450,Y,Lower Spunk,73012300,129.34,0.04,EWM
2020-3342,2021,2021-05-06,2021-05-06,15.6,Dibrox (gal),Diquat Dibromide,P_451,Y,Florence,30003500,120.2,0.1298,CLP
2020-3342,2022,2022-05-23,2022-05-23,15,Tribune (gal),Diquat Dibromide,P_452,Y,Florence,30003500,120.2,0.1248,CLP
2020-3343,2021,2021-05-06,2021-05-06,4.59,Dibrox (gal),Diquat Dibromide,P_453,Y,Elms,30003600,40.8,0.1125,CLP
2020-3343,2024,2024-04-29,2024-04-29,5,Diquat Herbicide (gal),Diquat Dibromide,P_454,Y,Elms,30003600,40.8,0.1225,CLP
2021-0006,2022,2022-05-24,2022-05-24,164,Galleon SC (gal),Penoxsulam,P_455,Y,Irene,21007600,240.38,0.6823,CLP
2021-0081,2022,2022-05-17,2022-05-17,10.64,Aquathol K (gal),Endothall,P_456,Y,Wilhelm,86002000,106.73,0.0997,CLP
2021-0100,2021,2021-04-28,2021-04-28,9.6,Aquathol K (gal),Endothall,P_457,Y,Dean,86004100,126.94,0.0756,CLP
2021-0100,2021,2021-05-02,2021-05-02,6,Tribune (gal),Diquat Dibromide,P_458,Y,Dean,86004100,126.94,0.0473,CLP
2021-0311,2021,2021-05-05,2021-05-05,8.4,Aquathol K (gal),Endothall,P_459,Y,Allie,65000600,509.12,0.0165,CLP
2021-0312,2021,2021-05-05,2021-05-05,13,Aquathol K (gal),Endothall,P_460,Y,Preston,65000200,660.85,0.0197,CLP
2021-0312,2022,2022-05-23,2022-05-23,8,Aquathol K (gal),Endothall,P_461,Y,Preston,65000200,660.85,0.0121,CLP
2021-0371,2021,2021-07-22,2021-07-22,1.72,Captain (gal),Copper Complex,P_462,Y,Lower Twin,27004203,26.6,0.0647,EWM
2021-0388,2021,2021-05-11,2021-05-11,3.5,Aquathol K (gal),Endothall,P_463,Y,Minnie-Belle,47011900,175.76,0.0199,CLP
2021-0389,2022,2022-07-29,2022-07-29,41.2,ProcellaCOR EC (PDU),Florpyrauxifen-benzyl,P_464,Y,Minnie-Belle,47011900,175.76,0.2344,EWM
2021-0413,2022,2022-06-01,2022-06-01,65.26,Tribune (gal),Diquat Dibromide,P_465,Y,Byllesby,19000600,935.97,0.0697,CLP
2021-0413,2023,2023-05-31,2023-05-31,30.23,Tribune (gal),Diquat Dibromide,P_466,Y,Byllesby,19000600,935.97,0.0323,CLP
2021-0413,2025,2025-05-30,2025-05-30,29.06,FlumigardSC (gal),Flumioxazin,P_467,Y,Byllesby,19000600,935.97,0.031,CLP
2021-0430,2021,2021-05-14,2021-05-14,1.28,Tribune (gal),Diquat Dibromide,P_468,Y,Unnamed,27027500,NA,NA,CLP
2021-0437,2021,2021-05-19,2021-05-19,115,Diquat SPC 2 L (gal),Diquat Dibromide,P_469,Y,Jennie,47001500,1064.03,0.1081,CLP
2021-0451,2021,2021-05-28,2021-05-28,33.56,Aquathol K (gal),Endothall,P_470,Y,Osakis,77021500,3389.01,0.0099,CLP
2021-0465,2021,2021-05-12,2021-05-12,12.3,Tribune (gal),Diquat Dibromide,P_473,Y,Johanna,62007800,92.93,0.1324,CLP
2021-0466,2021,2021-05-13,2021-05-13,2,Aquathol K (gal),Endothall,P_474,Y,Rice,73019600,832.55,0.0024,CLP
2021-0466,2021,2021-05-13,2021-05-13,5.8,Tribune (gal),Diquat Dibromide,P_475,Y,Rice,73019600,832.55,0.007,CLP
2021-0466,2022,2022-05-23,2022-05-23,16.4,Aquathol K (gal),Endothall,P_476,Y,Rice,73019600,832.55,0.0197,CLP
2021-0483,2021,2021-04-28,2021-04-28,8,Aquathol K (gal),Endothall,P_477,Y,Martha,86000900,71.05,0.1126,CLP
2021-0483,2022,2022-05-11,2022-05-11,10,Aquathol K (gal),Endothall,P_478,Y,Martha,86000900,71.05,0.1407,CLP
2021-0484,2021,2021-06-22,2021-06-22,56.8,"2,4-D Amine (gal)",NA,P_479,Y,Clear,81001401,563.67,0.1008,EWM
2021-1320,2021,2021-07-05,2021-07-05,27.8,"2,4-D Amine (gal)",NA,P_480,Y,Hunt,66004700,148.64,0.187,CLP
2021-1772,2021,2021-05-24,2021-05-24,18.26,Tribune (gal),Diquat Dibromide,P_481,Y,Minnetonka-Grays Bay,27013301,164.54,0.111,CLP
2021-1772,2025,2025-05-13,2025-05-13,27,Tribune (gal),Diquat Dibromide,P_482,Y,Minnetonka-Grays Bay,27013301,164.54,0.1641,CLP
2021-2453,2023,2023-10-10,2023-10-10,1.8,ProcellaCOR EC (oz),Florpyrauxifen-benzyl,P_483,Y,Crooked,18004100,NA,NA,EWM
2021-2453,2025,2025-09-17,2025-09-17,1.17,ProcellaCOR EC (oz),Florpyrauxifen-benzyl,P_484,Y,Crooked,18004100,NA,NA,EWM
2021-3343,2022,2022-08-19,2022-08-19,5.05,ProcellaCOR (oz),Florpyrauxifen-benzyl,P_485,Y,Spring,70005400,282.83,0.0179,EWM
2021-3343,2022,2022-06-17,2022-06-17,14.05,ProcellaCOR EC (oz),Florpyrauxifen-benzyl,P_486,Y,Spring,70005400,282.83,0.0497,EWM
2022-0173,2022,2022-06-22,2022-06-22,12.94,Weedar 64 (gal),"2,4-D",P_487,Y,Kroon,13001300,140.32,0.0922,EWM
2022-0173,2024,2024-06-03,2024-06-03,20.1,Weedar 64 (gal),"2,4-D",P_488,Y,Kroon,13001300,140.32,0.1432,EWM
2022-0175,2022,2022-06-22,2022-06-22,11.95,Weedar 64 (gal),"2,4-D",P_489,Y,Chisago,13001200,NA,NA,EWM
2022-0175,2024,2024-06-24,2024-06-24,88.8,Weedar 64 (gal),"2,4-D",P_490,Y,Chisago,13001200,NA,NA,EWM
2022-0176,2022,2022-05-18,2022-05-18,17.2,Aquathol K (gal),Endothall,P_491,Y,Circle,66002700,837.56,0.0205,CLP
2022-0176,2022,2023-05-16,2023-05-16,29.200000000000003,FlumigardSC (gal),Flumioxazin,P_492,Y,Circle,66002700,837.56,0.0349,CLP
2022-0180,2022,2022-05-24,2022-05-24,22.5,Aquathol K (gal),Endothall,P_493,Y,German,40006300,522.41,0.0431,CLP
2022-0242,2022,2022-06-10,2022-06-10,25,Galleon SC (quarts),Penoxsulam,P_494,Y,Leech,11020300,NA,NA,"NA, NA, NA"
2022-0248,2022,2022-06-14,2022-06-14,648,Sonar A.S. (gal),Fluridone,P_495,Y,Clear,81001401,563.67,1.1496,EWM
2022-0272,2022,2022-05-23,2022-05-23,11,Diquat Herbicide (gal),Diquat Dibromide,P_496,Y,Pioneer,13003400,NA,NA,"EWM, CLP"
2022-0315,2022,2022-06-01,2022-06-01,16,Aquathol K (gal),Endothall,P_497,Y,Edward,18030500,1397.32,0.0115,CLP
2022-0318,2022,2022-10-05,2022-10-05,70.94,Sonar A.S. (gal),Fluridone,P_498,Y,Colby,82009400,NA,NA,CLP
2022-0321,2022,2023-05-11,2023-05-11,6.89,Tribune (gal),Diquat Dibromide,P_499,Y,Markgrafs,82008900,NA,NA,CLP
2022-0322,2022,2022-10-05,2022-10-05,27.18,Sonar A.S. (gal),Fluridone,P_500,Y,Unnamed (Ravine),82008700,18.63,1.4589,CLP
2022-0338,2022,2022-06-15,2022-06-15,6.4,Tribune (),Diquat Dibromide,P_501,Y,Lobster,21014400,NA,NA,CLP
2022-0338,2025,2025-05-25,2025-05-25,5.6,Diquat Herbicide (),Diquat Dibromide,P_502,Y,Lobster,21014400,NA,NA,CLP
2022-0347,2022,2022-06-01,2022-06-01,30.13,Tribune (gal),Diquat Dibromide,P_503,Y,Minnetonka-Upper Lake,27013305,1699.3,0.0177,CLP
2022-0350,2022,2022-06-01,2022-06-01,52.3,Tribune (gal),Diquat Dibromide,P_504,Y,Minnetonka-Lower Lake,27013302,2059.41,0.0254,CLP
2022-0385,2022,2022-05-11,2022-05-11,155,Sonar A.S. (gal),Fluridone,P_505,Y,Staring,27007800,156.22,0.9922,EWM
2022-0400,2022,2022-05-17,2022-05-17,36.51,Diquat Herbicide (gal),Diquat Dibromide,P_506,Y,Peltier,02000400,514.79,0.0709,CLP
2022-0400,2022,2023-05-16,2023-05-16,32.78,Tribune (gal),Diquat Dibromide,P_507,Y,Peltier,02000400,514.79,0.0637,CLP
2022-1398,2022,2022-07-25,2022-07-25,10.97,"2,4-D Amine (gal)",NA,P_508,Y,French,66003800,379.03,0.0289,EWM
2022-1398,2022,2023-06-22,2023-06-22,11.64,ProcellaCOR (gal),Florpyrauxifen-benzyl,P_509,Y,French,66003800,379.03,0.0307,EWM
2022-1832,2023,2023-05-26,2023-05-26,6.67,Semera (lbs),Flumioxazin,P_510,Y,Bass,22007400,152.24,0.0438,CLP
2022-1832,2025,2025-05-08,2025-05-08,17.3,FlumigardSC (gal),Flumioxazin,P_511,Y,Bass,22007400,152.24,0.1136,CLP
2022-1986,2024,2024-03-21,2024-03-21,374.9,Sonar A.S. (gal),Fluridone,P_512,Y,Owasso,62005600,284.18,1.3192,EWM
2022-1986,2025,2025-08-11,2025-08-11,8.95,Triclopyr 3 (gal),Triclopyr,P_513,Y,Owasso,62005600,284.18,0.0315,EWM
2022-2614,2023,2023-10-11,2023-10-11,0.5,ProcellaCOR EC (oz),Florpyrauxifen-benzyl,P_514,Y,Hanks,18004400,48.08,0.0104,EWM
2022-2615,2023,2023-10-10,2023-10-10,1.5,ProcellaCOR EC (oz),Florpyrauxifen-benzyl,P_515,Y,Portage,18005000,116.21,0.0129,EWM
2023-0167,2024,2024-05-09,2024-05-09,32.2,Aquathol K (gal),Endothall,P_516,Y,Jennie,47001500,1064.03,0.0303,CLP
2023-0301,2024,2024-05-08,2024-05-08,39.8,Semera (oz),Flumioxazin,P_517,Y,Andrew,21008500,322.67,0.1233,CLP
2023-0301,2025,2025-05-22,2025-05-22,32.3,Flumigard (oz),Flumioxazin,P_518,Y,Andrew,21008500,322.67,0.1001,CLP
2023-0381,2023,2023-07-27,2023-07-27,1.9,ProcellaCOR EC (quarts),Florpyrauxifen-benzyl,P_519,Y,Rabour,13007900,37.82,0.0502,EWM
2023-0468,2023,2023-05-09,2023-05-09,74.4,Aquathol K (gal),Endothall,P_520,Y,Clear,81001401,563.67,0.132,CLP
2023-1190,2023,2023-07-24,2023-07-24,0.5,ProcellaCOR EC (oz),Florpyrauxifen-benzyl,P_521,Y,Mandall,13007400,33.29,0.015,EWM
2023-1190,2025,2025-07-10,2025-07-10,0.5,ProcellaCOR EC (oz),Florpyrauxifen-benzyl,P_522,Y,Mandall,13007400,33.29,0.015,EWM
2023-1638,2022,2023-06-06,2023-06-06,3.8,Diquat (),NA,P_523,Y,Gervais,62000700,94.42,0.0402,CLP
2023-2342,2024,2024-08-07,2024-08-07,0.51,Komeen Descend (gal),Copper Complex,P_524,Y,Long,34006600,154.02,0.0033,SS
2023-2655,2024,2024-08-06,2024-08-06,0.5,Hydrothol 191 (gal),NA,P_525,Y,Long,29016100,698.84,7e-4,SS
2023-2655,2024,2024-10-02,2024-10-02,0.25,Komeen Descend (gal),Copper Complex,P_526,Y,Long,29016100,698.84,4e-4,SS
2023-2720,2024,2024-07-26,2024-07-26,4.4,Mizzen (gal),NA,P_527,Y,Clearwater,86025200,NA,NA,SS
2024-0112,2025,2025-04-29,2025-04-29,15.600000000000001,FlumigardSC (oz),Flumioxazin,P_528,Y,Norway,34025100,2106.35,0.0074,CLP
2024-0113,2025,2025-04-29,2025-04-29,28.3,FlumigardSC (oz),Flumioxazin,P_529,Y,Games,34022400,247.82,0.1142,CLP
2024-0169,2025,2025-04-30,2025-04-30,4.2,Galleon SC (gal),Penoxsulam,P_530,Y,Holiday,27009000,NA,NA,CLP
2025-0025,2025,2025-05-07,2025-05-07,6.85,FlumigardSC (gal),Flumioxazin,P_531,Y,Island,03015300,482.53,0.0142,CLP
2025-0088,2025,2025-05-22,2025-05-22,8.4,FlumigardSC (gal),Flumioxazin,P_532,Y,Cowdry,21010300,85.98,0.0977,CLP
2025-0951,2025,2025-06-09,2025-06-09,3,Komeen Descend (gal),Copper Complex,P_533,Y,Middle Cullen,18037700,137.49,0.0218,SS
2025-1273,2025,2025-05-09,2025-05-09,5.09,Tribune (gal),Diquat Dibromide,P_534,Y,Thompson,71009600,55.36,0.0919,CLP
2025-1371,2025,2025-05-02,2025-05-02,36.2,Aquathol K (gal),Endothall,P_535,Y,Gorman,40003200,521.1,0.0695,CLP
2025-2868,2025,2025-08-26,2025-08-26,2,Tribune (gal),Diquat Dibromide,P_536,Y,Byllesby,19000600,935.97,0.0021,FR
