OBJECTID,DOWLKNUM,LK_PCTLTRL,LK_LZACRES,LK_LZDEPTH,AREA,ACRES,PERFEET,PERIMETER,LAKE_NAME,Shape_Length,Shape_Area
101988,01000100,33.33000183,125.92,15,509596.7,125.921,48161.464,14679.644,Pine,14679.64351,509596.7019
101989,01001500,59.25,43.96,15,177889.825,43.957,13209.906,4026.387,Shumway,4026.387648,177889.84
101990,01001900,95.55999756,165.73,15,670700.835,165.73,14442.881,4402.199,Wolf,4402.198811,670700.8355
101991,01002300,65.45999908,362.33,15,1466335.919,362.332,34041.832,10375.971,Round,10375.97122,1466335.919
101992,01002700,50.77000046,44.87,15,181586.891,44.87,15742.206,4798.234,Sheriff,4798.234101,181586.8908
101993,01003300,91.38999939,2152.39,15,8710587.263,2152.386,128943.48,39302.051,Minnewawa,39302.05114,8710587.24
101994,01003400,100,240.06,15,971501.243,240.058,19657.352,5991.573,Horseshoe,5991.572958,971501.2428
101995,01004500,99.70999908,191.28,15,774085.715,191.277,19051.408,5806.881,Blackface,5806.880758,774085.7107
101996,01004600,30.38999939,51.16,15,207022.116,51.155,25989.653,7921.662,Ball Bluff,7921.662597,207022.1252
101997,01005500,49.61999893,39.46,15,159707.073,39.464,19758.372,6022.364,Boot,6022.363877,159707.0679
101998,01005600,64.11000061,72.27,15,292489.091,72.274,17634.245,5374.929,Cutaway,5374.929031,292489.0875
101999,01005700,40.33000183,15.02,15,60789.314,15.021,15353.657,4679.804,Little Ball Bluff,4679.80399,60789.31191
102000,01005800,82.98000336,194.98,15,789069.152,194.979,39467.045,12029.579,Vanduse,12029.57877,789069.1276
102001,01006100,99.77999878,612.41,15,2478407.897,612.415,44516.568,13568.677,Flowage,13568.67703,2478407.894
102002,01006200,52.09999847,3182.59,15,12879783.07,3182.594,578464.721,176316.4,Big Sandy,176316.403,12879783.05
102003,01006500,92.66999817,230.97,15,934710.386,230.967,24593.694,7496.173,Cedar,7496.172992,934710.3963
102004,01006900,99.43000031,370.32,15,1498657.345,370.318,28763.084,8767.006,Portage,8767.005922,1498657.347
102005,01008700,66.19000244,276.05,15,1117145.274,276.047,35152.192,10714.41,Sugar,10714.40913,1117145.256
102006,01008900,30.26000023,129.39,15,523639.925,129.391,52327.315,15949.398,Long,15949.39808,523639.904
102007,01009600,38.88999939,232.41,15,940570.53,232.415,40454.27,12330.486,Dam,12330.48642,940570.5453
102008,01009900,50.97000122,370.28,15,1498514.736,370.283,87124.68,26555.655,Gun,26555.6556,1498514.778
102009,01010500,99.91999817,313.29,15,1267869.261,313.29,19462.644,5932.226,Fleming,5932.225778,1267869.252
102010,01011500,97.98999786,426.17,15,1724674.692,426.167,25176.103,7673.691,Section Ten,7673.691349,1724674.691
102011,01012300,71.02999878,389.81,15,1577559.208,389.815,58810.306,17925.417,Elm Island,17925.4169,1577559.205
102012,01012500,38.15000153,165.3,15,668968.079,165.302,52779.714,16087.289,Lone,16087.28929,668968.056
102013,01012900,62.36000061,254.08,15,1028241.548,254.078,44006.625,13413.246,Sissabagamah,13413.24572,1028241.529
102014,01013600,43.74000168,284.71,15,1152188.325,284.706,42374.357,12915.73,Waukenabo,12915.72995,1152188.318
102015,01013700,65.08999634,412.54,15,1669535.072,412.542,31549.1,9616.185,Round,9616.18501,1669535.069
102016,01014201,21.17000008,142.63,15,577205.224,142.627,77264.046,23550.128,Hill (North Basin),23550.12855,577205.2093
102017,01014202,84.19999695,113.71,15,460172.902,113.709,24222.717,7383.099,Hill (South Basin),7383.098707,460172.9078
102018,01014600,53.49000168,336.84,15,1363173.747,336.84,74018.033,22560.742,Ripple,22560.74104,1363173.736
102019,01014700,61.79000092,511.32,15,2069271.807,511.317,64214.935,19572.751,Esquagamah,19572.75141,2069271.821
102020,01015700,44.90000153,285.15,15,1153996.673,285.153,73393.681,22370.439,Big Pine,22370.43872,1153996.713
102021,01015900,42.47000122,850.57,15,3442210.8,850.57,168537.721,51370.4,Farm Island,51370.39899,3442210.784
102022,01017800,50.16999817,262.7,15,1063139.202,262.702,51623.803,15734.967,Spirit,15734.96663,1063139.2
102023,01018300,60.43000031,19.43,15,78629.201,19.429,7950.221,2423.232,Bass,2423.232268,78629.19735
102024,01018800,98.94999695,317.43,15,1284617.351,317.429,26489.699,8074.076,Blind,8074.076388,1284617.355
102025,01020100,46.93999863,42.87,15,173474.441,42.866,15844.197,4829.321,Holy Water,4829.320909,173474.4339
102026,01020400,42.50999832,311.65,15,1261240.65,311.653,44512.976,13567.582,Round,13567.58235,1261240.63
102027,01020600,100,441.5,15,1786727.745,441.5,22413.383,6831.613,Birch,6831.612782,1786727.745
102028,01020700,58.15999985,66.77,15,270204.976,66.768,23922.019,7291.446,Townline,7291.445765,270204.9885
102029,01020901,28.93000031,442.02,15,1788820.422,442.018,246300.817,75068.826,Cedar(Main Basin),75068.82521,1788820.456
102030,01020902,60.54999924,15.7,15,63526.121,15.697,10398.233,3169.388,Cedar(N.E. Arm),3169.38756,63526.13076
102031,01020903,35.84999847,71.74,15,290321.207,71.738,38964.448,11876.387,Cedar(West Bay),11876.387,290321.1777
102032,01021200,85.44999695,220.56,15,892612.959,220.565,29280.51,8924.717,Moulton,8924.716783,892612.9585
102033,02000300,98.90000153,313.85,15,1270152.262,313.855,20080.556,6120.566,Otter,6120.565954,1270152.237
102034,02000400,85.01000214,514.79,15,2083339.125,514.793,47292.008,14414.633,Peltier,14414.633,2083339.14
102035,02000500,100,486.02,15,1966886.469,486.018,32233.847,9824.896,George Watch,9824.896133,1966886.469
102036,02000600,60.88999939,288.64,15,1168107.183,288.639,34881.792,10631.992,Centerville,10631.99151,1168107.175
102037,02000700,100,203.53,15,823681,203.532,14222.826,4334.906,Marshan,4334.90586,823681
102038,02000800,100,371.22,15,1502294.439,371.217,28769.568,8768.982,Rice,8768.981726,1502294.439
102039,02000900,99.51999664,336.49,15,1361764.452,336.492,21930.278,6684.362,Reshanau,6684.36196,1361764.447
102040,02001300,96.12000275,181.56,15,734783.023,181.565,18856.21,5747.384,Baldwin,5747.384235,734783.0453
102041,02001500,85.26000214,248.26,15,1004707.976,248.263,37543.602,11443.313,Rondeau,11443.31287,1004707.976
102042,02001600,100,455.58,15,1843722.404,455.584,23045.365,7024.241,Howard,7024.240931,1843722.397
102043,02002200,99.45999908,72.3,15,292587.014,72.298,8255.508,2516.284,Island,2516.283846,292587.0142
102044,02002600,85.23999786,484.91,15,1962405.686,484.91,35472.792,10812.129,Linwood,10812.12898,1962405.696
102045,02002800,98.83999634,90.32,15,365523.556,90.321,14497.209,4418.758,Boot,4418.758011,365523.5555
102046,02003400,84.81999969,214.28,15,867183.43,214.281,30903.802,9419.498,Martin,9419.497791,867183.4253
102047,02003500,79.37000275,47.87,15,193713.53,47.867,14861.354,4529.75,Fawn,4529.749887,193713.5299
102048,02004200,89.91999817,1331.96,15,5390386.758,1331.965,106197.88,32369.179,Coon,32369.17759,5390386.759
102049,02004500,90.33000183,51.28,15,207507.134,51.275,10044.122,3061.454,Golden,3061.454499,207507.1393
102050,02005200,93.09999847,111.09,15,449584.653,111.092,18061.769,5505.238,Netta,5505.238113,449584.6635
102051,02005300,89.36000061,190.45,15,770740.483,190.45,24078.646,7339.186,Ham,7339.185988,770740.4862
102052,02005900,100,184.55,15,746851.572,184.547,17878.188,5449.282,Deer,5449.282499,746851.5791
102053,02006500,100,342.47,15,1385961.378,342.471,15335.423,4674.246,Fish,4674.246185,1385961.385
102054,02007000,100,50.22,15,203248.343,50.223,6866.173,2092.814,Coopers,2092.813649,203248.3466
102055,02007100,95.87999725,30.71,15,124275.739,30.709,6241.576,1902.436,Spring,1902.436048,124275.7346
102056,02007200,100,66.13,15,267606.382,66.126,7203.289,2195.567,Laddie,2195.566823,267606.3841
102057,02007500,96.73999786,93.32,15,377669.481,93.322,17512.356,5337.777,Moore,5337.777112,377669.4901
102058,02007501,92.43000031,25.51,15,103240.669,25.511,8426.941,2568.537,East Moore,2568.536806,103240.6677
102059,02008400,73.09999847,84.02,15,340012.149,84.017,23766.322,7243.989,Crooked,7243.989031,340012.1543
102060,02009100,78.66000366,383.26,15,1551048.977,383.264,30583.079,9321.741,George,9321.74145,1551048.967
102061,02010600,94.16999817,46.22,15,187029.817,46.215,8409.199,2563.129,Norris,2563.129041,187029.8162
102062,02012200,97.5,92.67,15,375050.01,92.675,23025.697,7018.247,Burns,7018.246623,375049.9984
102063,02013300,65.63999939,68.04,15,275336.225,68.036,16133.452,4917.486,East Twin,4917.48586,275336.2324
102064,02076400,98.72000122,35.97,15,145561.837,35.968,13519.245,4120.674,Club West,4120.673746,145561.8367
102065,03000500,43.52999878,26.51,15,107265.269,26.505,21784.476,6639.921,Shipman,6639.921716,107265.2814
102066,03000600,73.76999664,12.39,15,50144.616,12.391,7333.613,2235.29,Little,2235.289575,50144.61111
102067,03000700,52.65999985,46.17,15,186830.833,46.166,25322.521,7718.32,Blueberry,7718.319705,186830.8189
102068,03001000,44.84999847,211.43,15,855630.281,211.426,80552.446,24552.435,Straight,24552.43471,855630.3179
102069,03001700,33.91999817,197.35,15,798668.069,197.351,69921.862,21312.226,Two Inlets,21312.22579,798668.0868
102070,03002900,97.62000275,140.23,15,567496.22,140.228,22426.049,6835.474,Hungry Man,6835.473638,567496.2066
102071,03003000,25.65999985,98.83,15,399946.499,98.827,70225.238,21404.695,Boot,21404.69499,399946.4888
102072,03004400,43.75,25.9,15,104827.213,25.903,12709.529,3873.872,Dinner,3873.871979,104827.1972
102073,03008200,100,114.18,15,462070.883,114.178,11653.004,3551.843,Wahbegon,3551.843162,462070.878
102074,03008500,28.23999977,210.59,15,852256.983,210.593,118845.635,36224.222,Bad Medicine,36224.22169,852256.9707
102075,03008800,65.33999634,128.5,15,520050.422,128.504,26583.627,8102.706,Bass,8102.705674,520050.4342
102076,03009200,99.47000122,112.56,15,455505.332,112.555,14097.752,4297.004,Basswood,4297.004053,455505.3264
102077,03009600,100,592.44,15,2397554.805,592.436,26685.739,8133.829,Big Basswood,8133.829335,2397554.784
102078,03010100,98.79000092,1459.81,15,5907764.062,1459.808,75464.075,23001.496,Wolf,23001.49589,5907764.064
102079,03010200,98,3084.44,15,12482564.2,3084.442,66674.364,20322.387,Shell,20322.38703,12482564.16
102080,03010700,32.75,557.91,15,2257817.436,557.907,96399.475,29382.619,Toad,29382.61856,2257817.453
102081,03012000,100,165.56,15,670001.204,165.557,12934.238,3942.364,Mud,3942.363577,670001.1935
102082,03012700,63.34000015,82.21,15,332716.666,82.214,25592.714,7800.675,Bass,7800.674927,332716.6608
102083,03013600,39.43000031,164.04,15,663844.457,164.036,64053.481,19523.54,Juggler,19523.54069,663844.4575
102084,03015300,40.90999985,482.53,15,1952770.449,482.53,127976.802,39007.407,Island,39007.40798,1952770.445
102085,03015500,43.13000107,471.88,15,1909692.388,471.885,60954.278,18578.901,Round,18578.90113,1909692.372
102086,03015600,30.70999908,106.03,15,429103.1,106.031,39738.232,12112.237,Ice Cracking,12112.23752,429103.1039
102087,03015800,29.45000076,500.95,15,2027311.771,500.949,152957.192,46621.445,Many Point,46621.44534,2027311.75
102088,03015900,24.70999908,243.35,15,984839.975,243.354,142833.044,43535.599,Elbow,43535.59939,984839.9844
102089,03016600,75.66000366,182.2,15,737372.048,182.205,32755.343,9983.849,Hungry,9983.848683,737372.0463
102090,03017700,51.31000137,17.97,15,72730.305,17.972,9224.948,2811.77,Hanson,2811.769786,72730.30717
102091,03018900,33.77999878,138.42,15,560173.599,138.419,44517.308,13568.903,Little Toad,13568.90273,560173.5824
102092,03019500,91.08999634,3450.49,15,13963954.35,3450.493,113647.066,34639.695,Height of Land,34639.69561,13963954.37
102093,03021300,99.94000244,231.63,15,937407.844,231.633,13161.933,4011.765,Waboose,4011.765369,937407.856
102094,03023400,23.54000092,68.94,15,278987.37,68.938,31497.678,9600.511,Little Bemidji,9600.511619,278987.3528
102095,03024100,93.90000153,1981.92,15,8020718.007,1981.919,95441.17,29090.527,Tamarack,29090.52681,8020717.943
102096,03025800,48.43999863,74.47,15,301368.448,74.468,27376.897,8344.495,Acorn,8344.494945,301368.4397
102097,03026500,46.97999954,146.78,15,594007.917,146.779,36083.302,10998.212,Eagle,10998.21252,594007.9126
102098,03027300,44.84000015,21.37,15,86470.188,21.367,15584.143,4750.056,Perch,4750.056297,86470.18471
102099,03028600,43.88999939,818.53,15,3312545.375,818.53,122799.943,37429.497,Cotton,37429.4973,3312545.366
102100,03028700,39,137.68,15,557195.729,137.683,66288.025,20204.63,Pickerel,20204.62974,557195.7209
102101,03029100,78.18000031,180.93,15,732214.928,180.93,27459.541,8369.685,Rice,8369.684025,732214.9278
102102,03029300,95.34999847,1144.27,15,4630805.729,1144.272,65702.003,20026.011,Rock,20026.01057,4630805.741
102103,03030400,58.77999878,264.13,15,1068930.308,264.133,98117.816,29906.37,Big Sugar Bush,29906.37026,1068930.301
102104,03031300,49.79999924,106.3,15,430208.937,106.305,31695.88,9660.924,Little Sugar Bush,9660.923491,430208.905
102105,03032300,38.41999817,563.97,15,2282362.926,563.972,67237.311,20493.973,Strawberry,20493.97329,2282362.903
102106,03032800,28.12999916,594.86,15,2407379.039,594.863,167739.722,51127.169,White Earth,51127.16949,2407379.037
102107,03035000,53.91999817,222.19,15,899209.222,222.195,65640.768,20007.346,Buffalo,20007.34576,899209.2388
102108,03035100,97.30999756,204.98,15,829536.531,204.978,19583.465,5969.052,Island,5969.052247,829536.5518
102109,03035200,83.41999817,197.45,15,799067.907,197.45,35573.014,10842.676,Birch,10842.67611,799067.8923
102110,03035500,41.33000183,75.45,15,305348.136,75.452,31251.655,9525.524,Sauer,9525.522928,305348.129
102111,03035700,49.36999893,66.08,15,267410.478,66.077,24377.379,7430.24,Munson,7430.239916,267410.4675
102112,03035800,65.05999756,93.25,15,377391.981,93.254,19370.793,5904.229,Fox,5904.229592,377391.9793
102113,03035900,45.31999969,576.81,15,2334317.456,576.81,70393.427,21455.959,Sallie,21455.95907,2334317.41
102114,03036000,95.61000061,64.18,15,259712.961,64.175,12707.234,3873.173,Muskrat,3873.172773,259712.9582
102115,03037100,42.06999969,29.75,15,120400.179,29.751,12475.764,3802.62,Meadow,3802.620434,120400.1842
102116,03037401,65.55000305,120.19,15,486396.573,120.189,28972.241,8830.757,Johnson,8830.756732,486396.5701
102117,03037402,77.36000061,87.28,15,353199.793,87.276,22483.09,6852.86,Reeves,6852.85997,353199.7917
102118,03037700,100,155.27,15,628351.11,155.266,24259.553,7394.326,Mill,7394.327298,628351.1161
102119,03038100,60.91999817,1868.58,15,7562026.531,1868.577,153804.294,46879.643,Detroit,46879.64321,7562026.57
102120,03038300,44.20999908,180.69,15,731239.061,180.689,64683.986,19715.718,Long,19715.71831,731239.029
102121,03038600,54.88000107,117.6,15,475907.925,117.597,21547.959,6567.831,Little Floyd,6567.831403,475907.9206
102122,03038700,68.80999756,811.54,15,3284237.692,811.535,80552.416,24552.426,Floyd,24552.42588,3284237.701
102123,03042800,100,120.8,15,488851.687,120.795,13697.8,4175.098,O-Me-Mee,4175.097717,488851.6906
102124,03043000,89.93000031,99.92,15,404386.073,99.924,20377.196,6210.982,St. Clair,6210.981936,404386.0689
102125,03047100,100,247.99,15,1003600.472,247.99,21648.605,6598.508,Mission,6598.507922,1003600.476
102126,03047300,100,85.94,15,347808.229,85.943,11436.12,3485.736,Buck,3485.736437,347808.2234
102127,03047500,48.59000015,899.47,15,3640114.535,899.472,101048.439,30799.626,Melissa,30799.62617,3640114.576
102128,03048400,91.01000214,75.87,15,307042.99,75.87,18646.184,5683.368,Ellison,5683.368456,307042.9843
102129,03048600,71.15000153,200.01,15,809413.372,200.006,26661.392,8126.409,Pearl,8126.408385,809413.3677
102130,03050000,50.65999985,259.04,15,1048334.409,259.043,48626.072,14821.256,Maud,14821.25614,1048334.395
102131,03050300,59.63999939,220.66,15,892990.802,220.658,32652.156,9952.397,Eunice,9952.396847,892990.8135
102132,03050600,71.63999939,776.57,15,3142726.903,776.568,176020.822,53651.254,Little Cormorant,53651.25263,3142726.857
102133,03052600,66.44999695,124.78,15,504973.968,124.779,23325.035,7109.485,Marshall,7109.484851,504973.9936
102134,03057500,70.86000061,374.48,15,1515500.595,374.48,88911.274,27100.21,Leif,27100.2104,1515500.637
102135,03057600,23.23999977,849.95,15,3439699.787,849.95,199358.033,60764.45,Big Cormorant,60764.45016,3439699.773
102136,03057900,70.80000305,295.22,15,1194728.109,295.217,62248.951,18973.518,Boyer,18973.5177,1194728.129
102137,03058200,76.5,483.36,15,1956149.9,483.365,51405.828,15668.528,Ida,15668.52807,1956149.946
102138,03058800,55.50999832,522.84,15,2115921.668,522.844,102057.148,31107.081,Upper Cormorant,31107.08053,2115921.669
102139,03060200,70.98999786,474.65,15,1920864.577,474.646,65366.386,19923.714,Middle Cormorant,19923.71422,1920864.538
102140,03063100,99.38999939,496.74,15,2010285.355,496.742,42661.26,13003.178,Stakke,13003.17723,2010285.35
102141,03063500,100,120.1,15,486051.309,120.103,17696.064,5393.771,Gourd,5393.77052,486051.2985
102142,03063800,69.84999847,146.5,15,592894.953,146.504,43671.358,13311.056,Bijou,13311.0564,592894.9424
102143,03064500,100,128.75,15,521033.913,128.747,18278.301,5571.237,West LaBelle,5571.237874,521033.9281
102144,03064600,100,113.75,15,460335.726,113.749,15238.513,4644.708,Lime,4644.707957,460335.7096
102145,03064700,99.88999939,292.54,15,1183896.274,292.541,22952.897,6996.057,Stinking,6996.05668,1183896.253
102146,03064800,59.83000183,111.95,15,453065.214,111.952,25445.74,7755.877,East LaBelle,7755.877016,453065.2295
102147,03065700,35.36000061,66.11,15,267549.658,66.112,23985.197,7310.703,Turtle,7310.702736,267549.6114
102148,03065900,52.00999832,104.5,15,422892.445,104.497,43174.808,13159.708,Sand,13159.70778,422892.4367
102149,03066000,100,50.34,15,203733.77,50.34,14169.52,4318.88,Axberg,4313.208262,203756.2909
102150,04000700,52.20000076,953.12,15,3857212.536,953.117,143150.879,43632.475,Kitchi,43632.47639,3857212.583
102151,04001100,43.33000183,260.3,15,1053427.78,260.302,66479.551,20263.008,Moose,20263.00793,1053427.778
102152,04001600,50.45999908,19.31,15,78164.314,19.314,11123.334,3390.399,Little Gilstad,3390.399215,78164.31337
102153,04002400,37.25,95.64,15,387047.599,95.639,36526.408,11133.271,Gilstad,11133.27121,387047.6014
102154,04002800,96.62999725,35.12,15,142130.309,35.12,12182.787,3713.321,Bullhead,3713.321176,142130.3062
102155,04003000,43.45000076,6934.29,15,28062678.82,6934.288,651851.446,198684.718,Cass,198684.7201,28062678.85
102156,04003200,50.86000061,613.15,15,2481401.636,613.154,148748.596,45338.663,Pimushe,45338.66284,2481401.645
102157,04003300,51.95000076,17.2,15,69591.383,17.196,11528.706,3513.96,Benjamin,3513.96003,69591.37234
102158,04003800,34.68000031,551.37,15,2231347.657,551.366,98541.468,30035.499,Andrusia,30035.49945,2231347.658
102159,04004800,70.72000122,138.15,15,559080.94,138.149,18400.95,5608.621,Windigo,5608.6206,559080.9394
102160,04004900,57.29999924,2061.09,15,8341107.786,2061.088,155108.916,47277.292,Big,47277.29301,8341107.775
102161,04005300,28.40999985,62.93,15,254693.1,62.935,34601.727,10546.628,South Twin,10546.62732,254693.0946
102162,04006200,37.52000046,30,15,121389.761,29.995,15226.371,4641.007,Bass,4641.007351,121389.7618
102163,04006300,42.61000061,138.86,15,561970.321,138.863,38495.019,11733.305,North Twin,11733.30502,561970.3168
102164,04006900,45.68999863,1242.93,15,5030062.066,1242.928,119154.797,36318.455,Blackduck,36318.45445,5030062.068
102165,04007900,29.96999931,318.1,15,1287347.745,318.104,80347.441,24489.949,Wolf,24489.9489,1287347.735
102166,04011100,39.88000107,717.67,15,2904367.957,717.669,193963.708,59120.256,Turtle River,59120.2582,2904367.941
102167,04012000,68.25,1546.27,15,6257683.862,1546.274,119558.74,36441.577,Gull,36441.57633,6257683.89
102168,04012200,68.62999725,316.56,15,1281100.09,316.56,35555.509,10837.341,Medicine,10837.34073,1281100.088
102169,04013001,83,268.88,15,1088129.432,268.877,83585.205,25476.822,Stump,25476.82038,1088129.416
102170,04013002,27.63999939,1818.78,15,7360519.292,1818.784,190713.463,58129.58,Bemidji (main lake),58129.57933,7360519.315
102171,04013202,80.01999664,269.65,15,1091269.892,269.653,33713.829,10275.996,Big Bass (east basin),10275.99525,1091269.89
102172,04013400,88.73000336,685.83,15,2775524.432,685.832,61412.351,18718.522,Three Island,18718.52218,2775524.462
102173,04013500,55.86999893,405.49,15,1640990.692,405.489,79313.715,24174.869,Beltrami,24174.8691,1640990.697
102174,04014000,88.98999786,591.45,15,2393570.972,591.451,41316.301,12593.234,Irving,12593.23386,2393570.947
102175,04014200,55.79999924,295.95,15,1197704.788,295.953,47180.747,14380.721,Marquette,14380.72077,1197704.785
102176,04015200,51.09000015,436.05,15,1764673.169,436.051,87380.941,26633.764,Movil,26633.76431,1764673.185
102177,04015500,61.81999969,289.62,15,1172079.627,289.621,50828.786,15492.645,Little Turtle,15492.64487,1172079.659
102178,04015900,56.63999939,928.21,15,3756429.132,928.214,121805.032,37126.248,Turtle,37126.24705,3756429.126
102179,04016600,38.56000137,194.44,15,786896.359,194.442,60353.77,18395.866,Julia,18395.86586,786896.3187
102180,04019600,47.27999878,218.84,15,885636.682,218.841,60070.562,18309.544,Campbell,18309.54415,885636.6621
102181,04021700,38.11999893,78.86,15,319139.755,78.859,34556.014,10532.694,Grant,10532.69413,319139.7562
102182,04022700,99.41999817,663.85,15,2686550.295,663.847,43677.962,13313.069,Long,13313.06904,2686550.302
102183,04026500,99.88999939,424.21,15,1716765.758,424.213,24366.893,7427.044,Island,7427.043921,1716765.758
102184,04029700,28.27000046,57.01,15,230725.372,57.012,35596.689,10849.892,Buzzle,10849.89251,230725.3745
102185,04029800,58.59000015,45.69,15,184917.9,45.693,17764.53,5414.64,Little Buzzle,5414.639348,184917.9027
102186,04033100,83.47000122,166.85,15,675221.853,166.847,17779.284,5419.137,Dellwater,5419.136426,675221.8578
102187,04034200,100,131.82,15,533452.735,131.816,14319.26,4364.519,Moose,4364.519678,533452.7249
102188,04034300,34,339.5,15,1373930.002,339.498,78003.396,23775.483,Clearwater,23775.4819,1373929.99
102189,05000700,50.45999908,64.27,15,260100.341,64.271,27620.073,8418.615,Mayhew,8418.615962,260100.3521
102190,05001300,94.98000336,1240.12,15,5018708.537,1240.123,69426.841,21161.344,Little Rock,21161.34398,5018708.547
102191,06000200,99.66000366,1964.42,15,7949883.473,1964.416,109426.208,33353.175,Artichoke,33353.17514,7949883.457
102192,06002900,100,138.69,15,561289.85,138.695,24369.764,7427.919,Long Tom,7427.918875,561289.8541
102193,06013800,100,436.64,15,1767058.226,436.64,16188.997,4934.416,East Toqua,4934.41595,1767058.253
102194,06015200,74.84999847,9090.31,15,36787972.48,9090.308,533637.904,162653.158,Big Stone,162653.1584,36787972.41
102195,07004400,71.15000153,1026.22,15,4153062.664,1026.222,92028.057,28050.208,Madison,28050.20756,4153062.648
102196,07004700,76.19000244,67.23,15,272081.189,67.231,12583.01,3835.309,George,3835.309299,272081.2082
102197,07005300,85.09999847,247.13,15,1000116.666,247.129,18948.136,5775.403,Duck,5775.403413,1000116.668
102198,07005400,88.05999756,328.59,15,1329772.893,328.587,25395.919,7740.692,Ballantyne,7740.691397,1329772.893
102199,07006001,95.15000153,479.51,15,1940532.187,479.506,32261.836,9833.427,Eagle (North),9833.427337,1940532.198
102200,07007900,100,1361.06,15,5508140.32,1361.061,71144.23,21684.805,Lura,21684.8048,5508140.356
102201,07009000,99.75,129.45,15,523881.306,129.451,11684.092,3561.318,Ida,3561.318267,523881.2786
102202,07009600,100,809.63,15,3276516.546,809.627,27353.711,8337.428,Loon,8337.427685,3276516.543
102203,07009700,100,237.08,15,959439.299,237.077,13621.34,4151.793,Mills,4151.792939,959439.3052
102204,07009800,100,383.25,15,1550984.064,383.248,30647.295,9341.314,Crystal,9341.314156,1550984.052
102205,08001100,100,276.39,15,1118533.943,276.39,14805.493,4512.723,Clear,4512.723244,1118533.927
102206,08004500,89.5,189.3,15,766073.47,189.297,21721.087,6620.6,Sleepy Eye,6620.600719,766073.4703
102207,08012900,66.76999664,50.02,15,202428.371,50.02,24559.35,7485.705,Wellner-Hageman Reservoir,7485.70502,202428.3796
102208,09000100,84.06999969,348.49,15,1410316.351,348.489,82839.338,25249.481,Thomson Reservoir,25249.48201,1410316.373
102209,09000300,90.90000153,31.06,15,125693.731,31.059,7104.119,2165.34,Graham,2165.339849,125693.7268
102210,09000400,100,32.35,15,130916.921,32.35,5691.564,1734.792,Soper,1734.792101,130916.9213
102211,09000600,100,40.89,15,165471.573,40.888,5098.894,1554.146,Blackhoof,1554.146081,165471.5667
102212,09000700,84.51000214,30.77,15,124527.486,30.771,8043.905,2451.787,Spring,2451.787107,124527.4911
102213,09000800,55.16999817,172.92,15,699809.331,172.923,37018.128,11283.148,Chub,11283.1477,699809.3306
102214,09000900,97.52999878,108.44,15,438850.32,108.44,14859.826,4529.284,Venoah,4529.284255,438850.3146
102215,09001000,100,140.05,15,566775.459,140.05,23485.251,7158.319,Hay,7158.318925,566775.4589
102216,09001500,100,32.18,15,130243.923,32.183,5191.446,1582.356,Ellstrom,1582.355741,130243.9191
102217,09001600,99.43000031,126.87,15,513447.613,126.873,11440.072,3486.941,Sand,3486.940898,513447.6071
102218,09001800,100,34.13,15,138105.156,34.126,6054.766,1845.496,Hizer,1845.496606,138105.1567
102219,09001900,91.15000153,31.97,15,129385.594,31.971,6529.939,1990.329,Munson,1990.329493,129385.5945
102220,09002000,58.45999908,27.05,15,109449.649,27.045,11956.651,3644.395,Crystal,3644.394378,109449.6499
102221,09002100,53.27000046,13.8,15,55846.973,13.8,9938.051,3029.124,Benfield,3029.123924,55846.97347
102222,09002200,65.73000336,34.08,15,137927.652,34.082,11173.017,3405.543,Twentynine,3405.542799,137927.6502
102223,09002500,100,126.03,15,510044.349,126.032,10242.352,3121.875,Torch Light,3121.874855,510044.3532
102224,09002600,58.36000061,43.86,15,177517.438,43.865,13388.31,4080.765,Bob,4080.765042,177517.4468
102225,09002900,100,381.27,15,1542967.317,381.267,17699.148,5394.711,Park,5394.710824,1542967.305
102226,09003200,99.76000214,512.3,15,2073236.287,512.297,49136.385,14976.8,Big,14976.80037,2073236.289
102227,09003400,76.65000153,70.07,15,283588.995,70.075,17003.133,5182.565,Bear,5182.565279,283588.9983
102228,09003500,45.24000168,51.73,15,209366.521,51.734,31423.595,9577.931,Little Hanging Horn,9577.930722,209366.5169
102229,09003800,22.71999931,92.85,15,375746.13,92.847,48368.523,14742.755,Hanging Horn,14742.75513,375746.125
102230,09003900,84.16999817,19.81,15,80186.569,19.814,6375.896,1943.377,Eddy,1943.377073,80186.56543
102231,09004100,89.12000275,244.93,15,991225.147,244.932,20799.79,6339.789,Moosehead,6339.788972,991225.1571
102232,09004300,36.29000092,48.2,15,195043.58,48.195,21422.175,6529.492,Moose,6529.492052,195043.5816
102233,09004400,38.38999939,40.92,15,165585.441,40.916,27178.492,8284.021,Echo,8284.020968,165585.436
102234,09004500,38.31999969,27.45,15,111089.576,27.45,18765.479,5719.729,Coffee,5719.729431,111089.5723
102235,09004600,100,60.78,15,245957.242,60.776,7920.729,2414.243,Bang,2414.242989,245957.2401
102236,09004700,100,26.57,15,107543.355,26.574,4385.372,1336.664,Spring,1336.663992,107543.3594
102237,09004800,52.43000031,14.29,15,57837.384,14.292,8105.939,2470.695,Corona,2470.695017,57837.38659
102238,09005700,31.06999969,118.85,15,480983.852,118.851,57582.5,17551.181,Eagle,17551.1812,480983.8389
102239,09005800,95.47000122,50.25,15,203364.692,50.251,9199.033,2803.871,Merwin,2803.870722,203364.689
102240,09006001,86.29000092,97.99,15,396570.77,97.993,19047.996,5805.841,Upper (North) Island,5805.840775,396570.7651
102241,09006002,73.09999847,236.54,15,957275.676,236.543,35609.006,10853.647,Lower (South) Island,10853.64712,957275.6574
102242,09006200,96.91999817,100.57,15,406993.585,100.568,15780.824,4810.005,Cross,4810.005101,406993.5792
102243,09006300,79.26000214,46.88,15,189730.976,46.883,10336.226,3150.488,Woodbury,3150.487617,189730.9704
102244,09006700,77.45999908,182.13,15,737084.641,182.134,38905.076,11858.291,Tamarack,11858.29069,737084.6406
102245,09006800,69.15000153,95.32,15,385763.771,95.322,22124.928,6743.692,Cole,6743.691281,385763.7784
102246,09007100,100,32.75,15,132538.791,32.75,5275.749,1608.052,Walli,1608.051863,132538.791
102247,09007400,62.40000153,13.77,15,55746.36,13.775,8075.12,2461.302,Kettle,2461.301645,55746.3706
102248,09016700,47.70000076,95.86,15,387943.919,95.861,56992.633,17371.389,Fond du Lac Reservoir,17371.38935,387943.9214
102249,09016800,71.41999817,39.01,15,157871.142,39.01,23517.066,7168.016,Knife Falls Reservoir,7168.015537,157871.125
102250,09016900,75.80000305,55.29,15,223750.173,55.289,41848.691,12755.506,Scanlon Reservoir,12755.50605,223750.185
102251,09017300,80.80999756,213.24,15,862953.515,213.236,59244.294,18057.697,Cloquet Res.,18057.69796,862953.5304
102252,10000200,37.18000031,110.08,15,445501.629,110.083,30078.456,9167.932,Riley,9167.931833,445501.6307
102253,10000600,74.37999725,182.41,15,738204.556,182.41,44297.394,13501.873,Lotus,13501.87231,738204.5689
102254,10000700,75.48000336,68.27,15,276296.516,68.273,17333.586,5283.288,Lucy,5283.287255,276296.5105
102255,10000900,50.20999908,337.89,15,1367425.551,337.891,78808.953,24021.017,Minnewashta,24021.01744,1367425.556
102256,10001100,56.5,11.05,15,44706.193,11.047,8554.796,2607.51,St. Joe,2607.509589,44706.18796
102257,10001200,38.06000137,43.46,15,175876.39,43.459,15486.022,4720.149,Ann,4720.148993,175876.3959
102258,10001300,81.5,71.99,15,291355.913,71.994,11925.916,3635.026,Susan,3635.026519,291355.9185
102259,10001500,72.93000031,76.5,15,309606.687,76.504,20856.432,6357.053,Virginia,6357.053702,309606.6911
102260,10001800,38.40000153,40.84,15,165294.134,40.844,20188.858,6153.576,Schutz,6153.576566,165294.1362
102261,10001900,39.47999954,65.71,15,265922.947,65.71,23934.041,7295.11,Bavaria,7295.110451,265922.9396
102262,10002900,100,142.49,15,576662.648,142.493,10882.59,3317.02,Miller,3317.020192,576662.6546
102263,10004100,67.12000275,156.44,15,633102.008,156.44,47842.162,14582.32,Zumbra-Sunny,14582.32021,633102.0059
102264,10004200,94.93000031,244.78,15,990617.848,244.782,22142.126,6748.933,Parley,6748.933991,990617.8532
102265,10004401,43.83000183,63.28,15,256086.796,63.279,17881.822,5450.39,West Auburn,5450.390024,256086.8038
102266,10004402,74.55000305,109.16,15,441765.509,109.16,17689.132,5391.658,East Auburn,5391.658315,441765.5151
102267,10004500,61.86999893,102.63,15,415343.895,102.631,19786.237,6030.857,Steiger,6030.857223,415343.8977
102268,10004600,63.11999893,10.1,15,40883.218,10.102,6176.523,1882.61,Church,1882.60976,40883.21173
102269,10004800,73.16999817,120.24,15,486596.536,120.238,16966.808,5171.493,Wassermann,5171.493042,486596.5365
102270,10005100,66.72000122,26.99,15,109235.195,26.992,8096.516,2467.826,Turbid,2467.82556,109235.1906
102271,10005200,59.90000153,55.1,15,222996.468,55.102,15947.795,4860.898,Reitz,4860.89772,222996.4661
102272,10005300,47.72000122,141.56,15,572887.821,141.561,29929.673,9122.583,Piersons,9122.582755,572887.8392
102273,10005600,72.22000122,72.58,15,293721.045,72.578,13533.385,4124.988,Stone,4124.988431,293721.0372
102274,10005900,57.29999924,1783.65,15,7218335.15,1783.651,106489.517,32458.07,Waconia,32458.06962,7218335.141
102275,10008000,100,57.35,15,232092.758,57.35,6557.97,1998.873,Rutz,1998.873435,232092.7552
102276,10008400,73.31999969,70.9,15,286942.223,70.903,16929.065,5159.989,Burandt,5159.989189,286942.2193
102277,10008800,77,171.62,15,694526.335,171.617,19911.293,6068.974,Hydes,6068.974609,694526.3424
102278,10008900,100,302.15,15,1222799.431,302.154,25772.611,7855.508,Goose,7855.507879,1222799.444
102279,10009300,98.02999878,360.47,15,1458784.28,360.466,34768.107,10597.34,Oak,10597.34027,1458784.274
102280,10009400,100,216.12,15,874643.188,216.124,13600.292,4145.377,Mud,4145.37724,874643.1835
102281,10012000,99.84999847,20.08,15,81268.713,20.081,3576.487,1090.115,Smith,1090.115554,81268.71766
102282,10012100,100,183.94,15,744401.423,183.942,13481.088,4109.044,Eagle,4109.0437,744401.4315
102283,10021800,80.12999725,16.17,15,65442.835,16.171,7050.681,2149.052,Unnamed (Grace),2149.051908,65442.8396
102284,11000600,56.40000153,92.71,15,375204.262,92.713,17777.278,5418.525,Morrison,5418.525068,375204.2617
102285,11000901,25.02000046,56.95,15,230493.307,56.955,50001.854,15240.595,Little Thunder (West Bay),15240.59537,230493.322
102286,11000902,46.56000137,14.16,15,57308.125,14.161,13351.084,4069.419,Little Thunder (East Bay),4069.418452,57308.12185
102287,11002600,50.49000168,354.61,15,1435090.228,354.611,65190.119,19869.988,Sugar,19869.98836,1435090.225
102288,11003700,28.76000023,34.95,15,141451.292,34.953,36625.539,11163.487,Leavitt,11163.48644,141451.2999
102289,11004300,19.94000053,302.23,15,1223099.027,302.228,194547.906,59298.32,Roosevelt,59298.32072,1223099.07
102290,11005300,41.43000031,93.17,15,377063.712,93.172,44639.769,13606.229,Lawrence,13606.22854,377063.7016
102291,11005400,54.81999969,14.61,15,59106.706,14.605,7978.688,2431.909,Little Andrus,2431.909156,59106.70208
102292,11005900,45.06000137,720.55,15,2916038.081,720.553,173948.171,53019.508,Washburn,53019.50877,2916038.13
102293,11006200,22.86000061,308.7,15,1249281.534,308.697,169948.89,51800.525,Thunder,51800.52524,1249281.548
102294,11006300,66.70999908,92.64,15,374907.191,92.64,22000.47,6705.757,Little Bass,6705.75672,374907.1912
102295,11006900,28.18000031,55.54,15,224762.816,55.539,36413.319,11098.802,Bass,11098.802,224762.7984
102296,11007700,86.01999664,627.9,15,2541075.108,627.9,53282.097,16240.416,Big Sand,16240.4159,2541075.091
102297,11008200,58.99000168,12.27,15,49675.226,12.275,9497.246,2894.766,Cedar,2894.766087,49675.23247
102298,11008600,36.45999908,135.7,15,549162.992,135.698,61292.83,18682.092,Grave,18682.0918,549162.9881
102299,11008700,99.52999878,131.29,15,531309.431,131.287,11309.721,3447.21,Knight,3447.209868,531309.4308
102300,11009200,100,407.3,15,1648329.183,407.302,21440.963,6535.219,Little Sand,6535.218429,1648329.161
102301,11010100,99.25,612.27,15,2477820.267,612.269,37143.476,11321.354,George,11321.35435,2477820.275
102302,11010200,40.63999939,146.13,15,591371.947,146.128,53724.01,16375.111,Island,16375.11115,591371.9497
102303,11010400,100,1255.45,15,5080721.059,1255.446,41327.847,12596.753,Laura,12596.75303,5080721.059
102304,11010500,34.09000015,143.68,15,581451.925,143.677,47062.683,14344.735,Upper Trelipe,14344.73455,581451.9285
102305,11011400,90.31999969,101.89,15,412330.336,101.887,17742.563,5407.944,Mitten,5407.943687,412330.3346
102306,11011600,58.45999908,58.52,15,236815.555,58.517,20063.354,6115.322,Stevens,6115.322253,236815.5549
102307,11011700,100,108.68,15,439818.766,108.679,10053.907,3064.437,Twenty-Six,3064.436852,439818.7656
102308,11012001,51.52000046,185.14,15,749232.304,185.135,45122.638,13753.407,Inguadona (N. Bay),13753.40768,749232.3015
102309,11012002,50.56999969,391.22,15,1583226.237,391.215,58335.565,17780.716,Inguadona (S. Bay),17780.7157,1583226.25
102310,11012100,100,183.98,15,744564.95,183.982,11348.953,3459.168,Mabel,3459.167959,744564.9588
102311,11012900,59.43999863,371.62,15,1503925.694,371.62,51837.845,15800.207,Lower Trelipe,15800.20699,1503925.685
102312,11013300,52.38000107,186.76,15,755820.733,186.763,57065.513,17393.603,Swift,17393.60313,755820.7324
102313,11014200,41.27999878,406.83,15,1646421.187,406.831,153861.3,46897.018,Long,46897.01862,1646421.203
102314,11014300,64.37999725,2237,15,9053019.282,2237.001,204752.108,62408.567,Boy,62408.5685,9053019.304
102315,11014600,47.34999847,624.96,15,2529190.108,624.963,79820.482,24329.332,Six Mile,24329.33207,2529190.098
102316,11014700,36.77000046,20917.67,15,84652634.08,20917.666,728981.866,222194.117,Winnibigoshish,222194.118,84652634.08
102317,11016200,79.02999878,213.52,15,864088.179,213.516,28926.772,8816.898,Rice,8816.89763,864088.1773
102318,11016300,33.58000183,44.51,15,180122.963,44.508,27509.943,8385.047,Cooper,8385.047291,180122.9607
102319,11016700,36.04999924,523.37,15,2118056.766,523.372,99395.89,30295.928,Little Boy,30295.92687,2118056.763
102320,11017000,30.57999992,56.18,15,227354.069,56.179,24711.703,7532.142,Hunter,7532.142213,227354.0698
102321,11017101,39.5,234.86,15,950475.011,234.862,53734.786,16378.395,Wabedo (North East Bay),16378.39516,950474.9924
102322,11017102,31.79999924,200.95,15,813252.225,200.955,63098.73,19232.532,Wabedo (South West Bay),19232.53193,813252.2213
102323,11017400,63.11000061,265.94,15,1076242.899,265.94,69641.202,21226.681,Girl,21226.68093,1076242.896
102324,11017700,99.12999725,287.89,15,1165072.061,287.889,39681.491,12094.943,Three Island,12094.94274,1165072.061
102325,11018200,66.94999695,81.28,15,328917.069,81.275,30881.948,9412.836,Kego,9412.836578,328917.0675
102326,11019000,100,697.66,15,2823377.105,697.656,43749.309,13334.816,Town Line,13334.81616,2823377.105
102327,11019900,52.56000137,191.17,15,773661.408,191.172,52519.973,16008.12,Hay,16008.11985,773661.4036
102328,11020000,44.88000107,235.43,15,952757.566,235.426,57267.571,17455.19,Mule,17455.19084,952757.5524
102329,11020101,54.61000061,423.88,15,1715406.19,423.877,80520.323,24542.644,Broadwater Bay,24542.64386,1715406.18
102330,11020102,36.93999863,1756.02,15,7106524.622,1756.022,262673.411,80063.016,Woman (main lake),80063.01511,7106524.584
102331,11020200,78.44999695,96.24,15,389480.746,96.241,16574.364,5051.876,Silver,5051.875929,389480.7463
102332,11020301,50.04999924,51849.21,15,209830867.2,51849.207,1781316.076,542946.226,Leech (Main Basin),542946.2533,209830867.1
102333,11020302,39.68000031,381.85,15,1545334.142,381.852,58064.202,17698.004,Leech (Kabekona Bay),17698.0039,1545334.094
102334,11020400,46.97000122,722.61,15,2924371.827,722.612,84558.425,25773.459,Portage,25773.45993,2924371.828
102335,11021600,100,157.41,15,637028.549,157.41,10211.096,3112.348,Agate,3112.348525,637028.5416
102336,11021800,42.72999954,180.29,15,729623.993,180.29,74778.192,22792.438,Upper Gull,22792.43867,729623.9837
102337,11022000,81.20999908,112.44,15,455051.504,112.443,16764.871,5109.943,Ray,5109.942684,455051.4931
102338,11022200,69.93000031,170.02,15,688062.18,170.02,43904.728,13382.188,Margaret,13382.187,688062.1482
102339,11022600,97.30999756,225.52,15,912680.691,225.523,17224.536,5250.049,Loon,5250.049273,912680.6908
102340,11023200,41.54000092,220.01,15,890366.52,220.01,74957.643,22847.135,Hattie,22847.13572,890366.5012
102341,11023400,35.49000168,137.72,15,557330.148,137.716,44255.453,13489.089,Ponto,13489.08913,557330.134
102342,11023700,25.01000023,32.27,15,130598.326,32.271,17909.842,5458.931,Deep Portage,5458.930765,130598.3259
102343,11024200,53.38999939,154.41,15,624876.791,154.407,53883.981,16423.87,Hand,16423.87087,624876.7834
102344,11024600,66.55999756,75.12,15,303996.059,75.117,18290.661,5575.004,Sylvan,5575.004365,303996.0606
102345,11025000,39.91999817,360.97,15,1460823.682,360.97,81238.415,24761.518,Ada,24761.51807,1460823.67
102346,11025700,58.93000031,109.08,15,441453.522,109.083,33471.883,10202.25,Island,10202.25017,441453.519
102347,11025800,70.13999939,172.94,15,699871.159,172.938,41936.203,12782.18,Long,12782.17995,699871.1609
102348,11026100,88.01999664,147.83,15,598263.065,147.831,28535.045,8697.499,McKeown,8697.498886,598263.0645
102349,11026200,22.63999939,38.05,15,153978.798,38.048,27756.8,8460.29,Kid,8460.289659,153978.7951
102350,11026300,49.90000153,162.47,15,657491.877,162.466,46563.186,14192.488,Child,14192.4874,657491.8549
102351,11026500,100,35.91,15,145336.866,35.913,5668.016,1727.615,Little Woman,1727.614507,145336.8695
102352,11027000,69.58999634,108.19,15,437837.498,108.19,39610.533,12073.315,Trillium,12073.3147,437837.4981
102353,11027300,41.72000122,83.62,15,338414.034,83.622,31334.482,9550.769,Widow,9550.769253,338414.0437
102354,11027400,47.54999924,365.48,15,1479075.349,365.48,75976.404,23157.654,Blackwater,23157.65406,1479075.373
102355,11027500,99.36000061,41.06,15,166166.395,41.06,7308.244,2227.557,Sand,2227.556688,166166.398
102356,11027700,15.92000008,85.28,15,345121.59,85.28,50119.594,15276.483,Big Deep,15276.4828,345121.5967
102357,11027900,40.83000183,60.51,15,244893.705,60.513,18604.692,5670.722,Sand,5670.721767,244893.6833
102358,11028100,68.62999725,103.86,15,420332.175,103.864,31150.269,9494.621,Barnum,9494.621225,420332.1751
102359,11028200,23.79999924,115.61,15,467882.254,115.614,48262.534,14710.45,Man,14710.44978,467882.2561
102360,11028300,31.62000084,240.43,15,973010.426,240.431,127691.679,38920.502,Baby,38920.50163,973010.4167
102361,11029200,69.44999695,181.15,15,733118.899,181.154,29868.483,9103.932,Pine,9103.931663,733118.8958
102362,11029500,62.91999817,9.27,15,37530.825,9.274,5903.166,1799.289,Hazel,1799.288619,37530.82616
102363,11029600,46.70000076,127.21,15,514793.145,127.205,52958.589,16141.81,Moccasin,16141.81023,514793.1343
102364,11030400,51.36999893,460.95,15,1865432.83,460.948,95768.463,29190.286,Sylvan,29190.28538,1865432.863
102365,11030500,34.00999832,3390.46,15,13721013.09,3390.462,504126.247,153657.987,Gull,153657.9886,13721013.17
102366,11030700,100,514.88,15,2083687.127,514.879,21565.95,6573.315,Norway,6573.314625,2083687.119
102367,11030801,97.69999695,709.46,15,2871136.29,709.458,26992.307,8227.272,Big Portage (West Bay),8227.271577,2871136.293
102368,11030802,100,176.18,15,713004.268,176.183,15810.739,4819.123,Big Portage (East Bay),4819.122975,713004.2683
102369,11031100,35.36999893,263.16,15,1065001.304,263.162,85267.315,25989.53,Webb,25989.53015,1065001.289
102370,11031300,51.43999863,302.44,15,1223942.348,302.436,35805.96,10913.678,Lower Sucker,10913.67863,1223942.359
102371,11032000,36.50999832,74.72,15,302396.42,74.722,22307.673,6799.392,Pillager,6799.392117,302396.4226
102372,11032400,98.5,257.09,15,1040447.601,257.095,19805.834,6036.83,Rock,6036.830719,1040447.605
102373,11035000,28.03000069,51.06,15,206646.489,51.062,21361.113,6510.88,Bowen,6510.88023,206646.4852
102374,11035100,37.91999817,93.65,15,378984.947,93.647,39374.918,12001.499,Five Point,12001.49872,378984.9494
102375,11035300,68.06999969,89.65,15,362804.6,89.649,15365.823,4683.512,Beuber,4683.512219,362804.6018
102376,11035500,56.81000137,106.08,15,429296.627,106.079,25265.111,7700.821,Ox Yoke,7700.821352,429296.6268
102377,11035800,39.70000076,99.99,15,404648.714,99.989,32968.553,10048.835,Horseshoe,10048.83501,404648.7275
102378,11036000,93.40000153,101.06,15,408993.419,101.062,12359.599,3767.213,Island,3767.213427,408993.4289
102379,11036100,39.13000107,86.2,15,348858.798,86.203,26565.503,8097.181,Sanborn,8097.181496,348858.7945
102380,11036700,65.63999939,288.77,15,1168620.287,288.766,40554.772,12361.119,Lind,12361.11913,1168620.287
102381,11037100,35.31999969,198.94,15,805082.915,198.936,58904.478,17954.121,Stony,17954.12069,805082.9172
102382,11038100,81.61000061,119.23,15,482497.419,119.225,21457.531,6540.268,Paquet,6540.268361,482497.4193
102383,11038200,60.58000183,63.97,15,258902.739,63.975,15560.135,4742.739,Boss,4742.738695,258902.7387
102384,11038300,40.24000168,436.43,15,1766208.188,436.43,79269.64,24161.435,Pleasant,24161.43423,1766208.194
102385,11038700,62.95999908,142.34,15,576051.83,142.342,25753.362,7849.64,Little Webb,7849.64031,576051.8305
102386,11039400,89.44000244,118.92,15,481264.817,118.921,23027.573,7018.818,Hovde,7018.818539,481264.8047
102387,11039600,75.26000214,57.93,15,234428.606,57.927,13145.062,4006.623,Diamond,4006.622677,234428.6069
102388,11040000,53.91999817,76.55,15,309804.751,76.553,22583.106,6883.344,Jack,6883.344437,309804.7512
102389,11041100,37.91999817,611.08,15,2473008.658,611.08,93776.776,28583.218,Pine Mountain,28583.21862,2473008.647
102390,11041200,60.13000107,761.91,15,3083396.61,761.907,127139.39,38752.164,Birch,38752.16351,3083396.635
102391,11041300,28.81999969,1454.45,15,5886064.268,1454.446,248442.35,75725.38,Ten Mile,75725.38032,5886064.298
102392,11041500,46.18999863,2194.53,15,8881151.589,2194.533,142859.433,43543.642,Pike Bay,43543.64211,8881151.539
102393,11045400,45.27999878,64.53,15,261147.061,64.529,32807.992,9999.896,Long,9999.8957,261147.059
102394,11046300,44.54000092,71.14,15,287888.525,71.137,25559.482,7790.546,Variety,7790.545467,287888.5248
102395,11047200,31.5,121.46,15,491547.311,121.461,75001.152,22860.397,Howard,22860.39709,491547.3068
102396,11047600,32.02000046,90.67,15,366953.575,90.674,29833.974,9093.413,Portage,9093.413549,366953.5635
102397,11048000,45.04999924,128.1,15,518426.638,128.103,38814.191,11830.589,Long,11830.58953,518426.6393
102398,11048200,44.15999985,63.3,15,256153.789,63.296,25026.977,7628.238,May,7628.237726,256153.7958
102399,11048400,100,168.75,15,682933.864,168.753,16846.369,5134.783,Twin,5134.783466,682933.8644
102400,11048800,70.02999878,389.93,15,1578006.293,389.925,34194.021,10422.358,Thirteen,10422.35838,1578006.258
102401,11049000,47.52000046,169.74,15,686937.404,169.742,30837.128,9399.176,Portage,9399.175995,686937.4277
102402,11049300,42.83000183,83.5,15,337918.641,83.5,20962.162,6389.28,Welch,6389.279941,337918.6411
102403,11049400,45.20999908,255.38,15,1033503.916,255.379,35103.046,10699.43,Crooked,10699.42932,1033503.923
102404,11050000,91.36000061,133.21,15,539098.998,133.211,26447.335,8061.164,Spider,8061.162943,539098.984
102405,11050200,84.38999939,160.52,15,649604.643,160.517,27641.565,8425.166,Crystal,8425.165791,649604.6463
102406,11050400,31.65999985,553.6,15,2240405.149,553.604,80419.707,24511.976,Steamboat,24511.97543,2240405.127
102407,11050500,50.41999817,266.2,15,1077316.475,266.205,40984.18,12492.003,Little Wolf,12492.00381,1077316.471
102408,13001201,61.97999954,287.71,15,1164327.258,287.705,37557.407,11447.521,Chisago (north portion),11447.5199,1164327.245
102409,13001202,99.68000031,437.78,15,1771655.1,437.776,41699.693,12710.092,Chisago (south portion),12710.09235,1771655.082
102410,13001300,77.33999634,140.32,15,567854.738,140.317,19935.65,6076.398,Kroon,6076.398487,567854.768
102411,13001900,98.52999878,130.68,15,528867.898,130.683,32095.815,9782.824,Spider,9782.823524,528867.9232
102412,13002700,65.48000336,544.51,15,2203592.34,544.508,87748.099,26745.674,South Center,26745.67385,2203592.333
102413,13002800,47.66999817,261.42,15,1057948.522,261.419,43615.753,13294.108,South Lindstrom,13294.1084,1057948.505
102414,13002900,98.33999634,139.96,15,566423.995,139.963,19176.444,5844.992,Wallmark,5844.99167,566424.0009
102415,13003100,96.01000214,767.26,15,3105048.306,767.257,41771.238,12731.899,Sunrise,12731.89872,3105048.316
102416,13003201,85.70999908,642.2,15,2598954.629,642.202,79609.046,24264.886,North Center Lake,24264.88597,2598954.649
102417,13003300,75.80000305,113.98,15,461266.982,113.979,20693.887,6307.509,Little,6307.509468,461266.9672
102418,13003500,43.54000092,61.92,15,250599.105,61.923,24418.321,7442.719,North Lindstrom,7442.719208,250599.1309
102419,13004101,100,225.47,15,912456.302,225.468,13491.071,4112.087,Green (Little Green),4112.086708,912456.3167
102420,13004102,67.33000183,1073.37,15,4343855.487,1073.367,99505.988,30329.486,Green (Main Basin),30329.48563,4343855.528
102421,13005300,40.40999985,88.03,15,356255.736,88.031,33049.548,10073.522,Comfort,10073.52254,356255.7369
102422,13005400,48.93000031,17.83,15,72163.303,17.832,9136.621,2784.848,Little Comfort,2784.84781,72163.29262
102423,13006800,50.13000107,157.44,15,637141.904,157.438,31053.291,9465.062,Fish,9465.062298,637141.9055
102424,13006901,76.55999756,1136.44,15,4599094.513,1136.436,94831.418,28904.674,East Rush,28904.67366,4599094.489
102425,13006902,54.95999908,902.79,15,3653548.187,902.792,188596.612,57484.362,West Rush,57484.36234,3653548.195
102426,13007300,58.47999954,129.13,15,522584.487,129.131,40427.281,12322.26,Horseshoe,12322.25993,522584.4808
102427,13007400,71.11000061,33.29,15,134711.364,33.287,10581.763,3225.328,Mandall,3225.327855,134711.3721
102428,13007900,73.30000305,37.82,15,153039.884,37.816,10295.528,3138.083,Rabour,3138.083091,153039.8846
102429,13008301,100,272,15,1100763.387,271.999,14842.944,4524.138,Goose (North Bay),4524.138582,1100763.383
102430,13008302,47.08000183,210.63,15,852401.362,210.628,44057.047,13428.615,Goose (South Bay),13428.61489,852401.3609
102431,14000400,99.56999969,249.68,15,1010431.167,249.678,14119.981,4303.779,Tilde,4303.778942,1010431.171
102432,14002100,93.08999634,128.89,15,521624.003,128.893,23977.749,7308.433,Ten,7308.432718,521624.0421
102433,14003000,69.55000305,92.55,15,374533.643,92.547,25535.811,7783.331,Fifteen,7783.330992,374533.6492
102434,14003500,100,45.98,15,186087.237,45.982,6358.557,1938.094,Mayfield,1938.093944,186087.2362
102435,14004900,51.93000031,70.14,15,283841.336,70.137,41559.266,12667.29,Lee,12667.2899,283841.3354
102436,14005100,100,28.86,15,116781.448,28.857,5784.984,1763.268,Unnamed,1763.268411,116781.4486
102437,14005600,100,43.16,15,174685.885,43.165,7144.115,2177.533,Knudson,2177.53301,174685.8833
102438,14006300,100,58.01,15,234746.33,58.006,8541.501,2603.457,Overson,2603.457346,234746.3178
102439,14010000,30.48999977,33.23,15,134478.621,33.23,17117.49,5217.422,Silver,5217.421662,134478.6153
102440,14039303,100.0199966,24.85,15,100556.876,24.848,4661.033,1420.686,,1420.685525,100556.8736
102441,15000100,18.25,42.33,15,171319.388,42.333,32398.102,9874.961,Big LaSalle,9874.96153,171319.3861
102442,15000500,36.93999863,64.88,15,262549.982,64.876,35946.385,10956.48,Ozawindib,10956.48105,262549.9817
102443,15001000,25.20999908,75.51,15,305579.278,75.509,37037.919,11289.18,Elk,11289.18043,305579.281
102444,15001600,39.97999954,426.8,15,1727256.04,426.805,145316.084,44292.431,Itasca,44292.4298,1727256.03
102445,15003800,38.13000107,28.06,15,113575.255,28.064,21428.061,6531.286,Falk,6531.285673,113575.2559
102446,15004000,52.70000076,51.34,15,207779.01,51.342,20675.867,6302.017,Bagley,6302.016729,207779.0142
102447,15005900,100,1526.73,15,6178573.731,1526.726,31657.079,9649.107,Upper Rice,9649.106342,6178573.733
102448,15006000,41.81999969,39.83,15,161194.422,39.831,29135.257,8880.444,Walker Brook,8880.444334,161194.4303
102449,15006800,70.83999634,382.53,15,1548087.025,382.532,110007.77,33530.435,Long Lost,33530.43557,1548087.047
102450,15007500,100,141.35,15,572026.883,141.348,10512.093,3204.096,Rockstad,3204.095511,572026.9023
102451,15007900,91.79000092,211.13,15,854414.52,211.126,18324.787,5585.406,Minerva,5585.406154,854414.5234
102452,15008100,40.91999817,38.84,15,157165.201,38.836,18808.751,5732.919,Lomond,5732.918392,157165.1999
102453,15009000,27.69000053,12.08,15,48901.852,12.084,18370.661,5599.389,Deep,5599.388538,48901.85567
102454,15012100,97.02999878,63.65,15,257569.218,63.645,12835.938,3912.406,Evey,3912.405611,257569.2203
102455,15012400,99.41000366,88.51,15,358178.046,88.506,13984.581,4262.513,McKenzie,4262.512883,358178.0267
102456,15012700,73.65000153,32.48,15,131425.543,32.475,11371.635,3466.085,Island,3466.084931,131425.5599
102457,15012800,63.22000122,32.62,15,132022.269,32.623,14083.777,4292.748,Waptus,4292.747913,132022.2779
102458,15013700,86.81999969,95.32,15,385768.681,95.323,16996.822,5180.642,Minnow,5180.64212,385768.6728
102459,15014400,75.54000092,72.12,15,291883.611,72.124,16349.09,4983.213,Lindberg,4983.212314,291883.6079
102460,15014900,98.44999695,1236.15,15,5002630.645,1236.15,58543.633,17844.135,Pine,17844.13543,5002630.661
102461,16001900,54.97000122,223.82,15,905799.655,223.823,67263.086,20501.83,Tom,20501.82967,905799.6674
102462,16002700,55.70000076,214.88,15,869601.218,214.878,58232.003,17749.15,McFarland,17749.14946,869601.194
102463,16002900,56.81999969,233.21,15,943788.471,233.21,74889.783,22826.451,Devilfish,22826.45176,943788.4702
102464,16003300,58.25999832,28.54,15,115519.27,28.545,14311.195,4362.061,Chester,4362.06093,115519.2697
102465,16004900,22.78000069,58.01,15,234766.112,58.011,32568.496,9926.898,Trout,9926.897425,234766.1109
102466,16007700,26.45999908,553.28,15,2239086.346,553.278,235297.043,71718.682,Greenwood,71718.68161,2239086.323
102467,16011400,29.35000038,155.22,15,628173.866,155.222,94933.454,28935.775,Alder,28935.77424,628173.8759
102468,16014300,33.65000153,628.34,15,2542837.308,628.335,169519.358,51669.604,Devil Track,51669.60359,2542837.303
102469,16014500,90.59999847,156.56,15,633603.991,156.564,22449.389,6842.587,East Twin,6842.586557,633603.9828
102470,16014600,48.77000046,289.32,15,1170867.484,289.321,132436.807,40366.82,East Bearskin,40366.81867,1170867.515
102471,16014700,31.42000008,103.71,15,419721.471,103.713,82208.216,25057.114,Flour,25057.11434,419721.475
102472,16015600,96.19000244,725.11,15,2934461.258,725.105,84041.072,25615.77,Two Island,25615.77039,2934461.272
102473,16018200,83.37000275,171.74,15,695028.91,171.742,44266.286,13492.391,Ball Club,13492.39056,695028.901
102474,16020400,68.27999878,94.3,15,381615.468,94.297,29711.182,9055.986,Aspen,9055.986542,381615.4773
102475,16022700,39.77999878,186.03,15,752865.635,186.033,80021.386,24390.567,Hungry Jack,24390.56786,752865.6454
102476,16022800,19.20000076,95.82,15,387770.05,95.818,88508.529,26977.454,Bearskin,26977.45338,387770.0286
102477,16023900,39.47999954,342.63,15,1386598.584,342.629,216432.648,65968.803,Poplar,65968.8018,1386598.596
102478,16024700,29.45999908,69.8,15,282481.26,69.801,68280.708,20812.002,Birch,20812.00155,282481.2676
102479,16025200,35.25,287.04,15,1161641.178,287.042,77140.25,23512.395,Pike,23512.39607,1161641.187
102480,16025300,54.41999817,181.18,15,733215.841,181.178,45644.185,13912.375,Deer Yard,13912.3756,733215.8424
102481,16031900,34.29999924,136.52,15,552492.948,136.521,137065.472,41777.639,Gaskin,41777.63886,552492.9394
102482,16032800,86.25,107.83,15,436400.185,107.834,54549.647,16626.766,Iron,16626.76535,436400.1929
102483,16034600,99.61000061,449.72,15,1819976.495,449.716,47695.998,14537.769,Cascade,14537.76803,1819976.525
102484,16034700,100,266.15,15,1077108.527,266.154,25888.447,7890.814,Little Cascade,7890.813835,1077108.53
102485,16034800,28.92000008,1381.52,15,5590926.847,1381.518,517915.643,157861.004,Brule,157861.0049,5590926.85
102486,16035500,98.22000122,115.06,15,465648.12,115.062,40033.29,12202.171,Little Iron,12202.17128,465648.1116
102487,16036000,59.97999954,432.2,15,1749073.521,432.196,77923.769,23751.212,Caribou,23751.21241,1749073.497
102488,16038400,98.81999969,354.56,15,1434884.907,354.56,38779.009,11819.866,Tait,11819.86543,1434884.903
102489,16044800,18.5,202.65,15,820107.267,202.649,145988.213,44497.296,Loon,44497.29697,820107.286
102490,16045400,77.62000275,586.39,15,2373081.296,586.388,107226.155,32682.597,Crescent,32682.5973,2373081.31
102491,16046300,22.27000046,99.59,15,403015.715,99.585,70768.134,21570.17,Magnetic,21570.16993,403015.7352
102492,16062200,37.56000137,368.2,15,1490088.228,368.201,145539.796,44360.619,Alton,44360.61987,1490088.243
102493,16063400,85.19000244,58.38,15,236263.215,58.381,10731.152,3270.862,Dyers,3270.861727,236263.2183
102494,16063900,97.94999695,580.81,15,2350500.305,580.809,56658.072,17269.415,Four Mile,17269.41448,2350500.334
102495,16064500,100,368.93,15,1493046.927,368.932,19512.264,5947.35,Toohey,5947.350116,1493046.928
102496,16066400,99.61000061,78.01,15,315695.094,78.008,16382.846,4993.501,Wonder,4993.501683,315695.0891
102497,16081100,13.63000011,161.69,15,654339.518,161.687,146353.791,44606.459,Gabimichigami,44606.46002,654339.5248
102498,17000300,100,219.79,15,889469.356,219.788,23053.206,7026.631,Mountain,7026.631361,889469.356
102499,17000700,100,269.75,15,1091658.171,269.749,17011.659,5185.164,Bingham,5185.163945,1091658.166
102500,17002000,100,105.41,15,426569.811,105.405,8055.563,2455.34,Eagle,2455.340386,426569.8113
102501,17002200,99.76000214,154.97,15,627149.683,154.969,18328.263,5586.466,Cottonwood,5586.466017,627149.6807
102502,17002400,100,65.88,15,266616.795,65.881,8506.97,2592.93,String,2592.92953,266616.7951
102503,17004100,100,240.8,15,974509.393,240.801,17475.416,5326.517,South Clear,5326.517442,974509.3928
102504,17004801,100,41.38,15,167458.48,41.379,7104.106,2165.336,Round,2165.335955,167458.4805
102505,17004900,100,135.26,15,547396.652,135.262,11588.243,3532.104,Carey,3532.10364,547396.6717
102506,17005400,99.98999786,163.56,15,661936.152,163.564,10279.245,3133.12,Bean,3133.120346,661936.168
102507,17005601,100,135.62,15,548844.895,135.62,11632.546,3545.607,Double (North Portion),3545.606889,548844.8937
102508,17006000,99.56999969,873.04,15,3533139.583,873.039,45100.767,13746.741,Talcot,13746.74153,3533139.554
102509,17007300,100,64.14,15,259562.207,64.138,7051.193,2149.208,Summit,2149.207722,259562.2096
102510,18000100,59.77999878,434,15,1756354.76,433.995,69009.539,21034.15,Whitefish,21034.14957,1756354.759
102511,18001800,45.15999985,241.16,15,975944.937,241.156,89789.033,27367.752,Camp,27367.75114,975944.945
102512,18002000,35.93000031,370.94,15,1501158.239,370.936,136370.73,41565.882,Borden,41565.88205,1501158.234
102513,18002800,45.90000153,225.29,15,911723.753,225.287,70791.718,21577.359,Smith,21577.35871,911723.7489
102514,18003400,37.88999939,878.98,15,3557186.829,878.981,275709.52,84036.43,Bay,84036.42949,3557186.78
102515,18003800,37.29000092,338.34,15,1369252.616,338.342,82071.233,25015.362,Clearwater,25015.36157,1369252.641
102516,18004101,54.50999832,52.28,15,211571.533,52.279,17567.091,5354.46,Crooked (Sugar Bay),5354.460513,211571.5352
102517,18004102,51.83000183,187.15,15,757403.199,187.154,68632.561,20919.246,Crooked (Main Bay),20919.24669,757403.1727
102518,18004400,29.28000069,48.08,15,194575.8,48.08,19591.095,5971.378,Hanks,5971.377604,194575.7779
102519,18005000,40.68999863,116.21,15,470280.231,116.206,26906.829,8201.218,Portage,8201.217883,470280.2359
102520,18008800,94.31999969,1615.91,15,6539491.272,1615.908,84875.584,25870.13,Platte,25870.1301,6539491.268
102521,18009000,27.29999924,301.12,15,1218611.644,301.119,104302.75,31791.542,Serpent,31791.54154,1218611.657
102522,18009301,35.77000046,240.88,15,974819.269,240.878,78949.995,24064.007,Rabbit (East Portion),24064.00551,974819.2837
102523,18009302,31.85000038,170.32,15,689290.624,170.324,70987.306,21636.974,Rabbit (West Portion),21636.97487,689290.6456
102524,18009600,36.72000122,292.08,15,1182041.743,292.083,67657.099,20621.925,Upper South Long,20621.92507,1182041.686
102525,18010400,31.90999985,236.03,15,955211.824,236.033,63722.293,19422.594,Nokay,19422.59378,955211.8738
102526,18011600,65.41000366,51.65,15,209001.978,51.646,15168.474,4623.36,June,4623.36022,209001.9856
102527,18013600,34.79000092,451.45,15,1826978.176,451.446,98343.8,29975.25,South Long,29975.25026,1826978.154
102528,18014500,46.81999969,165.54,15,669945.441,165.544,66149.784,20162.494,Rice,20162.49398,669945.4418
102529,18015500,54.13999939,202.02,15,817576.755,202.023,38220.945,11649.767,Crow Wing,11649.76879,817576.7848
102530,18016500,63.52999878,313.13,15,1267209.617,313.127,57006.036,17375.474,Ross,17375.47499,1267209.629
102531,18018000,100,301.62,15,1220646.215,301.622,20197.958,6156.35,Lows,6156.349883,1220646.215
102532,18018300,63.61000061,153.49,15,621158.056,153.488,43310.081,13200.939,Island,13200.93926,621158.0571
102533,18018400,37.61000061,88.39,15,357727.021,88.394,24346.564,7420.848,Rogers,7420.847588,357727.0134
102534,18018500,34.93999863,139.41,15,564203.748,139.415,40809.644,12438.804,Mary,12438.80451,564203.7636
102535,18018600,92.23000336,151.43,15,612833.556,151.431,15519.977,4730.498,Perry,4730.498389,612833.5564
102536,18019500,99.94000244,271.5,15,1098734.02,271.497,12798.384,3900.955,Dolney,3900.955063,1098734.02
102537,18020300,99.84999847,720.62,15,2916313.874,720.621,26677.609,8131.351,Emily,8131.351639,2916313.878
102538,18020500,76.88999939,89.97,15,364099.393,89.969,21970.586,6696.648,Pickerel,6696.648165,364099.3924
102539,18020800,44.41999817,20.03,15,81046.722,20.027,14160.508,4316.132,Allen,4316.131904,81046.72979
102540,18021100,38.93000031,69.03,15,279342.802,69.026,21916.798,6680.253,Blue,6680.253529,279342.8003
102541,18021200,34.56000137,207.08,15,838025.713,207.076,53174.522,16207.627,Ruth,16207.62675,838025.715
102542,18021300,64.65000153,72.51,15,293452.101,72.512,20360.867,6206.005,Anna,6206.004845,293452.1033
102543,18021800,56.75,65.01,15,263093.461,65.01,16903.985,5152.345,Trout,5152.345077,263093.454
102544,18022000,54.70000076,68.64,15,277791.031,68.642,18517.914,5644.271,Smokey Hollow,5644.271446,277791.0324
102545,18022400,99.54000092,241.74,15,978298.275,241.738,16854.967,5137.404,Fool,5137.404071,978298.2758
102546,18022500,48.95000076,151.78,15,614240.127,151.779,25197.098,7680.091,Adney,7680.09091,614240.1233
102547,18022600,66.34999847,253.53,15,1026033.693,253.533,32949.015,10042.88,Goodrich,10042.87996,1026033.688
102548,18022701,69.11000061,68.79,15,278404.201,68.794,25666.546,7823.179,O'Brien (Southwest Bay),7823.179104,278404.2093
102549,18022702,38.43999863,33.11,15,134008.065,33.113,17442.995,5316.636,O'Brien (Northeast Bay),5316.635557,134008.0773
102550,18023100,86.37000275,167.3,15,677045.972,167.298,25377.822,7735.176,Butterfield,7735.175864,677045.9739
102551,18024200,32.63000107,285.46,15,1155245.016,285.461,56699.316,17281.986,Upper Mission,17281.98637,1155245.018
102552,18024300,64.95999908,470.59,15,1904471.02,470.595,56755.403,17299.081,Lower Mission,17299.08185,1904471.02
102553,18025100,63.45000076,585.03,15,2367586.686,585.031,75133.859,22900.846,Horseshoe,22900.84593,2367586.685
102554,18026100,98.56999969,423.89,15,1715461.319,423.89,39602.183,12070.769,Pine,12070.76936,1715461.303
102555,18026600,57.25999832,201.68,15,816199.186,201.683,51942.081,15831.978,Little Pine,15831.97768,816199.18
102556,18026800,72.63999939,36.45,15,147494.344,36.446,11940.942,3639.606,Loon,3639.606305,147494.3472
102557,18026900,48.93999863,88.07,15,356429.737,88.074,31005.724,9450.563,Island,9450.563315,356429.7435
102558,18027000,51.25,59.38,15,240306.208,59.38,19553.612,5959.953,Hen,5959.953089,240306.18
102559,18027100,58.68000031,135.71,15,549194.655,135.706,51282.338,15630.888,Daggett,15630.88792,549194.6503
102560,18027800,39.18999863,8.62,15,34901.46,8.624,7067.462,2154.167,Pleasant,2154.166648,34901.45828
102561,18028400,50.18000031,82.11,15,332285.137,82.108,17314.082,5277.343,Velvet,5277.342772,332285.1179
102562,18028700,81.13999939,287.53,15,1163638.031,287.535,39423.989,12016.456,Greer,12016.45717,1163638.047
102563,18028800,55.38999939,137.07,15,554695.272,137.065,39764.625,12120.282,Ox,12120.28191,554695.2689
102564,18029300,63.02000046,186.52,15,754829.953,186.518,39046.784,11901.483,Kego,11901.48283,754829.9633
102565,18029400,27.57999992,118.18,15,478264.241,118.179,45534.505,13878.945,Mitchell,13878.94502,478264.2408
102566,18029600,46.65999985,163.72,15,662560.003,163.719,59934.52,18268.078,Eagle,18268.07833,662560.0498
102567,18029700,31.27000046,138.39,15,560068.301,138.393,56264.599,17149.484,West Fox,17149.48399,560068.2753
102568,18029800,45.52000046,108.37,15,438576.433,108.372,42099.778,12832.038,East Fox,12832.03789,438576.4579
102569,18030200,40.61000061,17.95,15,72634.771,17.948,11550.58,3520.624,Little Ox,3520.624143,72634.77952
102570,18030500,54.24000168,1397.32,15,5654894.779,1397.324,120097.311,36605.734,Edward,36605.73373,5654894.783
102571,18030800,46.34000015,3883.67,15,15717003.3,3883.672,410032.866,124978.268,Pelican,124978.2681,15717003.31
102572,18031000,38.56999969,2997.7,15,12131531.22,2997.701,336186.41,102469.823,Whitefish,102469.8232,12131531.21
102573,18031100,51.04999924,398.92,15,1614395.846,398.917,105817.44,32253.22,Rush,32253.21962,1614395.915
102574,18031200,47.36999893,846.51,15,3425791.962,846.513,153800.413,46878.46,Cross Lake Reservoir,46878.45965,3425791.994
102575,18031400,100,147.87,15,598426.432,147.871,20474.16,6240.536,Duck,6240.536433,598426.4317
102576,18031500,29.70000076,404.85,15,1638402.996,404.849,84224.531,25671.688,Big Trout,25671.6887,1638403.009
102577,18033800,60.86999893,266.03,15,1076600.311,266.028,34999.637,10667.911,Gladstone,10667.91115,1076600.316
102578,18034000,79.13999939,153.48,15,621119.325,153.479,20121.564,6133.065,Little Hubert,6133.064959,621119.3227
102579,18034200,72.15000153,152.87,15,618650.968,152.869,21173.016,6453.548,Lougee,6453.548292,618650.9697
102580,18035100,72.15000153,195.79,15,792343.401,195.788,29366.687,8950.984,Little Pelican,8950.984246,792343.4011
102581,18035200,37.56000137,259.43,15,1049903.923,259.431,128904.989,39290.319,Ossawinnamakee,39290.31904,1049903.956
102582,18035400,35.43000031,64.52,15,261128.865,64.525,20891.158,6367.638,Pig,6367.637645,261128.8462
102583,18035500,33.66999817,113.58,15,459654.832,113.581,39217.56,11953.536,Bertha,11953.536,459654.8587
102584,18035600,66.66000366,154.88,15,626786.978,154.879,42689.521,13011.792,Clamshell,13011.79219,626786.9711
102585,18035800,54.29000092,66.61,15,269565.002,66.61,27148.827,8274.979,Bass,8274.979108,269564.999
102586,18035900,23,29.32,15,118647.954,29.318,34293.509,10452.682,Star,10452.68242,118647.9529
102587,18036100,25.31999969,46.27,15,187252.688,46.27,32428.106,9884.106,Kimball,9884.106245,187252.6715
102588,18036400,27.11000061,60.19,15,243602.176,60.194,34560.215,10533.975,Clear,10533.9744,243602.1788
102589,18036600,100,296.37,15,1199384.752,296.368,21569.074,6574.267,Arrowhead,6574.26652,1199384.752
102590,18037100,57.52999878,157.98,15,639319.814,157.976,29928.813,9122.32,Perch,9122.320454,639319.8152
102591,18037200,65.40000153,4018.38,15,16262156.28,4018.379,248467.294,75732.983,North Long,75732.98402,16262156.29
102592,18037300,35.97000122,593.59,15,2402241.959,593.594,88437.696,26955.864,Round,26955.86365,2402241.983
102593,18037400,77.91999817,239.07,15,967519.045,239.074,36100.432,11003.434,Clark,11003.43406,967519.0362
102594,18037500,35.49000168,456.98,15,1849366.627,456.978,73429.517,22381.362,Hubert,22381.36215,1849366.597
102595,18037600,53.56999969,232.78,15,942046.726,232.78,42396.147,12922.371,Upper Cullen,12922.37187,942046.7232
102596,18037700,34.65999985,137.49,15,556422.167,137.492,60688.233,18497.81,Middle Cullen,18497.8105,556422.2093
102597,18037800,21.62999916,149.89,15,606615.158,149.895,42523.734,12961.26,Lower Hay,12961.2603,606615.1643
102598,18037900,68.91999817,282.54,15,1143417.814,282.539,29512.089,8995.303,White Sand,8995.303365,1143417.787
102599,18038600,100,522.55,15,2114716.078,522.546,24183.535,7371.156,Red Sand,7371.156063,2114716.084
102600,18038701,100,41,15,165907.543,40.996,7192.398,2192.247,Upper Whipple,2192.247312,165907.541
102601,18038702,73.76000214,109.92,15,444829.25,109.917,19423.112,5920.176,Middle Whipple,5920.176495,444829.2231
102602,18038703,100,104.85,15,424315.578,104.848,14457.066,4406.523,Lower Whipple,4406.522712,424315.5784
102603,18038800,82.37000275,64.67,15,261719.219,64.671,12429.728,3788.589,Love,3788.588676,261719.2198
102604,18039600,58.77999878,93.12,15,376846.685,93.119,26637.892,8119.246,Edna,8119.245848,376846.6719
102605,18039700,68.29000092,43.99,15,178013.115,43.987,14587.435,4446.259,Fawn,4446.259133,178013.1289
102606,18039800,54.34000015,174.46,15,706037.703,174.462,52320.652,15947.367,Roy,15947.36653,706037.7134
102607,18039900,58.88999939,129.15,15,522661.01,129.15,24946.417,7603.683,Nisswa,7603.683176,522661.0021
102608,18040200,89.79000092,35.73,15,144589.235,35.728,7380.19,2249.487,Bass,2249.486406,144589.2336
102609,18040300,35.93999863,201.25,15,814439.414,201.248,40880.601,12460.432,Lower Cullen,12460.43215,814439.4277
102610,18040400,61.66999817,274.5,15,1110883.098,274.499,70674.074,21541.501,Sibley,21541.5004,1110883.11
102611,18040700,61.81000137,100.95,15,408533.26,100.949,23516.446,7167.827,East Twin,7167.827086,408533.2488
102612,18040800,94.55000305,156.39,15,632906.026,156.391,21115.028,6435.874,Mayo,6435.873601,632906.0422
102613,18040900,67.5,86.06,15,348275.244,86.059,20829.273,6348.775,West Twin,6348.774815,348275.2426
102614,18041200,34.97999954,208.36,15,843236.419,208.364,51596.73,15726.715,Upper Hay,15726.71451,843236.4298
102615,18041400,99.72000122,245.26,15,992573.696,245.265,16405.086,5000.28,Clough,5000.280285,992573.6931
102616,18041500,67,122.92,15,497462.173,122.923,19113.177,5825.708,Jail,5825.708227,497462.1759
102617,18041600,99.5,413.77,15,1674507.091,413.771,30680.719,9351.502,Lizzie,9351.501558,1674507.082
102618,18043400,20.92000008,2.91,15,11767.655,2.908,5618.128,1712.411,Yawkey Mine,1712.410374,11767.65908
102619,18043500,20.87999916,8.56,15,34660.877,8.565,10939.484,3334.362,Manuel Mine,3334.361817,34660.87537
102620,18043700,15.07999992,22.53,15,91190.525,22.534,31547.795,9615.787,Portsmouth Mine,9615.787675,91190.52208
102621,18043900,16.15999985,10,15,40488.861,10.005,19432.452,5923.023,Pennington Mine,5923.023761,40488.8664
102622,18044000,19.03000069,48.02,15,194341.159,48.023,80623.041,24573.952,"Mahnomen, Alstead & Arco",24573.95333,194341.1858
102623,18044100,17.87000084,18.95,15,76707.008,18.955,37711.748,11494.564,Huntington Mine,11494.56444,76706.98892
102624,18052300,20.27000046,25.17,15,101856.35,25.169,34870.34,10628.501,Sagamore Mine,10628.50051,101856.3586
102625,19000300,98.69000244,81.52,15,329920.688,81.523,19414.422,5917.528,Rebecca,5917.527386,329920.6883
102626,19000600,67.68000031,935.97,15,3787808.999,935.968,127157.676,38757.737,Byllesby,38757.73671,3787809.014
102627,19002300,100,63.58,15,257309.624,63.581,8335.331,2540.617,Farquar,2540.616727,257309.6165
102628,19002600,79.26999664,417.99,15,1691585.6,417.991,63684.675,19411.147,Marion,19411.14719,1691585.551
102629,19002700,76.80999756,221.71,15,897245.724,221.709,44547.156,13578,Crystal,13578.00051,897245.7464
102630,19003100,74.22000122,172.06,15,696336.514,172.065,22946.428,6994.085,Orchard,6994.084887,696336.5112
102631,19003400,100,20.9,15,84586.803,20.901,5496.263,1675.264,Unnamed (Bohrer Pond),1675.264271,84586.80279
102632,19005000,88.45999908,43.79,15,177214.497,43.79,10023.448,3055.153,Sunfish,3055.152947,177214.504
102633,19005700,82.22000122,25.53,15,103307.705,25.527,9906.89,3019.626,Fish,3019.626115,103307.7057
102634,19006500,72.20999908,27.24,15,110242.576,27.241,9411.276,2868.563,Holland,2868.562518,110242.574
102635,19006600,75.02999878,8.91,15,36069.607,8.913,4328.88,1319.445,Carlson,1319.44507,36069.60665
102636,19007900,100,104.45,15,422717.644,104.454,10051.515,3063.708,Pickerel,3063.707814,422717.6372
102637,19008000,100,102.34,15,414156.57,102.338,15804.646,4817.266,Rogers,4817.26559,414156.5738
102638,19008100,37.49000168,17.13,15,69323,17.13,12480.619,3804.1,Augusta,3804.099901,69323.00121
102639,19025900,100,14.47,15,58559.475,14.47,5416.692,1651.011,Bur Oaks Pond,1651.011201,58559.47623
102640,19045900,52.83000183,9.52,15,38532.527,9.521,11396.203,3473.57,Ann,3473.569501,38532.53171
102641,19046000,44.77999878,4.27,15,17264.614,4.266,6243.999,1903.175,North,1903.174605,17264.61597
102642,21001600,54.61999893,363.97,15,1472972.726,363.972,53468.175,16297.132,Smith,16297.13241,1472972.728
102643,21004100,53.43000031,57.34,15,232033.517,57.335,16367.585,4988.85,Union,4988.850073,232033.5097
102644,21004900,26.86000061,46.79,15,189355.873,46.79,27148.546,8274.893,Burgen,8274.893342,189355.8415
102645,21005100,60.18999863,91.56,15,370548.566,91.563,19580.38,5968.112,Henry,5968.111779,370548.5768
102646,21005200,46.16999817,295.38,15,1195392.343,295.381,57120.164,17410.261,Geneva,17410.26091,1195392.363
102647,21005300,44.65000153,61.38,15,248381.224,61.375,16673.699,5082.153,Agnes,5082.153299,248381.2315
102648,21005400,31.46999931,131.17,15,530820.114,131.166,66126.971,20155.541,Victoria,20155.54114,530820.1163
102649,21005500,62.63000107,69.04,15,279403.75,69.041,30088.356,9170.949,Jessie,9170.949072,279403.7546
102650,21005600,49.24000168,879.66,15,3559930.143,879.659,117623.808,35851.808,Le Homme Dieu,35851.80898,3559930.101
102651,21005700,35.38000107,922.22,15,3732171.434,922.22,162843.207,49634.709,Carlos,49634.7088,3732171.433
102652,21007300,69.88999939,217.64,15,880768.766,217.638,46034.633,14031.384,Vermont,14031.38458,880768.7646
102653,21007600,37.68000031,240.38,15,972800.013,240.379,42873.102,13067.748,Irene,13067.74741,972800.0179
102654,21007900,48.75,405,15,1639027.89,405.004,82096.468,25023.053,Maple,25023.05354,1639027.929
102655,21008000,52.75,553.89,15,2241547.154,553.886,75940.835,23146.813,Darling,23146.81226,2241547.168
102656,21008300,48.18999863,2758.66,15,11164156.6,2758.663,212577.573,64793.774,Miltona,64793.77328,11164156.62
102657,21008500,35.13999939,322.67,15,1305810.895,322.666,53328.833,16254.661,Andrew,16254.6606,1305810.933
102658,21009000,83.30000305,181.63,15,735054.221,181.632,21227.688,6470.212,Turtle,6470.212369,735054.229
102659,21009200,44.75,1096.45,15,4437264.986,1096.448,103528.553,31555.566,Mary,31555.56638,4437264.967
102660,21009400,45.75999832,98.15,15,397192.445,98.146,27428.913,8360.349,Louise,8360.349498,397192.4471
102661,21009500,78.01000214,88.27,15,357213.214,88.267,25696.6,7832.339,North Union,7832.33914,357213.2197
102662,21010100,67.48000336,58.03,15,234858.765,58.034,14654.379,4466.664,Stony,4466.663597,234858.7541
102663,21010200,55.20000076,163.55,15,661883.372,163.551,32464.354,9895.155,Brophy,9895.154833,661883.3634
102664,21010300,35.45000076,85.98,15,347957.854,85.98,32989.349,10055.174,"Cowdrey,Lake",10055.17361,347957.8485
102665,21010500,87.94999695,40.78,15,165037.284,40.781,13469.505,4105.513,Lottie,4105.513298,165037.2862
102666,21010600,35.06000137,268.8,15,1087804.63,268.797,86600.931,26396.017,Latoka,26396.01663,1087804.632
102667,21010800,38.45000076,158.2,15,640240.145,158.203,71527.298,21801.564,Mina,21801.56422,640240.1467
102668,21011100,67.48000336,70.91,15,286966.533,70.909,23320.155,7107.998,Cook,7107.997824,286966.5413
102669,21012000,79.31999969,109.65,15,443741.796,109.649,21411.676,6526.292,Charley,6526.292059,443741.8044
102670,21012300,39.56000137,1751.07,15,7086491.142,1751.072,233525.713,71178.78,Ida,71178.77991,7086491.163
102671,21013000,45.72000122,53.57,15,216797.057,53.571,26902.669,8199.95,Spring,8199.949823,216797.0539
102672,21013600,67.83000183,70.12,15,283752.14,70.115,19647.438,5988.551,Indian,5988.551091,283752.1333
102673,21014000,41.90000153,110.37,15,446664.861,110.371,39062.518,11906.279,Pocket,11906.27943,446664.8603
102674,21014401,49.83000183,358.52,15,1450912.005,358.52,92793.77,28283.598,Lobster (East Bay),28283.59762,1450911.999
102675,21014402,54.11999893,334.15,15,1352274.405,334.147,71926.75,21923.317,Lobster (West Bay),21923.31753,1352274.399
102676,21014500,46.72000122,550.69,15,2228600.174,550.687,133566.268,40711.08,Chippewa,40711.07983,2228600.135
102677,21015000,36.38000107,64.31,15,260241.263,64.306,23977.985,7308.505,Grants,7308.504502,260241.2631
102678,21015100,66.01000214,202.9,15,821112.345,202.897,39936.928,12172.8,Blackwell,12172.79985,821112.3756
102679,21015601,99.23999786,169.96,15,687810.848,169.958,15127.662,4610.921,Little Oscar (Main),4610.920381,687810.8373
102680,21015700,72.44000244,91.48,15,370225.401,91.483,24037.402,7326.615,Echo,7326.615136,370225.3967
102681,21016000,31.98999977,104.03,15,420999.144,104.029,42248.991,12877.518,Rachel,12877.5183,420999.1464
102682,21016200,70.70999908,171.87,15,695563.324,171.874,27003.613,8230.718,Freeborn,8230.717619,695563.298
102683,21018000,43.61999893,196.42,15,794890.066,196.417,47982.658,14625.143,Mill,14625.14349,794890.057
102684,21021200,55.36999893,147.94,15,598723.717,147.945,25642.73,7815.92,Little Chippewa,7815.919659,598723.7369
102685,21021300,70.09999847,163.77,15,662751.728,163.766,24944.443,7603.081,Devils,7603.081664,662751.7341
102686,21021600,45.52999878,72.63,15,293918.295,72.627,22718.868,6924.725,Whiskey,6924.724644,293918.3021
102687,21024200,76.51000214,466.96,15,1889774.869,466.963,35619.1,10856.723,Aaron,10856.72307,1889774.888
102688,21024500,47.66999817,392.68,15,1589173.471,392.685,41311.549,12591.785,Moses,12591.78529,1589173.469
102689,21025702,86.04000092,827.14,15,3347385.811,827.139,75064.971,22879.849,South Oscar,22879.84939,3347385.814
102690,21026400,100,388.82,15,1573527.033,388.819,24264.522,7395.841,Stowe,7395.841223,1573527.038
102691,21029100,56.59000015,519.52,15,2102459.86,519.518,97047.945,29580.273,Red Rock,29580.27224,2102459.859
102692,21032300,100,300.11,15,1214531.802,300.111,16438.554,5010.481,Jennie,5010.481293,1214531.788
102693,21035500,57.45999908,125.08,15,506177.801,125.077,25169.14,7671.569,Ina,7671.569284,506177.7785
102694,21055100,66.01999664,57.31,15,231949.428,57.315,12855.658,3918.412,Nelson,3918.412465,231949.4297
102695,22007400,77.04000092,152.24,15,616090.539,152.236,16075.912,4899.948,Bass,4899.947841,616090.5297
102696,24001400,100,2685.17,15,10866750.08,2685.174,125334.565,38202.052,Albert Lea,38202.0518,10866750.04
102697,24001500,100,1884.25,15,7625451.554,1884.249,68089.778,20753.806,Geneva,20753.80524,7625451.563
102698,24001801,99.88999939,252.16,15,1020461.417,252.156,33111.594,10092.434,Fountain (East Bay),10092.43439,1020461.426
102699,24001802,100,144.92,15,586497.812,144.924,18943.929,5774.121,Fountain (West Bay),5774.121522,586497.8264
102700,24002400,100,168.14,15,680454.482,168.14,13008.766,3965.08,White,3965.079478,680454.5029
102701,24002500,98.98999786,587.57,15,2377843.894,587.565,29949.202,9128.535,Pickeral,9128.534885,2377843.912
102702,24002700,100,332.55,15,1345828.332,332.554,20178.48,6150.413,Lower Twin,6150.412922,1345828.331
102703,24004000,100,86.99,15,352041.999,86.99,11358.068,3461.946,School Section,3461.945469,352041.9899
102704,24004300,100,21.07,15,85282.813,21.073,3678.89,1121.328,Morin,1121.327664,85282.81295
102705,25000100,33.11000061,8377.65,15,33903893.51,8377.652,614599.901,187330.425,Pepin,187330.4262,33903893.44
102706,25001400,99.37000275,822.56,15,3328842.166,822.557,54064.297,16478.847,Sturgeon,16478.84708,3328842.138
102707,25001700,100,1247.91,15,5050225.746,1247.911,74174.032,22608.313,U.S. Lock & Dam #3,22608.31339,5050225.75
102708,25001900,100,145.88,15,590359.531,145.878,17703.869,5396.156,Clear,5396.155089,590359.5356
102709,26000200,80.12000275,3042.48,15,12312738.13,3042.478,193432.026,58958.199,Pelican,58958.20001,12312738.1
102710,26002000,48.06999969,73.86,15,298900.31,73.858,23920.135,7290.872,Thompson,7290.871682,298900.3264
102711,26004000,52.95000076,109.4,15,442718.262,109.396,31804.201,9693.94,Elk,9693.940049,442718.2552
102712,26004600,100,131.36,15,531609.657,131.361,14317.945,4364.118,Lower Elk,4364.118655,531609.6664
102713,26009500,79.73999786,422.3,15,1709043.209,422.305,43978.261,13404.601,Barrett,13404.59992,1709043.201
102714,26009700,89.16999817,1613.06,15,6527958.012,1613.058,98874.916,30137.135,Pomme de Terre,30137.13482,6527958.061
102715,27001600,26.06999969,88.94,15,359942.449,88.942,29088.638,8866.235,Harriet,8866.234698,359942.4662
102716,27001800,48.86999893,26.57,15,107537.761,26.573,11795.695,3595.335,Hiawatha,3595.335454,107537.7552
102717,27001900,51.00999832,104.26,15,421932.239,104.259,35166.505,10718.772,Nokomis,10718.77245,421932.2262
102718,27003100,27.17000008,113.95,15,461133.915,113.946,39219.934,11954.26,Bde Maka Ska,11954.25978,461133.913
102719,27003501,55.84000015,37.77,15,152841.174,37.767,19603.429,5975.137,Sweeney,5975.137038,152841.1702
102720,27003700,60.36000061,23.05,15,93284.255,23.051,10160.407,3096.898,Wirth,3096.898476,93284.25189
102721,27003800,64.19999695,6.99,15,28302.302,6.993,4870.51,1484.535,Brownie,1484.534584,28302.30785
102722,27003900,36.66999817,60.06,15,243062.679,60.061,30828.535,9396.556,Cedar,9396.5561,243062.6808
102723,27004000,75.62000275,92.02,15,372406.142,92.022,25891.741,7891.818,Lake of the Isles,7891.818244,372406.1333
102724,27004201,96.58999634,123.5,15,499809.629,123.503,18804.669,5731.675,Upper Twin,5731.674452,499809.6255
102725,27004202,48.58000183,28.38,15,114868.283,28.384,14199.172,4327.916,Middle Twin,4327.915962,114868.2795
102726,27004203,81.12000275,26.6,15,107664.227,26.604,9913.327,3021.588,Lower Twin,3021.588139,107664.2246
102727,27004700,64.91999817,117.93,15,477240.541,117.926,31217.582,9515.138,Bush,9515.138366,477240.5265
102728,27004800,99.5,83.91,15,339590.418,83.913,12046.941,3671.915,Hyland,3671.914866,339590.4213
102729,27005200,100,34.19,15,138368.489,34.191,5768.2,1758.151,Hannan,1758.150809,138368.492
102730,27006201,100,177.99,15,720332.773,177.994,25131.796,7660.187,North Anderson,7660.186701,720332.7727
102731,27006202,100,82.04,15,332014.397,82.041,11453.754,3491.111,Southeast Anderson,3491.11109,332014.3969
102732,27006203,100,102.6,15,415228.203,102.603,13146.043,4006.922,Southwest Anderson,4006.921939,415228.2026
102733,27006700,51.02000046,90.15,15,364825.165,90.148,28973.202,8831.05,Bryant,8831.049733,364825.1712
102734,27007000,97.09999847,110.62,15,447661.249,110.617,23154.587,7057.532,Mitchell,7057.532122,447661.2485
102735,27007300,98.48000336,52.23,15,211351.738,52.225,8471.617,2582.154,Smetana,2582.153947,211351.7398
102736,27007600,99.58000183,96.61,15,390979.972,96.611,16712.688,5094.038,Red Rock,5094.037459,390979.9728
102737,27007800,95.05000305,156.22,15,632199.538,156.217,15112.205,4606.209,Staring,4606.209106,632199.5183
102738,27009501,99.37999725,165.85,15,671176.071,165.848,21631.836,6593.397,Gleason (Main Lake),6593.39663,671176.0724
102739,27009800,81.48999786,149.28,15,604137.733,149.282,24735.743,7539.469,Bass,7539.469486,604137.7253
102740,27010000,69.08999634,17.75,15,71843.055,17.752,7132.086,2173.864,Pomerleau,2173.864129,71843.04927
102741,27010200,92.33999634,41.24,15,166896.036,41.24,10680.136,3255.312,Schmidt,3255.311914,166896.0351
102742,27010400,46.74000168,434.53,15,1758519.606,434.53,90195.693,27491.702,Medicine,27491.70131,1758519.606
102743,27010700,73.87999725,71.62,15,289846.937,71.621,13580.864,4139.456,Parkers,4139.455294,289846.9387
102744,27011101,68.09999847,203.29,15,822704.391,203.29,37869.663,11542.696,Eagle,11542.69529,822704.3748
102745,27011102,95.44000244,54.08,15,218863.68,54.081,10361.9,3158.313,Pike,3158.313572,218863.6802
102746,27011600,99.97000122,353.38,15,1430098.618,353.377,45779.003,13953.468,Rice,13953.46729,1430098.607
102747,27011700,48.15999985,73.24,15,296412.19,73.243,20142.757,6139.525,Weaver,6139.524485,296412.2081
102748,27011800,33.81000137,80.41,15,325418.979,80.411,48554.679,14799.496,Fish,14799.49611,325418.9893
102749,27012500,99.91999817,405.02,15,1639073.365,405.015,24016.933,7320.376,Diamond,7320.375303,1639073.359
102750,27013300,36.61000061,6032.04,15,24411346.17,6032.044,1263956.857,385254.82,Minnetonka,385254.8207,24411346.2
102751,27013301,87.58000183,164.54,15,665870.367,164.537,23697.085,7222.886,Minnetonka-Grays Bay,7222.885871,665870.3667
102752,27013302,32.93999863,2059.41,15,8334312.465,2059.409,423316.07,129026.996,Minnetonka-Lower Lake,129026.9965,8334312.466
102753,27013303,68.68000031,78.86,15,319152.713,78.863,25253.132,7697.17,Minnetonka-Carsons Bay,7697.170059,319152.7182
102754,27013304,62.08000183,103.16,15,417464.161,103.155,26134.353,7965.767,Minnetonka-St. Albans Bay,7965.766581,417464.1628
102755,27013305,37.59000015,1699.3,15,6876990.644,1699.304,364871.248,111212.979,Minnetonka-Upper Lake,111212.9786,6876990.638
102756,27013306,65.44999695,63.1,15,255363.571,63.1,24466.493,7457.402,Minnetonka-Black Lake,7457.402051,255363.5719
102757,27013307,86.94999695,38.02,15,153862.545,38.019,13166.14,4013.048,Minnetonka-Seton Lake,4013.047601,153862.5447
102758,27013308,97.48000336,14.21,15,57522.255,14.214,7888.085,2404.293,Minnetonka-Emerald Lake,2404.293215,57522.25462
102759,27013309,55.02000046,321.84,15,1302466.7,321.84,66811.671,20364.238,Minnetonka-Halsteds Bay,20364.23786,1302466.698
102760,27013310,38.90000153,317.36,15,1284325.454,317.357,71628.217,21832.324,Minnetonka-Crystal Bay,21832.32443,1284325.451
102761,27013311,54.63999939,166.47,15,673711.473,166.474,37849.403,11536.521,Minnetonka-Maxwell Bay,11536.52104,673711.4774
102762,27013312,55.95000076,111.49,15,451212.982,111.495,22539.795,6870.143,Minnetonka-Stubbs Bay,6870.143626,451212.9828
102763,27013313,52.15999985,169.2,15,684760.034,169.204,49267.678,15016.818,Minnetonka-North Arm,15016.81837,684760.0366
102764,27013314,65.33000183,537.83,15,2176565.402,537.829,78792.627,24016.041,Minnetonka-West Arm,24016.04071,2176565.402
102765,27013315,59.91999817,187.5,15,758815.015,187.503,36317.972,11069.74,Minnetonka-Jennings Bay,11069.74011,758815.0164
102766,27013700,26.09000015,69.71,15,282115.645,69.711,36052.785,10988.911,Christmas,10988.91051,282115.6355
102767,27013800,58.97000122,5.38,15,21784.355,5.383,4059.234,1237.257,Peavey,1237.257088,21784.35884
102768,27013900,57.63000107,51.93,15,210141.434,51.926,21244.879,6475.452,Forest,6475.451847,210141.436
102769,27014100,77.37999725,41.38,15,167459.189,41.379,9242.838,2817.223,Tanager,2817.222381,167459.1757
102770,27014900,60.5,49.54,15,200492.732,49.542,17472.35,5325.583,Spurzem,5325.582997,200492.7237
102771,27015100,83.80999756,9.38,15,37976.775,9.384,6752.482,2058.161,School,2058.160597,37976.7758
102772,27015200,66.02999878,21.81,15,88245.171,21.805,11141.301,3395.875,Half Moon,3395.87529,88245.16989
102773,27016000,54.11000061,154.87,15,626760.955,154.873,34251.659,10439.927,Long,10439.92648,626760.9653
102774,27016200,100,65.53,15,265184.288,65.527,8360.693,2548.344,Classen,2548.344362,265184.288
102775,27017100,97.05000305,128.64,15,520610.415,128.643,16755.83,5107.187,Sylvan,5107.187244,520610.4032
102776,27017600,50.58000183,424.77,15,1719016.07,424.769,60845.332,18545.694,Independence,18545.69475,1719016.079
102777,27017901,31.53000069,16.48,15,66691.596,16.479,13417.702,4089.724,North Little Long,4089.723652,66691.59536
102778,27017902,46.66999817,8.03,15,32478.997,8.026,6580.218,2005.654,South Little Long,2005.654533,32478.99616
102779,27018100,54.34000015,93.86,15,379861.405,93.864,30446.734,9280.183,Dutch,9280.183297,379861.4109
102780,27018200,84.01999664,120.44,15,487414.01,120.44,15230.904,4642.389,Langdon,4642.388883,487414.0052
102781,27018400,91.95999908,469,15,1898008.458,468.998,41631.146,12689.199,Whaletail,12689.19845,1898008.483
102782,27019101,67.83000183,242.6,15,981789.859,242.6,39378.344,12002.543,West Sarah,12002.54306,981789.8627
102783,27019102,55.70000076,113.38,15,458841.561,113.38,31961.683,9741.94,East Sarah,9741.939961,458841.5641
102784,27019200,46.61000061,122.72,15,496626.316,122.716,28574.868,8709.637,Rebecca,8709.637054,496626.3309
102785,27019500,100,12.61,15,51021.829,12.607,3053.637,930.75,Unnamed,930.7502682,51021.82683
102786,27019900,62.34999847,22.88,15,92589.858,22.879,7665.442,2336.431,Hafften,2336.431157,92589.859
102787,27030000,100,8.83,15,35743.636,8.832,2486.397,757.855,Unnamed,757.8552151,35743.63838
102788,27066800,91.86000061,10.39,15,42031.026,10.386,4795.088,1461.546,Highland Park Pond,1461.545889,42031.02668
102789,27069300,52.97999954,4.05,15,16372.243,4.046,3980.142,1213.15,Hidden,1213.149844,16372.24282
102790,28003100,100,35.47,15,143535.976,35.468,7812.787,2381.345,South Fork,2381.34464,143535.9709
102791,29000200,63.00999832,66.94,15,270913.003,66.943,19805.472,6036.72,Mow,6036.720086,270913.0026
102792,29000300,45.75999832,31.72,15,128387.734,31.725,15758.055,4803.065,Nagel,4803.064881,128387.732
102793,29000500,44.65000153,69.44,15,281011.462,69.439,20178.539,6150.431,Tripp,6150.431282,281011.4562
102794,29001700,98.12999725,190.54,15,771099.271,190.543,16836.069,5131.644,Ham,5131.64451,771099.2763
102795,29002500,40.5,90.59,15,366592.925,90.585,36454.47,11111.345,Ninth Crow Wing,11111.34442,366592.924
102796,29003200,43.38999939,57.49,15,232649.68,57.488,26993.381,8227.599,Big Bass,8227.599025,232649.6737
102797,29003601,18.84000015,90.24,15,365191.887,90.239,50934.364,15524.825,Eleventh Crow Wing (Main),15524.82523,365191.8804
102798,29003602,30.43000031,83.17,15,336593.187,83.172,41033.554,12507.052,Eleventh Crow Wing (East),12507.0524,336593.1873
102799,29004300,30.12999916,51.8,15,209633.928,51.801,25384.288,7737.146,Shingobee,7737.146645,209633.9315
102800,29004500,61.52000046,107.79,15,436226.98,107.792,30327.143,9243.732,Tenth Crow Wing,9243.731371,436227.002
102801,29004800,38.81000137,180.54,15,730651.314,180.544,35092.656,10696.263,Benedict,10696.26305,730651.3094
102802,29005900,57.88000107,152.8,15,618369.152,152.799,35996.499,10971.755,Horseshoe,10971.75484,618369.1523
102803,29006100,53.90000153,517.27,15,2093361.495,517.27,55598.016,16946.309,Garfield,16946.30934,2093361.469
102804,29006300,100,226.31,15,915857.478,226.308,13689.933,4172.7,Hart,4172.699819,915857.4777
102805,29006600,95.41999817,520.74,15,2107399.465,520.738,25625.073,7810.538,Midge,7810.537936,2107399.457
102806,29007100,40.93999863,352.93,15,1428305.74,352.934,42050.933,12817.15,Grace,12817.15002,1428305.725
102807,29007200,30.12000084,148.57,15,601262.756,148.572,53665.501,16357.277,Eighth Crow Wing,16357.27689,601262.7315
102808,29007400,45.25,23.1,15,93474.738,23.098,15612.376,4758.662,Indian,4758.66172,93474.73785
102809,29007500,24.73999977,602.05,15,2436458.492,602.049,106245.405,32383.664,Kabekona,32383.66427,2436458.479
102810,29007700,63.34999847,402.46,15,1628713.247,402.455,62815.829,19146.303,Third Crow Wing,19146.30235,1628713.258
102811,29007800,100,440.41,15,1782311.928,440.409,25441.432,7754.564,Fourth Crow Wing,7754.563894,1782311.94
102812,29008500,52.75,114.42,15,463041.429,114.418,26310.49,8019.453,Second Crow Wing,8019.453254,463041.4397
102813,29008600,99.86000061,519.14,15,2100916.959,519.137,27328.806,8329.837,First Crow Wing,8329.836528,2100916.974
102814,29008700,66.93000031,97.88,15,396130.437,97.884,20619.782,6284.922,Palmer,6284.922224,396130.4356
102815,29008800,62.77000046,149.67,15,605686.972,149.665,29960.672,9132.031,Island,9132.030919,605686.985
102816,29008900,100,284.3,15,1150546.085,284.3,25724.519,7840.849,Shallow,7840.848339,1150546.085
102817,29009000,100,163.38,15,661172.938,163.376,19799.188,6034.804,Deer,6034.804652,661172.9325
102818,29009100,46.43999863,120.14,15,486193.323,120.138,29662.588,9041.175,Seventh Crow Wing,9041.17509,486193.3222
102819,29009200,49.88000107,199.58,15,807700.032,199.583,39532.564,12049.55,Fifth Crow Wing,12049.54966,807700.0423
102820,29009300,49.61000061,168.45,15,681708.328,168.45,34816.749,10612.166,Sixth Crow Wing,10612.16664,681708.3254
102821,29009700,100,81.83,15,331174.819,81.833,29528.609,9000.338,Clausens,9000.338916,331174.8146
102822,29009800,83.72000122,146.69,15,593655.649,146.692,34245.559,10438.067,Waboose,10438.06754,593655.6556
102823,29010101,33.84999847,128.3,15,519212.845,128.297,37437.982,11411.12,East Crooked,11411.11964,519212.8364
102824,29010102,84.12999725,254.42,15,1029612.609,254.417,51268.836,15626.773,Middle Crooked,15626.77229,1029612.606
102825,29010103,49.16999817,132.66,15,536855.481,132.657,40499.299,12344.211,West Crooked,12344.21089,536855.4759
102826,29011000,41.40999985,54.1,15,218948.235,54.102,22657.512,6906.024,Dead,6906.023623,218948.2332
102827,29011701,80.08000183,381.26,15,1542935.501,381.259,71878.907,21908.735,Spider (NE/SW Bay),21908.73439,1542935.505
102828,29011702,42.95999908,44.28,15,179206.387,44.282,21336.416,6503.353,Spider (East Bay),6503.352914,179206.3868
102829,29012700,42.52000046,9.85,15,39856.774,9.849,7489.515,2282.809,Crappie,2282.808838,39856.77413
102830,29013000,79.31999969,28.4,15,114916.963,28.396,8401.788,2560.87,Twenty-One,2560.8701,114916.962
102831,29013100,97.48999786,39.32,15,159143.542,39.324,7382.32,2250.136,Nelson,2250.135685,159143.5427
102832,29014200,46.59000015,150.24,15,608015.928,150.241,27277.323,8314.145,Duck,8314.145193,608015.9542
102833,29014300,70.66999817,242.65,15,982006.883,242.654,44162.193,13460.663,Big Stony,13460.66415,982006.8785
102834,29014500,99.25,44.39,15,179639.422,44.389,7170.029,2185.429,Round,2185.429504,179639.4219
102835,29014600,69.83999634,1007.02,15,4075339.489,1007.016,166746.671,50824.487,Belle Taine,50824.48684,4075339.483
102836,29014800,37.56000137,172.47,15,697989.88,172.473,42608.699,12987.157,Upper Bottle,12987.15716,697989.8843
102837,29014900,72.66999817,132.5,15,536222.096,132.5,27327.048,8329.301,Ojibway,8329.300511,536222.0877
102838,29015000,39.84000015,163.16,15,660307.13,163.162,63068.136,19223.206,Little Sand,19223.20666,660307.1091
102839,29015101,36.63000107,245.19,15,992260.519,245.188,89054.704,27143.928,Mantrap (East Basin),27143.92806,992260.5287
102840,29015102,63.27000046,456.18,15,1846136.103,456.18,121079.835,36905.207,Mantrap (Middle Basin,36905.20793,1846136.125
102841,29015103,100,7.41,15,30007.498,7.415,2325.858,708.923,Mantrap (Mirror Bay),708.9229304,30007.50147
102842,29015104,48.90000153,96.57,15,390807.704,96.569,38058.607,11600.287,Mantrap (West Arm),11600.28692,390807.6908
102843,29015105,56.00999832,44.1,15,178464.975,44.099,15076.623,4595.364,Mantrap (Home Bay),4595.363773,178464.9753
102844,29015600,38.36999893,970.98,15,3929483.393,970.975,118564.082,36138.404,Plantagenet,36138.40386,3929483.411
102845,29015700,100,212.5,15,859963.372,212.497,16811.482,5124.15,Upper Twin,5124.149315,859963.3917
102846,29016100,36.27999878,698.84,15,2828174.444,698.842,176744.069,53871.7,Long,53871.69882,2828174.395
102847,29016200,47.84999847,162.93,15,659386.139,162.934,41600.817,12679.954,Boulder,12679.95487,659386.1278
102848,29016400,100,113.52,15,459396.04,113.517,14787.149,4507.132,Sweitzer,4507.132416,459396.0512
102849,29017000,62.63999939,46.65,15,188810.056,46.655,20521.564,6254.985,Ida,6254.984954,188810.0671
102850,29017200,56.36000061,56.39,15,228208.158,56.39,30516.614,9301.483,Stocking,9301.482302,228208.1467
102851,29017800,86.52999878,268.49,15,1086544.942,268.485,39535.197,12050.352,Pickerel,12050.35171,1086544.919
102852,29018000,47.61000061,305.26,15,1235386.536,305.264,61138.085,18634.926,Lower Bottle,18634.92611,1235386.527
102853,29018400,25.67000008,86.34,15,349403.557,86.338,32759.237,9985.036,Blue,9985.035372,349403.5695
102854,29018500,28.18000031,460.82,15,1864906.928,460.819,110563.791,33699.945,Big Sand,33699.9455,1864906.937
102855,29018600,41.66999817,32.1,15,129909.383,32.101,14540.656,4432.001,Emma,4432.000735,129909.3777
102856,29018800,40.65000153,37.87,15,153268.097,37.873,15948.834,4861.214,Gilmore,4861.214171,153268.1065
102857,29021500,65.98999786,112.47,15,455141.696,112.466,28363.762,8645.301,Schoolcraft,8645.300735,455141.7094
102858,29021600,61.11999893,504.71,15,2042513.448,504.705,51310.142,15639.363,George,15639.36223,2042513.439
102859,29022400,67.02999878,8.96,15,36260.921,8.96,6474.85,1973.538,McCarty,1973.538208,36260.91977
102860,29022700,45.61999893,97.28,15,393692.428,97.281,31458.139,9588.47,Evergreen,9588.469385,393692.4258
102861,29023400,58.18999863,43.84,15,177412.118,43.839,13055.176,3979.225,Minnie,3979.225628,177412.1143
102862,29023700,37.81000137,17.17,15,69472.519,17.167,11383.032,3469.555,Newman,3469.555163,69472.51716
102863,29023900,37.47000122,72.81,15,294670.285,72.813,37491.135,11427.332,Spearhead,11427.33205,294670.2671
102864,29024100,84.61000061,177.35,15,717703.764,177.348,27265.809,8310.635,Frontenac,8310.635702,717703.747
102865,29024200,36.70999908,603,15,2440291.288,602.996,90661.547,27633.695,Fish Hook,27633.69435,2440291.294
102866,29024300,33.91999817,711.02,15,2877468.218,711.022,170736.539,52040.601,Potato,52040.60084,2877468.219
102867,29024600,100,417.61,15,1689999.658,417.608,30647.045,9341.238,Hennepin,9341.239455,1689999.67
102868,29024700,100,100.63,15,407241.487,100.629,19102.647,5822.498,Moran,5822.498278,407241.4969
102869,29024800,89.63999939,55.32,15,223887.226,55.323,13178.603,4016.846,Lord,4016.846352,223887.2225
102870,29024900,46.99000168,143.52,15,580808.798,143.518,32802.116,9998.115,Hinds,9998.114907,580808.7892
102871,29025000,100,427.62,15,1730557.475,427.621,27880.597,8498.023,Portage,8498.022633,1730557.448
102872,29025400,41.50999832,221.71,15,897234.747,221.707,65951.311,20102,Island,20101.99945,897234.7553
102873,29025600,40.15999985,170.1,15,688385.595,170.1,60417.117,18415.174,Eagle,18415.17387,688385.6116
102874,29027500,51.75999832,19.95,15,80736.588,19.95,12701.827,3871.525,Blacksmith,3871.524535,80736.58619
102875,29027700,72.81999969,69.06,15,279479.796,69.059,24711.432,7532.06,Coon,7532.059419,279479.8002
102876,29028900,35.93999863,20.14,15,81488.318,20.136,12625.815,3848.356,Mary,3848.356128,81488.31674
102877,29030000,55,197.65,15,799841.217,197.645,45312.023,13811.132,Hattie,13811.13272,799841.1929
102878,29030100,100,65.82,15,266378.163,65.822,8981.528,2737.575,Beauty,2737.575113,266378.1546
102879,29030900,12.88000011,30.64,15,124012.424,30.643,37994.267,11580.676,LaSalle,11580.67597,124012.4255
102880,29031000,97.91000366,77.97,15,315553.113,77.973,11683.729,3561.208,Brush,3561.207708,315553.1227
102881,29031200,55.29999924,57.14,15,231249.206,57.142,16149.386,4922.343,Cedar,4922.343149,231249.2016
102882,29031300,57.16999817,218.68,15,884978.891,218.678,67281.817,20507.539,Little Mantrap,20507.53885,884978.8929
102883,30000900,100,298.15,15,1206609.583,298.153,20883.418,6365.278,Typo,6365.278785,1206609.568
102884,30002200,58.77999878,129.77,15,525172.951,129.77,52573.123,16024.32,Skogman,16024.32,525172.9549
102885,30003500,88.58999634,120.2,15,486456.576,120.203,15545.04,4738.138,Florence,4738.137417,486456.5583
102886,30003600,81.01000214,40.8,15,169172.365,41.802,10174.371,3101.158,Elms,3101.157971,169172.3591
102887,30004300,77.30999756,268.23,15,1085509.226,268.229,46249.614,14096.91,Fannie,14096.90999,1085509.225
102888,30004400,100,150.06,15,607297.891,150.063,15667.896,4775.584,Little Stanchfield,4775.583998,607297.9061
102889,30006200,54.95999908,6.58,15,26627.459,6.58,6404.168,1951.996,Adams,1951.996352,26627.45616
102890,30007200,100,381.58,15,1544216.67,381.576,29009.392,8842.08,Long,8842.080458,1544216.667
102891,30008000,99.84999847,270.42,15,1094369.924,270.419,19814.154,6039.366,Francis,6039.36626,1094369.925
102892,30009600,98.75,211.51,15,855949.455,211.505,23277.456,7094.983,Lory,7094.982885,855949.4246
102893,30010701,100,31.72,15,128359.058,31.718,7197.539,2193.814,Blue (North Bay),2193.814693,128359.0578
102894,30010702,45.86999893,106.1,15,429365.98,106.096,38076.432,11605.72,Blue (South Bay),11605.71979,429365.9734
102895,30011400,100,88.45,15,357968.578,88.454,11503.798,3506.368,Baxter,3506.368226,357968.5806
102896,30013500,70.37000275,170.29,15,689140.065,170.287,31578.722,9625.214,Spectacle,9625.213725,689140.0793
102897,30013600,42.88000107,357.1,15,1445165.037,357.1,45570.439,13889.898,Green,13889.89752,1445165.034
102898,30013800,92.01000214,370.37,15,1498873.849,370.372,25108.5,7653.086,South Stanchfield,7653.086017,1498873.86
102899,30014300,100,155.3,15,628506.499,155.304,18760.255,5718.137,North Stanchfield,5718.137049,628506.4784
102900,31000100,40.95000076,54.34,15,219912.717,54.34,39251.421,11963.857,Long,11963.8582,219912.7075
102901,31000300,22.73999977,46.5,15,188170.799,46.497,35046.438,10682.176,South Sturgeon,10682.1757,188170.8134
102902,31001600,43.36999893,59.77,15,241896.773,59.773,20908.625,6372.962,Pancake,6372.961457,241896.7669
102903,31002200,50.95999908,63.42,15,256647.371,63.418,28433.993,8666.699,Little Island,8666.698125,256647.3699
102904,31002300,53.02999878,86.44,15,349834.058,86.444,34493.201,10513.549,Helen,10513.54807,349834.0476
102905,31002800,70.52999878,152.42,15,616834.751,152.42,27545.934,8396.017,Beauty,8396.017591,616834.7518
102906,31005100,43.59999847,157.51,15,637437.942,157.511,42565.769,12974.072,Stingy,12974.0722,637437.9441
102907,31005800,68.97000122,85.38,15,345520.329,85.378,33239.516,10131.425,Beatrice,10131.42525,345520.3346
102908,31006701,92.44000244,324.97,15,1315142.285,324.972,35650.035,10866.152,Swan (West Bay),10866.1521,1315142.277
102909,31006702,18.46999931,390.87,15,1581833.707,390.871,122547.016,37352.405,Swan (Main Basin),37352.40502,1581833.724
102910,31008400,51.75,278.89,15,1128642.739,278.888,49336.176,15037.697,Shallow,15037.69711,1128642.749
102911,31015400,30.94000053,90,15,364218.398,89.998,50139.918,15282.678,Hartley,15282.6782,364218.4117
102912,31015700,78.91999817,271.68,15,1099485.461,271.683,27192.006,8288.14,Bear,8288.140822,1099485.472
102913,31015800,25.78000069,82.82,15,335155.074,82.817,40401.06,12314.268,Thistledew,12314.2677,335155.0704
102914,31016000,48.61999893,53.05,15,214688.418,53.05,16818.736,5126.361,Mirror,5126.361119,214688.4239
102915,31018300,64.18000031,142.57,15,576977.421,142.571,32959.829,10046.176,Five Island,10046.17565,576977.4092
102916,31019000,29.09000015,69.75,15,282259.172,69.746,35215.689,10733.763,North Twin,10733.76322,282259.1533
102917,31019100,32.59999847,54.44,15,220327.198,54.443,29547.951,9006.234,South Twin,9006.233988,220327.2073
102918,31019300,45.83000183,213.03,15,862133.291,213.033,80427.166,24514.249,Crooked,24514.24956,862133.2976
102919,31019600,21.65999985,24.33,15,98453.491,24.328,21811.577,6648.182,Poplar,6648.181749,98453.50074
102920,31019700,100,243.32,15,984696.261,243.318,18550.178,5654.106,Battle,5654.105863,984696.2814
102921,31021600,23.20999908,432.17,15,1748966.488,432.17,149647.629,45612.688,Trout,45612.68786,1748966.517
102922,31023100,81.34999847,355.24,15,1437637.953,355.24,41637.152,12691.029,Lawrence,12691.02941,1437637.954
102923,31023800,81.09999847,123.12,15,498248.952,123.117,23874.492,7276.967,Lower Lawrence,7276.967383,498248.9535
102924,31025500,43.11000061,76.27,15,308669.889,76.272,33576.654,10234.185,Snaptail,10234.18476,308669.9016
102925,31025900,41.93999863,299.73,15,1212975.028,299.726,100978.772,30778.391,Balsam,30778.39115,1212975.029
102926,31026000,82.34999847,136.22,15,551279.079,136.221,24066.893,7335.604,White Swan,7335.603765,551279.078
102927,31026800,47.77999878,219.96,15,890147.989,219.956,39308.41,11981.227,Round,11981.22729,890147.9924
102928,31028100,59.04999924,265.59,15,1074817.194,265.587,63847.415,19460.731,Wasson,19460.73151,1074817.209
102929,31028900,51.29000092,45.42,15,183799.858,45.417,16196.568,4936.724,Lost,4936.724119,183799.8551
102930,31029200,78.41000366,209.93,15,849564.523,209.927,50952.457,15530.34,Owen,15530.34017,849564.5049
102931,31031600,29.68000031,36.12,15,146164.511,36.117,22826.167,6957.43,Bass,6957.429524,146164.5064
102932,31031700,30.28000069,63.16,15,255613.872,63.162,39317.128,11983.885,Larson,11983.88503,255613.8755
102933,31031800,74.83999634,258.02,15,1044189.236,258.019,25388.45,7738.415,Coon,7738.414857,1044189.235
102934,31032000,55.65000153,51.01,15,206417.63,51.006,18576.499,5662.128,Wilson,5662.127972,206417.6253
102935,31033200,50.47000122,13.02,15,52679.077,13.017,9878.261,3010.9,Little Bass,3010.900103,52679.08435
102936,31033400,76.20999908,1413.35,15,5719763.972,1413.354,96090.456,29288.43,Deer,29288.42995,5719763.98
102937,31033900,43.52000046,104.87,15,424391.872,104.867,48692.198,14841.412,Pickerel,14841.41174,424391.8578
102938,31034900,30.92000008,73.89,15,299017.497,73.887,42494.172,12952.249,Antler,12952.24922,299017.5174
102939,31035000,62.33000183,189.91,15,768564.544,189.912,56869.324,17333.804,Anderson,17333.80434,768564.5472
102940,31035300,41.45000076,567.36,15,2296060.424,567.357,63940.15,19488.997,Split Hand,19488.99677,2296060.424
102941,31036100,82.81999969,103.97,15,420753.964,103.968,17952.894,5472.053,Hale,5472.053052,420753.9569
102942,31037300,27.10000038,35.33,15,142958.721,35.325,31450.236,9586.051,Hale,9586.050921,142958.7047
102943,31037400,41.31999969,15.41,15,62382.831,15.415,9905.909,3019.327,Forest,3019.327296,62382.84661
102944,31038400,79.45999908,905.61,15,3664942.801,905.607,137880.134,42025.949,Prairie,42025.9492,3664942.815
102945,31038401,72.08999634,146.19,15,591614.529,146.188,34638.81,10557.93,Lower Prairie,10557.93071,591614.5441
102946,31039200,38.77999878,861.32,15,3485723.866,861.322,269373.722,82105.275,Wabana,82105.27481,3485723.843
102947,31039500,20.87999916,75.06,15,303743.587,75.055,45781.774,13954.312,Bluewater,13954.31264,303743.5879
102948,31039900,31.61000061,36.58,15,148042.846,36.581,17956.099,5473.03,Little Wabana,5473.030114,148042.8344
102949,31040200,67.51000214,51.39,15,207957.701,51.386,14887.826,4537.819,Clearwater,4537.818674,207957.709
102950,31040600,68.90000153,49.89,15,201905.57,49.891,21108.873,6433.997,Island,6433.99697,201905.5615
102951,31040700,43.54000092,24.62,15,99631.872,24.619,11440.569,3487.092,Hay,3487.092523,99631.86708
102952,31041000,22.79999924,397.39,15,1608228.874,397.393,151713.254,46242.292,Trout,46242.29188,1608228.891
102953,31041600,67.69000244,80.78,15,326898.653,80.777,23551.449,7178.496,Black Island,7178.495997,326898.6709
102954,31041700,54.02000046,61.81,15,250134.775,61.808,28624.929,8724.896,Nose,8724.895997,250134.7762
102955,31042200,33.41999817,78.7,15,318476.592,78.696,40255.289,12269.837,Ruby,12269.83651,318476.5939
102956,31045400,42.20000076,120.41,15,487285.307,120.408,49409.169,15059.945,Eagle,15059.94473,487285.341
102957,31046000,50.31000137,96.65,15,391146.767,96.652,38617.054,11770.502,East,11770.5011,391146.7699
102958,31046300,68.5,180.62,15,730944.223,180.616,38292.383,11671.542,Fox,11671.54162,730944.2204
102959,31046600,39,55.64,15,225169.752,55.639,38395.786,11703.059,Horseshoe,11703.05939,225169.7466
102960,31047000,46.24000168,6.57,15,26582.54,6.569,5793.601,1765.893,Unnamed (Nickel),1765.893181,26582.53493
102961,31048000,46.16999817,177.4,15,717917.838,177.397,56410.34,17193.906,Gunn,17193.90643,717917.8071
102962,31048100,59.16999817,62.35,15,252342.94,62.354,29086.643,8865.627,Highland,8865.626459,252342.9377
102963,31049000,46.93000031,90.48,15,366177.973,90.483,36872.14,11238.651,Elizabeth,11238.65098,366177.9713
102964,31050200,44.84999847,47.33,15,191560.146,47.335,23850.754,7269.724,Slauson,7269.724141,191560.1359
102965,31051400,50.08000183,74.71,15,302332.303,74.706,24570.065,7488.971,Brush Shanty,7488.971141,302332.2949
102966,31052401,73.12999725,277.87,15,1124520.37,277.869,44764.509,13644.25,Coon-Sandwick (Coon),13644.24923,1124520.38
102967,31052402,92.41000366,197.96,15,801144.246,197.963,30438.157,9277.569,Coon-Sandwick (Sand),9277.5685,801144.2525
102968,31053000,62.13999939,152.34,15,616499.433,152.337,34651.753,10561.875,Busties,10561.87485,616499.4311
102969,31053201,35.09000015,1981.4,15,8018618.14,1981.401,423094.871,128959.575,Pokegama (Main Bay),128959.5776,8018618.167
102970,31053202,29.45000076,331.28,15,1340677.865,331.282,144629.067,44083.028,Pokegama (Wendigo),44083.02844,1340677.859
102971,31053300,73.91000366,362.79,15,1468199.084,362.792,113299.668,34533.808,Blandin,34533.80729,1468199.089
102972,31053400,100,675.84,15,2735080.716,675.838,24420.262,7443.311,Shoal,7443.310597,2735080.736
102973,31053800,55.02999878,767.26,15,3105075.113,767.264,164348.03,50093.38,Spider,50093.38048,3105075.113
102974,31054000,34.81999969,92.37,15,373826.979,92.373,44138.375,13453.404,Clubhouse,13453.4036,373826.9835
102975,31054200,36.06999969,90.81,15,367495.622,90.808,35309.816,10762.453,Three Island,10762.45345,367495.6172
102976,31054300,76.58000183,105.47,15,426818.117,105.467,31243.098,9522.915,Crooked,9522.915858,426818.1133
102977,31054400,53.61000061,34.21,15,138452.999,34.212,12402.08,3780.162,Cameron,3780.161637,138452.9965
102978,31054700,83.22000122,35.98,15,145612.692,35.981,9740.993,2969.061,Smith,2969.060625,145612.6916
102979,31055100,45.61000061,21.56,15,87243.559,21.558,11323.127,3451.296,Dinner Pail,3451.29594,87243.55773
102980,31055400,22.48999977,272.19,15,1101518.319,272.185,58713.218,17895.825,Siseebakwet,17895.82455,1101518.309
102981,31055500,48.58000183,45.38,15,183640.602,45.378,18945.735,5774.672,South Sugar,5774.671414,183640.62
102982,31056500,69.47000122,305.54,15,1236513.985,305.543,46711.025,14237.549,Jay Gould,14237.54921,1236514.018
102983,31056600,50.79000092,75.5,15,305553.935,75.502,29223.588,8907.367,Little Jay Gould,8907.3676,305553.9434
102984,31057500,35.29999924,56.82,15,229937.726,56.818,24821.764,7565.689,Little Bass,7565.688914,229937.7273
102985,31057600,51.84000015,1406.78,15,5693168.006,1406.782,209898.343,63977.143,Bass,63977.14228,5693168.03
102986,31058600,26.77000046,121.88,15,493245.621,121.881,75121.611,22897.113,Johnson,22897.11215,493245.6083
102987,31061600,60.86000061,92.73,15,375268.97,92.729,38436.66,11715.517,East Smith,11715.5171,375268.9616
102988,31062000,19.84000015,48.93,15,198018.872,48.93,32976.865,10051.368,Caribou,10051.3689,198018.8748
102989,31062200,61.47000122,64.72,15,261913.148,64.719,20174.75,6149.276,Dead Horse,6149.276038,261913.1494
102990,31062300,67.33000183,28.86,15,116804.678,28.862,9634.264,2936.53,Boy,2936.529595,116804.6712
102991,31062400,61.11999893,321.46,15,1300918.145,321.457,64125.461,19545.48,Grave,19545.47921,1300918.152
102992,31065300,30.93000031,257.36,15,1041519.657,257.36,113928.874,34725.59,North Star,34725.59103,1041519.659
102993,31065600,62.00999832,160.94,15,651335.182,160.945,25116.072,7655.394,Big Dick,7655.394014,651335.1851
102994,31065701,56.49000168,58.43,15,236452.542,58.427,20881.56,6364.712,Jack the Horse (North),6364.712585,236452.5389
102995,31065702,65.98999786,171.6,15,694436.159,171.595,50214.81,15305.505,Jack the Horse (South),15305.50456,694436.164
102996,31066300,80.13999939,31.35,15,126873.427,31.35,9517.373,2900.901,Forest,2900.900844,126873.4283
102997,31066500,56.77000046,31.24,15,126438.254,31.243,12858.612,3919.313,Little North Star,3919.313045,126438.2573
102998,31066600,28.78000069,36.77,15,148811.169,36.771,20432.656,6227.886,Unnamed,6227.885929,148811.1777
102999,31067000,57.50999832,126.16,15,510542.48,126.155,35746.885,10895.672,Big Ole,10895.67225,510542.4746
103000,31067100,78.30999756,207.21,15,838564.058,207.209,63565.911,19374.928,Big Island,19374.92665,838564.0724
103001,31068700,31.87000084,97.01,15,392608.826,97.014,34880.551,10631.613,Johnson,10631.61361,392608.8186
103002,31069000,93.05999756,67.62,15,273655.387,67.62,11558.081,3522.91,Aspen,3522.910093,273655.3894
103003,31069600,89.38999939,232.6,15,941330.117,232.603,23658.992,7211.275,Horseshoe,7211.27539,941330.1294
103004,31070500,59.77000046,50.71,15,205220.977,50.71,12741.153,3883.511,Lundeen,3883.511519,205220.9735
103005,31070600,98.51000214,107.57,15,435321.775,107.568,14550.469,4434.992,Mike,4434.991995,435321.7793
103006,31070700,99.44999695,31.09,15,125818.23,31.09,6785.24,2068.145,Rice,2068.145126,125818.232
103007,31071000,59.38999939,84.19,15,340725.48,84.193,25657.926,7820.552,Connors,7820.551377,340725.4721
103008,31071700,30.01000023,259.13,15,1048692.2,259.132,122947.464,37474.462,Rice,37474.46302,1048692.197
103009,31071900,21.98999977,900.32,15,3643538.01,900.318,293375.473,89421.023,Deer,89421.02309,3643537.968
103010,31072200,28.19000053,359.05,15,1453043.184,359.047,98309.486,29964.791,Moose,29964.79132,1453043.183
103011,31072500,28.62000084,617.02,15,2497051.296,617.021,280441.967,85478.882,Turtle,85478.88298,2497051.39
103012,31072600,59.31999969,314.08,15,1271076.093,314.083,73391.225,22369.69,Bello,22369.69043,1271076.088
103013,31072700,83.58000183,99.91,15,404329.08,99.91,21759.964,6632.45,Grass,6632.450381,404329.0695
103014,31074900,32.49000168,68.66,15,277866.98,68.661,27250.727,8306.038,Chase,8306.038167,277866.9639
103015,31075800,38.06000137,124.28,15,502966.284,124.283,29850.255,9098.376,Little Bowstring,9098.376008,502966.2959
103016,31076900,68.25,15.88,15,64282.523,15.884,9613.447,2930.185,Twin,2930.184337,64282.52902
103017,31077100,17.56999969,41.92,15,169662.861,41.924,45679.119,13923.023,Hatch,13923.02325,169662.8412
103018,31077300,36.13000107,92.9,15,375941.307,92.895,33440.964,10192.826,Maple,10192.82593,375941.2989
103019,31077500,37.09999847,88.72,15,359028.193,88.716,27078.999,8253.695,No-ta-she-bun,8253.695411,359028.1896
103020,31077800,49.75999832,39.07,15,158117.382,39.071,17423.215,5310.606,Little Too Much,5310.606538,158117.3734
103021,31077900,47.72000122,231.36,15,936309.243,231.362,36982.329,11272.236,Little Turtle,11272.23689,936309.2486
103022,31078100,47.22000122,73.47,15,297327.926,73.47,40876.184,12459.086,Long,12459.08625,297327.9158
103023,31078400,31.06999969,195.11,15,789587.738,195.107,49749.105,15163.558,Little Jessie,15163.55786,789587.7038
103024,31078600,26.73999977,465.34,15,1883203.398,465.34,95273.668,29039.472,Jessie,29039.47236,1883203.393
103025,31078800,60.15000153,85.29,15,345164.649,85.29,29879.758,9107.368,La Croix,9107.368061,345164.6357
103026,31078900,41.72999954,55.06,15,222832.254,55.062,20799.9,6339.822,Spring,6339.822121,222832.2501
103027,31079100,74.77999878,121.65,15,492325.545,121.654,21597.962,6583.072,Peterson,6583.072236,492325.5291
103028,31079300,31.18000031,91.18,15,369017.364,91.184,58793.416,17920.269,Big Too Much,17920.26903,369017.3957
103029,31079700,100,135.58,15,548685.013,135.58,11626.761,3543.844,Little Spring,3543.843958,548685.0172
103030,31080300,40.04000092,44.55,15,180282.626,44.548,20754.049,6325.847,Trestle,6325.846823,180282.6281
103031,31080900,47.75999832,49.62,15,200801.421,49.618,28653.421,8733.58,Crooked,8733.580105,200801.3956
103032,31081200,28.37999916,1091,15,4415232.139,1091.004,157269.758,47935.918,Ball Club,47935.9182,4415232.14
103033,31081300,51.34999847,4892.82,15,19800958.14,4892.817,248759.411,75822.02,Bowstring,75822.02023,19800958.12
103034,31081400,100,277.12,15,1121488.316,277.12,22955.257,6996.776,Four Towns,6996.776345,1121488.31
103035,31082400,53.70000076,34.35,15,138999.777,34.347,12811.944,3905.088,Portage,3905.088294,138999.7786
103036,31082600,44.43000031,1923.66,15,7784932.888,1923.657,271937.082,82886.588,Sand,82886.58772,7784932.909
103037,31082900,41.43999863,73.73,15,298375.19,73.729,23252.224,7087.292,Cedar,7087.292367,298375.1812
103038,31083400,53.31000137,42.78,15,173141.051,42.783,19458.936,5931.096,Bird's Eye,5931.095904,173141.0614
103039,31083600,99.79000092,160.06,15,647762.646,160.062,14483.172,4414.48,Little Whitefish,4414.479632,647762.6421
103040,31084300,46.75999832,263.69,15,1067120.423,263.685,54238.954,16532.066,Whitefish,16532.06667,1067120.415
103041,31084500,46.52999878,65.32,15,264363.318,65.324,31453.12,9586.93,Clear,9586.929987,264363.3154
103042,31085000,37.04000092,350.15,15,1417042.692,350.151,51733.476,15768.395,Little Winnibigoshish,15768.39442,1417042.71
103043,31085300,62.77999878,221.5,15,896407.153,221.502,29354.021,8947.124,Little Sand,8947.123775,896407.1514
103044,31085701,35.72999954,849.75,15,3438910.11,849.755,199819.458,60905.093,Cut Foot Sioux(Main Bay),60905.09268,3438910.04
103045,31085702,98.36000061,395.2,15,1599363.686,395.203,50559.955,15410.705,Cut Foot Sioux(East Bay),15410.7048,1599363.683
103046,31087400,27.75,11.27,15,45620.306,11.273,10942.937,3335.414,Alice,3335.413924,45620.305
103047,31087600,91.08000183,774.91,15,3136023.223,774.911,36374.383,11086.934,Rice,11086.93427,3136023.23
103048,31087700,98.22000122,2250.25,15,9106621.735,2250.246,136989.88,41754.599,Natures,41754.59902,9106621.748
103049,31088200,99.55000305,428.83,15,1735436.777,428.826,40504.595,12345.825,Dora,12345.82512,1735436.771
103050,31089600,68.12000275,1948.41,15,7885098.098,1948.408,189166.439,57658.046,Round,57658.04755,7885098.108
103051,31089800,31.47999954,129.78,15,525196.65,129.776,69800.975,21275.38,Moose,21275.38007,525196.6513
103052,31090400,65.45999908,175.25,15,709216.822,175.247,37498.089,11429.44,Dunbar,11429.43998,709216.8255
103053,31091000,99.80999756,224.72,15,909445.94,224.724,20530.687,6257.766,Shallow Pond,6257.766026,909445.937
103054,31091300,38.70000076,1202.92,15,4868151.893,1202.92,200778.083,61197.282,Island,61197.28123,4868151.891
103055,31091700,93.08000183,95.91,15,388136.088,95.908,14498.737,4419.224,Hendrickson,4419.223778,388136.0901
103056,31092100,77.05999756,480,15,1942543.731,480.003,63068.277,19223.249,Dixon,19223.24984,1942543.722
103057,31093400,100,324.63,15,1313768.536,324.632,21974.028,6697.697,Decker,6697.697295,1313768.546
103058,31128000,11.52999973,9.63,15,38983.688,9.633,16338.302,4979.925,Lind Pit,4979.924558,38983.69222
103059,32001700,100,98.83,15,399954.061,98.829,8038.834,2450.242,Independence,2450.241537,399954.061
103060,32001800,43.13000107,128.15,15,518627.184,128.153,32013.866,9757.846,Fish,9757.845808,518627.1725
103061,32001900,100,16.34,15,66138.458,16.343,3094.171,943.105,Summit,943.1053508,66138.45908
103062,32002000,99.88999939,707.67,15,2863890.355,707.667,33248.619,10134.199,Loon,10134.19934,2863890.349
103063,32002200,100,434.15,15,1756990.593,434.152,20123.59,6133.683,Clear,6133.682584,1756990.6
103064,32002400,100,624.27,15,2526376.684,624.268,51271.052,15627.448,Little Spirit,15627.44773,2526376.662
103065,32004500,100,457.32,15,1850747.587,457.32,21450.746,6538.2,Flahtery,6538.200518,1850747.564
103066,32005800,100,191.32,15,774262.706,191.32,16650.839,5075.186,Timber,5075.185877,774262.7063
103067,32006900,100,929.83,15,3762976.358,929.831,26637.079,8118.998,Round,8118.997743,3762976.353
103068,33000100,100,314.53,15,1272873.848,314.527,17071.022,5203.258,Eleven,5203.257807,1272873.848
103069,33000900,99.30000305,410.38,15,1660799.963,410.384,31491.964,9598.77,Pomroy,9598.76989,1660799.926
103070,33001500,100,226.37,15,916124.494,226.374,19424.983,5920.747,Quamba,5920.746528,916124.4753
103071,33002600,100,44.65,15,180713.37,44.654,5649.505,1721.974,Snowshoe,1721.974229,180713.3781
103072,33002800,100,1259.21,15,5095972.901,1259.215,96292.358,29349.969,Knife,29349.96819,5095972.924
103073,33003200,45.45000076,80.88,15,327297.821,80.875,30286.659,9231.392,Lewis,9231.391631,327297.8305
103074,33003500,100,34.48,15,139521.476,34.476,6845.51,2086.518,Kent,2086.51805,139521.4735
103075,33003600,99.77999878,505.76,15,2046772.773,505.758,52939.396,16135.96,Fish,16135.95997,2046772.787
103076,33004000,90.56999969,591.81,15,2395027.633,591.811,71419.144,21768.599,Ann,21768.5992,2395027.633
103077,34002202,95.05000305,1023.45,15,4141854.65,1023.452,48545.581,14796.723,Elizabeth (Main Lake),14796.72292,4141854.65
103078,34003200,69.56999969,63.48,15,256898.446,63.48,15669.751,4776.15,Carrie,4776.149891,256898.4424
103079,34003300,100,150.46,15,608886.551,150.456,12883.508,3926.901,Ella,3926.900902,608886.5669
103080,34004400,40.41999817,649.45,15,2628287.999,649.45,85746.099,26135.463,Diamond,26135.46407,2628288.043
103081,34006200,100,647.1,15,2618792.738,647.104,25405.929,7743.743,Calhoun,7743.742545,2618792.758
103082,34006600,47.61999893,154.02,15,623296.176,154.016,66894.926,20389.614,Long,20389.61402,623296.1581
103083,34007200,100,1146.85,15,4641242.486,1146.851,26640.633,8120.081,Lillian,8120.08115,4641242.52
103084,34007900,38.11999893,2119.75,15,8578522.382,2119.753,206919.571,63069.211,Green,63069.21134,8578522.383
103085,34008600,51.84000015,1445.1,15,5848227.83,1445.097,117509.49,35816.964,Big Kandiyohi,35816.9647,5848227.831
103086,34011600,41.81000137,31.49,15,127433.461,31.489,13875.268,4229.19,Henderson,4229.190495,127433.4518
103087,34011900,48.31999969,38.16,15,154436.46,38.161,13910.952,4240.067,Elkhorn,4240.066968,154436.4714
103088,34014200,49.84000015,113.71,15,460161.498,113.706,28923.153,8815.795,George,8815.794944,460161.5093
103089,34015400,57.25999832,577.17,15,2335759.145,577.166,88325.133,26921.554,Nest,26921.55424,2335759.161
103090,34016903,100,1588.75,15,6429586.093,1588.751,70249.625,21412.129,"Wakanda, Lake (Main Basin",21412.12854,6429586.085
103091,34017100,34.68999863,294.69,15,1192611.034,294.694,48846.792,14888.532,Eagle,14888.53184,1192611.029
103092,34017200,98.73999786,733.13,15,2966920.686,733.126,47234.064,14396.971,Ringo,14396.97132,2966920.705
103093,34018000,100,446.86,15,1808400.167,446.856,23265.983,7091.486,Willmar,7091.485462,1808400.144
103094,34018100,95.69000244,662.68,15,2681831.091,662.68,63368.076,19314.628,Foot,19314.62731,2681831.094
103095,34019200,91.73000336,1463.38,15,5922226.708,1463.382,76163.405,23214.652,Long,23214.65185,5922226.707
103096,34019300,81.27999878,141.27,15,571714.041,141.271,22775.476,6941.979,Point,6941.978757,571714.0378
103097,34019600,100,204.34,15,826934.114,204.335,12968.604,3952.838,Skataas,3952.838384,826934.1305
103098,34020600,34.70000076,255.32,15,1033280.404,255.324,53004.727,16155.873,Andrew,16155.87313,1033280.43
103099,34021700,40.20000076,278.96,15,1128950.824,278.964,42070.018,12822.967,Florida,12822.96704,1128950.828
103100,34022400,47.56000137,247.82,15,1002909.595,247.819,41350.567,12603.678,Games,12603.67806,1002909.61
103101,34024500,97.12000275,513.04,15,2076260.207,513.044,39432.221,12018.965,West Solomon,12018.96482,2076260.209
103102,34024600,99.87999725,657.71,15,2661700.935,657.706,45786.535,13955.764,East Solomon,13955.76378,2661700.958
103103,34025100,90.83000183,2106.35,15,8524262.725,2106.345,134574.82,41018.487,Norway,41018.48687,8524262.676
103104,34028300,100,200.76,15,812479.636,200.764,12897.608,3931.199,Saint Johns,3931.199106,812479.6423
103105,34029400,99.52999878,59.82,15,242073.504,59.816,11529.718,3514.265,Lindgren,3514.26526,242073.5013
103106,34029700,100,69.55,15,281457.513,69.548,8216.392,2504.361,West Lindgren,2504.361475,281457.5263
103107,34032100,100,108.26,15,438135.019,108.263,9599.889,2926.052,Swenson,2926.051878,438134.9996
103108,35000300,61.43000031,200.79,15,812576.497,200.788,83623.176,25488.395,Bronson,25488.39573,812576.4887
103109,36001100,72.11000061,60.46,15,244669.595,60.458,18830.915,5739.674,Clear,5739.673996,244669.602
103110,36001400,73.94999695,86.23,15,348972.61,86.231,23788.469,7250.74,Dark,7250.740542,348972.6135
103111,37004601,98.75,3696.66,15,14960192.32,3696.664,179336.228,54661.792,Lac Qui Parle (S.E. Bay),54661.79252,14960192.31
103112,37004602,99.87000275,2154.55,15,8719359.234,2154.554,85075.389,25931.031,Lac Qui Parle (N.W. Bay),25931.0312,8719359.249
103113,38002000,94.48999786,77.17,15,312321.528,77.175,11159.709,3401.486,East,3401.485622,312321.5298
103114,38002401,86.30000305,148.21,15,599798.807,148.21,24963.402,7608.86,Crooked (East Bay),7608.859718,599798.8197
103115,38002402,100,100.14,15,405246.581,100.136,12593.38,3838.47,Crooked (West Bay),3838.469409,405246.5568
103116,38002800,26.30999947,11.07,15,44817.219,11.074,13187.943,4019.693,Echo,4019.69314,44817.22698
103117,38003300,97.44999695,289.17,15,1170271.027,289.174,31454.946,9587.487,Ninemile,9587.486576,1170271.024
103118,38004700,37.70999908,245.21,15,992356.368,245.211,77636.284,23663.587,Wilson,23663.58657,992356.3742
103119,38004800,68.76999664,191.28,15,774088.086,191.277,46439.853,14154.896,Harriet,14154.8957,774088.0969
103120,38005100,87.23999786,48.15,15,194871.372,48.153,9777.987,2980.336,Little Wilson,2980.336216,194871.3711
103121,38006000,56.66999817,195.78,15,792308.713,195.779,31449.715,9585.892,Whitefish,9585.892439,792308.7214
103122,38006800,44.72999954,203.95,15,825369.852,203.949,61346.892,18698.57,Windy,18698.57045,825369.8583
103123,38021100,23.07999992,264.34,15,1069775.071,264.341,260289.559,79336.416,Ottertrack,79336.41569,1069775.061
103124,38021900,99.87999725,1237.34,15,5007430.44,1237.336,90581.146,27609.189,Silver Island,27609.18912,5007430.43
103125,38022000,72.05999756,1202.94,15,4868221.273,1202.937,160451.172,48905.615,Perent,48905.61577,4868221.285
103126,38022300,39.79000092,89.65,15,362817.366,89.652,90866.941,27696.299,Beaver,27696.29921,362817.3835
103127,38023000,95.93000031,13.2,15,53403.997,13.196,3823.514,1165.409,Nicado,1165.409312,53403.99789
103128,38023100,100,66.56,15,269358.47,66.558,9570.127,2916.981,Tetagouche,2916.98079,269358.4788
103129,38025600,70.09999847,41.5,15,167964.05,41.504,15703.132,4786.324,Divide,4786.324122,167964.0602
103130,38029200,82.45999908,82.75,15,334883.484,82.75,29847.066,9097.404,Section 29,9097.404071,334883.4821
103131,38033000,26.18000031,405.21,15,1639851.017,405.207,263125.189,80200.718,Alice,80200.71745,1639851.001
103132,38033600,53.79000092,65.51,15,265106.029,65.508,26759.292,8156.248,Amber,8156.248568,265106.0223
103133,38035100,29.76000023,469.14,15,1898599.798,469.144,273191.101,83268.814,Thomas,83268.81405,1898599.828
103134,38037200,28.92000008,209.91,15,849508.272,209.913,144799.363,44134.934,Fraser,44134.93437,849508.2702
103135,38039300,47.63000107,188.14,15,761376.886,188.136,79694.093,24290.808,Dumbbell,24290.80776,761376.8783
103136,38039600,72.80999756,981.62,15,3972576.141,981.624,124801.271,38039.503,Isabella,38039.50224,3972576.142
103137,38040600,68.5,200.38,15,810913.83,200.377,32264.923,9834.368,Lax,9834.368109,810913.83
103138,38040800,26.07999992,4.76,15,19282.557,4.765,6766.898,2062.555,Bear,2062.554728,19282.54839
103139,38040900,56.75,17.86,15,72263.794,17.856,8549.296,2605.831,Bean,2605.830612,72263.80346
103140,38051600,37.33000183,22.52,15,91138.414,22.52,22581.279,6882.787,Ahsub,6882.787364,91138.4212
103141,38052900,27.37000084,1273.97,15,5155685.031,1273.97,363555.496,110811.937,Snowbank,110811.9363,5155685.085
103142,38053900,99.41000366,174.53,15,706332.624,174.535,18476.593,5631.677,Cloquet,5631.67712,706332.6376
103143,38055400,100,116.9,15,473075.273,116.897,18232.452,5557.262,Gander,5557.262534,473075.2757
103144,38057300,98.94000244,143.59,15,581085.314,143.586,28324.929,8633.456,Gegoka,8633.455896,581085.317
103145,38064200,64.76000214,615.71,15,2491733.56,615.707,138220.748,42129.768,Wind,42129.7682,2491733.56
103146,38065600,100,1329.19,15,5379138.273,1329.185,58017.961,17683.91,Greenwood,17683.91081,5379138.281
103147,38066400,99.83999634,79.67,15,322438.488,79.675,11795.745,3595.35,Dunnigan,3595.350265,322438.4925
103148,38066500,99.23000336,14.86,15,60140.528,14.861,4062.07,1238.121,Gypsy,1238.121437,60140.52827
103149,38067400,99.87999725,62.5,15,252946.468,62.503,11141.169,3395.835,East Chub,3395.834952,252946.4678
103150,38068600,100,272.84,15,1104181.338,272.843,28783.127,8773.115,North McDougal,8773.1141,1104181.361
103151,38069100,95.90000153,219.3,15,887501.072,219.302,35506.647,10822.448,August,10822.44699,887501.0664
103152,38071201,85.05000305,15.48,15,62640.216,15.478,5119.651,1560.473,Glacier Pond 1,1560.472661,62640.21359
103153,38073500,99.75,486.2,15,1967643.417,486.205,43193.312,13165.348,Sand,13165.34797,1967643.418
103154,38074400,92.13999939,237.11,15,959556.831,237.106,25965.738,7914.373,Stewart,7914.371944,959556.8217
103155,38075000,100,150.13,15,607571.086,150.131,14805.906,4512.849,Christianson,4512.849027,607571.0863
103156,38075100,99.69000244,141.62,15,573145.451,141.624,17292.44,5270.746,Thomas,5270.746635,573145.4567
103157,38077800,53.02000046,299.02,15,1210123.148,299.021,79467.274,24221.674,South Farm,24221.67225,1210123.14
103158,38077900,33.68999863,435.27,15,1761501.432,435.267,173219.266,52797.338,Farm,52797.33684,1761501.446
103159,38078200,45.49000168,297.21,15,1202810.22,297.214,151901.858,46299.779,Garden,46299.77936,1202810.255
103160,38078400,65.23999786,334.88,15,1355232.329,334.878,95449.321,29093.041,Newton,29093.04013,1355232.3
103161,38081000,35.31999969,165.42,15,669456.469,165.423,98546.269,30036.963,Cedar,30036.96371,669456.4684
103162,38081100,54.02999878,1213.13,15,4909486.282,1213.134,271225.544,82669.711,Fall,82669.71498,4909486.261
103163,38090900,71.48999786,4.01,15,16243.296,4.014,5249.321,1599.996,Jouppi,1599.99611,16243.2903
103164,40000100,76,316.62,15,1281325.42,316.616,37002.617,11278.42,Horseshoe,11278.42011,1281325.42
103165,40000200,99.79000092,899.57,15,3640496.531,899.567,42253.436,12878.873,Upper Sakatah,12878.87321,3640496.511
103166,40000900,66.41000366,80.43,15,325480.929,80.426,17119.277,5217.966,Sunfish,5217.966115,325480.9269
103167,40001400,100,258.11,15,1044556.448,258.11,14259.156,4346.2,Sabre,4346.199514,1044556.448
103168,40002000,89.38999939,269.69,15,1091435.335,269.694,21519.187,6559.061,Greenleaf,6559.061527,1091435.345
103169,40003100,40.63000107,551.22,15,2230774.439,551.224,121752.817,37110.333,Tetonka,37110.33345,2230774.414
103170,40003200,100,521.1,15,2108879.827,521.104,25854.03,7880.324,Gorman,7880.324247,2108879.805
103171,40003300,46.13000107,124.12,15,502302.094,124.119,23021.967,7017.11,Volney,7017.10951,502302.0917
103172,40003900,40.02999878,28.54,15,115487.333,28.537,11981.785,3652.055,Roemhildts,3652.05544,115487.3333
103173,40004400,77.12999725,58.55,15,236954.764,58.552,9971.78,3039.405,Steele,3039.40464,236954.7652
103174,40005100,42.74000168,33.08,15,133881.645,33.082,17895.672,5454.612,Fish,5454.612014,133881.6495
103175,40005600,89.44000244,151.1,15,611494.748,151.1,15467.358,4714.46,Rays,4714.460109,611494.745
103176,40005700,65.11000061,568.07,15,2298963.037,568.074,77447.354,23606.001,Frances,23606.00063,2298963.047
103177,40006300,65.98999786,522.41,15,2114178.94,522.414,51108.12,15577.786,German,15577.78632,2114178.923
103178,40007900,74.5,208.52,15,843868.638,208.52,22420.526,6833.79,Clear,6833.790425,843868.6412
103179,40009201,51.11000061,331.52,15,1341627.509,331.516,51353.434,15652.558,East Jefferson,15652.55834,1341627.52
103180,40009202,79.45999908,348.68,15,1411096.401,348.682,59496.856,18134.678,West Jefferson,18134.67855,1411096.391
103181,40009203,98.51000214,509.05,15,2060085.572,509.047,44097.783,13441.031,Swede's Bay,13441.03111,2060085.59
103182,40009204,98.59999847,654.93,15,2650475.033,654.932,31971.051,9744.796,Middle Jefferson,9744.795558,2650475.048
103183,40010900,100,598.2,15,2420877.133,598.199,23767.966,7244.491,Scotch,7244.490395,2420877.143
103184,40011700,74.45999908,1131.37,15,4578588.32,1131.369,91821.297,27987.187,Washington,27987.18746,4578588.354
103185,40012400,73.84999847,219.86,15,889769.666,219.862,43618.614,13294.98,Emily,13294.97964,889769.6646
103186,41002100,100,547.07,15,2213950.244,547.067,22206.464,6768.544,Dead Coon,6768.543643,2213950.241
103187,41004300,100,2649.41,15,10722028.2,2649.413,95958.738,29248.282,Benton,29248.28164,10722028.17
103188,41006700,100,227.45,15,920488.49,227.453,16453.867,5015.149,Perch,5015.148542,920488.4934
103189,41008900,99.83999634,996.26,15,4031826.81,996.264,46103.128,14052.262,Shaokotan,14052.26151,4031826.81
103190,41011000,100,1521.68,15,6158163.247,1521.682,56856.601,17329.927,Hendricks,17329.92653,6158163.223
103191,42000200,100,348.66,15,1411009.134,348.66,26190.944,7983.016,School Grove,7983.015764,1411009.137
103192,42001400,100,382.59,15,1548329.05,382.592,19793.504,6033.072,Cottonwood,6033.072086,1548329.048
103193,42002000,100,284.46,15,1151183.918,284.458,22739.355,6930.969,Lady Slipper,6930.969197,1151183.947
103194,42004700,100,402.96,15,1630766.58,402.962,25904.384,7895.672,Yankton,7895.671967,1630766.575
103195,42005200,99.98000336,379.12,15,1534295.986,379.125,20420.113,6224.063,Rock,6224.063098,1534296.004
103196,42005500,100,65.54,15,265230.889,65.539,6738.627,2053.938,Clear,2053.937832,265230.8958
103197,42007000,26.90999985,95.92,15,388188.168,95.921,48074.809,14653.231,East Twin,14653.23061,388188.1678
103198,42009300,100,149.74,15,605979.035,149.737,10298.376,3138.951,Goose,3138.9514,605979.046
103199,42009600,94.36000061,141.59,15,573014.665,141.592,17341.644,5285.744,Island,5285.743454,573014.6664
103200,42014600,100,6.39,15,25841.366,6.385,3880.34,1182.73,Swift,1182.729833,25841.36051
103201,43001200,100,382.44,15,1547724.31,382.443,20887.071,6366.392,Winsted,6366.392159,1547724.316
103202,43003400,100,452.72,15,1832114.929,452.716,23888.085,7281.103,Silver,7281.102899,1832114.925
103203,43007300,91.20999908,309.37,15,1251992.204,309.367,27579.661,8406.298,Hook,8406.297614,1251992.216
103204,43008400,99.48000336,524.06,15,2120837.069,524.059,38232.385,11653.254,Marion,11653.25462,2120837.068
103205,43008500,99.45999908,641.78,15,2597262.052,641.783,75108.972,22893.26,Otter,22893.26052,2597262.049
103206,43010400,55.50999832,75.57,15,305824.317,75.569,20642.702,6291.908,Stahl's,6291.908085,305824.3317
103207,43011500,97.54000092,1860.01,15,7527376.846,1860.015,121193.528,36939.861,Cedar,36939.86055,7527376.843
103208,44000100,86.01000214,592.52,15,2397912.961,592.524,38575.498,11757.835,Roy,11757.83524,2397912.989
103209,44000300,38,316.22,15,1279705.374,316.215,54359.172,16568.709,Tulaby,16568.70859,1279705.384
103210,44000600,51.06999969,351.83,15,1423853.91,351.834,85523.908,26067.739,Bass,26067.73925,1423853.897
103211,44001400,51.91999817,585.98,15,2371411.201,585.976,84511.234,25759.076,South Twin,25759.07544,2371411.184
103212,44002300,99.93000031,956.86,15,3872353.659,956.859,29470.336,8982.576,North Twin,8982.576655,3872353.677
103213,44003800,53.25,338.12,15,1368355.169,338.121,82572.363,25168.106,Island,25168.10622,1368355.181
103214,44004500,43.31999969,270.64,15,1095252.256,270.637,66258.475,20195.623,Snider,20195.62379,1095252.219
103215,44007800,100,26.5,15,107250.62,26.502,7228.166,2203.152,Wadena,2203.151671,107250.6297
103216,44008000,38.75,102.39,15,414374.371,102.392,38983.644,11882.238,McCraney,11882.23838,414374.3901
103217,44011100,45.09999847,36.15,15,146278.233,36.145,12880.977,3926.134,Buresh,3926.133598,146278.2505
103218,44016900,89.93000031,127.91,15,517658.325,127.913,15434.269,4704.375,Little Vanose,4704.37477,517658.3469
103219,45000100,100,6896.16,15,27908379.98,6896.161,75134.794,22901.131,Thief,22901.13097,27908379.98
103220,45011900,97.26000214,47.38,15,191748.916,47.381,16174.901,4930.12,Unnamed (Florian Pk Res.),4930.119826,191748.9122
103221,46001200,100,185.63,15,751233.241,185.63,12446.936,3793.834,Imogene,3793.833668,751233.2413
103222,46001400,100,363.89,15,1472660.107,363.894,22198.815,6766.212,Wilmert,6766.212023,1472660.102
103223,46001600,100,207.94,15,841505.589,207.936,14071.423,4288.978,North Silver,4288.978185,841505.5736
103224,46002000,58.79999924,146.36,15,592324.608,146.363,30960.596,9436.809,South Silver,9436.808483,592324.617
103225,46002400,100,83.16,15,336562.721,83.165,13654.208,4161.811,George,4161.810878,336562.7365
103226,46002500,78.37999725,109.49,15,443106.332,109.492,25613.366,7806.97,Sisseton,7806.969549,443106.323
103227,46003000,48.90000153,111.44,15,450976.613,111.436,21941.283,6687.716,Budd,6687.716447,450976.5798
103228,46003100,91.29000092,500.73,15,2026415.042,500.727,31887.924,9719.459,Hall,9719.458528,2026415.041
103229,46003400,63.59000015,115.78,15,468547.709,115.778,18564.367,5658.43,Amber,5658.430017,468547.7047
103230,46009600,100,267.34,15,1081892.272,267.336,14003.229,4268.193,Clear,4268.192649,1081892.272
103231,46010900,89.51999664,859.98,15,3480310.77,859.985,69499.68,21183.545,Fox,21183.54549,3480310.759
103232,46011100,100,71.13,15,287855.97,71.129,7847.124,2391.808,Clam,2391.807983,287855.979
103233,46012100,100,706.86,15,2860614.936,706.858,50151.147,15286.1,Cedar,15286.09994,2860614.946
103234,46013300,99.98000336,460.74,15,1864569.943,460.735,32263.042,9833.795,Big Twin,9833.794963,1864569.943
103235,46014500,100,155.63,15,629815.633,155.627,13106.503,3994.87,Fish,3994.870216,629815.6357
103236,47000200,78.16999817,801.28,15,3242725.575,801.277,47542.979,14491.129,Francis,14491.1283,3242725.599
103237,47001500,100,1064.03,15,4306082.734,1064.033,31096.958,9478.372,Jennie,9478.371785,4306082.743
103238,47002300,100,137.85,15,557864.278,137.848,12259.891,3736.822,Arvilla,3736.822575,557864.2841
103239,47002500,48.90000153,25.65,15,103799.486,25.649,9961.221,3036.186,Little Swan,3036.186277,103799.4895
103240,47002600,67.65000153,113.61,15,459755.606,113.606,31263.35,9529.088,Long,9529.088002,459755.6033
103241,47003200,77.04000092,156.25,15,632319.713,156.246,25037.833,7631.547,Spring,7631.546737,632319.7003
103242,47003800,55.09999847,382.14,15,1546514.237,382.144,53412.069,16280.031,Big Swan,16280.03134,1546514.222
103243,47004200,61.34999847,94.27,15,381493.034,94.267,18876.641,5753.612,Betty,5753.611546,381493.0304
103244,47004600,95.09999847,2318.68,15,9383587.635,2318.685,85813.704,26156.096,Washington,26156.09548,9383587.681
103245,47004901,44.06000137,376.55,15,1523865.01,376.547,52070.061,15870.986,Belle Lake,15870.98554,1523865.025
103246,47005000,39.63000107,114.89,15,464956.051,114.891,28568.535,8707.707,Manuella,8707.706937,464956.0189
103247,47006100,88.98999786,170.07,15,688257.093,170.068,22817.26,6954.715,Willie,6954.71415,688257.0779
103248,47006200,80.90000153,193.01,15,781107.616,193.012,22649.499,6903.581,Greenleaf,6903.581446,781107.6109
103249,47006400,60.09000015,115.68,15,468155.334,115.681,30303.793,9236.615,Erie,9236.614505,468155.3195
103250,47006800,50.36999893,300.41,15,1215739.771,300.409,43610.11,13292.388,Stella,13292.38824,1215739.718
103251,47008200,60.56999969,92.01,15,372347.551,92.007,21881.341,6669.446,Dunns,6669.44576,372347.5525
103252,47008800,37.70999908,43.93,15,177797.787,43.934,16856.828,5137.971,Richardson,5137.971503,177797.7667
103253,47009500,90.66000366,479.66,15,1941154.172,479.659,45011.6,13719.563,Clear,13719.56279,1941154.189
103254,47009600,68.87999725,25.74,15,104167.84,25.74,9805.103,2988.601,Little Mud,2988.601336,104167.843
103255,47010200,100,266.33,15,1077823.321,266.33,12462.081,3798.454,Round,3798.453796,1077823.325
103256,47010600,98.80000305,138.53,15,560632.984,138.532,16113.219,4911.319,Hoff,4911.318574,560632.9905
103257,47011900,30.43000031,175.76,15,711305.735,175.764,45373.887,13829.989,Minnie-Belle,13829.98888,711305.7318
103258,47012700,100,119.36,15,483028.386,119.356,9900.683,3017.734,Goose,3017.734182,483028.386
103259,47012900,99.98999786,552.77,15,2237016.749,552.767,51335.579,15647.116,Star,15647.11601,2237016.727
103260,47013402,83.30999756,507.57,15,2054120.184,507.573,31662.263,9650.677,Ripley (west portion),9650.677186,2054120.189
103261,47015900,100,225.75,15,913582.986,225.746,15289.817,4660.346,Thompson,4660.345583,913582.9865
103262,47017700,100,787.03,15,3185071.52,787.031,44779.113,13648.701,Long,13648.70159,3185071.531
103263,47018300,97.62000275,273.98,15,1108772.202,273.978,20073.075,6118.286,Hope,6118.285694,1108772.212
103264,47026400,100,62.78,15,254079.166,62.783,8877.481,2705.862,Unnamed,2705.861617,254079.173
103265,48000200,11.51000023,14759.78,15,59732000.8,14759.777,1094926.371,333734.225,Mille Lacs,333734.2272,59732000.93
103266,48001100,80.27999878,25.17,15,101847.301,25.166,9249.347,2819.21,Black Bass,2819.209987,101847.3121
103267,48001200,100,584.89,15,2366997.482,584.885,23190.474,7068.471,Shakopee,7068.470946,2366997.487
103268,49000500,46.08000183,64.09,15,259355.575,64.087,26197.921,7985.142,Peavy,7985.142369,259355.5799
103269,49001500,54.31999969,68.59,15,277593.472,68.593,22413.637,6831.69,Long,6831.690167,277593.4697
103270,49001600,56.38000107,622.01,15,2517248.12,622.012,75205.324,22922.629,Sullivan,22922.62798,2517248.12
103271,49001900,49.41999817,66.2,15,267888.576,66.195,20430.549,6227.244,Round,6227.243851,267888.5685
103272,49002400,43.16999817,79.73,15,322672.275,79.732,33390.235,10177.364,Pierz,10177.3638,322672.2702
103273,49003500,50.95999908,92.99,15,376317.581,92.988,21770.437,6635.643,Green Prairie Fish,6635.642493,376317.5936
103274,49003600,59.40000153,190.97,15,772862.375,190.974,60978.627,18586.323,Sylvan,18586.32164,772862.3557
103275,49005600,80.52999878,103.5,15,418848.995,103.498,14257.994,4345.845,Round,4345.84569,418849.0032
103276,49006400,99.20999908,28.27,15,114420.801,28.273,6123.12,1866.332,Fosdick,1866.332433,114420.8034
103277,49006800,100,20,15,80925.918,19.997,3802.637,1159.047,Cockburn,1159.047386,80925.91316
103278,49007300,71.31999969,29.25,15,118364.945,29.248,12934.907,3942.572,Alott,3942.571357,118364.9411
103279,49007700,85.97000122,14.14,15,57233.885,14.142,6752.87,2058.281,Unnamed,2058.281457,57233.88706
103280,49007900,31.09000015,843.85,15,3415017.171,843.851,170118.189,51852.128,Alexander,51852.12808,3415017.148
103281,49008000,73.69999695,386.79,15,1565301.503,386.786,75930.447,23143.646,Placid,23143.64665,1565301.472
103282,49008100,47.97999954,83.56,15,338171.529,83.562,29288.693,8927.212,Pine,8927.211829,338171.5318
103283,49008400,100,44.95,15,181905.61,44.949,8350.157,2545.133,Stony,2545.132781,181905.6094
103284,49010800,43.43000031,13.74,15,55618.473,13.743,12582.78,3835.243,Lagerquist,3835.242841,55618.47512
103285,49012700,43.22999954,630.54,15,2551768.03,630.542,107332.975,32715.156,Shamineau,32715.15685,2551768.08
103286,49013100,68.75,70.93,15,287034.02,70.926,13784.216,4201.438,Round,4201.437382,287034.0132
103287,49013300,79.12000275,144.83,15,586138.324,144.835,20233.291,6167.12,Crookneck,6167.119413,586138.3161
103288,49013600,54.86000061,23.21,15,93934.107,23.211,9728.551,2965.268,Ham,2965.268193,93934.10305
103289,49013700,30.04999924,357.29,15,1445916.049,357.286,132685.707,40442.684,Fish Trap,40442.68338,1445916.051
103290,49014000,27.25,65.47,15,264958.709,65.471,35653.619,10867.245,Cedar,10867.24449,264958.7089
103291,49032300,58.90999985,692.65,15,2803108.427,692.648,196769.219,59975.378,Zebulon Pike,59975.37782,2803108.425
103292,50000200,99.98999786,40,15,161884.139,40.002,7813.308,2381.501,East Side,2381.50114,161884.1386
103293,50000300,93.25,17.15,15,69390.2,17.146,7765.607,2366.962,Mill Pond,2366.961122,69390.1994
103294,50001500,100,3.75,15,15173.832,3.749,1798.625,548.223,LeRoy Sand Pit,548.2226371,15173.83155
103295,51001800,100,126.9,15,513553.848,126.899,8623.076,2628.319,Buffalo,2628.318765,513553.8485
103296,51002400,100,326.04,15,1319458.104,326.038,21652.061,6599.561,Lime,6599.56138,1319458.104
103297,51004000,100,272.55,15,1103000.063,272.551,28456.49,8673.556,Bloody,8673.555429,1103000.07
103298,51004300,100,172.12,15,696556.342,172.119,14493.357,4417.584,Fox,4417.584168,696556.3421
103299,51004600,95.62000275,3370.97,15,13642147.29,3370.975,186872.879,56958.967,Shetek,56958.9685,13642147.34
103300,51006300,100,1144.06,15,4629942.984,1144.059,33447.302,10194.758,Sarah,10194.75814,4629943.003
103301,51006800,100,78.3,15,316872.195,78.299,7854.282,2393.99,Summit,2393.98981,316872.1807
103302,51008200,99.19000244,405.73,15,1641967.9,405.73,20942.493,6383.285,Currant,6383.284572,1641967.9
103303,52000100,29.35000038,3.54,15,14337.804,3.543,7967.567,2428.522,Unnamed (Hallett),2428.520979,14337.8013
103304,52003400,95.23000336,8884.26,15,35954119.43,8884.263,364218.384,111013.985,Swan,111013.9848,35954119.63
103305,53000700,100,197.21,15,798101.928,197.211,15947.213,4860.72,Indian,4860.720154,798101.9279
103306,53001600,100,98.42,15,398304.712,98.421,10375.393,3162.426,Kinbrae,3162.426098,398304.7039
103307,53002100,100,519.28,15,2101503.513,519.282,19278.222,5876.014,West Graham,5876.013724,2101503.485
103308,53002800,99.76999664,775.93,15,3140147.438,775.93,34537.423,10527.028,Okabena,10527.02783,3140147.431
103309,55000400,49.59999847,354.9,15,1436274.889,354.904,178110.351,54288.144,Zumbro,54288.14689,1436274.886
103310,56003100,99.68000031,242.42,15,981040.413,242.415,31033.153,9458.924,Adley,9458.924018,981040.4138
103311,56006600,96.94000244,481.46,15,1948458.724,481.464,65247.253,19887.402,Fish,19887.40242,1948458.696
103312,56006900,67.91999817,134.17,15,542982.029,134.171,34376.099,10477.856,Bear,10477.85599,542982.0285
103313,56007000,100,104.79,15,424067.645,104.787,8806.983,2684.374,Edna,2684.373738,424067.6225
103314,56007900,50.34999847,145.92,15,590548.38,145.925,29062.76,8858.347,Block,8858.346759,590548.3803
103315,56011400,38.06999969,266.5,15,1078518.566,266.502,71137.825,21682.852,West Leaf,21682.85184,1078518.55
103316,56011601,48.50999832,195.17,15,789846.362,195.171,42660.16,13002.843,Middle Leaf,13002.84294,789846.3603
103317,56011602,28.75,118.59,15,479932.928,118.591,40642.205,12387.769,East Leaf,12387.76912,479932.891
103318,56013000,50.22999954,2375.96,15,9615385.17,2375.962,179409.02,54683.979,Big Pine,54683.97918,9615385.179
103319,56013800,41.90999985,831.93,15,3366786.025,831.933,145874.31,44462.579,East Battle,44462.57778,3366786.026
103320,56014001,57.68999863,155.23,15,628216.609,155.232,24614.614,7502.549,Portage (main bay),7502.549258,628216.5997
103321,56014100,62.81999969,3287.88,15,13305885.5,3287.884,216683.783,66045.349,Rush,66045.34784,13305885.46
103322,56014200,36.74000168,764.2,15,3092678.661,764.201,86613.763,26399.928,Little Pine,26399.92792,3092678.665
103323,56016000,86.43000031,638.49,15,2583929.289,638.489,121874.072,37147.291,Spitzer,37147.2908,2583929.311
103324,56020000,51.11000061,84.58,15,342286.27,84.579,21559.661,6571.398,Donalds,6571.397744,342286.2657
103325,56021200,51.34999847,86.98,15,352016.711,86.983,19802.741,6035.887,Boedigheimer,6035.887289,352016.6945
103326,56023800,33.38000107,847.77,15,3430858.721,847.765,154624.94,47129.776,Clitherall,47129.77625,3430858.731
103327,56023900,46.15000153,2570.31,15,10401884.98,2570.306,226321.253,68982.856,West Battle,68982.85805,10401885
103328,56024000,79.5,1044.37,15,4226524.116,1044.374,68812.67,20974.144,Blanche,20974.14416,4226524.125
103329,56024100,56.95000076,201.81,15,816703.563,201.807,31594.24,9629.944,Annie Battle,9629.943523,816703.5466
103330,56024200,47.72999954,6717.2,15,27184131.1,6717.199,410354.71,125076.366,Otter Tail,125076.3656,27184131.14
103331,56024300,41.22999954,669.46,15,2709248.355,669.455,86497.608,26364.524,Marion,26364.5241,2709248.363
103332,56025200,55.68000031,125.29,15,507022.426,125.288,35998.651,10972.411,Middle,10972.40993,507022.4122
103333,56025300,19.30999947,175.19,15,708996.132,175.193,45198.876,13776.645,Eagle,13776.64505,708996.1574
103334,56029800,67.31999969,299.29,15,1211196.551,299.287,38840.121,11838.492,Deer,11838.49248,1211196.568
103335,56030201,44.52999878,235.79,15,954226.447,235.789,40207.736,12255.355,First Silver,12255.3552,954226.4355
103336,56030600,41.97999954,79.06,15,319970.871,79.065,28916.627,8813.805,Elbow,8813.805564,319970.8532
103337,56031000,62.43999863,362.88,15,1468546.153,362.878,42862.176,13064.417,Walker,13064.41735,1468546.147
103338,56032800,39.06000137,513.33,15,2077426.611,513.332,79238.109,24151.824,Little McDonald,24151.82384,2077426.609
103339,56035800,26.87999916,67.59,15,273514.448,67.585,28148.316,8579.624,Scalp,8579.623931,273514.4539
103340,56036000,40.86999893,490.61,15,1985457.736,490.607,96470.641,29404.31,Rose,29404.31059,1985457.738
103341,56036900,34.09999847,65.72,15,265978.095,65.723,32774.466,9989.677,Six,9989.676962,265978.0777
103342,56037700,70.87000275,600.8,15,2431389.621,600.796,74306.55,22648.682,South Turtle,22648.6815,2431389.589
103343,56037800,65.44999695,316.42,15,1280540.295,316.422,58939.349,17964.768,East Lost,17964.76804,1280540.303
103344,56037900,98.22000122,1747.43,15,7071745.281,1747.428,125195.953,38159.803,North Turtle,38159.80303,7071745.289
103345,56038300,82.70999908,6258.35,15,25327210.22,6258.354,330065.287,100604.101,Dead,100604.1015,25327210.18
103346,56038500,58.63000107,2658.62,15,10759272.21,2658.616,327312.399,99765.019,Star,99765.0212,10759272.22
103347,56038601,39.54999924,392.2,15,1587193.901,392.196,64590.631,19687.264,Big McDonald,19687.26466,1587193.902
103348,56038602,32.47999954,193.84,15,784475.2,193.844,55470.074,16907.312,West McDonald,16907.31264,784475.2021
103349,56038603,68.52999878,388.76,15,1573297.125,388.762,60649.992,18486.155,Big McDonald #2,18486.15481,1573297.13
103350,56038700,41.29999924,278.84,15,1128443.094,278.838,81064.694,24708.568,Sybil,24708.56859,1128443.078
103351,56038800,42.79999924,551.59,15,2232234.333,551.585,125096.499,38129.489,Long,38129.48901,2232234.327
103352,56040800,51.16999817,188.7,15,763667.526,188.702,45121.685,13753.117,Sewell,13753.1172,763667.5301
103353,56043700,44.79999924,607.79,15,2459689.62,607.789,119871.019,36536.76,Stalker,36536.75956,2459689.657
103354,56047500,29.13999939,244.18,15,988165.464,244.176,67639.942,20616.696,Pickerel,20616.69576,988165.4708
103355,56053200,48.58000183,307.61,15,1244889.306,307.612,80210.758,24448.288,Leek (Trowbridge),24448.28761,1244889.317
103356,56054800,78.45999908,63.65,15,257583.904,63.649,15267.972,4653.692,Bradbury,4653.691827,257583.9002
103357,56055900,45.97999954,183.68,15,743349.487,183.682,40988.089,12493.194,Clear,12493.19457,743349.4864
103358,56061300,49.97999954,713.52,15,2887580.269,713.521,83197.783,25358.735,Ten Mile,25358.73502,2887580.256
103359,56068200,91.31999969,46.37,15,187649.928,46.368,9092.834,2771.504,Spring,2771.504033,187649.9506
103360,56069100,54.34999847,20.14,15,81500.377,20.139,8951.456,2728.412,Kempfer,2728.411826,81500.37504
103361,56072700,37.11000061,19.27,15,77978.09,19.268,13063.866,3981.874,Fladmark,3981.87453,77978.09594
103362,56074701,43.50999832,2399.72,15,9711519.212,2399.716,229169.783,69851.09,North Lida,69851.08868,9711519.18
103363,56074702,41.36999893,321.03,15,1299202.706,321.033,98254.582,29948.056,South Lida,29948.05673,1299202.711
103364,56074900,49.86999893,712.72,15,2884339.053,712.72,90895.433,27704.983,Crystal,27704.98324,2884339.028
103365,56075900,48.56999969,529.12,15,2141301.941,529.116,116405.677,35480.521,Franklin,35480.52047,2141301.949
103366,56076001,42.65999985,815.49,15,3300228.198,815.486,127477.931,38855.351,Lizzie (north portion),38855.35085,3300228.207
103367,56076002,100,1831.47,15,7411840.006,1831.466,57011.863,17377.251,Rush-Lizzie(south portion,17377.24974,7411840.02
103368,56078100,54.34000015,410.44,15,1661016.698,410.437,70262.234,21415.972,Swan,21415.97168,1661016.694
103369,56078300,60.06000137,39.91,15,161517.234,39.911,24388.99,7433.787,Wright,7433.786942,161517.2391
103370,56078400,37.88999939,287.04,15,1161635.185,287.04,79616.601,24267.188,Long,24267.18903,1161635.182
103371,56078600,40.58000183,1608.25,15,6508486.271,1608.247,201086.745,61291.362,Pelican,61291.36302,6508486.278
103372,56084600,95.83999634,61.67,15,249574.346,61.67,9889.13,3014.213,Iverson,3014.212935,249574.3387
103373,56087700,36.27000046,264.84,15,1071779.129,264.837,53814.136,16402.582,Jewett,16402.58143,1071779.144
103374,56091500,78.58999634,790.9,15,3200714.986,790.897,60959.053,18580.357,Prairie,18580.3571,3200714.986
103375,56092000,100,31.09,15,125824.21,31.091,11439.257,3486.693,Unnamed,3486.692526,125824.2236
103376,56094100,99.30000305,132.45,15,536033.643,132.454,16052.413,4892.785,Pete,4892.785545,536033.6534
103377,56095001,66.36000061,141.27,15,571721.181,141.272,36822.751,11223.597,West Olaf,11223.59698,571721.1747
103378,56095200,99.66999817,531.45,15,2150745.114,531.449,45853.748,13976.25,Grove,13976.25068,2150745.125
103379,56098200,82.16999817,454.45,15,1839135.068,454.45,54676.181,16665.333,Oscar,16665.33319,1839135.072
103380,56103900,99.79000092,157.01,15,635396.43,157.006,23748.718,7238.624,Jacobs,7238.623751,635396.4413
103381,57005100,93.12999725,84.79,15,343146.446,84.791,39159.43,11935.818,Red Lake River Reservoir,11935.81884,343146.4368
103382,58000700,100,79.32,15,321014.951,79.323,7537.354,2297.39,Rock,2297.389968,321014.9509
103383,58002400,51.72999954,36.08,15,146013.623,36.08,17738.552,5406.721,Tamarack,5406.72147,146013.6305
103384,58003100,100,58.7,15,237569.051,58.703,6478.54,1974.663,Pickerel,1974.662894,237569.0427
103385,58003800,100,136.82,15,553720.729,136.824,14648.198,4464.78,Net,4464.779637,553720.7297
103386,58004800,97.27999878,443.25,15,1793827.177,443.255,28670.563,8738.805,Oak,8738.805239,1793827.151
103387,58006200,54.54999924,292.5,15,1183733.551,292.501,67171.77,20473.996,Island,20473.99588,1183733.548
103388,58006700,42.63999939,727.33,15,2943482.54,727.335,87656.914,26717.881,Sturgeon,26717.88099,2943482.554
103389,58006800,37.11999893,40.09,15,162257.723,40.094,18687.673,5696.014,Eleven,5696.014273,162257.7238
103390,58006900,63.47999954,41.51,15,167978.168,41.507,16020.127,4882.944,Twelve,4882.944414,167978.1684
103391,58008100,45.49000168,234.85,15,950428.667,234.851,62951.382,19187.62,Sand,19187.61945,950428.6438
103392,58011900,49.34999847,456.42,15,1847093.762,456.417,123169.672,37542.191,Cross,37542.19162,1847093.766
103393,58012300,14.64999962,77.39,15,313212.494,77.395,51588.101,15724.085,Grindstone,15724.08468,313212.4887
103394,58012800,100,32.72,15,132422.132,32.722,4737.116,1443.876,Bass,1443.875893,132422.124
103395,58013700,81.56999969,182.69,15,739349.995,182.693,28708.608,8750.401,Bass,8750.401284,739349.9943
103396,58013800,44.52000046,177.61,15,718763.549,177.606,51328.142,15644.849,Big Pine,15644.84906,718763.5547
103397,58014200,62.20999908,942.83,15,3815593.263,942.833,94515.595,28808.411,Pokegama,28808.4113,3815593.252
103398,58014600,90.44000244,7.74,15,31313.501,7.738,3563.372,1086.119,Unnamed,1086.119082,31313.50171
103399,59002100,100,2.09,15,8444.006,2.087,1157.826,352.906,Indian Pond,352.9061163,8444.007405
103400,60001500,81.41000366,197.61,15,799704.629,197.607,20277.989,6180.744,Whitefish,6180.743595,799704.6248
103401,60002701,100,83.68,15,338634.464,83.677,12819.447,3907.375,Cross (North East Bay),3907.37524,338634.4679
103402,60002702,84.91999817,140.71,15,569435.997,140.708,18960.046,5779.033,Cross (Main  Basin),5779.033595,569435.987
103403,60002703,100,70.44,15,285074.701,70.442,9041.497,2755.854,Cross (East Bay),2755.854044,285074.7135
103404,60003200,99.72000122,525.12,15,2125143.532,525.123,35133.056,10708.577,Turtle,10708.57692,2125143.516
103405,60013000,50.63999939,25.15,15,101762.827,25.146,9869.707,3008.293,Store,3008.292693,101762.8287
103406,60014200,70.63999939,69.43,15,280997.159,69.434,20394.292,6216.193,Hill River,6216.19277,280997.1534
103407,60018900,100,224.83,15,909868.663,224.829,14926.971,4549.75,Cameron,4549.75006,909868.6791
103408,60020200,47.68000031,145.3,15,588007.592,145.297,34122.164,10400.456,Sarah,10400.45655,588007.5577
103409,60021400,99.62999725,254.71,15,1030808.797,254.713,16475.847,5021.848,Badger,5021.848321,1030808.835
103410,60021700,47.06999969,376.24,15,1522627.923,376.241,111031.123,33842.354,Union,33842.35402,1522627.932
103411,60030500,99.69000244,1575.58,15,6376276.971,1575.578,107313.726,32709.289,Maple,32709.28932,6376276.986
103412,61002300,66.65000153,229.65,15,929366.957,229.647,38764.744,11815.518,Grove,11815.5178,929366.962
103413,61002900,100,203.13,15,822035.918,203.125,25496.314,7771.292,Westport,7771.292558,822035.939
103414,61003700,40.47000122,70.78,15,286461.62,70.785,19126.497,5829.768,Linka,5829.767834,286461.6107
103415,61004100,55.24000168,229.73,15,929698.228,229.728,37283.297,11363.972,Scandinavian,11363.97158,929698.2054
103416,61004300,99.26000214,323.83,15,1310511.547,323.827,21546.026,6567.242,Goose,6567.241989,1310511.525
103417,61006400,40.13000107,376.63,15,1524184.086,376.626,84713.431,25820.706,Amelia,25820.70559,1524184.094
103418,61006600,56.63999939,159.73,15,646403.62,159.726,24729.916,7537.694,Leven,7537.693605,646403.6128
103419,61006700,99.47000122,541.47,15,2191315.092,541.474,35515.816,10825.242,Villard,10825.24262,2191315.098
103420,61007200,62.31000137,209.33,15,847129.167,209.326,43403.048,13229.276,Gilchrist,13229.27575,847129.1537
103421,61007800,53.49000168,2029.16,15,8211895.741,2029.159,106564.135,32480.813,Reno,32480.81285,8211895.732
103422,61009200,82.93000031,83.84,15,339312.034,83.844,19537.278,5954.974,Hoff,5954.974418,339312.0374
103423,61009700,100,347.06,15,1404549.001,347.064,23971.577,7306.551,Benson,7306.551131,1404548.995
103424,61011100,80.87999725,421.87,15,1707298.014,421.873,41606.066,12681.554,Pelican,12681.5543,1707298.004
103425,61012200,100,369.76,15,1496402.775,369.761,17827.421,5433.809,Ann,5433.808639,1496402.79
103426,61012300,100,121.28,15,490816.751,121.281,13392.613,4082.076,John,4082.076268,490816.7371
103427,61013000,40.88000107,3290.84,15,13317831.71,3290.836,208970.876,63694.45,Minnewaska,63694.45065,13317831.68
103428,61016200,100,198.58,15,803646.164,198.581,15818.849,4821.595,Malmedal,4821.594714,803646.1582
103429,61018000,100,2311.01,15,9352511.382,2311.006,66860.944,20379.257,Emily,20379.25745,9352511.34
103430,62000100,98.12000275,71.82,15,290634.48,71.816,10953.35,3338.588,Silver (East),3338.587819,290634.4751
103431,62000200,56.13000107,589.06,15,2383904.352,589.063,106659.059,32509.746,Bald Eagle,32509.74737,2383904.363
103432,62000500,100,11.82,15,47839.073,11.821,2892.34,881.587,Casey,881.5870576,47839.07397
103433,62000600,100,82.9,15,335486.154,82.899,9441.142,2877.666,Kohlman,2877.665562,335486.164
103434,62000700,40.18000031,94.42,15,382126.606,94.423,29627.077,9030.351,Gervais,9030.351084,382126.6134
103435,62001001,100,6.82,15,27603.603,6.821,2971.015,905.567,Spoon,905.5669364,27603.59917
103436,62001002,95.55000305,73.32,15,296705.091,73.316,13034.296,3972.861,Keller (main bay),3972.861527,296705.103
103437,62001100,100,20.52,15,83033.461,20.518,4113.729,1253.867,Wakefield,1253.866799,83033.44959
103438,62001200,98.38999939,21.08,15,85309.988,21.08,4522.971,1378.604,Round,1378.604418,85309.98529
103439,62001300,42.75999832,84.53,15,342085.588,84.529,29755.512,9069.498,Phalen,9069.498047,342085.5857
103440,62001600,100,82.82,15,335186.538,82.825,9639.944,2938.261,Beaver,2938.260659,335186.5376
103441,62002700,99.72000122,96.28,15,389641.385,96.28,12347.639,3763.568,Gilfillan,3763.56762,389641.3815
103442,62002800,79.22000122,50.26,15,203395.571,50.259,15692.611,4783.118,Sucker,4783.117292,203395.5771
103443,62003801,36.93999863,145.18,15,587542.172,145.182,45812.344,13963.63,East Vadnais,13963.6306,587542.1754
103444,62003802,99.83999634,211.62,15,856408.854,211.619,13894.607,4235.085,West Vadnais,4235.084912,856408.8524
103445,62003900,45.59999847,15.13,15,61234.29,15.131,9221.777,2810.803,Twin,2810.803226,61234.291
103446,62004600,47.29000092,287.17,15,1162140.84,287.165,63915.589,19481.511,Pleasant,19481.51049,1162140.821
103447,62004700,97.69999695,70.91,15,286977.869,70.912,11076.116,3376.007,Crosby,3376.007031,286977.86
103448,62005400,34.95000076,25.6,15,103608.577,25.602,13738.608,4187.536,McCarron,4187.536143,103608.5844
103449,62005500,97.75,65.65,15,265661.81,65.645,10238.247,3120.624,Como,3120.623792,265661.8289
103450,62005600,76.05000305,284.18,15,1150051.23,284.178,43433.906,13238.681,Owasso,13238.68071,1150051.222
103451,62005700,69.36000061,78.88,15,319222.809,78.88,15194.308,4631.234,Josephine,4631.234518,319222.8068
103452,62006100,63.15000153,284.18,15,1150050.724,284.178,36054.038,10989.293,Turtle,10989.29291,1150050.723
103453,62006700,61.61999893,117.29,15,474648.082,117.286,36281.686,11058.68,Long,11058.68003,474648.0804
103454,62006900,91.12999725,34.62,15,140095.682,34.618,6565.656,2001.216,Pike,2001.215736,140095.6857
103455,62007100,100,63.96,15,258846.101,63.961,8940.317,2725.014,Valentine,2725.014123,258846.1056
103456,62007300,86.48000336,127.79,15,517172.107,127.793,19549.004,5958.548,Snail,5958.548193,517172.1007
103457,62007501,100,41.86,15,169390.338,41.856,7584.116,2311.643,Island (Basin S.of I-694),2311.643252,169390.3287
103458,62007502,94.91999817,18,15,72834.754,17.997,6280.169,1914.199,Island (Basin N.of I-694),1914.199681,72834.75656
103459,62007800,43.91999817,92.93,15,376076.689,92.929,34327.624,10463.081,Johanna,10463.08068,376076.6664
103460,62008200,54.95999908,23.53,15,95240.383,23.534,10947.357,3336.761,Wabasso,3336.761224,95240.38573
103461,62008300,85.11000061,63.26,15,256006.869,63.259,13129.839,4001.983,Silver (West),4001.982967,256006.8636
103462,64005800,99.26999664,55.89,15,226170.752,55.887,14915.366,4546.213,Redwood,4546.213033,226170.7549
103463,64015000,83.48000336,19.41,15,78545.616,19.409,12416.639,3784.599,Laura,3784.599596,78545.61699
103464,65000200,99.48999786,660.85,15,2674410.47,660.847,27919.223,8509.796,Preston,8509.796024,2674410.456
103465,65000600,100,509.12,15,2060374.421,509.119,24286.996,7402.691,Allie,7402.691182,2060374.402
103466,66000800,98.69999695,1572.55,15,6364022.891,1572.55,67827.302,20673.803,Cannon,20673.80279,6364022.845
103467,66001000,98.12999725,653.9,15,2646276.86,653.895,59745.441,18210.447,Wells,18210.44678,2646276.86
103468,66001400,62.13999939,39.59,15,160237.577,39.595,17016.16,5186.536,Dudley,5186.535997,160237.576
103469,66001500,79.29000092,51.13,15,206932.915,51.133,11081.361,3377.606,Kelly,3377.605572,206932.9151
103470,66001800,77.01000214,486.89,15,1970402.946,486.887,45429.054,13846.803,Roberds,13846.804,1970402.954
103471,66002700,88.94999695,837.56,15,3389570.375,837.563,50276.277,15324.24,Circle,15324.23979,3389570.375
103472,66002900,47.13999939,146.66,15,593544.646,146.665,26734.338,8148.642,Fox,8148.642984,593544.6383
103473,66003200,99.44999695,396.73,15,1605560.113,396.734,27268.28,8311.388,Union,8311.388481,1605560.113
103474,66003800,43.27999878,379.03,15,1533898.639,379.026,60246.272,18363.1,French,18363.10027,1533898.642
103475,66003900,48.88000107,333,15,1347642.765,333.003,49161.996,14984.606,Mazaska,14984.60653,1347642.756
103476,66004500,100,179.42,15,726113.812,179.423,15412.813,4697.835,Sprague,4697.834682,726113.8166
103477,66004700,84.27999878,148.64,15,601539.385,148.64,16433.09,5008.816,Hunt,5008.815987,601539.3837
103478,66005200,75.34999847,667.27,15,2700412.633,667.272,88051.84,26838.255,Cedar,26838.2542,2700412.651
103479,66005500,73.80999756,702.93,15,2844730.935,702.933,69137.101,21073.031,Shields,21073.03091,2844730.931
103480,68000400,72.22000122,131.53,15,532290.492,131.529,54171.212,16511.418,Hayes,16511.41821,532290.4971
103481,69000100,100,450.06,15,1821384.723,450.064,21752.98,6630.322,Pine,6630.321545,1821384.706
103482,69000200,99.91000366,1414.34,15,5723748.948,1414.338,51683.205,15753.073,Seven Beaver,15753.07207,5723748.948
103483,69000300,51.56000137,3562.02,15,14415290.77,3562.018,806608.308,245854.704,Birch,245854.7026,14415290.83
103484,69000400,47.54000092,1539.52,15,6230355.705,1539.521,289782.962,88326.023,White Iron,88326.02161,6230355.728
103485,69001100,44.02000046,190.96,15,772819.679,190.964,62704.022,19112.224,Pequaywan,19112.22445,772819.6733
103486,69001600,98.41000366,26.33,15,106560.041,26.331,6667.382,2032.222,Sand,2032.222252,106560.0391
103487,69002800,98.38999939,179.75,15,727455.429,179.754,25881.689,7888.755,Little Stone,7888.754909,727455.4265
103488,69003000,81.01999664,99.71,15,403509.109,99.707,16344.858,4981.923,White,4981.922832,403509.1097
103489,69004100,47.86000061,193.57,15,783350.21,193.566,48354.933,14738.613,Bassett,14738.61292,783350.1983
103490,69004400,99.83999634,450.66,15,1823787.345,450.658,29339.966,8942.839,Butterball,8942.839199,1823787.35
103491,69005000,48.65000153,393.44,15,1592220.057,393.438,76802.326,23409.396,Big,23409.3959,1592220.056
103492,69005600,83.59999847,58.32,15,236000.806,58.316,14851.961,4526.887,Little,4526.88679,236000.8042
103493,69006400,20.12000084,16.5,15,66761.531,16.497,16778.232,5114.015,Dry,5114.015598,66761.54201
103494,69006900,31.78000069,745.17,15,3015670.309,745.172,215250.476,65608.476,Shagawa,65608.4763,3015670.315
103495,69007100,35.45999908,97,15,392561.861,97.002,61243.616,18667.092,High,18667.0923,392561.8609
103496,69011400,99.88999939,287.4,15,1163097.434,287.401,21983.021,6700.438,Cadotte,6700.438169,1163097.471
103497,69011500,39.70000076,937.9,15,3795623.371,937.899,240363.756,73263.019,Bear Island,73263.01998,3795623.391
103498,69011700,98.58999634,453.25,15,1834257.511,453.245,58090.34,17705.971,Johnson,17705.97033,1834257.493
103499,69011800,80.81999969,5910.74,15,23920436.65,5910.74,794473.491,242156.004,Burntside,242156.0035,23920436.54
103500,69014600,63.06999969,43.09,15,174375.053,43.088,13617.084,4150.495,Harris,4150.49531,174375.0542
103501,69016700,99.79000092,79.52,15,321821.547,79.522,11162.011,3402.188,West Twin,3402.187745,321821.5455
103502,69017400,56.27000046,69.33,15,280589.922,69.334,28696.418,8746.686,East Twin,8746.685288,280589.9311
103503,69018600,98.91999817,191.82,15,776271.294,191.817,27363.662,8340.461,Coxey Pond,8340.460493,776271.2874
103504,69019000,86.61000061,1649.09,15,6673782.762,1649.092,162439.313,49511.602,Big,49511.60271,6673782.733
103505,69020500,37.41999817,299.42,15,1211744.254,299.422,91251.267,27813.442,Stuart,27813.44246,1211744.238
103506,69023700,100,72.09,15,291728.967,72.086,7757.205,2364.401,Cameron,2364.400719,291728.9668
103507,69024900,69.19000244,362.01,15,1465035.515,362.01,92097.176,28071.275,Colby,28071.27547,1465035.528
103508,69025400,55.45000076,365.86,15,1480631.643,365.864,95185.948,29012.735,Bearhead,29012.73513,1480631.642
103509,69027800,25.86000061,97.77,15,395659.66,97.768,37344.483,11382.621,Armstrong,11382.62124,395659.6635
103510,69028501,26.07999992,84.4,15,341552.179,84.398,58671.034,17882.967,Eagles Nest #1,17882.9671,341552.1972
103511,69028502,55.86000061,216.69,15,876914.327,216.686,74244.554,22629.785,Eagles Nest #2,22629.78606,876914.3218
103512,69028503,50.66999817,577.15,15,2335684.911,577.148,146894.15,44773.426,Eagles Nest #3,44773.4273,2335684.905
103513,69029900,99.16000366,85.92,15,347706.64,85.918,12594.767,3838.893,Hassel,3838.892474,347706.639
103514,69030600,98.44999695,16.63,15,67315.041,16.634,4634.04,1412.458,Glimmer,1412.458153,67315.03708
103515,69037100,98.63999939,2368.54,15,9585357.297,2368.542,79155.379,24126.608,Wild Rice,24126.60759,9585357.306
103516,69037201,48.65999985,3204.76,15,12969474.24,3204.757,741783.119,226095.947,Island Lake Rsvr(W.Basin),226095.9471,12969474.27
103517,69037202,23,410.02,15,1659337.446,410.022,250552.041,76368.415,Island Lake Rsvr(E.Basin),76368.41558,1659337.452
103518,69037300,97.37999725,3206.59,15,12976875.75,3206.586,251252.77,76581.998,Boulder,76581.99543,12976875.79
103519,69037500,64.23000336,2933.57,15,11872012.98,2933.574,679582.47,207137.151,Whiteface Reservoir,207137.1495,11872012.97
103520,69037600,45.34999847,563.37,15,2279922.934,563.369,142552.863,43450.2,Whitewater,43450.20108,2279922.909
103521,69037801,32.75,11123.4,15,45015770.33,11123.397,2010462.414,612790.169,East Vermilion,612790.1753,45015770.22
103522,69037802,36.04999924,4240.03,15,17159177.04,4240.033,900940.287,274607.149,West Vermilion,274607.1496,17159177.02
103523,69039400,99.77999878,108.16,15,437731.632,108.163,14816.293,4516.015,Flowage,4516.015138,437731.6464
103524,69039700,83.13999939,12.46,15,50426.903,12.46,5178.228,1578.327,Clearwater,1578.327074,50426.90667
103525,69041201,48.24000168,128.84,15,521397.589,128.837,28310.563,8629.077,Upper Comstock,8629.076925,521397.5947
103526,69041202,77.31999969,126.31,15,511188.278,126.315,25653.343,7819.155,Lower Comstock,7819.154624,511188.2851
103527,69042000,44.27999878,52.28,15,211570.883,52.279,18276.9,5570.81,South Twin,5570.810413,211570.893
103528,69042600,25.37000084,68.87,15,278728.623,68.874,49482.568,15082.317,Loon,15082.31676,278728.6457
103529,69042900,9.109999657,14.22,15,57532.119,14.216,23029.868,7019.518,Sabin (Embarrass Mine),7019.517879,57532.12029
103530,69043401,50.97999954,161.02,15,651632.407,161.018,67926.583,20704.064,Sabin,20704.06486,651632.4144
103531,69043402,25.42000008,71.97,15,291238.798,71.965,57935.886,17658.893,Wynne,17658.89305,291238.7771
103532,69047000,35.77000046,953.81,15,3860022.215,953.811,353888.181,107865.333,Loon,107865.3338,3860022.152
103533,69048900,81.48000336,433.88,15,1755900.887,433.883,39310.021,11981.718,Caribou,11981.71796,1755900.891
103534,69049000,30.18000031,147.33,15,596242.964,147.332,48877.468,14897.882,Pike,14897.88214,596242.9682
103535,69049101,77.72000122,2307.18,15,9337041.659,2307.183,303097.298,92384.241,Fish Lk Flowage(Main Bas),92384.24129,9337041.616
103536,69049102,99.87000275,378.13,15,1530273.906,378.131,48997.819,14934.565,Fish Lk Flowage(East Bay),14934.56527,1530273.906
103537,69049300,44.84999847,89.41,15,361817.791,89.405,33378.926,10173.917,Long,10173.91732,361817.8098
103538,69049400,100,160.52,15,649616.38,160.52,12010.439,3660.789,Mud Hen,3660.789195,649616.3863
103539,69049500,100,374.23,15,1514497.603,374.232,35004.708,10669.456,Long,10669.45663,1514497.611
103540,69049600,90.16999817,425.62,15,1722476.28,425.624,59038.927,17995.101,Embarrass,17995.1001,1722476.289
103541,69049800,21.70000076,1726.8,15,6988281.364,1726.804,678834.955,206909.308,Trout,206909.3111,6988281.449
103542,69050600,100,65.34,15,264414.326,65.337,8733.276,2661.908,Little Grand,2661.907898,264414.3263
103543,69051100,94.80000305,1572.28,15,6362922.372,1572.278,67015.669,20426.417,Grand,20426.41746,6362922.403
103544,69051300,49.84999847,87.59,15,354487.662,87.594,26742.239,8151.051,Little Grand,8151.050815,354487.6596
103545,69052100,40.84000015,107.3,15,434235.058,107.299,25929.493,7903.325,Leora,7903.325167,434235.0586
103546,69052900,98.55999756,325.44,15,1317020.277,325.436,29557.882,9009.26,Strand,9009.26024,1317020.254
103547,69054400,63.91999817,128.92,15,521716.602,128.916,26730.282,8147.406,Dinham,8147.406393,521716.5871
103548,69054500,54.13000107,89.82,15,363485.455,89.817,23885.078,7280.186,Cameron,7280.186345,363485.4632
103549,69054600,70.55999756,149.44,15,604776.495,149.44,32852.251,10013.386,Schubert,10013.38707,604776.5128
103550,69055000,81.87000275,111.48,15,451142.847,111.477,24383.748,7432.181,Section Fourteen,7432.181606,451142.8353
103551,69055300,36.68999863,53.84,15,217906.318,53.845,28458.166,8674.066,Bass,8674.065951,217906.3205
103552,69055500,95.55999756,27.09,15,109637.574,27.091,5880.803,1792.472,Silver,1792.472554,109637.572
103553,69055600,46,47.72,15,193126.036,47.721,28647.749,8731.851,Lost,8731.851008,193126.0439
103554,69056200,83.33000183,46.1,15,186549.044,46.096,10491.504,3197.817,Coe,3197.817026,186549.039
103555,69056500,26.47999954,119.85,15,485045.171,119.855,48636.248,14824.358,Esquagama,14824.35796,485045.172
103556,69058700,81.23000336,604.56,15,2446607.124,604.557,69351.823,21138.478,Oriniack,21138.47846,2446607.131
103557,69060800,44.43000031,572.1,15,2315271.792,572.104,190811.35,58159.416,Little Vermilion,58159.4164,2315271.798
103558,69061500,99.97000122,1139.05,15,4609658.643,1139.047,56681.035,17276.414,Echo,17276.41446,4609658.685
103559,69061600,33.97000122,1018.01,15,4119835.439,1018.011,278724.01,84955.248,Crane,84955.24804,4119835.395
103560,69061700,30.85000038,2630.37,15,10644964.49,2630.371,1092377.597,332957.358,Sand Point,332957.3585,10644964.51
103561,69061900,100,81.16,15,328430.944,81.155,7768.283,2367.777,Simian,2367.777255,328430.9424
103562,69062700,88,369.8,15,1496549.107,369.797,32949.403,10042.998,Nichols,10042.99877,1496549.127
103563,69064200,100,367.87,15,1488754.218,367.871,22746.392,6933.114,Elliot,6933.114079,1488754.21
103564,69064600,65.68000031,232.62,15,941414.291,232.623,45516.549,13873.472,Murphy,13873.47172,941414.271
103565,69065100,37.04999924,86.79,15,351228.156,86.788,40863.473,12455.212,St. Mary's,12455.21191,351228.1541
103566,69065300,52.88000107,82.89,15,335433.549,82.886,36167.432,11023.855,Long,11023.85519,335433.5445
103567,69065500,45.75999832,153.93,15,622966.194,153.935,59505.82,18137.41,Pleasant,18137.41091,622966.1816
103568,69066000,35.11999893,248.86,15,1007138.988,248.864,112877.49,34405.128,Ely,34405.12851,1007138.991
103569,69066200,73,32.24,15,130454.09,32.235,8850.83,2697.738,Silver,2697.738245,130454.0909
103570,69066300,55.18000031,17.01,15,68825.279,17.007,9184.196,2799.349,Virginia,2799.348851,68825.28984
103571,69066900,99.98999786,1917.22,15,7758901.13,1917.224,44907.725,13687.902,Big Rice,13687.90168,7758901.137
103572,69067100,65.13999939,39.28,15,158973.056,39.282,13289.242,4050.569,Pfeiffer,4050.569007,158973.0513
103573,69068200,38.04999924,103.43,15,418568.291,103.428,36817.821,11222.094,Little Trout,11222.09456,418568.2919
103574,69068400,20.96999931,163.92,15,663382.454,163.922,57193.099,17432.491,Mukooda,17432.49089,663382.4626
103575,69069100,39.22999954,681.27,15,2757053.197,681.268,223368.54,68082.867,Johnson,68082.86777,2757053.203
103576,69069300,49.52000046,11917.25,15,48228465.43,11917.254,2058859.717,627541.697,Namakan,627541.6989,48228465.39
103577,69069400,99.98000336,5427.47,15,21964651.96,5427.466,408595.934,124540.29,Rainy,124540.2873,21964651.97
103578,69069500,100,114.82,15,464685.839,114.824,10599.972,3230.878,East Twin,3230.878021,464685.8314
103579,69069600,98.98000336,119.3,15,482815.883,119.304,12368.342,3769.878,West Twin,3769.877928,482815.8858
103580,69069800,100,143.23,15,579656.146,143.233,11164.091,3402.822,Lost,3402.821899,579656.1361
103581,69070000,57.66999817,57.41,15,232327.39,57.408,19189.685,5849.028,Maple Leaf,5849.027674,232327.3848
103582,69070100,69.30999756,101.44,15,410526.784,101.441,26368.556,8037.152,Aerie,8037.151699,410526.79
103583,69071700,77.90000153,131.74,15,533133.621,131.737,26037.678,7936.3,Elbow,7936.300095,533133.6253
103584,69072500,100,127.76,15,517037.009,127.76,14214.058,4332.454,Mashkenode,4332.453625,517037.014
103585,69072600,87.54000092,151.34,15,612482.938,151.345,26682.92,8132.97,Manganika,8132.970417,612482.9383
103586,69073200,100,95.73,15,387416.901,95.731,11023.007,3359.819,Little Sand,3359.819113,387416.9017
103587,69073600,99.19999695,778.06,15,3148760.248,778.059,40340.817,12295.906,Sand,12295.90596,3148760.275
103588,69074200,99.83000183,393.8,15,1593688.156,393.8,39806.112,12132.927,Ban,12132.92706,1593688.17
103589,69074300,99.34999847,56.94,15,230415.217,56.936,11695.081,3564.668,Unnamed,3564.66773,230415.2274
103590,69074400,39.02999878,703.29,15,2846161.076,703.286,226807.727,69131.133,Elbow,69131.13446,2846161.072
103591,69074500,99.73000336,77.87,15,315135.928,77.87,12252.001,3734.417,West Elbow,3734.417228,315135.9289
103592,69074800,53.50999832,235.83,15,954378.889,235.827,52179.357,15904.3,Kjostad,15904.29965,954378.9345
103593,69074900,97.45999908,854.19,15,3456867.002,854.192,54606.796,16644.185,Myrtle,16644.18429,3456867.005
103594,69075500,99.97000122,182.87,15,740079.507,182.874,16035.449,4887.615,Marion,4887.614889,740079.4861
103595,69076000,98.08999634,555.27,15,2247140.228,555.268,61937.503,18878.589,Little Johnson,18878.5902,2247140.248
103596,69076100,27.81999969,60.99,15,246821.899,60.99,43393.567,13226.386,Spring,13226.38567,246821.8855
103597,69076800,37.54000092,25.45,15,102998.271,25.451,13255.658,4040.333,Martin,4040.33302,102998.2694
103598,69077500,96.26000214,166.71,15,674664.897,166.71,24951.478,7605.226,McQuade,7605.22609,674664.892
103599,69078800,82.12000275,14.87,15,60184.113,14.871,5261.469,1603.699,Camp A,1603.698912,60184.10525
103600,69079000,61.75,142.93,15,578418.575,142.927,32776.473,9990.289,Dark,9990.288404,578418.5867
103601,69079500,84.75,11.32,15,45799.616,11.317,4720.054,1438.675,Gate,1438.675192,45799.6181
103602,69079600,26.59000015,67.12,15,271619.384,67.117,34217.053,10429.379,Leander,10429.37857,271619.3907
103603,69081000,45.11999893,326.53,15,1321430.447,326.525,76229.383,23234.762,Elephant,23234.76259,1321430.443
103604,69083200,20.29000092,23.97,15,97000.936,23.969,31366.77,9560.61,Cruiser,9560.610401,97000.94068
103605,69083500,100,33.87,15,137076.485,33.872,7883.316,2402.839,Unnamed (Ryan),2402.839699,137076.4815
103606,69083900,50.45999908,34.99,15,141587.677,34.986,23028.534,7019.111,Brown,7019.110813,141587.6646
103607,69084100,93.86000061,10837.4,15,43858359.37,10837.401,373813.513,113938.587,Pelican,113938.5887,43858359.42
103608,69084200,37.90999985,473.76,15,1917298.495,473.764,111208.344,33896.371,Black Duck,33896.37048,1917298.483
103609,69084500,29.82999992,7168.96,15,29012400.44,7168.964,1622186.91,494443.559,Kabetogama,494443.5604,29012400.51
103610,69084800,32.13999939,255.26,15,1033028.755,255.261,78087.166,23801.016,Prairie,23801.01549,1033028.728
103611,69085600,100,145.4,15,588419.703,145.399,10655.85,3247.91,Carey,3247.909431,588419.713
103612,69085900,50.75999832,131.42,15,531847.034,131.419,61578.334,18769.114,Long,18769.1142,531847.0401
103613,69086400,31.11000061,214.55,15,868275.299,214.551,54952.745,16749.63,Ash,16749.63013,868275.2871
103614,69086700,77.73000336,48.8,15,197481.94,48.798,16271.784,4959.65,Jorgens,4959.649918,197481.9388
103615,69087200,27.76000023,26.45,15,107027.149,26.446,21407.363,6524.977,Loiten,6524.977191,107027.1419
103616,69088900,50.59000015,137.77,15,557560.838,137.773,43356.397,13215.056,Island,13215.05622,557560.8382
103617,69091200,47.84999847,96.59,15,390905.797,96.593,38041.558,11595.09,Dewey,11595.08986,390905.7868
103618,69092500,100,133.29,15,539434.594,133.294,17052.453,5197.598,Shannon,5197.598407,539434.5858
103619,69093200,51.06999969,175.48,15,710175.429,175.484,31498.365,9600.721,Perch,9600.720869,710175.4262
103620,69093901,41.34000015,662.86,15,2682555.39,662.859,115964.891,35346.17,Sturgeon,35346.16913,2682555.381
103621,69093902,54.75,73.88,15,299006.051,73.884,29560.456,9010.045,Middle Sturgeon,9010.044677,299006.0558
103622,69093903,43.49000168,50.84,15,205734.959,50.837,22033.376,6715.786,West Sturgeon,6715.786156,205734.9493
103623,69099400,66.87999725,518.45,15,2098149.324,518.453,166282.014,50682.859,West Two Rivers Reservoir,50682.85832,2098149.339
103624,69104000,74.70999908,10.7,15,43293.728,10.698,5984.558,1824.097,Little Dry,1824.096779,43293.72783
103625,69131800,41.56000137,3.09,15,12522.316,3.094,3900.879,1188.99,Cub,1188.990297,12522.32382
103626,69132900,65.05000305,3.47,15,14057.611,3.474,3607.538,1099.58,Little Elbow,1099.579634,14057.61278
103627,69142800,9.800000191,20.29,15,82117.332,20.291,39585.299,12065.01,Iron Chief Complex,12065.0097,82117.31172
103628,70001000,97.70999908,51.09,15,206747.028,51.087,13798.744,4205.866,Murphy,4205.865241,206747.0399
103629,70002200,99.01999664,144.74,15,585767.252,144.743,20252.814,6173.07,Cleary,6173.069688,585767.247
103630,70002600,60.02999878,589.7,15,2386501.578,589.705,123809.981,37737.358,Lower Prior,37737.35745,2386501.629
103631,70002900,100,135.29,15,547498.192,135.287,10578.398,3224.302,St. Catherine,3224.302332,547498.1973
103632,70005000,99.43000031,162.26,15,656650.68,162.258,18396.69,5607.322,McMahon,5607.322544,656650.6791
103633,70005200,100,197.52,15,799365.363,197.523,11558.588,3523.065,Cynthia,3523.064508,799365.3769
103634,70005400,47.86999893,282.83,15,1144580.98,282.826,41157.4,12544.801,Spring,12544.80042,1144580.986
103635,70005500,100,16.36,15,66198.558,16.358,3283.836,1000.915,Unnamed,1000.915311,66198.5589
103636,70006900,41.72999954,72.17,15,292064.316,72.169,21576.318,6576.475,Fish,6576.474944,292064.3323
103637,70007200,81.31999969,310.51,15,1256626.379,310.512,42239.715,12874.691,Upper Prior,12874.69086,1256626.392
103638,70007800,96.16999817,29.36,15,118809.785,29.358,5967.173,1818.798,Unnamed (Hass),1818.797899,118809.7914
103639,70009100,100,792.5,15,3207214.918,792.503,37365.846,11389.133,Cedar,11389.13266,3207214.905
103640,70009500,87.11000061,273.58,15,1107159.144,273.579,51351.809,15652.063,O'Dowd,15652.06271,1107159.12
103641,70009800,100,316.86,15,1282323.933,316.862,17635.49,5375.308,Pleasant,5375.308024,1282323.928
103642,70011000,100,182.6,15,738992.01,182.605,15513.1,4728.402,Geis,4728.402435,738991.9888
103643,70011300,100,17.72,15,71709.453,17.719,4028.966,1228.031,Mill Pond,1228.031208,71709.45273
103644,70012001,99.76000214,118.52,15,479642.219,118.52,27375.599,8344.099,Thole,8344.099405,479642.2186
103645,70012002,100,38.03,15,153907.509,38.031,7389.214,2252.237,Schneider,2252.236922,153907.5005
103646,70020000,100,14.36,15,58110.421,14.359,4404.192,1342.4,Unnamed,1342.400198,58110.42311
103647,70029400,99.05999756,19.49,15,78859.963,19.486,5153.715,1570.855,Sweetbrier,1570.855255,78859.9625
103648,71000100,99.08999634,39.95,15,161655.766,39.945,5440.14,1658.158,Twin,1658.158051,161655.7583
103649,71001300,99.06999969,246.64,15,998145.158,246.642,33613.184,10245.319,Orono,10245.31936,998145.1636
103650,71001600,99.16000366,485.18,15,1963493.747,485.179,27451.507,8367.236,Fremont,8367.236311,1963493.757
103651,71002200,100,61.32,15,248163.426,61.321,8256.218,2516.5,West Hunter,2516.500266,248163.439
103652,71002300,100,56.9,15,230280.224,56.902,8003.138,2439.361,East Hunter,2439.361247,230280.2214
103653,71004000,63.36999893,38.95,15,157629.959,38.95,11172.791,3405.474,Sandy,3405.473681,157629.9594
103654,71004600,100,61.96,15,250754.165,61.961,11159.363,3401.381,Diann,3401.380874,250754.1655
103655,71005500,99.80000305,360.05,15,1457113.995,360.053,32484.974,9901.44,Elk,9901.43992,1457113.987
103656,71005700,76.75,118.4,15,479138.54,118.395,21045.914,6414.807,Birch,6414.807352,479138.5244
103657,71006700,70.23999786,319.49,15,1292944.821,319.487,36655.354,11172.574,Eagle,11172.5744,1292944.777
103658,71006900,75.77999878,132.85,15,537634.187,132.849,29411.525,8964.651,Ann,8964.650887,537634.1609
103659,71008100,56.13000107,90.38,15,365744.479,90.375,19943.418,6078.766,Mitchell,6078.765731,365744.4843
103660,71008200,45.66999817,116.41,15,471091.164,116.407,26314.427,8020.653,Big,8020.653337,471091.1619
103661,71009600,65.62999725,55.36,15,224029.499,55.358,17319.555,5279.011,Thompson,5279.010663,224029.5019
103662,71012300,68.95999908,53.13,15,215019.389,53.131,14109.996,4300.735,Camp,4300.735195,215019.3954
103663,71012600,100,85.8,15,347214.974,85.797,7554.924,2302.745,Masford,2302.745375,347214.9743
103664,71013500,100,22.79,15,92216.137,22.787,5502.229,1677.083,Unnamed,1677.082849,92216.14051
103665,71014100,100,356.88,15,1444280.79,356.882,18334.654,5588.414,Elk,5588.413915,1444280.783
103666,71014500,99.75,151.82,15,614419.645,151.823,12959.304,3950.004,Julia,3950.003816,614419.6551
103667,71014600,54.34999847,219.68,15,889033.678,219.68,33814.414,10306.654,Briggs,10306.65401,889033.6759
103668,71014700,100,160.82,15,650820.81,160.818,14501.047,4419.928,Rush,4419.92768,650820.7898
103669,71015300,62.31999969,70.16,15,283925.788,70.158,13395.562,4082.975,Clear,4082.975419,283925.7893
103670,71015800,85.87999725,92.66,15,374972.37,92.656,20132.374,6136.36,Pickerel,6136.359423,374972.3882
103671,71015900,79.18000031,137.79,15,557608.323,137.785,28168.154,8585.671,Long,8585.670913,557608.3272
103672,71016700,62.72000122,22.44,15,90832.43,22.445,8783.899,2677.338,Round,2677.337744,90832.43478
103673,72001300,100,652.14,15,2639112.245,652.14,33667.153,10261.779,Silver,10261.77896,2639112.251
103674,72008900,100,505.08,15,2044014.525,505.076,33973.779,10355.239,Clear,10355.23926,2044014.518
103675,73000100,80.66999817,20.28,15,82062.37,20.278,8017.3,2443.678,Dallas,2443.677903,82062.37669
103676,73000200,92.44000244,22.51,15,91081.591,22.506,6033.03,1838.871,Feldges,1838.871019,91081.58897
103677,73000300,99.36000061,70.08,15,283589.652,70.075,10708.832,3264.058,Maria,3264.058498,283589.6518
103678,73000400,58.18000031,38.9,15,157433.949,38.902,20444.033,6231.354,Long,6231.353595,157433.9581
103679,73000500,42.45999908,6.27,15,25361.9,6.267,8338.044,2541.441,Hinz,2541.440998,25361.90061
103680,73000600,55.38000107,41.85,15,169350.464,41.846,23339.266,7113.822,Crooked,7113.822302,169350.4621
103681,73000700,47.41999817,10.64,15,43074.398,10.644,8104.058,2470.122,Quinn,2470.12173,43074.39975
103682,73000800,61.77000046,10.59,15,42852.811,10.589,5824.975,1775.456,Hulbert,1775.456104,42852.80978
103683,73001100,62.04000092,20.68,15,83676.262,20.676,10564.147,3219.958,Warner,3219.958238,83676.25223
103684,73001200,80.51000214,23.99,15,97079.459,23.988,6668.206,2032.473,Fuller,2032.473073,97079.46136
103685,73001400,85.12999725,124.97,15,505732.635,124.967,26076.258,7948.059,Marie,7948.059363,505732.6382
103686,73001500,33.20999908,35.85,15,145072.788,35.847,18939.463,5772.76,Otter,5772.760042,145072.7834
103687,73002200,98.66000366,20.04,15,81090.073,20.037,5317.331,1620.726,Mund,1620.725855,81090.06984
103688,73002300,49.56999969,67.08,15,271488.81,67.085,21725.792,6622.035,Beaver,6622.034521,271488.82
103689,73003500,100,192.98,15,780970.486,192.978,11937.467,3638.547,School Section,3638.547205,780970.4816
103690,73003700,74.86000061,558.63,15,2260726.622,558.626,38353.252,11690.095,Pearl,11690.09487,2260726.616
103691,73003800,56.54000092,96.99,15,392530.442,96.994,24887.281,7585.658,Carnelian,7585.658515,392530.4379
103692,73004300,65.98000336,23.57,15,95380.517,23.569,9210.82,2807.464,Days,2807.463811,95380.52389
103693,73004400,68.91999817,35.22,15,142532.454,35.22,12931.95,3941.666,Murray,3941.6661,142532.4568
103694,73005100,51.74000168,113.29,15,458486.195,113.292,32139.2,9796.048,Pleasant,9796.047748,458486.1965
103695,73005500,35.95000076,233.22,15,943829.475,233.22,39261.746,11967.004,Grand,11967.00417,943829.4844
103696,73006400,52.45999908,102.3,15,414008.199,102.301,22273.519,6788.982,Kraemer,6788.982144,414008.1897
103697,73007000,39.61000061,38.28,15,154907.237,38.278,28491.329,8684.175,Watab,8684.17471,154907.234
103698,73007200,52.13000107,19.12,15,77396.125,19.125,12684.141,3866.134,Rossier,3866.133824,77396.13876
103699,73007600,80.79000092,148.47,15,600859.237,148.472,25155.224,7667.328,Goodners,7667.327799,600859.2379
103700,73008200,46.20000076,25.14,15,101721.558,25.135,16385.082,4994.183,Schneider,4994.183163,101721.5517
103701,73008300,92.20999908,185.35,15,750084.148,185.346,33095.954,10087.667,Great Northern,10087.66655,750084.152
103702,73008500,96.19000244,177.23,15,717227.9,177.227,31273.784,9532.268,Byer,9532.268803,717227.8927
103703,73008600,96.81999969,209.7,15,848645.752,209.7,25345.712,7725.389,Knaus,7725.388795,848645.7513
103704,73008700,90.48000336,86.94,15,351834.48,86.938,16312.047,4971.922,Krays,4971.921867,351834.4731
103705,73008800,62.99000168,67.37,15,272642.827,67.37,20477.322,6241.5,Bolfing,6241.50045,272642.8253
103706,73008900,98.16000366,118.62,15,480031.24,118.616,23925.34,7292.458,Zumwalde,7292.457983,480031.2419
103707,73009100,82.80000305,59.66,15,241457.979,59.664,18742.742,5712.799,Stump,5712.798877,241457.9898
103708,73009200,78.87000275,180.16,15,729098.282,180.16,40303.366,12284.491,Sagatagan,12284.4902,729098.2772
103709,73009700,62.27000046,60.05,15,243020.693,60.05,17728.959,5403.797,Kreigle,5403.797628,243020.7063
103710,73009800,88.30000305,100.75,15,407719.146,100.747,17000.182,5181.666,Pitts,5181.665781,407719.163
103711,73009900,37.61999893,9.98,15,40407.379,9.985,9369.641,2855.872,Minnie,2855.872239,40407.38451
103712,73010000,39.20000076,41.72,15,168845.955,41.722,18763.918,5719.254,Kalla,5719.253778,168845.9578
103713,73010100,60.86000061,23.12,15,93580.012,23.124,9200.485,2804.313,Schmid,2804.313405,93580.02236
103714,73010200,23.29000092,57.18,15,231421.902,57.184,42323.059,12900.094,Big Watab,12900.09424,231421.9046
103715,73010400,80.73999786,91.55,15,370496.975,91.55,17718.716,5400.675,Island,5400.67549,370496.9685
103716,73010500,100,31.01,15,125495.069,31.01,5974.641,1821.074,Long,1821.074322,125495.0716
103717,73010600,34.52999878,183.99,15,744578.632,183.985,59932.29,18267.399,Big Fish,18267.39845,744578.6337
103718,73010700,42.65000153,65.2,15,263847.686,65.197,25878.587,7887.809,Long,7887.809344,263847.6898
103719,73010900,70.08999634,42.43,15,171712.626,42.43,12851.008,3916.995,Little Watab,3916.995394,171712.6025
103720,73011700,38.52999878,160.02,15,647602.187,160.023,55532.822,16926.438,Big Spunk,16926.43842,647602.2022
103721,73011800,43.86000061,129.02,15,522123.019,129.017,24345.11,7420.404,Pelican,7420.404456,522123.0355
103722,73012200,50.33000183,21.52,15,87073.884,21.516,11171.043,3404.941,Ochotto,3404.940873,87073.87434
103723,73012300,72.23000336,129.34,15,523438.462,129.342,28657.179,8734.726,Lower Spunk,8734.725535,523438.4382
103724,73012500,87.76999664,40.36,15,163330.342,40.359,8410.176,2563.427,Achman,2563.426886,163330.3465
103725,73012600,92.37999725,75.26,15,304554.32,75.255,10933.985,3332.685,Anna,3332.685564,304554.3182
103726,73012700,100,109.55,15,443348.912,109.552,9868.699,3007.985,Linneman,3007.985645,443348.9013
103727,73012800,33.29999924,79.01,15,319732.78,79.006,39148.474,11932.479,Middle Spunk,11932.47863,319732.779
103728,73013301,53.45000076,239,15,967210.853,238.998,90739.287,27657.39,Cedar Island (Main Bay),27657.39061,967210.8445
103729,73013302,70.55000305,54.97,15,222455.02,54.969,17916.804,5461.053,Cedar Island (Mud Lk),5461.053194,222455.0174
103730,73013303,90.12999725,121.52,15,491802.931,121.525,32828.674,10006.2,Cedar Island (Koetter Lk),10006.19982,491802.9309
103731,73013304,99.41000366,269.61,15,1091105.245,269.612,37959.139,11569.969,Cedar Island (East Lk),11569.96908,1091105.277
103732,73013600,32.34000015,35.32,15,142938.102,35.32,20568.414,6269.265,Pine,6269.265384,142938.1127
103733,73013800,37.88999939,221.09,15,894737.977,221.09,65929.369,20095.312,Two Rivers,20095.31142,894737.9776
103734,73013900,67.19999695,331.23,15,1340450.147,331.225,68333.056,20827.957,Long,20827.95785,1340450.15
103735,73014100,35.18000031,19.16,15,77558.025,19.165,20112.843,6130.407,Deep,6130.407004,77558.01716
103736,73014700,39.86999893,124.49,15,503800.639,124.489,26285.747,8011.912,North Brown's,8011.911725,503800.635
103737,73015000,44.97000122,122.22,15,494608.833,122.218,25246.942,7695.283,Eden,7695.283311,494608.8474
103738,73015100,84.77999878,133.31,15,539505.683,133.312,13996.329,4266.09,Vails,4266.089615,539505.6881
103739,73015600,95.76999664,212.02,15,858013.487,212.015,36109.612,11006.232,Becker,11006.23098,858013.4884
103740,73015700,54.36999893,341.05,15,1380223.894,341.053,114514.191,34903.995,Horseshoe,34903.99602,1380223.881
103741,73015900,57.99000168,263.05,15,1064546.934,263.05,58076.134,17701.641,Big,17701.64146,1064546.981
103742,73016600,46.36999893,27.88,15,112842.631,27.883,12777.627,3894.629,Koop,3894.628569,112842.6118
103743,73016700,90.54000092,50.8,15,205584.877,50.8,10582.742,3225.626,Little Rice,3225.626277,205584.8784
103744,73017200,36.63999939,43.27,15,175118.439,43.272,18636.76,5680.496,Clear,5680.495857,175118.4335
103745,73018300,27.72999954,34.82,15,140912.35,34.819,17283.837,5268.124,St. Anna,5268.12418,140912.3648
103746,73019300,56.47000122,16.55,15,66975.825,16.55,8173.026,2491.143,Beautiful,2491.143493,66975.83288
103747,73019600,57.22999954,832.55,15,3369298.246,832.554,117047.184,35676.053,Rice,35676.05292,3369298.255
103748,73019900,100,209.29,15,846974.344,209.287,14263.663,4347.573,Sand,4347.573316,846974.3205
103749,73020002,38.36999893,1146.64,15,4640377.232,1146.637,173650.696,52928.838,Koronis (main lake),52928.83898,4640377.265
103750,73021500,61.63000107,59.83,15,242127.739,59.83,14353.318,4374.9,Maria,4374.899999,242127.7258
103751,73022600,78.29000092,86.82,15,351368.187,86.823,30188.088,9201.348,Cedar,9201.347918,351368.1899
103752,73023100,46.06000137,42.52,15,172058.45,42.516,30172.903,9196.719,Long,9196.71901,172058.4354
103753,73023300,26.25,51.84,15,209797.347,51.841,30615.464,9331.612,Kings,9331.612245,209797.3389
103754,73024100,92.22000122,87.69,15,354880.124,87.691,22125.254,6743.791,Black Oak,6743.790787,354880.1273
103755,73024400,49.43000031,18.31,15,74081.457,18.306,9617.849,2931.526,Ellering,2931.526175,74081.46314
103756,73024900,27.52000046,23.23,15,94024.363,23.233,19758.198,6022.311,Sylvia,6022.310593,94024.35582
103757,73025100,100,72.31,15,292639.709,72.311,18597.435,5668.51,Melrose,5668.509755,292639.7005
103758,73027300,100,206.09,15,834044.14,206.092,16332.673,4978.209,McCormic,4978.208552,834044.1359
103759,73061100,46.04999924,3.94,15,15932.177,3.937,4360.459,1329.071,George,1329.070406,15932.18341
103760,73075200,100,11.62,15,47025.888,11.62,6342.419,1933.173,Heratige Center Ponds,1933.173081,47025.89285
103761,74000100,100,527.87,15,2136244.804,527.866,29073.404,8861.591,Rice,8861.591484,2136244.815
103762,74001900,99.70999908,34.48,15,139552.708,34.483,6241.495,1902.412,Kohlmeier,1902.411419,139552.7108
103763,74002300,46.34000015,45.27,15,183200.284,45.269,16442.178,5011.586,Beaver,5011.586179,183200.2754
103764,75001900,45.29999924,169.67,15,686637.926,169.668,30891.93,9415.879,Page,9415.879062,686637.9403
103765,75002400,100,635.97,15,2573734.08,635.97,48937.505,14916.181,Long,14916.18153,2573734.074
103766,75007500,98.61000061,517.33,15,2093602.803,517.329,26789.08,8165.328,Perkins,8165.328173,2093602.831
103767,75020000,100,463.85,15,1877181.708,463.852,27542.148,8394.864,Hattie,8394.86374,1877181.693
103768,76003300,92.18000031,191.71,15,775856.767,191.714,26179.952,7979.665,Monson,7979.665533,775856.7781
103769,76007200,55.11999893,126.99,15,513922.032,126.99,28291.45,8623.251,Camp,8623.250849,513922.0525
103770,76008600,99.61000061,608.98,15,2464510.294,608.98,35792.212,10909.488,Hassel,10909.48722,2464510.305
103771,76014601,66.48999786,238.2,15,963970.644,238.197,34952.894,10653.663,Oliver (east portion),10653.66343,963970.6265
103772,76014602,99.37999725,173.81,15,703390.662,173.808,16675.126,5082.589,Oliver (west portion),5082.589105,703390.6699
103773,77000200,100,28.37,15,114793.438,28.365,5009.915,1527.025,Schreiers,1527.025075,114793.4416
103774,77000700,31.15999985,82.43,15,333589.229,82.43,50515.339,15397.106,Mound,15397.10644,333589.2437
103775,77000900,100,255.77,15,1035085.171,255.77,14229.372,4337.121,Trace,4337.121273,1035085.171
103776,77001000,46.41999817,43.8,15,177239.895,43.796,17651.426,5380.165,Bass,5380.165782,177239.8976
103777,77001900,49.31999969,63.67,15,257678.391,63.672,41712.996,12714.147,Mary,12714.1467,257678.3796
103778,77002200,24.51000023,23.17,15,93752.998,23.166,17745.345,5408.792,Mons,5408.791891,93752.99361
103779,77002300,44.77000046,397.1,15,1607023.296,397.095,80974.082,24680.949,Big Swan,24680.94942,1607023.315
103780,77002400,19.07999992,23.4,15,94684.307,23.396,20451.473,6233.621,Bass,6233.62146,94684.30711
103781,77002500,38.38000107,20.52,15,83023.592,20.515,11026.677,3360.938,Pepin,3360.937756,83023.59298
103782,77002600,40.06999969,50.84,15,205747.801,50.84,19259.157,5870.203,Moose,5870.202734,205747.8155
103783,77002700,26.45999908,104.63,15,423413.384,104.625,43457.825,13245.972,Long,13245.97178,423413.3869
103784,77002900,28.95000076,17.76,15,71857.513,17.756,12816.605,3906.509,Buck,3906.508797,71857.51415
103785,77003000,50.97000122,23.5,15,95108.531,23.501,11858.462,3614.47,Mountain,3614.47019,95108.54847
103786,77003200,26.81999969,43.89,15,177621.26,43.89,34367.031,10475.092,Lady,10475.09185,177621.257
103787,77003400,37.93000031,61.15,15,247483.017,61.153,22194.897,6765.018,Little Swan,6765.018388,247483.0424
103788,77003500,54.81000137,130.62,15,528611.65,130.62,30191.069,9202.256,Beauty,9202.256365,528611.6442
103789,77004600,41.66999817,71.3,15,288528.83,71.295,25172.37,7672.554,Coal,7672.553665,288528.8274
103790,77005000,78.38999939,130.55,15,528317.566,130.547,20600.261,6278.972,Mill,6278.9724,528317.5656
103791,77005300,82.30000305,56.73,15,229602.632,56.735,25260.002,7699.272,Star,7699.272168,229602.6097
103792,77006300,59.06999969,170.59,15,690373.011,170.591,32128.251,9792.711,Big,9792.710594,690373.0103
103793,77006600,100,215.36,15,871549.817,215.36,15057.453,4589.521,Thunder,4589.520906,871549.8168
103794,77006700,51.88999939,121.52,15,491771.876,121.517,29385.373,8956.679,Pine Island,8956.679387,491771.8857
103795,77007600,93.27999878,116.55,15,471675.465,116.551,12694.122,3869.176,Fawn,3869.176,471675.4521
103796,77008400,30.89999962,652.65,15,2641240.127,652.65,181775.01,55405.134,Big Birch,55405.1346,2641240.106
103797,77008402,30.78000069,427.32,15,1729346.21,427.321,118019.173,35972.316,Big Birch (S portion),35972.31629,1729346.206
103798,77008800,34.61999893,40.37,15,163367.923,40.368,20775.587,6332.411,Turtle,6332.411474,163367.9134
103799,77008900,32.43999863,271.94,15,1100515.548,271.937,93332.515,28447.808,Little Birch,28447.80754,1100515.536
103800,77009500,48.49000168,25.18,15,101886.21,25.176,10612.744,3234.771,Fuller,3234.770895,101886.2061
103801,77009600,64.47000122,33.36,15,135000.288,33.359,11164.16,3402.843,Hennessy,3402.842891,135000.2833
103802,77010500,41.22999954,83.07,15,336174.314,83.069,25589.587,7799.722,Latimer,7799.72161,336174.2994
103803,77012000,24.94000053,36,15,145687.082,35.999,21859.304,6662.729,Charlotte,6662.729413,145687.0853
103804,77012800,72.36000061,87.42,15,353766.508,87.416,18734.139,5710.177,Horseshoe,5710.176745,353766.4871
103805,77013800,59.16999817,46.81,15,189427.55,46.808,14336.3,4369.713,Dower,4369.713233,189427.5454
103806,77014901,44.83000183,70.84,15,286695.193,70.842,25949.691,7909.482,Long (Main Basin),7909.481449,286695.1916
103807,77015001,87.75,402.55,15,1629103.067,402.551,49165.986,14985.822,Sauk (Southwest Bay),14985.82216,1629103.063
103808,77015002,57.45000076,962.09,15,3893524.098,962.09,129142.526,39362.721,Sauk (North Bay),39362.72104,3893524.124
103809,77016000,45.75999832,63.46,15,256810.873,63.458,18827.692,5738.692,Cedar,5738.692021,256810.8664
103810,77016300,77.04000092,89.76,15,363240.673,89.757,16787.889,5116.959,Juergens,5116.958987,363240.6704
103811,77016400,66.34999847,189.84,15,768291.749,189.845,34078.066,10387.015,Little Sauk,10387.01509,768291.7493
103812,77018100,47.22000122,183.36,15,742052.532,183.361,33501.836,10211.38,Maple,10211.37953,742052.5238
103813,77018200,93.5,113.21,15,458135.226,113.205,14081.945,4292.185,Guernsey,4292.185473,458135.2205
103814,77019500,100,68.16,15,275826.588,68.157,12636.16,3851.509,Faille,3851.509171,275826.5864
103815,77021500,53.52999878,3389.01,15,13715120.04,3389.006,268504.794,81840.425,Osakis,81840.42542,13715119.99
103816,77035700,64.30999756,66.72,15,270019.737,66.722,24705.657,7530.299,Long,7530.299766,270019.7493
103817,77035800,50.13000107,30.92,15,125137.096,30.921,11167.413,3403.834,Lily,3403.834321,125137.1083
103818,78002500,100,10848.3,15,43902483.84,10848.304,244404.29,74494.577,Traverse,74494.57727,43902483.8
103819,80002500,100,16.49,15,66723.247,16.487,3676.344,1120.553,Unnamed,1120.55299,66723.24531
103820,80003000,53.38999939,134.51,15,544337.01,134.506,23242.855,7084.436,Lower Twin,7084.436213,544336.9918
103821,80003400,100,532.53,15,2155125.556,532.532,30145.554,9188.383,Blueberry,9188.383486,2155125.547
103822,80003600,100,35.26,15,142710.356,35.264,6885.864,2098.818,Unnamed,2098.817692,142710.3521
103823,80003700,82.25,297.53,15,1204050.781,297.527,32176.524,9807.424,Stocking,9807.424071,1204050.786
103824,80003800,52.06000137,11.97,15,48449.024,11.972,6794.054,2070.832,Morgan,2070.831836,48449.02637
103825,80003900,56.65999985,64.53,15,261141.3,64.528,15357.657,4681.023,Spirit,4681.023281,261141.2933
103826,81000300,56.36000061,51.4,15,208007.144,51.399,13755.498,4192.684,St. Olaf,4192.684118,208007.1425
103827,81001401,86.88999939,563.67,15,2281156.155,563.674,31915.605,9727.896,Clear,9727.895981,2281156.177
103828,81001500,99.30000305,122.64,15,496315.228,122.639,11541.819,3517.953,Loon,3517.95316,496315.223
103829,81005500,60.25999832,113.11,15,457737.825,113.107,21603.502,6584.76,Reeds,6584.760422,457737.8064
103830,81009500,98.87000275,2225.77,15,9007565.661,2225.769,84966.617,25897.877,Elysian,25897.87675,9007565.711
103831,82001400,80.98000336,110.63,15,447716.779,110.631,17924.114,5463.281,Little Carnelian,5463.280793,447716.7819
103832,82002100,93.91000366,97.34,15,393921.116,97.338,22669.718,6909.744,Long,6909.743517,393921.1074
103833,82002300,57.06999969,24.99,15,101138.76,24.991,9910.111,3020.608,Lily,3020.607844,101138.7579
103834,82002500,97.95999908,40.53,15,164006.397,40.526,5872.705,1790.004,Louise,1790.004058,164006.3992
103835,82003100,99.34999847,121.7,15,492516.709,121.701,25214.601,7685.426,Terrapin,7685.4259,492516.7116
103836,82003300,92.91999817,37.37,15,151244.537,37.373,10760.639,3279.849,Mays,3279.849257,151244.5352
103837,82003400,89.01000214,38.64,15,156364.457,38.638,9514.613,2900.06,East Boot,2900.059866,156364.4644
103838,82003800,100,35.8,15,144875.812,35.799,7448.263,2270.235,Unnamed (Maple Marsh),2270.234951,144875.8194
103839,82004400,72.98000336,35.25,15,142667.647,35.253,9753.567,2972.893,West Boot,2972.893151,142667.6436
103840,82004600,31.76000023,64.49,15,260997.518,64.492,24538.437,7479.33,Square,7479.330484,260997.5443
103841,82004900,30.09000015,137.53,15,556565.248,137.527,53513.663,16310.997,Big Carnelian,16310.99715,556565.2423
103842,82005200,69.79000092,1180.44,15,4777183.132,1180.442,110350.096,33634.777,Big Marine,33634.77678,4777183.16
103843,82005400,54.70999908,119.4,15,483217.141,119.403,28868.622,8799.174,Bone,8799.173423,483217.1409
103844,82005900,55.45999908,40.94,15,165674.308,40.938,21345.044,6505.982,Goose,6505.982249,165674.3054
103845,82007700,100,34.14,15,138168.293,34.141,7306.087,2226.902,Unnamed (Goggins),2226.901999,138168.2991
103846,82008000,89.73000336,78.57,15,317960.791,78.568,16037.182,4888.143,Halfbreed,4888.142688,317960.8003
103847,82008700,97.15000153,18.63,15,75379.141,18.626,5548.172,1691.086,Unnamed,1691.086187,75379.1413
103848,82009100,99.63999939,96.89,15,392100.893,96.888,9508.6,2898.227,Battle Creek,2898.227049,392100.9166
103849,82009200,52.45000076,29.67,15,120075.983,29.671,13682.203,4170.344,Powers,4170.343935,120075.9908
103850,82010100,90.80999756,142.62,15,577161.619,142.617,21458.646,6540.608,DeMontreville,6540.608826,577161.6129
103851,82010300,100,87.38,15,353638.785,87.384,10005.426,3049.66,Olson,3049.659964,353638.7726
103852,82010400,71.25,109.71,15,443973.155,109.706,16344.779,4981.899,Jane,4981.898689,443973.1441
103853,82010600,25.85000038,66.38,15,268645.153,66.382,37541.866,11442.784,Elmo,11442.78358,268645.1519
103854,82011500,42.09999847,30.82,15,124746.412,30.825,15591.469,4752.289,Tanners,4752.289235,124746.4155
103855,82011800,56.90000153,35.94,15,145432.435,35.936,15096.888,4601.541,Long,4601.540688,145432.4485
103856,82012200,93.51999664,164.12,15,664194.816,164.123,27411.293,8354.979,Pine Tree,8354.978955,664194.8091
103857,82013000,93.12000275,49.46,15,200160.79,49.46,13439.993,4096.518,Long,4096.51791,200160.7948
103858,82014800,100,37.65,15,152379.189,37.653,7643.466,2329.735,Plaisted,2329.735302,152379.1867
103859,82014900,100,57.85,15,234125.726,57.852,9929.062,3026.387,North School Section,3026.387022,234125.7273
103860,82015100,87.81999969,83.84,15,339298.567,83.841,11905.776,3628.892,South School Section,3628.891639,339298.5669
103861,82015300,99.48999786,130.59,15,528503.757,130.593,12984.231,3957.601,Sunset,3957.601396,528503.7666
103862,82015900,68.75,1561.19,15,6318057.332,1561.192,148633.349,45303.535,Forest,45303.53493,6318057.277
103863,82016200,86.44000244,25.53,15,103307.88,25.527,6385.874,1946.418,Shields,1946.418433,103307.8761
103864,82016300,63.02000046,270.31,15,1093915.55,270.307,38784.43,11821.518,Clear,11821.51793,1093915.531
103865,82016600,49.99000168,23.83,15,96455.379,23.834,10665.37,3250.811,Carver,3250.811429,96455.38094
103866,82016700,53.61000061,1334.41,15,5400287.345,1334.411,161577.056,49248.785,White Bear,49248.78524,5400287.316
103867,83003600,100,402.86,15,1630352.723,402.86,20541.119,6260.946,Kansas,6260.945812,1630352.705
103868,83004000,100,257.93,15,1043824.892,257.929,23497.722,7162.12,Long,7162.119917,1043824.883
103869,83004300,100,204.95,15,829401.825,204.945,20186.324,6152.804,St. James,6152.804454,829401.8098
103870,85001101,59.41999817,132.24,15,535170.957,132.241,41402.643,12619.551,Winona (South Bay),12619.55174,535170.9524
103871,85001102,91.73999786,78.76,15,318737.058,78.76,14978.428,4565.434,Winona (North Bay),4565.433731,318737.0523
103872,86000100,100,115.3,15,466616.493,115.301,12159.828,3706.323,Foster,3706.323542,466616.4835
103873,86000900,75.75,71.05,15,287519.114,71.046,11777.371,3589.75,Martha,3589.750169,287519.1099
103874,86001100,37.70999908,89.71,15,363056.743,89.711,33344.022,10163.278,Charlotte,10163.27802,363056.746
103875,86001200,98.11000061,12.1,15,48967.746,12.1,3625.727,1105.124,Moore,1105.123683,48967.75471
103876,86002000,98.33999634,106.73,15,431920.745,106.728,21554.466,6569.814,Wilhelm,6569.814453,431920.7506
103877,86002100,100,77.69,15,314408.863,77.69,8825.305,2689.958,Mud,2689.95808,314408.8502
103878,86002200,100,137.08,15,554744.613,137.077,13523.331,4121.92,Steele,4121.919655,554744.6017
103879,86002300,58.99000168,179.49,15,726372.552,179.487,35413.914,10794.183,Beebe,10794.18213,726372.5548
103880,86002800,99.76999664,208.14,15,842313.913,208.136,26229.324,7994.714,Moore,7994.713751,842313.9253
103881,86003100,94.91999817,3513.24,15,14217888.82,3513.24,201209.662,61328.828,Pelican,61328.82847,14217888.8
103882,86004100,72.22000122,126.94,15,513723.706,126.941,17227.801,5251.044,Dean,5251.044259,513723.7007
103883,86004600,99.80999756,107.59,15,435394.734,107.586,11425.84,3482.603,Crawford,3482.602979,435394.7354
103884,86004900,100,349.35,15,1413790.709,349.348,19095.825,5820.419,Mary,5820.419429,1413790.711
103885,86005100,53.50999832,86.43,15,349769.162,86.428,18443.324,5621.536,Constance,5621.536353,349769.1621
103886,86005302,18.96999931,138.77,15,561582.121,138.767,43055.124,13123.228,Pulaski (main bay),13123.22807,561582.1028
103887,86005600,100,155.46,15,629124.905,155.457,16921.385,5157.649,Washington,5157.648457,629124.9131
103888,86006100,99.01999664,45.66,15,184771.58,45.657,9231.415,2813.741,Pohl,2813.741004,184771.5902
103889,86006300,99.56999969,162.05,15,655818.103,162.053,20656.089,6295.989,Green Mountain,6295.988615,655818.1039
103890,86006600,49.95999908,49.87,15,201801.82,49.865,16536.573,5040.357,Birch,5040.357519,201801.8126
103891,86006700,64.01000214,10.95,15,44320.889,10.952,5895.379,1796.915,First,1796.915039,44320.89341
103892,86006800,73.94999695,24.37,15,98642.001,24.374,10664.899,3250.668,Mud,3250.66792,98642.00233
103893,86006900,67.09999847,64.44,15,260803.809,64.445,25267.553,7701.566,Long,7701.566006,260803.8058
103894,86007000,32.00999832,34.99,15,141584.296,34.985,16663.434,5079.025,Bertram,5079.025114,141584.2863
103895,86007100,100,27.43,15,110988.752,27.425,5405.295,1647.537,East Twin,1647.537373,110988.7488
103896,86007200,96.19999695,88,15,356145.115,88.003,12570.312,3831.439,North,3831.438427,356145.1052
103897,86007300,85.44000244,145.49,15,588799.067,145.492,21175.02,6454.159,Cedar,6454.158835,588799.0699
103898,86007302,46.00999832,16.64,15,67323.299,16.636,9760.35,2974.961,Little Cedar,2974.960625,67323.30456
103899,86007800,100,45.81,15,185404.384,45.813,9959.921,3035.79,Slough,3035.790153,185404.3883
103900,86008300,100,11.04,15,44669.852,11.038,3394.966,1034.788,Unnamed,1034.787838,44669.85448
103901,86008600,99.94999695,434.64,15,1758979.93,434.644,28302.573,8626.641,Fountain,8626.641086,1758979.929
103902,86008800,62.06999969,58.28,15,235852.386,58.279,15915.03,4850.911,Mink,4850.911085,235852.3987
103903,86008900,86.31999969,53.12,15,214993.141,53.125,12058.272,3675.369,Tamarack,3675.368701,214993.14
103904,86009000,48.79999924,756.98,15,3063442.224,756.977,83925.103,25580.422,Buffalo,25580.42249,3063442.237
103905,86009400,100,31.27,15,126554.799,31.272,6242.815,1902.814,West Twin,1902.814003,126554.7985
103906,86009500,84.44999695,82.68,15,334596.117,82.679,20413.393,6222.015,Black,6222.014497,334596.1133
103907,86010300,75.72000122,64.11,15,259439.888,64.108,12450.254,3794.845,Ida,3794.845244,259439.8985
103908,86010600,100,338,15,1367869.89,338.001,20174.852,6149.307,Little Waverly,6149.307322,1367869.896
103909,86010700,79.19000244,135.46,15,548186.505,135.457,15933.396,4856.509,Deer,4856.509018,548186.4984
103910,86010800,100,51.93,15,210161.968,51.931,6863.199,2091.907,Goose,2091.907296,210161.9719
103911,86010900,59.31000137,11.94,15,48318.297,11.939,6145.756,1873.23,Fadden,1873.229879,48318.2976
103912,86011400,30.04999924,146.75,15,593891.284,146.751,38683.794,11790.844,Waverly,11790.84384,593891.2823
103913,86011600,75.09999847,74.12,15,299965.247,74.121,12961.529,3950.682,Birch,3950.681871,299965.2454
103914,86011800,100,6,15,24291.26,6.002,2122.903,647.062,Unnamed,647.062254,24291.25963
103915,86011900,55.86999893,39.43,15,159577.323,39.432,14922.099,4548.265,Sullivan,4548.264908,159577.325
103916,86012000,50.20999908,155.23,15,628208.028,155.23,33306.702,10151.903,Ramsey,10151.90304,628208.0047
103917,86012200,87.98999786,60.42,15,244532.427,60.424,13784.606,4201.556,Light Foot,4201.556145,244532.4248
103918,86012300,51.04000092,24.97,15,101054.1,24.97,10803.295,3292.851,North Twin,3292.850983,101054.105
103919,86012600,82.62000275,36.29,15,146864.441,36.29,8584.066,2616.429,South Twin,2616.428626,146864.4396
103920,86012700,60.61999893,35.09,15,142006.484,35.09,12566.315,3830.22,Albert,3830.220273,142006.4827
103921,86012900,100,32.15,15,130112.267,32.151,5183.995,1580.085,Albert,1580.084997,130112.2682
103922,86013101,78.73000336,18.68,15,75607.727,18.683,6409.622,1953.657,North Berthiaume,1953.656673,75607.72165
103923,86013102,58.93999863,11.59,15,46893.866,11.587,6487.885,1977.511,South Berthiaume,1977.511353,46893.8554
103924,86013200,99.87999725,118.82,15,480857.214,118.82,15491.701,4721.88,Abbie,4721.880049,480857.2145
103925,86013300,97.55000305,79.55,15,321950.673,79.554,10437.564,3181.376,Angus,3181.376183,321950.6761
103926,86013401,51.95000076,393.4,15,1592080.643,393.403,77668.189,23673.311,Upper Maple,23673.31181,1592080.64
103927,86013402,100,118.53,15,479682.426,118.53,11336.934,3455.504,Mud,3455.504429,479682.4189
103928,86013900,98.93000031,127.21,15,514802.885,127.208,17297.967,5272.431,Little Mary,5272.43041,514802.8826
103929,86014000,45.54000092,37.67,15,152436.988,37.667,13929.768,4245.802,Silver,4245.801739,152436.9844
103930,86014600,47.68999863,108.38,15,438627.821,108.385,25664.442,7822.538,Ida,7822.537758,438627.8163
103931,86014700,53,19.12,15,77390.267,19.123,8967.536,2733.31,Little Eagle,2733.310254,77390.27207
103932,86014800,53.20999908,99.32,15,401935.397,99.318,23085.497,7036.473,Eagle,7036.473343,401935.3866
103933,86015200,100,204.14,15,826153.633,204.143,14608.003,4452.528,Millstone,4452.528267,826153.6112
103934,86015300,73.69000244,33.15,15,134143.227,33.147,10232.735,3118.944,Unnamed (Otter),3118.943665,134143.2285
103935,86015600,34.24000168,66.83,15,270467.028,66.832,21091.154,6428.597,Mary,6428.59664,270467.0237
103936,86016300,53.34000015,97.93,15,396314.192,97.929,27554.145,8398.52,Limestone,8398.520346,396314.1888
103937,86016400,83.93000031,77.03,15,311716.657,77.025,14996.498,4570.942,Rice,4570.941529,311716.6578
103938,86016800,46.43999863,61.93,15,250628.172,61.93,24672.539,7520.205,Locke,7520.204928,250628.153
103939,86017100,61.13999939,36.03,15,145809.752,36.03,11232.786,3423.76,Ember,3423.76009,145809.7523
103940,86017600,85.94000244,63.62,15,257466.077,63.62,12615.43,3845.191,Melrose,3845.190877,257466.0693
103941,86017800,76.66999817,74.03,15,299612.712,74.034,13212.776,4027.262,Dog,4027.262298,299612.7022
103942,86018100,60.18999863,22.3,15,90238.946,22.298,10327.889,3147.947,Little Rock,3147.947147,90238.94609
103943,86018200,56.72000122,99.77,15,403771.238,99.772,27270.792,8312.154,Rock,8312.154178,403771.2486
103944,86018300,57.25,54.16,15,219166.262,54.156,13566.757,4135.156,Fish,4135.155604,219166.2815
103945,86018400,73.69000244,119.6,15,484024.433,119.602,19300.886,5882.922,Dutch,5882.922297,484024.4426
103946,86018800,100,188.57,15,763128.13,188.569,14292.03,4356.22,Emma,4356.219358,763128.1273
103947,86019000,75.16000366,282.16,15,1141894.586,282.162,30384.736,9261.286,Ann,9261.285845,1141894.562
103948,86019200,67.56999969,30.5,15,123443.404,30.503,9071.253,2764.923,Round,2764.923621,123443.4007
103949,86019300,49.75,90.96,15,368116.229,90.962,20793.065,6337.739,Mary,6337.739132,368116.2423
103950,86019900,43.15999985,317.59,15,1285251.805,317.586,42782.056,13039.997,Howard,13039.99687,1285251.795
103951,86020800,98.91999817,292.86,15,1185208.244,292.865,17375.792,5296.152,Swartout,5296.152048,1185208.246
103952,86021100,99.76999664,100.34,15,406061.529,100.338,14566.033,4439.736,Edward,4439.735715,406061.543
103953,86021200,100,249.04,15,1007841.45,249.038,16865.748,5140.69,Albion,5140.690631,1007841.452
103954,86021300,100,272.2,15,1101579.032,272.2,15258.277,4650.732,Henshaw,4650.732203,1101579.049
103955,86021700,33.47000122,118.18,15,478263.325,118.179,37422.44,11406.382,Granite,11406.38256,478263.2995
103956,86021800,89.95999908,41.21,15,166794.416,41.215,7011.193,2137.016,Maxim,2137.015857,166794.4134
103957,86022100,38.29000092,46.04,15,186319.002,46.039,16573.064,5051.48,Camp,5051.479702,186319.0231
103958,86022300,42.40999985,57.13,15,231210.452,57.132,22509.754,6860.987,Indian,6860.986511,231210.4619
103959,86022700,35.33000183,276.72,15,1119866.258,276.719,61397.783,18714.082,Cedar,18714.08139,1119866.266
103960,86022900,84.5,251.82,15,1019112.654,251.823,35633.372,10861.074,Mink,10861.0735,1019112.66
103961,86023000,99.70999908,147.27,15,595980.946,147.267,14480.706,4413.728,Somers,4413.727985,595980.9511
103962,86023300,36.40000153,371.23,15,1502358.735,371.233,94618.178,28839.678,Sugar,28839.67861,1502358.718
103963,86023400,44.90000153,95.96,15,388350.5,95.961,24477.468,7460.747,Bass,7460.747037,388350.5106
103964,86023800,61.45000076,36.6,15,148121.894,36.601,16171.545,4929.097,Nixon,4929.09716,148121.8828
103965,86023900,37.84000015,18.81,15,76121.068,18.81,12543.11,3823.148,Sheldon,3823.147744,76121.08234
103966,86024200,84.20999908,35.74,15,144650.869,35.743,9482.133,2890.16,Wiegand,2890.159709,144650.8726
103967,86024300,69.43000031,63.91,15,258632.249,63.908,19536.131,5954.625,Grass,5954.624284,258632.2522
103968,86024700,61.09999847,9.23,15,37349.825,9.229,5766.698,1757.693,Unnamed (Cassidy),1757.69298,37349.82443
103969,86025100,50.97999954,291.24,15,1178646.077,291.243,40948.876,12481.242,Pleasant,12481.2424,1178646.1
103970,86025201,43.06000137,717.28,15,2902798.284,717.281,171916.164,52400.152,Clearwater (East),52400.15133,2902798.279
103971,86025202,51.91999817,808.31,15,3271182.862,808.309,212308.332,64711.709,Clearwater (West),64711.71078,3271182.855
103972,86025600,80.95999908,43.35,15,175415.787,43.345,8557.981,2608.478,Chelgren,2608.477675,175415.7813
103973,86026300,33.66999817,183.61,15,743070.694,183.613,50820.85,15490.226,Cokato,15490.22588,743070.6813
103974,86026400,60.86000061,58.31,15,235975.764,58.31,14296.909,4357.706,Brooks,4357.706455,235975.7563
103975,86026600,46.93000031,26.23,15,106141.754,26.228,10360.308,3157.828,Mud,3157.828139,106141.7587
103976,86026800,88.38999939,51.94,15,210202.055,51.941,12080.403,3682.114,Unnamed,3682.113963,210202.0527
103977,86027100,70.86000061,61.99,15,250869.586,61.99,22251.535,6782.281,Moose,6782.281163,250869.5698
103978,86027300,48.15000153,166.94,15,675614.85,166.944,44051.53,13426.933,French,13426.93264,675614.8276
103979,86027400,71.36000061,57.51,15,232756.944,57.514,12427.231,3787.827,Dans,3787.827418,232756.9349
103980,86027900,32.84999847,297.1,15,1202343.962,297.099,123945.735,37778.736,West Lake Sylvia,37778.7356,1202343.977
103981,86028000,79.02999878,16,15,64766.291,16.004,7323.618,2232.243,Pickeral,2232.243365,64766.29071
103982,86028100,50.13999939,65.75,15,266100.953,65.754,30381.455,9260.286,Caroline,9260.286407,266100.9477
103983,86028200,66.73000336,129.57,15,524344.635,129.566,39657.095,12087.507,Louisa,12087.5065,524344.6044
103984,86028400,34.31000137,60.94,15,246609.142,60.937,43170.391,13158.361,Augusta,13158.36092,246609.1447
103985,86028600,48.83000183,23.26,15,94120.981,23.257,18069.576,5507.618,Little John,5507.617939,94120.98
103986,86028800,71.58000183,284.53,15,1151475.726,284.53,41063.78,12516.265,John,12516.26492,1151475.722
103987,86028900,31.34000015,209.54,15,848006.872,209.542,60649.78,18486.09,East Lake Sylvia,18486.09024,848006.8716
103988,86029300,60.27000046,383.2,15,1550798.766,383.202,43510.664,13262.077,Collinwood,13262.07698,1550798.735
103989,86029700,66.81999969,54.66,15,221212.486,54.662,13348.786,4068.718,Scott,4068.718352,221212.4726
103990,86029800,32.13999939,29.78,15,120513.107,29.779,14252.408,4344.143,Union,4344.142729,120513.1041
103991,86032000,52.22999954,4.13,15,16697.038,4.126,4171.766,1271.557,Unnamed (Hidden),1271.556785,16697.03532
103992,86050600,100,8.45,15,34196.984,8.45,2522.728,768.929,Helmbrecht Pond,768.9290592,34196.98507
103993,87001600,100,381.53,15,1544035.372,381.531,28993.585,8837.262,Curtis,8837.262421,1544035.405
103994,87001900,100,165.84,15,671155.788,165.843,17282.562,5267.735,Tyson,5267.735602,671155.7876
103995,87003000,100,484.68,15,1961456.157,484.676,26789.194,8165.363,Wood,8165.362858,1961456.161
103996,87018000,59.29999924,93.75,15,379397.115,93.749,39747.493,12115.06,Del Clark,12115.05951,379397.1143
103997,87018100,100,19.34,15,78255.923,19.337,6272.645,1911.906,John Reservoir,1911.90637,78255.93082
