DOW,LAKE_NAME,LakeAreaAcres,15ft_LittoralZone_Acres,ObservedLittoralZone_Acres,Percentage_15ft_LittoralZone,Percentage_ObservedLittoralZone,Depth_ObservedLittoralZone
59002100,Indian Pond,2.087,2.09,2.09,100,100,15
18043400,Yawkey Mine,2.908,2.91,2.91,20.92,20.92,15
69131800,Cub,3.094,3.09,3.09,41.56,41.56,15
69132900,Little Elbow,3.474,3.47,3.47,65.05,65.05,15
52000100,Unnamed (Hallett),3.543,3.54,3.54,29.35,29.35,15
50001500,LeRoy Sand Pit,3.749,3.75,3.75,100,100,15
73061100,George,3.937,3.94,3.94,46.05,46.05,15
38090900,Jouppi,4.014,4.01,1.35,71.49,23.96,5
27069300,Hidden,4.046,4.05,4.05,52.98,52.98,15
86032000,Unnamed (Hidden),4.126,4.13,4.13,52.23,52.23,15
19046000,North,4.266,4.27,4.27,44.78,44.78,15
38040800,Bear,4.765,4.76,4.76,26.08,26.08,15
27013800,Peavey,5.383,5.38,5.38,58.97,58.97,15
86011800,Unnamed,6.002,6,6,100,100,15
73000500,Hinz,6.267,6.27,6.27,42.46,42.46,15
42014600,Swift,6.385,6.39,6.39,100,100,15
31047000,Unnamed (Nickel),6.569,6.57,6.57,46.24,46.24,15
30006200,Adams,6.58,6.58,6.58,54.96,54.96,15
62001001,Spoon,6.821,6.82,6.82,100,100,6
27003800,Brownie,6.993,6.99,6.99,64.2,64.2,15
29015103,Mantrap (Mirror Bay),7.415,7.41,7.41,100,100,15
58014600,Unnamed,7.738,7.74,7.74,90.44,90.44,15
27017902,South Little Long,8.026,8.03,8.03,46.67,46.67,15
86050600,Helmbrecht Pond,8.45,8.45,8.45,100,100,15
18043500,Manuel Mine,8.565,8.56,8.56,20.88,20.88,15
18027800,Pleasant,8.624,8.62,8.62,39.19,39.19,15
27030000,Unnamed,8.832,8.83,8.83,100,100,15
19006600,Carlson,8.913,8.91,8.91,75.03,75.03,15
29022400,McCarty,8.96,8.96,8.96,67.03,67.03,15
86024700,Unnamed (Cassidy),9.229,9.23,9.23,61.1,61.1,15
11029500,Hazel,9.274,9.27,9.27,62.92,62.92,15
27015100,School,9.384,9.38,9.38,83.81,83.81,15
19045900,Ann,9.521,9.52,9.52,52.83,52.83,15
31128000,Lind Pit,9.633,9.63,9.63,11.53,11.53,15
29012700,Crappie,9.849,9.85,9.85,42.52,42.52,15
73009900,Minnie,9.985,9.98,9.98,37.62,37.62,15
18043900,Pennington Mine,10.005,10,10,16.16,16.16,15
10004600,Church,10.102,10.1,9.69,63.12,60.52,14
27066800,Highland Park Pond,10.386,10.39,10.39,91.86,91.86,15
73000800,Hulbert,10.589,10.59,10.59,61.77,61.77,15
73000700,Quinn,10.644,10.64,10.64,47.42,47.42,15
69104000,Little Dry,10.698,10.7,10.7,74.71,74.71,15
86006700,First,10.952,10.95,10.95,64.01,64.01,15
86008300,Unnamed,11.038,11.04,11.04,100,100,15
10001100,St. Joe,11.047,11.05,11.05,56.5,56.5,15
38002800,Echo,11.074,11.07,11.07,26.31,26.31,15
31087400,Alice,11.273,11.27,11.27,27.75,27.75,15
69079500,Gate,11.317,11.32,11.32,84.75,84.75,15
86013102,South Berthiaume,11.587,11.59,11.59,58.94,58.94,15
73075200,Heratige Center Ponds,11.62,11.62,11.62,100,100,15
62000500,Casey,11.821,11.82,11.82,100,100,15
86010900,Fadden,11.939,11.94,11.94,59.31,59.31,15
80003800,Morgan,11.972,11.97,11.97,52.06,52.06,15
15009000,Deep,12.084,12.08,12.08,27.69,27.69,15
86001200,Moore,12.1,12.1,12.1,98.11,98.11,15
11008200,Cedar,12.275,12.27,12.27,58.99,58.99,15
03000600,Little,12.391,12.39,12.39,73.77,73.77,15
69039700,Clearwater,12.46,12.46,12.46,83.14,83.14,15
27019500,Unnamed,12.607,12.61,12.61,100,100,15
31033200,Little Bass,13.017,13.02,13.02,50.47,50.47,15
38023000,Nicado,13.196,13.2,9.61,95.93,69.89,6
49010800,Lagerquist,13.743,13.74,13.74,43.43,43.43,15
09007400,Kettle,13.775,13.77,13.77,62.4,62.4,15
09002100,Benfield,13.8,13.8,13.8,53.27,53.27,15
49007700,Unnamed,14.142,14.14,14.14,85.97,85.97,15
11000902,Little Thunder (East Bay),14.161,14.16,14.16,46.56,46.56,15
27013308,Minnetonka-Emerald Lake,14.214,14.21,14.21,97.48,97.48,15
69042900,Sabin (Embarrass Mine),14.216,14.22,14.22,9.11,9.11,15
09004800,Corona,14.292,14.29,14.29,52.43,52.43,15
70020000,Unnamed,14.359,14.36,14.36,100,100,15
19025900,Bur Oaks Pond,14.47,14.47,14.47,100,100,15
11005400,Little Andrus,14.605,14.61,14.61,54.82,54.82,15
38066500,Gypsy,14.861,14.86,7.7,99.23,51.44,6
69078800,Camp A,14.871,14.87,14.87,82.12,82.12,15
01005700,Little Ball Bluff,15.021,15.02,15.02,40.33,40.33,15
62003900,Twin,15.131,15.13,9.22,45.6,27.79,9
31037400,Forest,15.415,15.41,15.41,41.32,41.32,15
38071201,Glacier Pond 1,15.478,15.48,15.48,85.05,85.05,15
01020902,Cedar(N.E. Arm),15.697,15.7,18,60.55,69.45,18
31076900,Twin,15.884,15.88,15.88,68.25,68.25,15
86028000,Pickeral,16.004,16,16,79.03,79.03,15
10021800,Unnamed (Grace),16.171,16.17,8.57,80.13,42.45,10
32001900,Summit,16.343,16.34,16.34,100,100,15
70005500,Unnamed,16.358,16.36,16.36,100,100,15
27017901,North Little Long,16.479,16.48,16.48,31.53,31.53,15
80002500,Unnamed,16.487,16.49,16.49,100,100,15
69006400,Dry,16.497,16.5,16.5,20.12,20.12,15
73019300,Beautiful,16.55,16.55,16.55,56.47,56.47,15
69030600,Glimmer,16.634,16.63,16.63,98.45,98.45,15
86007302,Little Cedar,16.636,16.64,16.64,46.01,46.01,15
69066300,Virginia,17.007,17.01,15.14,55.18,49.13,13
19008100,Augusta,17.13,17.13,17.13,37.49,37.49,15
50000300,Mill Pond,17.146,17.15,17.15,93.25,93.25,15
29023700,Newman,17.167,17.17,17.17,37.81,37.81,15
04003300,Benjamin,17.196,17.2,17.2,51.95,51.95,15
70011300,Mill Pond,17.719,17.72,3.47,100,19.57,2
27010000,Pomerleau,17.752,17.75,15.82,69.09,61.59,12
77002900,Buck,17.756,17.76,12.95,28.95,21.13,10
13005400,Little Comfort,17.832,17.83,9.64,48.93,26.45,6
38040900,Bean,17.856,17.86,15.15,56.75,48.14,10
18030200,Little Ox,17.948,17.95,17.95,40.61,40.61,15
03017700,Hanson,17.972,17.97,17.97,51.31,51.31,15
62007502,Island (Basin N.of I-694),17.997,18,18,94.92,94.92,15
73024400,Ellering,18.306,18.31,18.31,49.43,49.43,15
82008700,Unnamed,18.626,18.63,18.63,97.15,97.15,15
86013101,North Berthiaume,18.683,18.68,18.68,78.73,78.73,15
86023900,Sheldon,18.81,18.81,18.81,37.84,37.84,15
18044100,Huntington Mine,18.955,18.95,18.95,17.87,17.87,15
86014700,Little Eagle,19.123,19.12,19.12,53,53,15
73007200,Rossier,19.125,19.12,19.12,52.13,52.13,15
73014100,Deep,19.165,19.16,19.16,35.18,35.18,15
56072700,Fladmark,19.268,19.27,29.24,37.11,56.3,24
04001600,Little Gilstad,19.314,19.31,19.31,50.46,50.46,15
87018100,John Reservoir,19.337,19.34,5.6,100,28.94,2.5
64015000,Laura,19.409,19.41,12.28,83.48,52.81,8
01018300,Bass,19.429,19.43,19.43,60.43,60.43,15
70029400,Sweetbrier,19.486,19.49,19.49,99.06,99.06,15
09003900,Eddy,19.814,19.81,9.5,84.17,40.35,7
29027500,Blacksmith,19.95,19.95,19.95,51.76,51.76,15
49006800,Cockburn,19.997,20,20,100,100,15
18020800,Allen,20.027,20.03,20.03,44.42,44.42,15
73002200,Mund,20.037,20.04,20.04,98.66,98.66,15
10012000,Smith,20.081,20.08,20.08,99.85,99.85,15
29028900,Mary,20.136,20.14,20.14,35.94,35.94,15
56069100,Kempfer,20.139,20.14,20.14,54.35,54.35,15
73000100,Dallas,20.278,20.28,20.28,80.67,80.67,15
69142800,Iron Chief Complex,20.291,20.29,20.29,9.8,9.8,15
77002500,Pepin,20.515,20.52,17.11,38.38,32.01,11
62001100,Wakefield,20.518,20.52,20.52,100,100,15
73001100,Warner,20.676,20.68,13.74,62.04,41.22,10
19003400,Unnamed (Bohrer Pond),20.901,20.9,20.9,100,100,15
24004300,Morin,21.073,21.07,21.07,100,100,15
62001200,Round,21.08,21.08,21.08,98.39,98.39,15
03027300,Perch,21.367,21.37,10.63,44.84,22.31,4
73012200,Ochotto,21.516,21.52,24.26,50.33,56.76,18
31055100,Dinner Pail,21.558,21.56,21.56,45.61,45.61,15
27015200,Half Moon,21.805,21.81,21.81,66.03,66.03,15
86018100,Little Rock,22.298,22.3,22.3,60.19,60.19,15
71016700,Round,22.445,22.44,22.44,62.72,62.72,15
73000200,Feldges,22.506,22.51,22.51,92.44,92.44,15
38051600,Ahsub,22.52,22.52,22.52,37.33,37.33,15
18043700,Portsmouth Mine,22.534,22.53,22.53,15.08,15.08,15
71013500,Unnamed,22.787,22.79,22.79,100,100,15
27019900,Hafften,22.879,22.88,15.41,62.35,42.01,8
27003700,Wirth,23.051,23.05,20.74,60.36,54.32,13
29007400,Indian,23.098,23.1,23.1,45.25,45.25,15
73010100,Schmid,23.124,23.12,23.12,60.86,60.86,15
77002200,Mons,23.166,23.17,23.17,24.51,24.51,15
49013600,Ham,23.211,23.21,23.21,54.86,54.86,15
73024900,Sylvia,23.233,23.23,23.23,27.52,27.52,15
86028600,Little John,23.257,23.26,23.26,48.83,48.83,15
77002400,Bass,23.396,23.4,23.4,19.08,19.08,15
77003000,Mountain,23.501,23.5,23.5,50.97,50.97,15
62008200,Wabasso,23.534,23.53,24.74,54.96,57.77,18
73004300,Days,23.569,23.57,23.57,65.98,65.98,15
82016600,Carver,23.834,23.83,13,49.99,27.27,8
69083200,Cruiser,23.969,23.97,115.32,20.29,97.62,4
73001200,Fuller,23.988,23.99,23.99,80.51,80.51,15
31019600,Poplar,24.328,24.33,24.33,21.66,21.66,15
86006800,Mud,24.374,24.37,24.37,73.95,73.95,15
31040700,Hay,24.619,24.62,24.62,43.54,43.54,15
14039303,,24.848,24.85,24.85,100.02,100.02,15
86012300,North Twin,24.97,24.97,24.97,51.04,51.04,15
82002300,Lily,24.991,24.99,24.23,57.07,55.33,14
73008200,Schneider,25.135,25.14,25.14,46.2,46.2,15
60013000,Store,25.146,25.15,11.65,50.64,23.46,7
48001100,Black Bass,25.166,25.17,25.17,80.28,80.28,15
18052300,Sagamore Mine,25.169,25.17,25.17,20.27,20.27,15
77009500,Fuller,25.176,25.18,25.18,48.49,48.49,15
69076800,Martin,25.451,25.45,25.45,37.54,37.54,15
02007501,East Moore,25.511,25.51,22.07,92.43,79.98,10
19005700,Fish,25.527,25.53,23.55,82.22,75.85,11
82016200,Shields,25.527,25.53,20.19,86.44,68.35,9
62005400,McCarron,25.602,25.6,19.32,34.95,26.37,10.5
47002500,Little Swan,25.649,25.65,22.14,48.9,42.21,13
47009600,Little Mud,25.74,25.74,21.3,68.88,56.99,9
03004400,Dinner,25.903,25.9,25.9,43.75,43.75,15
86026600,Mud,26.228,26.23,19.59,46.93,35.06,8
69001600,Sand,26.331,26.33,26.33,98.41,98.41,15
69087200,Loiten,26.446,26.45,15.16,27.76,15.91,7
44007800,Wadena,26.502,26.5,26.5,100,100,15
03000500,Shipman,26.505,26.51,26.51,43.53,43.53,15
27001800,Hiawatha,26.573,26.57,13.8,48.87,25.38,8
09004700,Spring,26.574,26.57,26.57,100,100,15
27004203,Lower Twin,26.604,26.6,26.6,81.12,81.12,15
10005100,Turbid,26.992,26.99,26.99,66.72,66.72,15
09002000,Crystal,27.045,27.05,27.05,58.46,58.46,15
69055500,Silver,27.091,27.09,27.09,95.56,95.56,15
19006500,Holland,27.241,27.24,28.87,72.21,76.53,20
86007100,East Twin,27.425,27.43,27.43,100,100,15
09004500,Coffee,27.45,27.45,27.45,38.32,38.32,15
73016600,Koop,27.883,27.88,27.88,46.37,46.37,15
15003800,Falk,28.064,28.06,28.06,38.13,38.13,15
49006400,Fosdick,28.273,28.27,28.27,99.21,99.21,15
77000200,Schreiers,28.365,28.37,28.37,100,100,15
27004202,Middle Twin,28.384,28.38,28.38,48.58,48.58,15
29013000,Twenty-One,28.396,28.4,28.4,79.32,79.32,15
40003900,Roemhildts,28.537,28.54,30.18,40.03,42.33,16
16003300,Chester,28.545,28.54,14,58.26,28.57,8
14005100,Unnamed,28.857,28.86,28.86,100,100,15
31062300,Boy,28.862,28.86,28.86,67.33,67.33,15
49007300,Alott,29.248,29.25,29.25,71.32,71.32,15
18035900,Star,29.318,29.32,42.84,23,33.61,22
70007800,Unnamed (Hass),29.358,29.36,29.36,96.17,96.17,15
82009200,Powers,29.671,29.67,29.67,52.45,52.45,15
03037100,Meadow,29.751,29.75,42,42.07,59.39,26
86029800,Union,29.779,29.78,17.88,32.14,19.3,5.5
04006200,Bass,29.995,30,30,37.52,37.52,15
86019200,Round,30.503,30.5,30.5,67.57,67.57,15
29030900,LaSalle,30.643,30.64,30.64,12.88,12.88,15
02007100,Spring,30.709,30.71,30.71,95.88,95.88,15
09000700,Spring,30.771,30.77,28.21,84.51,77.47,10
82011500,Tanners,30.825,30.82,27.91,42.1,38.12,13
77035800,Lily,30.921,30.92,32.6,50.13,52.84,17
73010500,Long,31.01,31.01,31.01,100,100,15
09000300,Graham,31.059,31.06,31.06,90.9,90.9,15
31070700,Rice,31.09,31.09,31.09,99.45,99.45,15
56092000,Unnamed,31.091,31.09,31.09,100,100,15
31066500,Little North Star,31.243,31.24,31.24,56.77,56.77,15
86009400,West Twin,31.272,31.27,31.27,100,100,15
31066300,Forest,31.35,31.35,31.35,80.14,80.14,15
34011600,Henderson,31.489,31.49,38,41.81,50.45,19
30010701,Blue (North Bay),31.718,31.72,31.72,100,100,15
29000300,Nagel,31.725,31.72,31.72,45.76,45.76,15
09001900,Munson,31.971,31.97,31.97,91.15,91.15,15
29018600,Emma,32.101,32.1,32.1,41.67,41.67,15
86012900,Albert,32.151,32.15,32.15,100,100,15
09001500,Ellstrom,32.183,32.18,32.18,100,100,15
69066200,Silver,32.235,32.24,28.8,73,65.22,12
11023700,Deep Portage,32.271,32.27,42.21,25.01,32.71,22
09000400,Soper,32.35,32.35,32.35,100,100,15
15012700,Island,32.475,32.48,25.23,73.65,57.2,8
15012800,Waptus,32.623,32.62,32.62,63.22,63.22,15
58012800,Bass,32.722,32.72,32.39,100,98.97,11
09007100,Walli,32.75,32.75,32.75,100,100,15
40005100,Fish,33.082,33.08,34.5,42.74,44.57,16
18022702,O'Brien (Northeast Bay),33.113,33.11,33.11,38.44,38.44,15
86015300,Unnamed (Otter),33.147,33.15,33.15,73.69,73.69,15
14010000,Silver,33.23,33.23,24.73,30.49,22.69,9
13007400,Mandall,33.287,33.29,23.48,71.11,50.15,9
77009600,Hennessy,33.359,33.36,33.36,64.47,64.47,15
69083500,Unnamed (Ryan),33.872,33.87,33.87,100,100,15
09002200,Twentynine,34.082,34.08,18.42,65.73,35.52,8
09001800,Hizer,34.126,34.13,34.13,100,100,15
82007700,Unnamed (Goggins),34.141,34.14,34.14,100,100,15
27005200,Hannan,34.191,34.19,34.19,100,100,15
31054400,Cameron,34.212,34.21,34.21,53.61,53.61,15
31082400,Portage,34.347,34.35,34.35,53.7,53.7,15
33003500,Kent,34.476,34.48,34.48,100,100,15
74001900,Kohlmeier,34.483,34.48,34.48,99.71,99.71,15
62006900,Pike,34.618,34.62,9.84,91.13,25.9,3
73018300,St. Anna,34.819,34.82,26.88,27.73,21.41,7
11003700,Leavitt,34.953,34.95,34.95,28.76,28.76,15
86007000,Bertram,34.985,34.99,34.99,32.01,32.01,15
69083900,Brown,34.986,34.99,34.99,50.46,50.46,15
86012700,Albert,35.09,35.09,35.09,60.62,60.62,15
04002800,Bullhead,35.12,35.12,35.12,96.63,96.63,15
73004400,Murray,35.22,35.22,35.22,68.92,68.92,15
82004400,West Boot,35.253,35.25,25.98,72.98,53.79,6
80003600,Unnamed,35.264,35.26,35.26,100,100,15
73013600,Pine,35.32,35.32,29.64,32.34,27.14,13
31037300,Hale,35.325,35.33,35.33,27.1,27.1,15
28003100,South Fork,35.468,35.47,35.47,100,100,15
18040200,Bass,35.728,35.73,35.73,89.79,89.79,15
86024200,Wiegand,35.743,35.74,35.74,84.21,84.21,15
82003800,Unnamed (Maple Marsh),35.799,35.8,35.8,100,100,15
73001500,Otter,35.847,35.85,37.36,33.21,34.61,16
11026500,Little Woman,35.913,35.91,35.72,100,99.45,13
82011800,Long,35.936,35.94,13.92,56.9,22.04,7
02076400,Club West,35.968,35.97,35.97,98.72,98.72,15
31054700,Smith,35.981,35.98,35.98,83.22,83.22,15
77012000,Charlotte,35.999,36,43.67,24.94,30.26,20
86017100,Ember,36.03,36.03,36.03,61.14,61.14,15
58002400,Tamarack,36.08,36.08,43.21,51.73,61.95,18
31031600,Bass,36.117,36.12,36.12,29.68,29.68,15
44011100,Buresh,36.145,36.15,36.15,45.1,45.1,15
86012600,South Twin,36.29,36.29,36.29,82.62,82.62,15
18026800,Loon,36.446,36.45,36.45,72.64,72.64,15
31039900,Little Wabana,36.581,36.58,36.58,31.61,31.61,15
86023800,Nixon,36.601,36.6,36.6,61.45,61.45,15
31066600,Unnamed,36.771,36.77,36.77,28.78,28.78,15
82003300,Mays,37.373,37.37,37.37,92.92,92.92,15
82014800,Plaisted,37.653,37.65,37.65,100,100,15
86014000,Silver,37.667,37.67,17.24,45.54,20.84,6
27003501,Sweeney,37.767,37.77,37.77,55.84,55.84,15
13007900,Rabour,37.816,37.82,31.96,73.3,61.94,12
29018800,Gilmore,37.873,37.87,37.87,40.65,40.65,15
27013307,Minnetonka-Seton Lake,38.019,38.02,38.02,86.95,86.95,15
70012002,Schneider,38.031,38.03,38.03,100,100,15
11026200,Kid,38.048,38.05,38.05,22.64,22.64,15
34011900,Elkhorn,38.161,38.16,43.44,48.32,54.99,20
73007000,Watab,38.278,38.28,38.28,39.61,39.61,15
82003400,East Boot,38.638,38.64,38.09,89.01,87.74,14
15008100,Lomond,38.836,38.84,38.84,40.92,40.92,15
73000400,Long,38.902,38.9,37.49,58.18,56.07,14
71004000,Sandy,38.95,38.95,47.18,63.37,76.76,25
09016800,Knife Falls Reservoir,39.01,39.01,39.01,71.42,71.42,15
31077800,Little Too Much,39.071,39.07,39.07,49.76,49.76,15
69067100,Pfeiffer,39.282,39.28,34.51,65.14,57.23,13
29013100,Nelson,39.324,39.32,39.32,97.49,97.49,15
86011900,Sullivan,39.432,39.43,45.85,55.87,64.96,20
01005500,Boot,39.464,39.46,31.22,49.62,39.26,10
66001400,Dudley,39.595,39.59,36.4,62.14,57.13,12
15006000,Walker Brook,39.831,39.83,39.83,41.82,41.82,15
56078300,Wright,39.911,39.91,39.91,60.06,60.06,15
71000100,Twin,39.945,39.95,39.95,99.09,99.09,15
50000200,East Side,40.002,40,40,99.99,99.99,15
58006800,Eleven,40.094,40.09,40.09,37.12,37.12,15
73012500,Achman,40.359,40.36,43.35,87.77,94.27,21
77008800,Turtle,40.368,40.37,35.8,34.62,30.7,13
82002500,Louise,40.526,40.53,40.53,97.96,97.96,15
21010500,Lottie,40.781,40.78,38.84,87.95,83.76,13
10001800,Schutz,40.844,40.84,40.84,38.4,38.4,15
09000600,Blackhoof,40.888,40.89,17.85,100,43.65,3
09004400,Echo,40.916,40.92,38.11,38.39,35.76,14
82005900,Goose,40.938,40.94,27.58,55.46,37.36,9.5
18038701,Upper Whipple,40.996,41,41,100,100,15
11027500,Sand,41.06,41.06,41.06,99.36,99.36,9
86021800,Maxim,41.215,41.21,41.21,89.96,89.96,15
27010200,Schmidt,41.24,41.24,41.24,92.34,92.34,15
17004801,Round,41.379,41.38,41.38,100,100,15
27014100,Tanager,41.379,41.38,41.38,77.38,77.38,15
38025600,Divide,41.504,41.5,31.33,70.1,52.92,12
58006900,Twelve,41.507,41.51,41.51,63.48,63.48,15
73010000,Kalla,41.722,41.72,41.72,39.2,39.2,15
30003600,Elms,41.802,40.8,38.02,81.01,10,10
73000600,Crooked,41.846,41.85,39.4,55.38,52.14,14
62007501,Island (Basin S.of I-694),41.856,41.86,41.86,100,100,15
31077100,Hatch,41.924,41.92,41.92,17.57,17.57,15
15000100,Big LaSalle,42.333,42.33,49.03,18.25,21.13,17
73010900,Little Watab,42.43,42.43,42.43,70.09,70.09,15
73023100,Long,42.516,42.52,40.82,46.06,44.22,14
31083400,Bird's Eye,42.783,42.78,42.78,53.31,53.31,15
01020100,Holy Water,42.866,42.87,42.87,46.94,46.94,15
69014600,Harris,43.088,43.09,43.09,63.07,63.07,15
14005600,Knudson,43.165,43.16,43.16,100,100,15
73017200,Clear,43.272,43.27,43.27,36.64,36.64,15
86025600,Chelgren,43.345,43.35,43.35,80.96,80.96,15
10001200,Ann,43.459,43.46,35.71,38.06,31.27,13
19005000,Sunfish,43.79,43.79,43.79,88.46,88.46,15
77001000,Bass,43.796,43.8,45.85,46.42,48.6,16
29023400,Minnie,43.839,43.84,43.84,58.19,58.19,15
09002600,Bob,43.865,43.86,43.86,58.36,58.36,15
77003200,Lady,43.89,43.89,43.89,26.82,26.82,15
47008800,Richardson,43.934,43.93,25.79,37.71,22.14,7
01001500,Shumway,43.957,43.96,43.96,59.25,59.25,15
18039700,Fawn,43.987,43.99,43.99,68.29,68.29,15
29015105,Mantrap (Home Bay),44.099,44.1,44.1,56.01,56.01,15
29011702,Spider (East Bay),44.282,44.28,44.28,42.96,42.96,15
29014500,Round,44.389,44.39,44.39,99.25,99.25,15
11016300,Cooper,44.508,44.51,44.51,33.58,33.58,15
31080300,Trestle,44.548,44.55,44.55,40.04,40.04,15
33002600,Snowshoe,44.654,44.65,44.65,100,100,15
01002700,Sheriff,44.87,44.87,44.87,50.77,50.77,15
49008400,Stony,44.949,44.95,44.95,100,100,15
74002300,Beaver,45.269,45.27,19.33,46.34,19.79,4
13002300,Moody,45.33,22,48.53,48.53,22,15
31055500,South Sugar,45.378,45.38,47.37,48.58,50.71,16
31028900,Lost,45.417,45.42,45.42,51.29,51.29,15
86006100,Pohl,45.657,45.66,45.66,99.02,99.02,15
04029800,Little Buzzle,45.693,45.69,45.69,58.59,58.59,15
86007800,Slough,45.813,45.81,45.81,100,100,15
14003500,Mayfield,45.982,45.98,45.98,100,100,15
86022100,Camp,46.039,46.04,30.06,38.29,25,9
69056200,Coe,46.096,46.1,46.1,83.33,83.33,15
03000700,Blueberry,46.166,46.17,46.17,52.66,52.66,15
02010600,Norris,46.215,46.22,46.22,94.17,94.17,15
18036100,Kimball,46.27,46.27,77.69,25.32,42.51,25
56068200,Spring,46.368,46.37,46.37,91.32,91.32,15
31000300,South Sturgeon,46.497,46.5,46.5,22.74,22.74,15
29017000,Ida,46.655,46.65,46.65,62.64,62.64,15
21004900,Burgen,46.79,46.79,46.79,26.86,26.86,15
77013800,Dower,46.808,46.81,50.1,59.17,63.34,17
09006300,Woodbury,46.883,46.88,46.88,79.26,79.26,15
31050200,Slauson,47.335,47.33,47.33,44.85,44.85,15
45011900,Unnamed (Florian Pk Res.),47.381,47.38,47.38,97.26,97.26,15
69055600,Lost,47.721,47.72,47.72,46,46,15
02003500,Fawn,47.867,47.87,46.62,79.37,77.3,14
18044000,"Mahnomen, Alstead & Arco",48.023,48.02,48.02,19.03,19.03,15
18004400,Hanks,48.08,48.08,48.08,29.28,29.28,15
38005100,Little Wilson,48.153,48.15,34.85,87.24,63.13,9
09004300,Moose,48.195,48.2,45.52,36.29,34.28,14
69086700,Jorgens,48.798,48.8,48.8,77.73,77.73,15
31062000,Caribou,48.93,48.93,48.93,19.84,19.84,15
82013000,Long,49.46,49.46,49.46,93.12,93.12,15
27014900,Spurzem,49.542,49.54,49.54,60.5,60.5,15
31080900,Crooked,49.618,49.62,49.62,47.76,47.76,15
86006600,Birch,49.865,49.87,49.87,49.96,49.96,15
31040600,Island,49.891,49.89,49.89,68.9,68.9,15
08012900,Wellner-Hageman Reservoir,50.02,50.02,50.02,66.77,66.77,15
02007000,Coopers,50.223,50.22,50.22,100,100,15
09005800,Merwin,50.251,50.25,50.25,95.47,95.47,15
62002800,Sucker,50.259,50.26,41.64,79.22,65.64,10
03066000,Axberg,50.34,50.34,50.34,100,100,15
31070500,Lundeen,50.71,50.71,50.71,59.77,59.77,15
73016700,Little Rice,50.8,50.8,50.8,90.54,90.54,15
69093903,West Sturgeon,50.837,50.84,50.84,43.49,43.49,15
77002600,Moose,50.84,50.84,36.33,40.07,28.63,9
31032000,Wilson,51.006,51.01,51.01,55.65,55.65,15
11035000,Bowen,51.062,51.06,51.06,28.03,28.03,15
70001000,Murphy,51.087,51.09,51.35,97.71,98.21,16
66001500,Kelly,51.133,51.13,51.13,79.29,79.29,15
01004600,Ball Bluff,51.155,51.16,72.89,30.39,43.3,23
02004500,Golden,51.275,51.28,13.33,90.33,23.48,3
15004000,Bagley,51.342,51.34,51.34,52.7,52.7,15
31040200,Clearwater,51.386,51.39,51.39,67.51,67.51,15
81000300,St. Olaf,51.399,51.4,47.95,56.36,52.57,13.6
18011600,June,51.646,51.65,51.65,65.41,65.41,15
09003500,Little Hanging Horn,51.734,51.73,51.73,45.24,45.24,15
29004300,Shingobee,51.801,51.8,51.8,30.13,30.13,15
73023300,Kings,51.841,51.84,43.13,26.25,21.84,12
27013900,Forest,51.926,51.93,51.93,57.63,57.63,15
86010800,Goose,51.931,51.93,51.93,100,100,15
86026800,Unnamed,51.941,51.94,51.94,88.39,88.39,15
27007300,Smetana,52.225,52.23,52.23,98.48,98.48,15
18004101,Crooked (Sugar Bay),52.279,52.28,52.28,54.51,54.51,15
69042000,South Twin,52.279,52.28,29.15,44.28,24.69,8
31016000,Mirror,53.05,53.05,53.05,48.62,48.62,15
86008900,Tamarack,53.125,53.12,53.12,86.32,86.32,15
71012300,Camp,53.131,53.13,53.13,68.96,68.96,15
21013000,Spring,53.571,53.57,53.57,45.72,45.72,15
69055300,Bass,53.845,53.84,53.84,36.69,36.69,15
27011102,Pike,54.081,54.08,48.95,95.44,86.39,13
29011000,Dead,54.102,54.1,54.1,41.41,41.41,15
86018300,Fish,54.156,54.16,33.88,57.25,35.81,6
31000100,Long,54.34,54.34,54.34,40.95,40.95,15
31019100,South Twin,54.443,54.44,62.44,32.6,37.38,16
86029700,Scott,54.662,54.66,25.48,66.82,31.15,3
73013302,Cedar Island (Mud Lk),54.969,54.97,54.97,70.55,70.55,15
31078900,Spring,55.062,55.06,55.06,41.73,41.73,15
10005200,Reitz,55.102,55.1,38.37,59.9,41.72,6
09016900,Scanlon Reservoir,55.289,55.29,55.29,75.8,75.8,15
29024800,Lord,55.323,55.32,55.32,89.64,89.64,15
71009600,Thompson,55.358,55.36,55.36,65.63,65.63,15
11006900,Bass,55.539,55.54,55.54,28.18,28.18,15
31046600,Horseshoe,55.639,55.64,55.64,39,39,15
64005800,Redwood,55.887,55.89,55.89,99.27,99.27,15
11017000,Hunter,56.179,56.18,56.18,30.58,30.58,15
29017200,Stocking,56.39,56.39,56.39,56.36,56.36,15
77005300,Star,56.735,56.73,50.78,82.3,76.66,10
31057500,Little Bass,56.818,56.82,62.21,35.3,38.66,17
71002300,East Hunter,56.902,56.9,56.9,100,100,15
69074300,Unnamed,56.936,56.94,56.94,99.35,99.35,15
11000901,Little Thunder (West Bay),56.955,56.95,56.95,25.02,25.02,15
04029700,Buzzle,57.012,57.01,57.01,28.27,28.27,15
86022300,Indian,57.132,57.13,21.34,42.41,15.84,7
29031200,Cedar,57.142,57.14,57.14,55.3,55.3,15
73010200,Big Watab,57.184,57.18,86.83,23.29,35.36,28
21055100,Nelson,57.315,57.31,57.31,66.02,66.02,15
21004100,Union,57.335,57.34,62.08,53.43,57.85,18
10008000,Rutz,57.35,57.35,57.35,100,100,15
69070000,Maple Leaf,57.408,57.41,49.72,57.67,49.94,12
29003200,Big Bass,57.488,57.49,57.49,43.39,43.39,15
86027400,Dans,57.514,57.51,57.51,71.36,71.36,15
82014900,North School Section,57.852,57.85,57.85,100,100,15
11039600,Diamond,57.927,57.93,57.93,75.26,75.26,15
14006300,Overson,58.006,58.01,58.01,100,100,15
16004900,Trout,58.011,58.01,35.03,22.78,13.76,8
21010100,Stony,58.034,58.03,56.83,67.48,66.08,14
86008800,Mink,58.279,58.28,58.28,62.07,62.07,15
86026400,Brooks,58.31,58.31,58.31,60.86,60.86,15
69005600,Little,58.316,58.32,58.32,83.6,83.6,15
16063400,Dyers,58.381,58.38,58.38,85.19,85.19,15
31065701,Jack the Horse (North),58.427,58.43,58.43,56.49,56.49,15
11011600,Stevens,58.517,58.52,67.31,58.46,67.25,18
40004400,Steele,58.552,58.55,36.47,77.13,48.04,6
58003100,Pickerel,58.703,58.7,57.12,100,97.31,7
18027000,Hen,59.38,59.38,59.38,51.25,51.25,15
73009100,Stump,59.664,59.66,59.66,82.8,82.8,15
31001600,Pancake,59.773,59.77,59.77,43.37,43.37,15
34029400,Lindgren,59.816,59.82,59.82,99.53,99.53,15
73021500,Maria,59.83,59.83,56.25,61.63,57.95,13
73009700,Kreigle,60.05,60.05,60.05,62.27,62.27,15
27003900,Cedar,60.061,60.06,60.06,36.67,36.67,15
18036400,Clear,60.194,60.19,60.19,27.11,27.11,15
86012200,Light Foot,60.424,60.42,60.42,87.99,87.99,15
36001100,Clear,60.458,60.46,60.46,72.11,72.11,15
11027900,Sand,60.513,60.51,51.26,40.83,34.59,12
09004600,Bang,60.776,60.78,51.66,100,85.01,6
86028400,Augusta,60.937,60.94,58.71,34.31,33.05,14
69076100,Spring,60.99,60.99,60.99,27.82,27.82,15
77003400,Little Swan,61.153,61.15,54.14,37.93,33.58,10
71002200,West Hunter,61.321,61.32,61.32,100,100,15
21005300,Agnes,61.375,61.38,61.38,44.65,44.65,15
56084600,Iverson,61.67,61.67,61.67,95.84,95.84,15
31041700,Nose,61.808,61.81,61.81,54.02,54.02,15
13003500,North Lindstrom,61.923,61.92,61.92,43.54,43.54,15
86016800,Locke,61.93,61.93,26.52,46.44,19.88,7
71004600,Diann,61.961,61.96,61.96,100,100,15
86027100,Moose,61.99,61.99,61.99,70.86,70.86,15
31048100,Highland,62.354,62.35,62.35,59.17,59.17,15
38067400,East Chub,62.503,62.5,61.71,99.88,98.6,7.5
47026400,Unnamed,62.783,62.78,62.78,100,100,15
04005300,South Twin,62.935,62.93,62.93,28.41,28.41,15
27013306,Minnetonka-Black Lake,63.1,63.1,63.1,65.45,65.45,15
31031700,Larson,63.162,63.16,74.59,30.28,35.76,20
62008300,Silver (West),63.259,63.26,63.26,85.11,85.11,15
10004401,West Auburn,63.279,63.28,63.28,43.83,43.83,15
11048200,May,63.296,63.3,86.26,44.16,60.18,21
31002200,Little Island,63.418,63.42,63.42,50.96,50.96,15
77016000,Cedar,63.458,63.46,79.5,45.76,57.33,18
34003200,Carrie,63.48,63.48,64.84,69.57,71.05,15.5
19002300,Farquar,63.581,63.58,63.58,100,100,15
86017600,Melrose,63.62,63.62,63.62,85.94,85.94,15
15012100,Evey,63.645,63.65,63.65,97.03,97.03,15
56054800,Bradbury,63.649,63.65,63.65,78.46,78.46,15
77001900,Mary,63.672,63.67,129.1,49.32,100,14.4
86024300,Grass,63.908,63.91,61.61,69.43,66.93,13
62007100,Valentine,63.961,63.96,63.96,100,100,15
11038200,Boss,63.975,63.97,63.97,60.58,60.58,15
49000500,Peavy,64.087,64.09,67.1,46.08,48.24,17
86010300,Ida,64.108,64.11,64.11,75.72,75.72,15
17007300,Summit,64.138,64.14,43.93,100,68.49,8
03036000,Muskrat,64.175,64.18,64.18,95.61,95.61,15
05000700,Mayhew,64.271,64.27,10.39,50.46,8.16,3
21015000,Grants,64.306,64.31,64.31,36.38,36.38,15
86006900,Long,64.445,64.44,64.44,67.1,67.1,15
82004600,Square,64.492,64.49,86.32,31.76,42.51,25
18035400,Pig,64.525,64.52,67.47,35.43,37.05,16
80003900,Spirit,64.528,64.53,72.6,56.66,63.74,20
11045400,Long,64.529,64.53,60.74,45.28,42.62,14
18038800,Love,64.671,64.67,56.94,82.37,72.52,9
31062200,Dead Horse,64.719,64.72,52.04,61.47,49.43,12
15000500,Ozawindib,64.876,64.88,64.88,36.94,36.94,15
18021800,Trout,65.01,65.01,65.01,56.75,56.75,15
73010700,Long,65.197,65.2,65.2,42.65,42.65,15
31084500,Clear,65.324,65.32,65.32,46.53,46.53,15
69050600,Little Grand,65.337,65.34,41.97,100,64.23,4
49014000,Cedar,65.471,65.47,68.78,27.25,28.63,17
38033600,Amber,65.508,65.51,65.51,53.79,53.79,15
27016200,Classen,65.527,65.53,65.53,100,100,15
42005500,Clear,65.539,65.54,3.91,100,5.97,2
62005500,Como,65.645,65.65,19.9,97.75,29.63,3
10001900,Bavaria,65.71,65.71,59.69,39.48,35.86,13
56036900,Six,65.723,65.72,65.72,34.1,34.1,15
86028100,Caroline,65.754,65.75,45.86,50.14,34.96,9
29030100,Beauty,65.822,65.82,65.82,100,100,15
17002400,String,65.881,65.88,65.88,100,100,15
03035700,Munson,66.077,66.08,88.67,49.37,66.25,20
03065700,Turtle,66.112,66.11,66.11,35.36,35.36,15
02007200,Laddie,66.126,66.13,66.13,100,100,15
49001900,Round,66.195,66.2,54.04,49.42,40.35,11
82010600,Elmo,66.382,66.38,72.1,25.85,28.08,17
38023100,Tetagouche,66.558,66.56,66.56,100,100,15
18035800,Bass,66.61,66.61,75.76,54.29,61.74,20
77035700,Long,66.722,66.72,74.86,64.31,72.15,16
01020700,Townline,66.768,66.77,66.77,58.16,58.16,15
86015600,Mary,66.832,66.83,47.65,34.24,24.42,9
29000200,Mow,66.943,66.94,66.94,63.01,63.01,15
73002300,Beaver,67.085,67.08,67.08,49.57,49.57,15
69079600,Leander,67.117,67.12,67.12,26.59,26.59,15
07004700,George,67.231,67.23,30.95,76.19,35.08,5
73008800,Bolfing,67.37,67.37,67.37,62.99,62.99,15
56035800,Scalp,67.585,67.59,114,26.88,45.34,28
31069000,Aspen,67.62,67.62,67.62,93.06,93.06,15
02013300,East Twin,68.036,68.04,69.18,65.64,66.74,16
77019500,Faille,68.157,68.16,68.16,100,100,15
10000700,Lucy,68.273,68.27,57.89,75.48,64,10
49001500,Long,68.593,68.59,66.38,54.32,52.57,14
18022000,Smokey Hollow,68.642,68.64,68.64,54.7,54.7,15
31074900,Chase,68.661,68.66,68.66,32.49,32.49,15
18022701,O'Brien (Southwest Bay),68.794,68.79,68.79,69.11,69.11,15
69042600,Loon,68.874,68.87,68.87,25.37,25.37,15
03023400,Little Bemidji,68.938,68.94,68.94,23.54,23.54,15
18021100,Blue,69.026,69.03,69.03,38.93,38.93,15
21005500,Jessie,69.041,69.04,69.04,62.63,62.63,15
29027700,Coon,69.059,69.06,69.06,72.82,72.82,15
69017400,East Twin,69.334,69.33,69.33,56.27,56.27,15
60014200,Hill River,69.434,69.43,69.43,70.64,70.64,15
29000500,Tripp,69.439,69.44,69.44,44.65,44.65,15
34029700,West Lindgren,69.548,69.55,69.55,100,100,15
27013700,Christmas,69.711,69.71,74.04,26.09,27.71,18
31019000,North Twin,69.746,69.75,69.75,29.09,29.09,15
16024700,Birch,69.801,69.8,236.86,29.46,99.95,10
09003400,Bear,70.075,70.07,62.45,76.65,68.3,13
73000300,Maria,70.075,70.08,70.08,99.36,99.36,15
21013600,Indian,70.115,70.12,47.59,67.83,46.03,8
14004900,Lee,70.137,70.14,95.56,51.93,70.75,18
71015300,Clear,70.158,70.16,70.16,62.32,62.32,15
60002703,Cross (East Bay),70.442,70.44,70.44,100,100,15
61003700,Linka,70.785,70.78,72.26,40.47,41.31,16
77014901,Long (Main Basin),70.842,70.84,70.84,44.83,44.83,15
10008400,Burandt,70.903,70.9,70.9,73.32,73.32,15
21011100,Cook,70.909,70.91,64.36,67.48,61.25,12
62004700,Crosby,70.912,70.91,69.55,97.7,95.83,12
49013100,Round,70.926,70.93,46.96,68.75,45.52,12
82009400,Colby,70.94,68.87,97.08,97.08,68.87,15
86000900,Martha,71.046,71.05,57.66,75.75,61.48,9
46011100,Clam,71.129,71.13,71.13,100,100,7
11046300,Variety,71.137,71.14,71.14,44.54,44.54,15
77004600,Coal,71.295,71.3,59.58,41.67,34.83,12
27010700,Parkers,71.621,71.62,66.89,73.88,69,13
01020903,Cedar(West Bay),71.738,71.74,93.94,35.85,46.94,18
62000100,Silver (East),71.816,71.82,70.9,98.12,96.86,11
69043402,Wynne,71.965,71.97,33.3,25.42,11.76,5
10001300,Susan,71.994,71.99,20.53,81.5,23.24,5
69023700,Cameron,72.086,72.09,68.63,100,95.2,6
15014400,Lindberg,72.124,72.12,72.12,75.54,75.54,15
70006900,Fish,72.169,72.17,72.17,41.73,41.73,15
01005600,Cutaway,72.274,72.27,72.27,64.11,64.11,15
02002200,Island,72.298,72.3,46.97,99.46,64.62,5
73025100,Melrose,72.311,72.31,72.31,100,100,15
18021300,Anna,72.512,72.51,72.51,64.65,64.65,15
10005600,Stone,72.578,72.58,72.58,72.22,72.22,15
21021600,Whiskey,72.627,72.63,52.32,45.53,32.8,9
29023900,Spearhead,72.813,72.81,72.81,37.47,37.47,15
27011700,Weaver,73.243,73.24,66.34,48.16,43.62,11
62001002,Keller (main bay),73.316,73.32,73.32,95.55,95.55,15
31078100,Long,73.47,73.47,73.47,47.22,47.22,15
31082900,Cedar,73.729,73.73,73.73,41.44,41.44,15
26002000,Thompson,73.858,73.86,14.29,48.07,9.3,3
69093902,Middle Sturgeon,73.884,73.88,73.88,54.75,54.75,15
31034900,Antler,73.887,73.89,73.89,30.92,30.92,15
86017800,Dog,74.034,74.03,74.03,76.67,76.67,15
86011600,Birch,74.121,74.12,74.12,75.1,75.1,15
03025800,Acorn,74.468,74.47,74.47,48.44,48.44,15
31051400,Brush Shanty,74.706,74.71,74.71,50.08,50.08,15
11032000,Pillager,74.722,74.72,74.72,36.51,36.51,15
31039500,Bluewater,75.055,75.06,75.06,20.88,20.88,15
11024600,Sylvan,75.117,75.12,81.01,66.56,71.78,16
73012600,Anna,75.255,75.26,75.26,92.38,92.38,15
03035500,Sauer,75.452,75.45,111.65,41.33,61.15,21
31056600,Little Jay Gould,75.502,75.5,75.5,50.79,50.79,15
15001000,Elk,75.509,75.51,85.54,25.21,28.56,19.4
43010400,Stahl's,75.569,75.57,53.86,55.51,39.56,8
03048400,Ellison,75.87,75.87,75.87,91.01,91.01,15
31025500,Snaptail,76.272,76.27,76.27,43.11,43.11,15
10001500,Virginia,76.504,76.5,76.5,72.93,72.93,15
11040000,Jack,76.553,76.55,95.35,53.92,67.16,24
86016400,Rice,77.025,77.03,55.09,83.93,60.03,6
38002000,East,77.175,77.17,39.42,94.49,48.26,8
58012300,Grindstone,77.395,77.39,54.55,14.65,10.33,9
86002100,Mud,77.69,77.69,77.69,100,100,15
69074500,West Elbow,77.87,77.87,77.87,99.73,99.73,15
29031000,Brush,77.973,77.97,77.97,97.91,97.91,15
16066400,Wonder,78.008,78.01,78.01,99.61,99.61,15
51006800,Summit,78.299,78.3,20.96,100,26.76,4.5
82008000,Halfbreed,78.568,78.57,78.57,89.73,89.73,15
31042200,Ruby,78.696,78.7,99.14,33.42,42.11,21
85001102,Winona (North Bay),78.76,78.76,78.76,91.74,91.74,15
04021700,Grant,78.859,78.86,78.86,38.12,38.12,15
27013303,Minnetonka-Carsons Bay,78.863,78.86,78.86,68.68,68.68,15
62005700,Josephine,78.88,78.88,75.84,69.36,66.68,14
73012800,Middle Spunk,79.006,79.01,90.63,33.3,38.2,20
56030600,Elbow,79.065,79.06,79.06,41.98,41.98,15
27003400,Crystal,79.12,53,66.99,66.99,53,15
58000700,Rock,79.323,79.32,60.86,100,76.73,7.7
69016700,West Twin,79.522,79.52,79.52,99.79,99.79,15
86013300,Angus,79.554,79.55,79.55,97.55,97.55,15
38066400,Dunnigan,79.675,79.67,46.68,99.84,58.5,8
49002400,Pierz,79.732,79.73,79.73,43.17,43.17,15
27011800,Fish,80.411,80.41,80.41,33.81,33.81,15
40000900,Sunfish,80.426,80.43,58.89,66.41,48.63,10
31041600,Black Island,80.777,80.78,80.78,67.69,67.69,15
33003200,Lewis,80.875,80.88,77.83,45.45,43.74,14.4
69061900,Simian,81.155,81.16,81.16,100,100,15
11018200,Kego,81.275,81.28,81.28,66.95,66.95,15
19000300,Rebecca,81.523,81.52,81.58,98.69,98.76,4
29009700,Clausens,81.833,81.83,81.83,100,100,15
27006202,Southeast Anderson,82.041,82.04,82.04,100,100,15
18028400,Velvet,82.108,82.11,82.11,50.18,50.18,15
03012700,Bass,82.214,82.21,82.21,63.34,63.34,15
77000700,Mound,82.43,82.43,100.74,31.16,38.08,20
86009500,Black,82.679,82.68,82.68,84.45,84.45,15
38029200,Section 29,82.75,82.75,46.38,82.46,46.22,6
31015800,Thistledew,82.817,82.82,82.82,25.78,25.78,15
62001600,Beaver,82.825,82.82,30.84,100,37.24,6
69065300,Long,82.886,82.89,52.16,52.88,33.28,10
62000600,Kohlman,82.899,82.9,44.19,100,53.3,4
77010500,Latimer,83.069,83.07,36.23,41.23,17.98,8
46002400,George,83.165,83.16,19,100,22.85,3.5
29003602,Eleventh Crow Wing (East),83.172,83.17,83.17,30.43,30.43,15
11049300,Welch,83.5,83.5,71.38,42.83,36.61,12
49008100,Pine,83.562,83.56,90.55,47.98,51.99,19
11027300,Widow,83.622,83.62,130,41.72,64.85,25
60002701,Cross (North East Bay),83.677,83.68,83.68,100,100,15
82015100,South School Section,83.841,83.84,75.96,87.82,79.56,14
61009200,Hoff,83.844,83.84,83.84,82.93,82.93,15
27004800,Hyland,83.913,83.91,46.52,99.5,55.16,9
02008400,Crooked,84.017,84.02,73.19,73.1,63.68,12
31071000,Connors,84.193,84.19,84.19,59.39,59.39,15
69028501,Eagles Nest #1,84.398,84.4,98.6,26.08,30.47,17
62001300,Phalen,84.529,84.53,74.23,42.76,37.55,11
56020000,Donalds,84.579,84.58,84.58,51.11,51.11,15
57005100,Red Lake River Reservoir,84.791,84.79,84.79,93.13,93.13,15
11027700,Big Deep,85.28,85.28,135.53,15.92,25.3,26
31078800,La Croix,85.29,85.29,85.29,60.15,60.15,15
31005800,Beatrice,85.378,85.38,91.43,68.97,73.86,16
71012600,Masford,85.797,85.8,85.8,100,100,15
69029900,Hassel,85.918,85.92,85.92,99.16,99.16,15
03047300,Buck,85.943,85.94,85.94,100,100,15
21010300,"Cowdrey,Lake",85.98,85.98,89.43,35.45,36.87,16
18040900,West Twin,86.059,86.06,86.06,67.5,67.5,15
11036100,Sanborn,86.203,86.2,135.31,39.13,61.42,27
36001400,Dark,86.231,86.23,86.23,73.95,73.95,15
29018400,Blue,86.338,86.34,114.44,25.67,34.02,25
86005100,Constance,86.428,86.43,43.43,53.51,26.89,8.5
31002300,Helen,86.444,86.44,86.44,53.03,53.03,15
69065100,St. Mary's,86.788,86.79,86.79,37.05,37.05,15
73022600,Cedar,86.823,86.82,88.66,78.29,79.95,16
73008700,Krays,86.938,86.94,86.94,90.48,90.48,15
56021200,Boedigheimer,86.983,86.98,86.98,51.35,51.35,15
24004000,School Section,86.99,86.99,86.99,100,100,15
03037402,Reeves,87.276,87.28,87.28,77.36,77.36,15
82010300,Olson,87.384,87.38,87.38,100,100,17
77012800,Horseshoe,87.416,87.42,83.7,72.36,69.29,14
69051300,Little Grand,87.594,87.59,87.59,49.85,49.85,15
73024100,Black Oak,87.691,87.69,87.69,92.22,92.22,15
86007200,North,88.003,88,88,96.2,96.2,15
13005300,Comfort,88.031,88.03,53.41,40.41,24.52,7
18026900,Island,88.074,88.07,97.86,48.94,54.38,20
21009500,North Union,88.267,88.27,84.78,78.01,74.93,13
18018400,Rogers,88.394,88.39,88.39,37.61,37.61,15
30011400,Baxter,88.454,88.45,88.45,100,100,15
15012400,McKenzie,88.506,88.51,88.51,99.41,99.41,15
31077500,No-ta-she-bun,88.716,88.72,88.72,37.1,37.1,15
27001600,Harriet,88.942,88.94,92.74,26.07,27.18,16
69049300,Long,89.405,89.41,89.41,44.85,44.85,15
11035300,Beuber,89.649,89.65,79.43,68.07,60.32,13
38022300,Beaver,89.652,89.65,89.65,39.79,39.79,15
86001100,Charlotte,89.711,89.71,128.36,37.71,53.95,25
77016300,Juergens,89.757,89.76,89.76,77.04,77.04,15
69054500,Cameron,89.817,89.82,89.82,54.13,54.13,15
18020500,Pickerel,89.969,89.97,89.97,76.89,76.89,15
31015400,Hartley,89.998,90,90,30.94,30.94,15
27006700,Bryant,90.148,90.15,66.17,51.02,37.45,10
29003601,Eleventh Crow Wing (Main),90.239,90.24,90.24,18.84,18.84,15
02002800,Boot,90.321,90.32,90.32,98.84,98.84,15
71008100,Mitchell,90.375,90.38,85.96,56.13,53.38,14
31049000,Elizabeth,90.483,90.48,90.48,46.93,46.93,15
29002500,Ninth Crow Wing,90.585,90.59,90.59,40.5,40.5,15
11047600,Portage,90.674,90.67,118.44,32.02,41.82,23
31054200,Three Island,90.808,90.81,90.81,36.07,36.07,15
86019300,Mary,90.962,90.96,90.96,49.75,49.75,15
31079300,Big Too Much,91.184,91.18,128.95,31.18,44.09,21
21015700,Echo,91.483,91.48,91.48,72.44,72.44,15
73010400,Island,91.55,91.55,97.2,80.74,85.72,18
21005100,Henry,91.563,91.56,91.56,60.19,60.19,15
47008200,Dunns,92.007,92.01,30.5,60.57,20.08,5.2
27004000,Lake of the Isles,92.022,92.02,82.96,75.62,68.17,10
31054000,Clubhouse,92.373,92.37,116.78,34.82,44.02,22
14003000,Fifteen,92.547,92.55,88.96,69.55,66.85,14
11006300,Little Bass,92.64,92.64,92.64,66.71,66.71,15
71015800,Pickerel,92.656,92.66,92.66,85.88,85.88,15
02012200,Burns,92.675,92.67,71.97,97.5,75.72,10
11000600,Morrison,92.713,92.71,92.71,56.4,56.4,15
31061600,East Smith,92.729,92.73,92.73,60.86,60.86,15
09003800,Hanging Horn,92.847,92.85,65.27,22.72,15.97,9
31077300,Maple,92.895,92.9,92.9,36.13,36.13,15
62007800,Johanna,92.929,92.93,68.06,43.92,32.17,10
49003500,Green Prairie Fish,92.988,92.99,62.61,50.96,34.31,10
18039600,Edna,93.119,93.12,93.12,58.78,58.78,15
11005300,Lawrence,93.172,93.17,93.17,41.43,41.43,15
03035800,Fox,93.254,93.25,141.13,65.06,98.46,18
02007500,Moore,93.322,93.32,89.89,96.74,93.18,10
11035100,Five Point,93.647,93.65,136.32,37.92,55.19,19
87018000,Del Clark,93.749,93.75,79.68,59.3,50.4,12
27018100,Dutch,93.864,93.86,44.97,54.34,26.04,6.5
47004200,Betty,94.267,94.27,27.76,61.35,18.07,3
16020400,Aspen,94.297,94.3,94.3,68.28,68.28,15
62000700,Gervais,94.423,94.42,63.87,40.18,27.18,7
09006800,Cole,95.322,95.32,53.17,69.15,38.57,9
15013700,Minnow,95.323,95.32,95.32,86.82,86.82,15
04002400,Gilstad,95.639,95.64,95.64,37.25,37.25,15
69073200,Little Sand,95.731,95.73,50.07,100,52.3,6
16022800,Bearskin,95.818,95.82,221.23,19.2,44.33,28
09016700,Fond du Lac Reservoir,95.861,95.86,95.86,47.7,47.7,15
31091700,Hendrickson,95.908,95.91,95.91,93.08,93.08,15
42007000,East Twin,95.921,95.92,41.78,26.91,11.72,8
86023400,Bass,95.961,95.96,95.96,44.9,44.9,15
11020200,Silver,96.241,96.24,120.04,78.45,97.84,18
62002700,Gilfillan,96.28,96.28,96.28,99.72,99.72,15
29015104,Mantrap (West Arm),96.569,96.57,96.57,48.9,48.9,15
69091200,Dewey,96.593,96.59,96.59,47.85,47.85,15
27007600,Red Rock,96.611,96.61,96.61,99.58,99.58,15
31046000,East,96.652,96.65,96.65,50.31,50.31,15
82009100,Battle Creek,96.888,96.89,89.7,99.64,92.24,8
73003800,Carnelian,96.994,96.99,96.99,56.54,56.54,15
69007100,High,97.002,97,97,35.46,35.46,15
31068700,Johnson,97.014,97.01,111.24,31.87,36.55,18
29022700,Evergreen,97.281,97.28,97.28,45.62,45.62,15
82002100,Long,97.338,97.34,90.89,93.91,87.69,7
69027800,Armstrong,97.768,97.77,92.6,25.86,24.49,14
29008700,Palmer,97.884,97.88,97.88,66.93,66.93,15
86016300,Limestone,97.929,97.93,87.88,53.34,47.87,13
09006001,Upper (North) Island,97.993,97.99,97.99,86.29,86.29,15
21009400,Louise,98.146,98.15,98.15,45.76,45.76,15
53001600,Kinbrae,98.421,98.42,98.42,100,100,15
03003000,Boot,98.827,98.83,98.83,25.66,25.66,15
32001700,Independence,98.829,98.83,26.57,100,26.89,8
86014800,Eagle,99.318,99.32,83.1,53.21,44.52,12
16046300,Magnetic,99.585,99.59,99.59,22.27,22.27,15
69003000,White,99.707,99.71,63.84,81.02,51.87,6
86018200,Rock,99.772,99.77,65.91,56.72,37.47,8
31072700,Grass,99.91,99.91,99.91,83.58,83.58,15
03043000,St. Clair,99.924,99.92,99.92,89.93,89.93,15
11035800,Horseshoe,99.989,99.99,109.1,39.7,43.32,17
38002402,Crooked (West Bay),100.136,100.14,100.14,100,100,15
86021100,Edward,100.338,100.34,100.34,99.77,99.77,15
09006200,Cross,100.568,100.57,33.79,96.92,32.57,6
29024700,Moran,100.629,100.63,100.63,100,100,15
73009800,Pitts,100.747,100.75,100.75,88.3,88.3,15
18040700,East Twin,100.949,100.95,129.09,61.81,79.04,26
11036000,Island,101.062,101.06,101.06,93.4,93.4,15
69070100,Aerie,101.441,101.44,88.92,69.31,60.76,12
11011400,Mitten,101.887,101.89,101.89,90.32,90.32,15
73006400,Kraemer,102.301,102.3,102.3,52.46,52.46,15
19008000,Rogers,102.338,102.34,102.34,100,100,15
44008000,McCraney,102.392,102.39,102.39,38.75,38.75,15
27006203,Southwest Anderson,102.603,102.6,102.6,100,100,15
10004500,Steiger,102.631,102.63,79.31,61.87,47.81,10
27013304,Minnetonka-St. Albans Bay,103.155,103.16,103.16,62.08,62.08,15
69068200,Little Trout,103.428,103.43,103.43,38.05,38.05,15
49005600,Round,103.498,103.5,103.5,80.53,80.53,15
16014700,Flour,103.713,103.71,80.45,31.42,24.37,11
11028100,Barnum,103.864,103.86,151.34,68.63,100,35
31036100,Hale,103.968,103.97,103.97,82.82,82.82,15
21016000,Rachel,104.029,104.03,151.25,31.99,46.52,25
27001900,Nokomis,104.259,104.26,55.58,51.01,27.19,12
19007900,Pickerel,104.454,104.45,104.45,100,100,15
03065900,Sand,104.497,104.5,104.5,52.01,52.01,15
77002700,Long,104.625,104.63,109.97,26.46,27.82,17
56007000,Edna,104.787,104.79,104.79,100,100,15
18038703,Lower Whipple,104.848,104.85,104.85,100,100,15
31033900,Pickerel,104.867,104.87,69.25,43.52,28.74,9
17002000,Eagle,105.405,105.41,32.27,100,30.62,5
31054300,Crooked,105.467,105.47,105.47,76.58,76.58,15
31037000,McKinney,105.6,99,93.75,93.75,99,15
03015600,Ice Cracking,106.031,106.03,106.03,30.71,30.71,15
11035500,Ox Yoke,106.079,106.08,136.33,56.81,73.01,25
30010702,Blue (South Bay),106.096,106.1,106.1,45.87,45.87,15
03031300,Little Sugar Bush,106.305,106.3,95.11,49.8,44.56,13
86002000,Wilhelm,106.728,106.73,106.73,98.34,98.34,15
69052100,Leora,107.299,107.3,77.56,40.84,29.52,10
31070600,Mike,107.568,107.57,107.57,98.51,98.51,15
86004600,Crawford,107.586,107.59,107.59,99.81,99.81,15
29004500,Tenth Crow Wing,107.792,107.79,123.44,61.52,70.46,18
16032800,Iron,107.834,107.83,107.83,86.25,86.25,15
69039400,Flowage,108.163,108.16,108.16,99.78,99.78,15
11027000,Trillium,108.19,108.19,128.59,69.59,82.71,21
34032100,Swenson,108.263,108.26,44.51,100,41.11,10
18029800,East Fox,108.372,108.37,108.37,45.52,45.52,15
86014600,Ida,108.385,108.38,135.39,47.69,59.58,23
09000900,Venoah,108.44,108.44,106.21,97.53,95.53,11
11011700,Twenty-Six,108.679,108.68,108.68,100,100,15
11025700,Island,109.083,109.08,144.8,58.93,78.23,25
10004402,East Auburn,109.16,109.16,109.16,74.55,74.55,15
26004000,Elk,109.396,109.4,76.93,52.95,37.24,9
46002500,Sisseton,109.492,109.49,34.59,78.38,24.76,5
73012700,Linneman,109.552,109.55,109.55,100,100,15
21012000,Charley,109.649,109.65,109.65,79.32,79.32,15
82010400,Jane,109.706,109.71,125.21,71.25,81.32,22
18038702,Middle Whipple,109.917,109.92,109.92,73.76,73.76,15
10000200,Riley,110.083,110.08,85.56,37.18,28.9,10
21014000,Pocket,110.371,110.37,87.49,41.9,33.21,9
27007000,Mitchell,110.617,110.62,110.62,97.1,97.1,15
82001400,Little Carnelian,110.631,110.63,110.63,80.98,80.98,15
02005200,Netta,111.092,111.09,111.09,93.1,93.1,15
46003000,Budd,111.436,111.44,26.82,48.9,11.77,4
69055000,Section Fourteen,111.477,111.48,111.48,81.87,81.87,15
27013312,Minnetonka-Stubbs Bay,111.495,111.49,111.49,55.95,55.95,15
03064800,East LaBelle,111.952,111.95,135.93,59.83,72.64,16
11022000,Ray,112.443,112.44,119.85,81.21,86.56,17
29021500,Schoolcraft,112.466,112.47,112.47,65.99,65.99,15
03009200,Basswood,112.555,112.56,112.56,99.47,99.47,15
81005500,Reeds,113.107,113.11,68.41,60.26,36.45,9
77018200,Guernsey,113.205,113.21,55.59,93.5,45.91,6
73005100,Pleasant,113.292,113.29,113.29,51.74,51.74,15
27019102,East Sarah,113.38,113.38,113.38,55.7,55.7,15
29016400,Sweitzer,113.517,113.52,113.52,100,100,15
18035500,Bertha,113.581,113.58,124.37,33.67,36.87,18
47002600,Long,113.606,113.61,85.84,67.65,51.12,10
34014200,George,113.706,113.71,148.38,49.84,65.04,20
01014202,Hill (South Basin),113.709,113.71,121.2,84.2,89.74,15.8
03064600,Lime,113.749,113.75,113.75,100,100,15
27003100,Bde Maka Ska,113.946,113.95,113.95,27.17,27.17,15
13003300,Little,113.979,113.98,41.99,75.8,27.93,6
03008200,Wahbegon,114.178,114.18,114.18,100,100,15
29008500,Second Crow Wing,114.418,114.42,128.47,52.75,59.23,17
69069500,East Twin,114.824,114.82,114.82,100,100,15
47005000,Manuella,114.891,114.89,99.89,39.63,34.46,9
16035500,Little Iron,115.062,115.06,94.31,98.22,80.51,6
86000100,Foster,115.301,115.3,115.3,100,100,15
11028200,Man,115.614,115.61,135.94,23.8,27.98,18
47006400,Erie,115.681,115.68,95.06,60.09,49.38,11.5
46003400,Amber,115.778,115.78,11.42,63.59,6.27,4
18005000,Portage,116.206,116.21,116.21,40.69,40.69,15
71008200,Big,116.407,116.41,145.03,45.67,56.9,20
77007600,Fawn,116.551,116.55,116.55,93.28,93.28,15
38055400,Gander,116.897,116.9,116.9,100,100,15
62006700,Long,117.286,117.29,103.22,61.62,54.23,12
03038600,Little Floyd,117.597,117.6,129.04,54.88,60.22,17
27004700,Bush,117.926,117.93,117.93,64.92,64.92,15
18029400,Mitchell,118.179,118.18,118.18,27.58,27.58,15
86021700,Granite,118.179,118.18,87.98,33.47,24.92,11
71005700,Birch,118.395,118.4,64.92,76.75,42.09,10
70012001,Thole,118.52,118.52,88.63,99.76,74.61,9
86013402,Mud,118.53,118.53,118.53,100,100,15
56011602,East Leaf,118.591,118.59,118.59,28.75,28.75,15
73008900,Zumwalde,118.616,118.62,118.62,98.16,98.16,15
86013200,Abbie,118.82,118.82,118.82,99.88,99.88,15
09005700,Eagle,118.851,118.85,80.28,31.07,20.99,10
11039400,Hovde,118.921,118.92,68.69,89.44,51.66,6
11038100,Paquet,119.225,119.23,119.23,81.61,81.61,15
69069600,West Twin,119.304,119.3,119.3,98.98,98.98,15
47012700,Goose,119.356,119.36,119.36,100,100,15
82005400,Bone,119.403,119.4,59.26,54.71,27.16,6
86018400,Dutch,119.602,119.6,119.6,73.69,73.69,15
69056500,Esquagama,119.855,119.85,112.97,26.48,24.96,13
03063500,Gourd,120.103,120.1,120.1,100,100,15
29009100,Seventh Crow Wing,120.138,120.14,120.14,46.44,46.44,15
03037401,Johnson,120.189,120.19,120.19,65.55,65.55,15
30003500,Florence,120.203,120.2,120.2,88.59,88.59,15
10004800,Wassermann,120.238,120.24,54.2,73.17,32.99,4
31045400,Eagle,120.408,120.41,120.41,42.2,42.2,15
27018200,Langdon,120.44,120.44,78.67,84.02,54.89,6
03042800,O-Me-Mee,120.795,120.8,120.8,100,100,15
03036300,Curfman,120.91,85,70.3,70.3,85,15
61012300,John,121.281,121.28,121.28,100,100,15
11047200,Howard,121.461,121.46,185.18,31.5,48.03,22
77006700,Pine Island,121.517,121.52,133.72,51.89,57.11,17
73013303,Cedar Island (Koetter Lk),121.525,121.52,121.52,90.13,90.13,15
31079100,Peterson,121.654,121.65,119.75,74.78,73.61,14
82003100,Terrapin,121.701,121.7,121.7,99.35,99.35,15
31058600,Johnson,121.881,121.88,121.88,26.77,26.77,15
73015000,Eden,122.218,122.22,122.22,44.97,44.97,15
81001500,Loon,122.639,122.64,83.65,99.3,67.73,6
27019200,Rebecca,122.716,122.72,40.86,46.61,15.52,4.5
18041500,Jail,122.923,122.92,60.32,67,32.88,10
31023800,Lower Lawrence,123.117,123.12,123.12,81.1,81.1,15
27004201,Upper Twin,123.503,123.5,123.5,96.59,96.59,15
27013400,Mooney,123.79,123.79,100,100,123.79,15
40003300,Volney,124.119,124.12,101.2,46.13,37.61,10
31075800,Little Bowstring,124.283,124.28,117.56,38.06,36,14
73014700,North Brown's,124.489,124.49,124.49,39.87,39.87,15
03052600,Marshall,124.779,124.78,124.78,66.45,66.45,15
73001400,Marie,124.967,124.97,107.18,85.13,73.01,8
21035500,Ina,125.077,125.08,125.08,57.46,57.46,15
56025200,Middle,125.288,125.29,125.29,55.68,55.68,15
01000100,Pine,125.921,125.92,97.65,33.33,25.85,11.3
09002500,Torch Light,126.032,126.03,63.33,100,50.25,8
31067000,Big Ole,126.155,126.16,126.16,57.51,57.51,15
69041202,Lower Comstock,126.315,126.31,62.43,77.32,38.21,6
09001600,Sand,126.873,126.87,123.02,99.43,96.4,7
51001800,Buffalo,126.899,126.9,34.47,100,27.16,5
86004100,Dean,126.941,126.94,39.76,72.22,22.62,5
76007200,Camp,126.99,126.99,133.69,55.12,58.02,16
11029600,Moccasin,127.205,127.21,127.21,46.7,46.7,15
86013900,Little Mary,127.208,127.21,127.21,98.93,98.93,15
69072500,Mashkenode,127.76,127.76,127.76,100,100,15
62007300,Snail,127.793,127.79,126.76,86.48,85.78,14
44016900,Little Vanose,127.913,127.91,127.91,89.93,89.93,15
11048000,Long,128.103,128.1,163.28,45.05,57.42,23
32001800,Fish,128.153,128.15,38.67,43.13,13.02,4
29010101,East Crooked,128.297,128.3,128.3,33.85,33.85,15
03008800,Bass,128.504,128.5,128.5,65.34,65.34,15
27017100,Sylvan,128.643,128.64,128.64,97.05,97.05,15
03064500,West LaBelle,128.747,128.75,128.75,100,100,15
69041201,Upper Comstock,128.837,128.84,76.81,48.24,28.76,8
14002100,Ten,128.893,128.89,128.89,93.09,93.09,15
69054400,Dinham,128.916,128.92,128.92,63.92,63.92,15
73011800,Pelican,129.017,129.02,147.19,43.86,50.04,21
13007300,Horseshoe,129.131,129.13,70.34,58.48,31.85,7.5
18039900,Nisswa,129.15,129.15,173.61,58.89,79.17,17
73012300,Lower Spunk,129.342,129.34,129.34,72.23,72.23,15
01008900,Long,129.391,129.39,134.97,30.26,31.56,16
07009000,Ida,129.451,129.45,129.45,99.75,99.75,8
86028200,Louisa,129.566,129.57,121.95,66.73,62.81,12
30002200,Skogman,129.77,129.77,96.09,58.78,43.52,9.1
31089800,Moose,129.776,129.78,129.78,31.48,31.48,15
77005000,Mill,130.547,130.55,64.96,78.39,39.01,7
82015300,Sunset,130.593,130.59,130.36,99.49,99.31,13
77003500,Beauty,130.62,130.62,123.08,54.81,51.64,13.5
13001900,Spider,130.683,130.68,130.68,98.53,98.53,15
21005400,Victoria,131.166,131.17,131.17,31.47,31.47,15
11008700,Knight,131.287,131.29,131.29,99.53,99.53,15
26004600,Lower Elk,131.361,131.36,77.94,100,59.33,11
69085900,Long,131.419,131.42,131.42,50.76,50.76,15
68000400,Hayes,131.529,131.53,63.64,72.22,34.94,7
69071700,Elbow,131.737,131.74,131.74,77.9,77.9,15
04034200,Moose,131.816,131.82,131.82,100,100,15
85001101,Winona (South Bay),132.241,132.24,132.24,59.42,59.42,15
56094100,Pete,132.454,132.45,132.45,99.3,99.3,15
29014900,Ojibway,132.5,132.5,132.5,72.67,72.67,15
29010103,West Crooked,132.657,132.66,132.66,49.17,49.17,15
71006900,Ann,132.849,132.85,138.39,75.78,78.95,16.5
11050000,Spider,133.211,133.21,107.2,91.36,73.52,8
69092500,Shannon,133.294,133.29,133.29,100,100,15
73015100,Vails,133.312,133.31,133.31,84.78,84.78,15
56006900,Bear,134.171,134.17,126.71,67.92,64.14,13
80003000,Lower Twin,134.506,134.51,134.51,53.39,53.39,15
17004900,Carey,135.262,135.26,135.26,100,100,15
70002900,St. Catherine,135.287,135.29,135.29,100,100,15
86010700,Deer,135.457,135.46,98.32,79.19,57.48,8
31079700,Little Spring,135.58,135.58,135.58,100,100,15
17005601,Double (North Portion),135.62,135.62,135.62,100,100,15
11008600,Grave,135.698,135.7,135.7,36.46,36.46,15
18027100,Daggett,135.706,135.71,121.02,58.68,52.32,12
31026000,White Swan,136.221,136.22,136.22,82.35,82.35,15
16031900,Gaskin,136.521,136.52,136.52,34.3,34.3,15
58003800,Net,136.824,136.82,94.14,100,68.8,7.5
18028800,Ox,137.065,137.07,137.07,55.39,55.39,15
86002200,Steele,137.077,137.08,137.08,100,100,15
18037700,Middle Cullen,137.492,137.49,137.49,34.66,34.66,15
82004900,Big Carnelian,137.527,137.53,190.14,30.09,41.6,20
03028700,Pickerel,137.683,137.68,157.1,39,44.51,17
11023400,Ponto,137.716,137.72,199.75,35.49,51.48,26
69088900,Island,137.773,137.77,137.77,50.59,50.59,15
71015900,Long,137.785,137.79,137.79,79.18,79.18,15
47002300,Arvilla,137.848,137.85,137.85,100,100,15
04004800,Windigo,138.149,138.15,138.15,70.72,70.72,15
18029700,West Fox,138.393,138.39,138.39,31.27,31.27,15
03018900,Little Toad,138.419,138.42,150.39,33.78,36.7,17
47010600,Hoff,138.532,138.53,138.53,98.8,98.8,15
06002900,Long Tom,138.695,138.69,51.65,100,37.24,6.5
86005302,Pulaski (main bay),138.767,138.77,183.91,18.97,25.14,20
04006300,North Twin,138.863,138.86,138.86,42.61,42.61,15
18018500,Mary,139.415,139.41,99.9,34.94,25.03,10
13002900,Wallmark,139.963,139.96,139.96,98.34,98.34,15
09001000,Hay,140.05,140.05,122.43,100,87.42,8
03002900,Hungry Man,140.228,140.23,141.64,97.62,98.6,16
13001300,Kroon,140.317,140.32,112.56,77.34,62.04,8
60002702,Cross (Main  Basin),140.708,140.71,140.71,84.92,84.92,15
34019300,Point,141.271,141.27,151.24,81.28,87.01,16
56095001,West Olaf,141.272,141.27,141.27,66.36,66.36,15
15007500,Rockstad,141.348,141.35,141.35,100,100,15
10005300,Piersons,141.561,141.56,141.56,47.72,47.72,15
42009600,Island,141.592,141.59,102.59,94.36,68.36,5
38075100,Thomas,141.624,141.62,37.28,99.69,26.24,6
11038700,Little Webb,142.342,142.34,153.2,62.96,67.76,18
10002900,Miller,142.493,142.49,142.49,100,100,15
31018300,Five Island,142.571,142.57,142.57,64.18,64.18,15
82010100,DeMontreville,142.617,142.62,135.07,90.81,86,13
01014201,Hill (North Basin),142.627,142.63,150.57,21.17,22.35,15.8
69079000,Dark,142.927,142.93,142.93,61.75,61.75,15
69069800,Lost,143.233,143.23,143.23,100,100,15
29024900,Hinds,143.518,143.52,143.52,46.99,46.99,15
38057300,Gegoka,143.586,143.59,143.59,98.94,98.94,7
11010500,Upper Trelipe,143.677,143.68,143.68,34.09,34.09,15
70002200,Cleary,144.743,144.74,130.59,99.02,89.34,7
49013300,Crookneck,144.835,144.83,144.83,79.12,79.12,15
24001802,Fountain (West Bay),144.924,144.92,144.92,100,100,15
62003801,East Vadnais,145.182,145.18,93.66,36.94,23.83,9
60020200,Sarah,145.297,145.3,145.3,47.68,47.68,15
69085600,Carey,145.399,145.4,145.4,100,100,15
86007300,Cedar,145.492,145.49,145.49,85.44,85.44,15
25001900,Clear,145.878,145.88,145.88,100,100,15
56007900,Block,145.925,145.92,145.92,50.35,50.35,15
11010200,Island,146.128,146.13,146.13,40.64,40.64,15
31038401,Lower Prairie,146.188,146.19,146.19,72.09,72.09,15
46002000,South Silver,146.363,146.36,138.54,58.8,55.66,14
03063800,Bijou,146.504,146.5,120.81,69.85,57.6,11
66002900,Fox,146.665,146.66,125.16,47.14,40.23,10
29009800,Waboose,146.692,146.69,159.04,83.72,90.77,19
86011400,Waverly,146.751,146.75,107.78,30.05,22.07,9
03026500,Eagle,146.779,146.78,146.78,46.98,46.98,15
86023000,Somers,147.267,147.27,147.27,99.71,99.71,15
69049000,Pike,147.332,147.33,147.33,30.18,30.18,15
11026100,McKeown,147.831,147.83,147.83,88.02,88.02,15
18031400,Duck,147.871,147.87,147.87,100,100,15
21021200,Little Chippewa,147.945,147.94,147.94,55.37,55.37,15
38002401,Crooked (East Bay),148.21,148.21,148.21,86.3,86.3,15
73007600,Goodners,148.472,148.47,109.69,80.79,59.69,9
29007200,Eighth Crow Wing,148.572,148.57,211.53,30.12,42.89,20
66004700,Hunt,148.64,148.64,77.5,84.28,43.94,9
27009800,Bass,149.282,149.28,149.28,81.49,81.49,15
69054600,Schubert,149.44,149.44,71.05,70.56,33.55,8
29008800,Island,149.665,149.67,189.97,62.77,79.68,18
42009300,Goose,149.737,149.74,149.74,100,100,2
18037800,Lower Hay,149.895,149.89,159.11,21.63,22.96,17
30004400,Little Stanchfield,150.063,150.06,42.75,100,28.49,3
38075000,Christianson,150.131,150.13,150.13,100,100,15
29014200,Duck,150.241,150.24,135.9,46.59,42.14,14
34003300,Ella,150.456,150.46,22.49,100,14.95,0.5
40005600,Rays,151.1,151.1,104.76,89.44,62.01,7
69072600,Manganika,151.345,151.34,151.34,87.54,87.54,15
18018600,Perry,151.431,151.43,151.43,92.23,92.23,15
18022500,Adney,151.779,151.78,216.33,48.95,69.77,22
71014500,Julia,151.823,151.82,45.68,99.75,30.01,6
22007400,Bass,152.236,152.24,86.68,77.04,43.87,9
31053000,Busties,152.337,152.34,152.34,62.14,62.14,15
31002800,Beauty,152.42,152.42,152.42,70.53,70.53,15
29005900,Horseshoe,152.799,152.8,152.8,57.88,57.88,15
18034200,Lougee,152.869,152.87,142.82,72.15,67.41,14
18034000,Little Hubert,153.479,153.48,153.48,79.14,79.14,15
18018300,Island,153.488,153.49,90.16,63.61,37.36,8
69065500,Pleasant,153.935,153.93,153.93,45.76,45.76,15
34006600,Long,154.016,154.02,213.6,47.62,66.04,24
11024200,Hand,154.407,154.41,154.41,53.39,53.39,15
27016000,Long,154.873,154.87,99.26,54.11,34.68,8.5
18035600,Clamshell,154.879,154.88,162.47,66.66,69.93,19
17002200,Cottonwood,154.969,154.97,18.65,99.76,12,2
16011400,Alder,155.222,155.22,497.11,29.35,93.99,7
86012000,Ramsey,155.23,155.23,128.59,50.21,41.59,11
56014001,Portage (main bay),155.232,155.23,155.23,57.69,57.69,15
03037700,Mill,155.266,155.27,155.27,100,100,15
30014300,North Stanchfield,155.304,155.3,155.3,100,100,15
86005600,Washington,155.457,155.46,155.46,100,100,15
46014500,Fish,155.627,155.63,11.07,100,7.11,2
27007800,Staring,156.217,156.22,147.75,95.05,89.9,12
47003200,Spring,156.246,156.25,42.73,77.04,21.07,3
18040800,Mayo,156.391,156.39,146.76,94.55,88.73,12
10004100,Zumbra-Sunny,156.44,156.44,133.59,67.12,57.32,11
16014500,East Twin,156.564,156.56,156.56,90.6,90.6,15
56103900,Jacobs,157.006,157.01,157.01,99.79,99.79,15
11021600,Agate,157.41,157.41,157.41,100,100,15
13006800,Fish,157.438,157.44,105.98,50.13,33.75,10
31005100,Stingy,157.511,157.51,157.51,43.6,43.6,15
18037100,Perch,157.976,157.98,155.44,57.53,56.61,14
21010800,Mina,158.203,158.2,196.26,38.45,47.7,24
61006600,Leven,159.726,159.73,148.45,56.64,52.64,14
73011700,Big Spunk,160.023,160.02,171.85,38.53,41.38,16
31083600,Little Whitefish,160.062,160.06,160.06,99.79,99.79,15
11050200,Crystal,160.517,160.52,160.52,84.39,84.39,15
69049400,Mud Hen,160.52,160.52,160.52,100,100,15
71014700,Rush,160.818,160.82,103.31,100,64.24,7
31065600,Big Dick,160.945,160.94,160.94,62.01,62.01,15
69043401,Sabin,161.018,161.02,55.11,50.98,17.45,6
16081100,Gabimichigami,161.687,161.69,161.69,13.63,13.63,15
86006300,Green Mountain,162.053,162.05,162.05,99.57,99.57,15
70005000,McMahon,162.258,162.26,157.93,99.43,96.78,13
11026300,Child,162.466,162.47,162.47,49.9,49.9,15
29016200,Boulder,162.934,162.93,162.93,47.85,47.85,15
29015000,Little Sand,163.162,163.16,198.5,39.84,48.47,20
29009000,Deer,163.376,163.38,163.38,100,100,15
21010200,Brophy,163.551,163.55,167.82,55.2,56.64,16
17005400,Bean,163.564,163.56,8.89,99.99,5.44,3.5
18029600,Eagle,163.719,163.72,163.72,46.66,46.66,15
21021300,Devils,163.766,163.77,163.77,70.1,70.1,15
69068400,Mukooda,163.922,163.92,174.84,20.97,22.37,17
03013600,Juggler,164.036,164.04,156.54,39.43,37.62,14
82012200,Pine Tree,164.123,164.12,164.12,93.52,93.52,15
27013301,Minnetonka-Grays Bay,164.537,164.54,164.54,87.58,87.58,15
01012500,Lone,165.302,165.3,165.3,38.15,38.15,15
38081000,Cedar,165.423,165.42,117.47,35.32,25.08,8
18014500,Rice,165.544,165.54,140.93,46.82,39.86,12
03012000,Mud,165.557,165.56,165.56,100,100,15
01001900,Wolf,165.73,165.73,165.73,95.56,95.56,15
87001900,Tyson,165.843,165.84,41.36,100,24.94,4
27009501,Gleason (Main Lake),165.848,165.85,165.85,99.38,99.38,15
27013311,Minnetonka-Maxwell Bay,166.474,166.47,166.47,54.64,54.64,15
69077500,McQuade,166.71,166.71,110.82,96.26,63.99,10
04033100,Dellwater,166.847,166.85,166.85,83.47,83.47,15
86027300,French,166.944,166.94,166.94,48.15,48.15,15
18023100,Butterfield,167.298,167.3,167.3,86.37,86.37,15
24002400,White,168.14,168.14,168.14,100,100,15
29009300,Sixth Crow Wing,168.45,168.45,168.45,49.61,49.61,15
18011000,Grave,168.57,168.57,100,100,168.57,15
11048400,Twin,168.753,168.75,168.75,100,100,15
27013313,Minnetonka-North Arm,169.204,169.2,169.2,52.16,52.16,15
75001900,Page,169.668,169.67,374.53,45.3,100,17
11049000,Portage,169.742,169.74,224.15,47.52,62.76,24
21015601,Little Oscar (Main),169.958,169.96,169.96,99.24,99.24,15
11022200,Margaret,170.02,170.02,141.24,69.93,58.09,13
47006100,Willie,170.068,170.07,88.65,88.99,46.39,7
29025600,Eagle,170.1,170.1,200.39,40.16,47.31,19
30013500,Spectacle,170.287,170.29,166.09,70.37,68.63,14
18009302,Rabbit (West Portion),170.324,170.32,211.01,31.85,39.45,19
77006300,Big,170.591,170.59,205.95,59.07,71.31,16
31065702,Jack the Horse (South),171.595,171.6,171.6,65.99,65.99,15
10008800,Hydes,171.617,171.62,32.76,77,14.7,4.5
16018200,Ball Club,171.742,171.74,59.18,83.37,28.73,6
21016200,Freeborn,171.874,171.87,95.87,70.71,39.44,11
19003100,Orchard,172.065,172.06,137.93,74.22,59.5,9
51004300,Fox,172.119,172.12,26.8,100,15.57,3
29014800,Upper Bottle,172.473,172.47,172.47,37.56,37.51,15
09000800,Chub,172.923,172.92,163.52,55.17,52.17,14
11025800,Long,172.938,172.94,188.78,70.14,76.56,17
76014602,Oliver (west portion),173.808,173.81,173.81,99.38,99.38,15
18039800,Roy,174.462,174.46,252.9,54.34,78.78,18
38053900,Cloquet,174.535,174.53,170.74,99.41,97.24,6
56025300,Eagle,175.193,175.19,175.19,19.31,19.31,15
31090400,Dunbar,175.247,175.25,82.07,65.46,30.65,8
69093200,Perch,175.484,175.48,175.48,51.07,51.07,15
47011900,Minnie-Belle,175.764,175.76,216.58,30.43,37.5,20
11030802,Big Portage (East Bay),176.183,176.18,176.18,100,100,15
73008500,Byer,177.227,177.23,177.23,96.19,96.19,15
29024100,Frontenac,177.348,177.35,177.35,84.61,84.61,15
31048000,Gunn,177.397,177.4,177.4,46.17,46.17,15
58013800,Big Pine,177.606,177.61,106.2,44.52,26.62,9.3
27006201,North Anderson,177.994,177.99,177.99,100,100,15
66004500,Sprague,179.423,179.42,179.42,100,100,15
86002300,Beebe,179.487,179.49,162.18,58.99,53.3,12
69002800,Little Stone,179.754,179.75,179.75,98.39,98.39,15
73009200,Sagatagan,180.16,180.16,190.13,78.87,83.24,18
11021800,Upper Gull,180.29,180.29,205.07,42.73,48.6,18
29004800,Benedict,180.544,180.54,194.85,38.81,41.88,20
31046300,Fox,180.616,180.62,180.62,68.5,68.5,15
03038300,Long,180.689,180.69,180.69,44.21,44.21,15
03029100,Rice,180.93,180.93,180.93,78.18,78.18,15
11029200,Pine,181.154,181.15,181.15,69.45,69.45,15
16025300,Deer Yard,181.178,181.18,280.5,54.42,84.25,18
02001300,Baldwin,181.565,181.56,181.56,96.12,96.12,15
21009000,Turtle,181.632,181.63,124.69,83.3,57.19,8
09006700,Tamarack,182.134,182.13,182.13,77.46,77.46,15
03016600,Hungry,182.205,182.2,188.74,75.66,78.37,17
10000600,Lotus,182.41,182.41,69.45,74.38,28.32,5
70011000,Geis,182.605,182.6,182.6,100,100,15
58013700,Bass,182.693,182.69,140.79,81.57,62.86,13
69075500,Marion,182.874,182.87,89.97,99.97,49.19,7
77018100,Maple,183.361,183.36,183.36,47.22,47.22,15
86026300,Cokato,183.613,183.61,88.85,33.67,16.29,4
56055900,Clear,183.682,183.68,172.71,45.98,43.23,14
10012100,Eagle,183.942,183.94,84.85,100,46.13,7.5
11012100,Mabel,183.982,183.98,183.98,100,100,15
73010600,Big Fish,183.985,183.99,183.99,34.53,34.53,15
02005900,Deer,184.547,184.55,184.55,100,100,15
11012001,Inguadona (N. Bay),185.135,185.14,185.14,51.52,51.52,15
18016100,Sebie,185.31,117,63.14,63.14,117,15
73008300,Great Northern,185.346,185.35,185.35,92.21,92.21,15
46001200,Imogene,185.63,185.63,185.63,100,100,15
16022700,Hungry Jack,186.033,186.03,134.44,39.78,28.75,10
18029300,Kego,186.518,186.52,186.52,63.02,63.02,15
11013300,Swift,186.763,186.76,186.76,52.38,52.38,15
18004102,Crooked (Main Bay),187.154,187.15,187.15,51.83,51.83,15
27013315,Minnetonka-Jennings Bay,187.503,187.5,187.5,59.92,59.92,15
38039300,Dumbbell,188.136,188.14,139.4,47.63,35.29,10
86018800,Emma,188.569,188.57,188.57,100,100,15
56040800,Sewell,188.702,188.7,200.44,51.17,54.35,18
08004500,Sleepy Eye,189.297,189.3,145.83,89.5,68.95,11
77016400,Little Sauk,189.845,189.84,102.57,66.35,35.85,7
31035000,Anderson,189.912,189.91,189.91,62.33,62.33,15
02005300,Ham,190.45,190.45,176.27,89.36,82.7,13.5
29001700,Ham,190.543,190.54,190.54,98.13,98.13,15
69001100,Pequaywan,190.964,190.96,93.88,44.02,21.64,7
49003600,Sylvan,190.974,190.97,184.72,59.4,57.46,14
11019900,Hay,191.172,191.17,268.55,52.56,73.84,25
01004500,Blackface,191.277,191.28,191.28,99.71,99.71,15
38004800,Harriet,191.277,191.28,191.28,68.77,68.77,15
32005800,Timber,191.32,191.32,61.33,100,32.06,4.5
76003300,Monson,191.714,191.71,207.99,92.18,100,19
69018600,Coxey Pond,191.817,191.82,191.82,98.92,98.92,15
73003500,School Section,192.978,192.98,192.98,100,100,15
47006200,Greenleaf,193.012,193.01,61.11,80.9,25.62,4.8
69004100,Bassett,193.566,193.57,193.57,47.86,47.86,15
56038602,West McDonald,193.844,193.84,193.84,32.48,32.48,15
04016600,Julia,194.442,194.44,154.34,38.56,30.6,11
01005800,Vanduse,194.979,194.98,204.69,82.98,87.11,16
31078400,Little Jessie,195.107,195.11,195.11,31.07,31.07,15
56011601,Middle Leaf,195.171,195.17,198.85,48.51,49.43,16
38006000,Whitefish,195.779,195.78,233.1,56.67,67.47,21
18035100,Little Pelican,195.788,195.79,217.5,72.15,80.15,18
21018000,Mill,196.417,196.42,196.42,43.62,43.62,15
53000700,Indian,197.211,197.21,73.75,100,37.4,4.5
03001700,Two Inlets,197.351,197.35,197.35,33.92,33.92,15
03035200,Birch,197.45,197.45,197.45,83.42,83.42,15
70005200,Cynthia,197.523,197.52,197.52,100,100,15
60001500,Whitefish,197.607,197.61,197.61,81.41,81.41,15
29030000,Hattie,197.645,197.65,197.65,55,55,15
31052402,Coon-Sandwick (Sand),197.963,197.96,197.96,92.41,92.41,15
61016200,Malmedal,198.581,198.58,46.97,100,23.65,5
11037100,Stony,198.936,198.94,229.25,35.32,40.7,20
29009200,Fifth Crow Wing,199.583,199.58,199.58,49.88,49.88,15
03048600,Pearl,200.006,200.01,214.2,71.15,76.2,20
38040600,Lax,200.377,200.38,142.78,68.5,48.81,10
34028300,Saint Johns,200.764,200.76,200.76,100,100,15
35000300,Bronson,200.788,200.79,81.91,61.43,25.06,6
11017102,Wabedo (South West Bay),200.955,200.95,200.95,31.8,31.8,15
18040300,Lower Cullen,201.248,201.25,236.16,35.94,42.17,17
18026600,Little Pine,201.683,201.68,189.32,57.26,53.75,12
56024100,Annie Battle,201.807,201.81,201.81,56.95,56.95,15
18015500,Crow Wing,202.023,202.02,152.86,54.14,40.97,12
16044800,Loon,202.649,202.65,183.68,18.5,16.76,13
21015100,Blackwell,202.897,202.9,159.12,66.01,51.77,10
61002900,Westport,203.125,203.13,203.13,100,100,15
27011101,Eagle,203.29,203.29,216.93,68.1,72.67,16
02000700,Marshan,203.532,203.53,203.53,100,100,15
38006800,Windy,203.949,203.95,203.95,44.73,44.73,15
86015200,Millstone,204.143,204.14,204.14,100,100,15
34019600,Skataas,204.335,204.34,204.34,100,100,15
83004300,St. James,204.945,204.95,204.95,100,100,14.4
03035100,Island,204.978,204.98,204.98,97.31,97.31,15
73027300,McCormic,206.092,206.09,206.09,100,100,15
18021200,Ruth,207.076,207.08,260.02,34.56,43.4,20
31067100,Big Island,207.209,207.21,207.21,78.31,78.31,15
46001600,North Silver,207.936,207.94,207.94,100,100,15
86002800,Moore,208.136,208.14,208.14,99.77,99.77,15
18041200,Upper Hay,208.364,208.36,268.78,34.98,45.12,18
40007900,Clear,208.52,208.52,171.37,74.5,61.23,12
73019900,Sand,209.287,209.29,82.11,100,39.23,6
61007200,Gilchrist,209.326,209.33,168.41,62.31,50.13,7
86028900,East Lake Sylvia,209.542,209.54,259.53,31.34,38.82,24
73008600,Knaus,209.7,209.7,209.7,96.82,96.82,15
38037200,Fraser,209.913,209.91,209.91,28.92,28.92,15
31029200,Owen,209.927,209.93,209.93,78.41,78.41,15
03008500,Bad Medicine,210.593,210.59,122.2,28.24,16.39,6
13008302,Goose (South Bay),210.628,210.63,210.63,47.08,47.08,15
15007900,Minerva,211.126,211.13,211.13,91.79,91.79,15
03001000,Straight,211.426,211.43,211.43,44.85,44.85,15
30009600,Lory,211.505,211.51,136.73,98.75,63.84,8
62003802,West Vadnais,211.619,211.62,211.62,99.84,99.84,9
73015600,Becker,212.015,212.02,212.02,95.77,95.77,15
29015700,Upper Twin,212.497,212.5,212.5,100,100,15
31019300,Crooked,213.033,213.03,213.03,45.83,45.83,15
09017300,Cloquet Res.,213.236,213.24,213.24,80.81,80.81,15
11016200,Rice,213.516,213.52,213.52,79.03,79.03,15
02003400,Martin,214.281,214.28,60.62,84.82,24,3
69086400,Ash,214.551,214.55,165.92,31.11,24.06,11
16002700,McFarland,214.878,214.88,199.7,55.7,51.77,12
77006600,Thunder,215.36,215.36,89.24,100,41.44,6
10009400,Mud,216.124,216.12,216.12,100,100,15
69028502,Eagles Nest #2,216.686,216.69,216.69,55.86,55.86,15
21007300,Vermont,217.638,217.64,244.4,69.89,78.49,21
29031300,Little Mantrap,218.678,218.68,218.68,57.17,57.17,15
04019600,Campbell,218.841,218.84,218.84,47.28,47.28,15
38069100,August,219.302,219.3,97.97,95.9,42.84,6
71014600,Briggs,219.68,219.68,145.72,54.35,36.05,8
17000300,Mountain,219.788,219.79,206.08,100,93.77,7
40012400,Emily,219.862,219.86,155.98,73.85,52.39,7
31026800,Round,219.956,219.96,211.29,47.78,45.9,14
11023200,Hattie,220.01,220.01,220.01,41.54,41.54,15
01021200,Moulton,220.565,220.56,77.2,85.45,29.91,6
03050300,Eunice,220.658,220.66,286.31,59.64,77.39,22
73013800,Two Rivers,221.09,221.09,157.59,37.89,27.01,7
31085300,Little Sand,221.502,221.5,221.5,62.78,62.78,15
29025400,Island,221.707,221.71,231.12,41.51,43.27,16
19002700,Crystal,221.709,221.71,184.43,76.81,63.9,10
03035000,Buffalo,222.195,222.19,222.19,53.92,53.92,15
16001900,Tom,223.823,223.82,189.05,54.97,46.43,12
31091000,Shallow Pond,224.724,224.72,224.42,99.81,99.67,10
60018900,Cameron,224.829,224.83,224.83,100,100,15
18002800,Smith,225.287,225.29,225.29,45.9,45.9,15
13004101,Green (Little Green),225.468,225.47,225.47,100,100,15
11022600,Loon,225.523,225.52,225.52,97.31,97.31,15
47015900,Thompson,225.746,225.75,225.75,100,100,15
29006300,Hart,226.308,226.31,226.31,100,100,15
33001500,Quamba,226.374,226.37,80.22,100,35.44,5
41006700,Perch,227.453,227.45,162.1,100,71.27,6.5
61002300,Grove,229.647,229.65,226.78,66.65,65.82,14
61004100,Scandinavian,229.728,229.73,239.8,55.24,57.67,16
01006500,Cedar,230.967,230.97,138.45,92.67,55.55,9.7
31077900,Little Turtle,231.362,231.36,231.36,47.72,47.72,15
03021300,Waboose,231.633,231.63,152.55,99.94,65.82,11
01009600,Dam,232.415,232.41,222.98,38.89,37.31,14
31069600,Horseshoe,232.603,232.6,232.6,89.39,89.39,15
69064600,Murphy,232.623,232.62,102.33,65.68,28.89,7
18037600,Upper Cullen,232.78,232.78,212.02,53.57,48.79,13
16002900,Devilfish,233.21,233.21,233.21,56.82,56.82,15
73005500,Grand,233.22,233.22,233.22,35.95,35.95,15
58008100,Sand,234.851,234.85,204.47,45.49,39.61,12
11017101,Wabedo (North East Bay),234.862,234.86,234.86,39.5,39.5,15
11020000,Mule,235.426,235.43,228.22,44.88,43.51,14
56030201,First Silver,235.789,235.79,235.79,44.53,44.53,15
69074800,Kjostad,235.827,235.83,174.02,53.51,39.49,11
18010400,Nokay,236.033,236.03,220.83,31.91,29.85,14
09006002,Lower (South) Island,236.543,236.54,236.54,73.1,73.1,15
07009700,Mills,237.077,237.08,237.08,100,100,8
38074400,Stewart,237.106,237.11,237.11,92.14,92.14,15
76014601,Oliver (east portion),238.197,238.2,238.2,66.49,66.49,15
73013301,Cedar Island (Main Bay),238.998,239,239,53.45,53.45,15
18037400,Clark,239.074,239.07,253.77,77.92,82.71,18
01003400,Horseshoe,240.058,240.06,163.29,100,68.02,7
21007600,Irene,240.379,240.38,240.38,37.68,37.68,15
11028300,Baby,240.431,240.43,407.31,31.62,53.56,22
17004100,South Clear,240.801,240.8,240.8,100,100,15
18009301,Rabbit (East Portion),240.878,240.88,349.1,35.77,51.84,19
18001800,Camp,241.156,241.16,241.16,45.16,45.16,15
18022400,Fool,241.738,241.74,241.74,99.54,99.54,15
56003100,Adley,242.415,242.42,242.42,99.68,99.68,15
27019101,West Sarah,242.6,242.6,242.6,67.83,67.83,15
29014300,Big Stony,242.654,242.65,242.65,70.67,70.67,15
31019700,Battle,243.318,243.32,175.37,100,72.08,11
03015900,Elbow,243.354,243.35,243.35,24.71,24.18,15
56047500,Pickerel,244.176,244.18,350.49,29.14,41.82,25
10004200,Parley,244.782,244.78,138.55,94.93,53.73,6
09004100,Moosehead,244.932,244.93,82.54,89.12,30.03,9
29015101,Mantrap (East Basin),245.188,245.19,245.19,36.63,36.63,15
38004700,Wilson,245.211,245.21,356.66,37.71,54.85,22
18041400,Clough,245.265,245.26,245.26,99.72,99.72,15
71001300,Orono,246.642,246.64,246.64,99.07,99.07,15
07005300,Duck,247.129,247.13,147.19,85.1,50.68,10
34022400,Games,247.819,247.82,267.21,47.56,51.28,16
03047100,Mission,247.99,247.99,247.99,100,100,15
02001500,Rondeau,248.263,248.26,248.26,85.26,85.26,15
69066000,Ely,248.864,248.86,248.86,35.12,35.12,15
86021200,Albion,249.038,249.04,249.04,100,100,15
14000400,Tilde,249.678,249.68,52.91,99.57,21.1,6
86022900,Mink,251.823,251.82,251.82,84.5,84.5,15
24001801,Fountain (East Bay),252.156,252.16,252.16,99.89,99.89,15
18022600,Goodrich,253.533,253.53,253.53,66.35,66.35,15
01012900,Sissabagamah,254.078,254.08,254.08,62.36,62.36,15
29010102,Middle Crooked,254.417,254.42,236.35,84.13,78.16,8
60021400,Badger,254.713,254.71,254.71,99.63,99.63,15
69084800,Prairie,255.261,255.26,255.26,32.14,32.04,15
34020600,Andrew,255.324,255.32,350.74,34.7,47.66,19
11049400,Crooked,255.379,255.38,232.63,45.21,41.18,12
77000900,Trace,255.77,255.77,255.77,100,100,15
11032400,Rock,257.095,257.09,257.09,98.5,98.5,15
31065300,North Star,257.36,257.36,257.36,30.93,30.93,15
83004000,Long,257.929,257.93,78.91,100,30.59,5
31031800,Coon,258.019,258.02,258.02,74.84,74.84,15
40001400,Sabre,258.11,258.11,62.87,100,24.36,4
03050000,Maud,259.043,259.04,449.96,50.66,88,21
31071700,Rice,259.132,259.13,259.13,30.01,30.01,15
18035200,Ossawinnamakee,259.431,259.43,314.39,37.56,45.52,20
04001100,Moose,260.302,260.3,260.3,43.33,43.33,15
13002800,South Lindstrom,261.419,261.42,245.01,47.67,44.68,14
01017800,Spirit,262.702,262.7,308.16,50.17,58.86,18
73015900,Big,263.05,263.05,162.18,57.99,35.76,7
11031100,Webb,263.162,263.16,421.3,35.37,56.62,24
31084300,Whitefish,263.685,263.69,376.31,46.76,66.74,18
03030400,Big Sugar Bush,264.133,264.13,365.04,58.78,81.23,23
38021100,Ottertrack,264.341,264.34,264.34,23.08,23.08,15
56087700,Jewett,264.837,264.84,264.84,36.27,36.27,15
31028100,Wasson,265.587,265.59,265.59,59.05,59.05,15
11017400,Girl,265.94,265.94,304.69,63.11,72.31,20
18033800,Gladstone,266.028,266.03,287.79,60.87,65.85,17
16034700,Little Cascade,266.154,266.15,266.15,100,100,15
11050500,Little Wolf,266.205,266.2,266.2,50.42,50.42,15
47010200,Round,266.33,266.33,266.33,100,100,15
56011400,West Leaf,266.502,266.5,292.3,38.07,41.76,17
46009600,Clear,267.336,267.34,33.46,100,12.52,3
30004300,Fannie,268.229,268.23,227.86,77.31,65.68,10
29017800,Pickerel,268.485,268.49,268.49,86.53,86.53,15
21010600,Latoka,268.797,268.8,331.8,35.06,43.28,25
04013001,Stump,268.877,268.88,227.7,83,70.29,12
73013304,Cedar Island (East Lk),269.612,269.61,269.61,99.41,99.41,15
04013202,Big Bass (east basin),269.653,269.65,269.65,80.02,80.02,15
40002000,Greenleaf,269.694,269.69,269.69,89.39,89.39,15
17000700,Bingham,269.749,269.75,18.32,100,6.79,4
82016300,Clear,270.307,270.31,145.89,63.02,34.01,5
30008000,Francis,270.419,270.42,24.52,99.85,9.05,2
44004500,Snider,270.637,270.64,270.64,43.32,43.32,15
18019500,Dolney,271.497,271.5,271.5,99.94,99.94,15
31015700,Bear,271.683,271.68,59.13,78.92,17.18,5.5
77008900,Little Birch,271.937,271.94,265.51,32.44,31.68,14
13008301,Goose (North Bay),271.999,272,272,100,100,15
31055400,Siseebakwet,272.185,272.19,272.19,22.49,22.49,15
86021300,Henshaw,272.2,272.2,272.2,100,100,15
51004000,Bloody,272.551,272.55,272.55,100,100,15
38068600,North McDougal,272.843,272.84,38.91,100,14.26,4
70009500,O'Dowd,273.579,273.58,161.28,87.11,51.35,6
47018300,Hope,273.978,273.98,273.98,97.62,97.62,15
18040400,Sibley,274.499,274.5,254.67,61.67,57.22,12
01008700,Sugar,276.047,276.05,276.05,66.19,66.19,15
08001100,Clear,276.39,276.39,276.39,100,100,15
86022700,Cedar,276.719,276.72,263.25,35.33,33.61,14
31081400,Four Towns,277.12,277.12,277.12,100,100,15
31052401,Coon-Sandwick (Coon),277.869,277.87,277.87,73.13,73.13,15
56038700,Sybil,278.838,278.84,278.84,41.3,41.3,15
31008400,Shallow,278.888,278.89,278.89,51.75,51.75,15
34021700,Florida,278.964,278.96,395.59,40.2,57.01,23
86019000,Ann,282.162,282.16,111.89,75.16,29.81,7
18037900,White Sand,282.539,282.54,282.54,68.92,68.92,15
70005400,Spring,282.826,282.83,282.83,47.87,47.87,15
62005600,Owasso,284.178,284.18,257.72,76.05,68.97,10.5
62006100,Turtle,284.178,284.18,284.18,63.15,63.15,15
29008900,Shallow,284.3,284.3,284.3,100,100,15
42002000,Lady Slipper,284.458,284.46,259.03,100,91.06,8
86028800,John,284.53,284.53,284.53,71.58,71.58,15
01013600,Waukenabo,284.706,284.71,220.46,43.74,33.87,12
01015700,Big Pine,285.153,285.15,347.18,44.9,54.67,21
18024200,Upper Mission,285.461,285.46,285.46,32.63,32.63,15
56078400,Long,287.04,287.04,287.04,37.89,37.89,15
16025200,Pike,287.042,287.04,328.31,35.25,40.31,18
62004600,Pleasant,287.165,287.17,251.98,47.29,41.5,12
69011400,Cadotte,287.401,287.4,287.4,99.89,99.89,15
18028700,Greer,287.535,287.53,287.53,81.14,81.14,15
13001201,Chisago (north portion),287.705,287.71,287.71,61.98,61.98,15
11017700,Three Island,287.889,287.89,287.89,99.13,99.13,13
02000600,Centerville,288.639,288.64,157.56,60.89,33.24,8
11036700,Lind,288.766,288.77,347.41,65.64,78.97,19
38003300,Ninemile,289.174,289.17,289.17,97.45,97.45,15
16014600,East Bearskin,289.321,289.32,192.97,48.77,32.53,10
04015500,Little Turtle,289.621,289.62,289.62,61.82,61.82,15
86025100,Pleasant,291.243,291.24,326.45,50.98,57.15,18
18009600,Upper South Long,292.083,292.08,243.28,36.72,30.59,12
58006200,Island,292.501,292.5,182.99,54.55,34.03,9.5
03064700,Stinking,292.541,292.54,292.54,99.89,99.89,15
86020800,Swartout,292.865,292.86,292.86,98.92,98.92,15
34017100,Eagle,294.694,294.69,391.5,34.69,46.09,22
03057900,Boyer,295.217,295.22,208.52,70.8,50.01,10
21005200,Geneva,295.381,295.38,295.38,46.17,46.17,15
04014200,Marquette,295.953,295.95,295.95,55.8,55.8,15
30010700,Blue,295.99,134,45.27,45.27,134,15
18036600,Arrowhead,296.368,296.37,296.37,100,100,11
86027900,West Lake Sylvia,297.099,297.1,401.98,32.85,44.45,25
38078200,Garden,297.214,297.21,140.66,45.49,21.53,6
80003700,Stocking,297.527,297.53,297.53,82.25,82.25,15
30000900,Typo,298.153,298.15,187.2,100,62.79,4
38077800,South Farm,299.021,299.02,136.88,53.02,24.27,6
56029800,Deer,299.287,299.29,444.39,67.32,99.96,25
69020500,Stuart,299.422,299.42,155.05,37.42,19.38,7
31025900,Balsam,299.726,299.73,299.73,41.94,41.94,15
21032300,Jennie,300.111,300.11,300.11,100,100,15
47006800,Stella,300.409,300.41,246.76,50.37,41.38,10
18009000,Serpent,301.119,301.12,301.12,27.3,27.3,15
18018000,Lows,301.622,301.62,301.62,100,100,15
10008900,Goose,302.154,302.15,130.22,100,43.1,4
11004300,Roosevelt,302.228,302.23,302.23,19.94,19.94,15
11031300,Lower Sucker,302.436,302.44,283.81,51.44,48.27,14
29020800,Bad Axe,303.26,125,41.22,41.22,125,15
29018000,Lower Bottle,305.264,305.26,305.26,47.61,47.61,15
31056500,Jay Gould,305.543,305.54,290.2,69.47,65.98,14
56053200,Leek (Trowbridge),307.612,307.61,307.61,48.58,48.58,15
85001100,Winona,308.43,278,90.13,90.13,278,15
11006200,Thunder,308.697,308.7,403.47,22.86,29.88,20
43007300,Hook,309.367,309.37,148.82,91.21,43.88,5
70007200,Upper Prior,310.512,310.51,310.51,81.32,81.32,15
01020400,Round,311.653,311.65,330.35,42.51,45.06,19
18016500,Ross,313.127,313.13,313.13,63.53,63.53,15
01010500,Fleming,313.29,313.29,105.01,99.92,33.49,7
02000300,Otter,313.855,313.85,308.44,98.9,97.2,11.5
31072600,Bello,314.083,314.08,314.08,59.32,59.32,15
33000100,Eleven,314.527,314.53,174.5,100,55.48,8
44000300,Tulaby,316.215,316.22,365.02,38,43.87,20
56037800,East Lost,316.422,316.42,401.01,65.45,82.95,24
04012200,Medicine,316.56,316.56,316.56,68.63,68.63,15
40000100,Horseshoe,316.616,316.62,151.27,76,36.31,7
70009800,Pleasant,316.862,316.86,49.81,100,15.72,2
27013310,Minnetonka-Crystal Bay,317.357,317.36,317.36,38.9,38.9,15
01018800,Blind,317.429,317.43,317.43,98.95,98.95,15
86019900,Howard,317.586,317.59,209.71,43.16,28.5,9
04007900,Wolf,318.104,318.1,333.27,29.97,31.4,16
71006700,Eagle,319.487,319.49,158.06,70.24,34.75,7
56074702,South Lida,321.033,321.03,371.44,41.37,47.87,17
31062400,Grave,321.457,321.46,443.08,61.12,84.24,24
27013309,Minnetonka-Halsteds Bay,321.84,321.84,321.84,55.02,55.02,15
21008500,Andrew,322.666,322.67,345.58,35.14,37.63,17
61004300,Goose,323.827,323.83,323.83,99.26,99.26,15
31093400,Decker,324.632,324.63,324.63,100,100,15
31006701,Swan (West Bay),324.972,324.97,324.97,92.44,92.44,15
69052900,Strand,325.436,325.44,325.44,98.56,98.56,15
51002400,Lime,326.038,326.04,73.05,100,22.4,2.5
69081000,Elephant,326.525,326.53,232.16,45.12,32.08,11
07005400,Ballantyne,328.587,328.59,294.31,88.06,78.88,9
73013900,Long,331.225,331.23,331.23,67.2,67.2,15
31053202,Pokegama (Wendigo),331.282,331.28,331.28,29.45,29.45,15
40009201,East Jefferson,331.516,331.52,275.17,51.11,42.43,12
24002700,Lower Twin,332.554,332.55,332.55,100,100,15
66003900,Mazaska,333.003,333,235.47,48.88,34.56,11
21014402,Lobster (West Bay),334.147,334.15,334.15,54.12,54.12,15
38078400,Newton,334.878,334.88,334.88,65.24,65.24,15
02000900,Reshanau,336.492,336.49,336.49,99.52,99.52,15
01014600,Ripple,336.84,336.84,336.84,53.49,53.49,15
10000900,Minnewashta,337.891,337.89,330.74,50.21,49.15,14
86010600,Little Waverly,338.001,338,114.12,100,33.76,5
44003800,Island,338.121,338.12,338.12,53.25,53.25,15
18003800,Clearwater,338.342,338.34,338.34,37.29,37.29,15
04034300,Clearwater,339.498,339.5,339.5,34,34,15
73015700,Horseshoe,341.053,341.05,341.05,54.37,53.62,15
02006500,Fish,342.471,342.47,342.47,100,100,12
16023900,Poplar,342.629,342.63,342.63,39.48,39.48,15
61009700,Benson,347.064,347.06,347.06,100,100,15
09000100,Thomson Reservoir,348.489,348.49,348.49,84.07,84.07,15
42000200,School Grove,348.66,348.66,234.38,100,67.22,7
40009202,West Jefferson,348.682,348.68,263.78,79.46,60.11,10
86004900,Mary,349.348,349.35,349.35,100,100,15
31085000,Little Winnibigoshish,350.151,350.15,350.15,37.04,37.04,15
44000600,Bass,351.834,351.83,502.23,51.07,72.9,20
29007100,Grace,352.934,352.93,352.93,40.94,40.94,15
27011600,Rice,353.377,353.38,321.51,99.97,90.95,10
16038400,Tait,354.56,354.56,90.87,98.82,25.33,4.5
11002600,Sugar,354.611,354.61,472.77,50.49,67.31,19
55000400,Zumbro,354.904,354.9,354.9,49.6,49.6,15
31023100,Lawrence,355.24,355.24,355.24,81.35,81.35,15
71014100,Elk,356.882,356.88,48.04,100,13.46,2
30013600,Green,357.1,357.1,135.24,42.88,16.24,5
49013700,Fish Trap,357.286,357.29,357.29,30.05,30.05,15
21014401,Lobster (East Bay),358.52,358.52,358.52,49.83,49.83,15
31072200,Moose,359.047,359.05,359.05,28.19,28.19,15
71005500,Elk,360.053,360.05,175.9,99.8,48.76,8
10009300,Oak,360.466,360.47,180.39,98.03,49.05,4
11025000,Ada,360.97,360.97,491.41,39.92,54.34,22
69024900,Colby,362.01,362.01,362.01,69.19,69.19,15
01002300,Round,362.332,362.33,536.1,65.46,96.86,23
31053300,Blandin,362.792,362.79,362.79,73.91,73.91,15
56031000,Walker,362.878,362.88,362.88,62.44,62.44,15
46001400,Wilmert,363.894,363.89,176.01,100,48.37,6
21001600,Smith,363.972,363.97,413.22,54.62,62.02,17
11027400,Blackwater,365.48,365.48,476.08,47.55,61.94,26
69025400,Bearhead,365.864,365.86,371.4,55.45,56.29,15.3
56076100,Little Pelican,366.1,256,69.93,69.93,256,15
69064200,Elliot,367.871,367.87,367.87,100,100,12
16062200,Alton,368.201,368.2,368.2,37.56,37.56,15
16064500,Toohey,368.932,368.93,270.46,100,73.31,6
61012200,Ann,369.761,369.76,101.48,100,27.44,10
69062700,Nichols,369.797,369.8,369.8,88,88,15
01009900,Gun,370.283,370.28,370.28,50.97,50.97,15
01006900,Portage,370.318,370.32,370.32,99.43,99.43,15
30013800,South Stanchfield,370.372,370.37,370.37,92.01,92.01,15
18002000,Borden,370.936,370.94,370.94,35.93,35.93,15
02000800,Rice,371.217,371.22,371.22,100,100,15
86023300,Sugar,371.233,371.23,420.19,36.4,41.2,20
11012900,Lower Trelipe,371.62,371.62,371.62,59.44,59.44,15
69049500,Long,374.232,374.23,244.91,100,65.44,6
03057500,Leif,374.48,374.48,374.48,70.86,70.86,15
60021700,Union,376.241,376.24,395.77,47.07,49.51,16
47004901,Belle Lake,376.547,376.55,305.6,44.06,35.76,12.3
61006400,Amelia,376.626,376.63,421.09,40.13,44.87,18
69049102,Fish Lk Flowage(East Bay),378.131,378.13,375.31,99.87,99.12,10
66003800,French,379.026,379.03,291.71,43.28,33.31,12
42005200,Rock,379.125,379.12,44.29,99.98,11.68,3
29011701,Spider (NE/SW Bay),381.259,381.26,381.26,80.08,80.08,15
09002900,Park,381.267,381.27,259.61,100,68.09,9
87001600,Curtis,381.531,381.53,381.53,100,100,15
30007200,Long,381.576,381.58,372.26,100,97.56,8
11020302,Leech (Kabekona Bay),381.852,381.85,381.85,39.68,39.68,15
47003800,Big Swan,382.144,382.14,157.01,55.1,22.64,5
43001200,Winsted,382.443,382.44,65.07,100,17.01,3
15006800,Long Lost,382.532,382.53,382.53,70.84,70.84,15
42001400,Cottonwood,382.592,382.59,362.51,100,94.75,7
86029300,Collinwood,383.202,383.2,224.79,60.27,35.35,9
07009800,Crystal,383.248,383.25,383.25,100,100,15
02009100,George,383.264,383.26,383.26,78.66,78.66,15
49008000,Placid,386.786,386.79,164.01,73.7,31.58,5
56038603,Big McDonald #2,388.762,388.76,388.76,68.53,68.53,15
21026400,Stowe,388.819,388.82,381.35,100,98.08,13
01012300,Elm Island,389.815,389.81,389.81,71.03,71.03,15
11048800,Thirteen,389.925,389.93,389.93,70.03,70.03,15
31006702,Swan (Main Basin),390.871,390.87,390.87,18.47,18.47,15
11012002,Inguadona (S. Bay),391.215,391.22,391.22,50.57,50.57,15
56038601,Big McDonald,392.196,392.2,392.2,39.55,39.55,15
21024500,Moses,392.685,392.68,449.89,47.67,54.61,21
86013401,Upper Maple,393.403,393.4,393.4,51.95,51.95,15
69005000,Big,393.438,393.44,393.44,48.65,48.65,15
69074200,Ban,393.8,393.8,121.64,99.83,30.84,5
31085702,Cut Foot Sioux(East Bay),395.203,395.2,395.2,98.36,98.36,15
66003200,Union,396.734,396.73,396.73,99.45,99.45,15
77002300,Big Swan,397.095,397.1,383,44.77,43.18,14
31041000,Trout,397.393,397.39,740.74,22.8,42.5,33
18031100,Rush,398.917,398.92,443.69,51.05,56.78,21
29007700,Third Crow Wing,402.455,402.46,402.46,63.35,63.35,15
77015001,Sauk (Southwest Bay),402.551,402.55,402.55,87.75,87.75,15
83003600,Kansas,402.86,402.86,81.18,100,20.15,3.5
42004700,Yankton,402.962,402.96,48.86,100,12.12,3
18031500,Big Trout,404.849,404.85,500.72,29.7,36.74,25
21007900,Maple,405.004,405,464.43,48.75,55.9,19
27012500,Diamond,405.015,405.02,405.02,99.92,99.92,15
38033000,Alice,405.207,405.21,405.21,26.18,26.18,15
04013500,Beltrami,405.489,405.49,405.49,55.87,55.87,15
51008200,Currant,405.73,405.73,33.88,99.19,8.28,3
11014200,Long,406.831,406.83,620.82,41.28,62.99,25
11009200,Little Sand,407.302,407.3,407.3,100,100,15
69037202,Island Lake Rsvr(E.Basin),410.022,410.02,410.02,23,23,15
33000900,Pomroy,410.384,410.38,202.38,99.3,48.97,6
56078100,Swan,410.437,410.44,473.67,54.34,62.72,23
01013700,Round,412.542,412.54,403.81,65.09,63.71,13
18041600,Lizzie,413.771,413.77,413.77,99.5,99.5,15
29024600,Hennepin,417.608,417.61,417.61,100,100,15
19002600,Marion,417.991,417.99,406.15,79.27,77.02,14
61011100,Pelican,421.873,421.87,412.28,80.88,79.04,14
26009500,Barrett,422.305,422.3,278.14,79.74,52.52,7
11020101,Broadwater Bay,423.877,423.88,532.2,54.61,68.56,22
18026100,Pine,423.89,423.89,423.89,98.57,98.57,15
04026500,Island,424.213,424.21,424.21,99.89,99.89,15
27017600,Independence,424.769,424.77,308.66,50.58,36.75,9
69049600,Embarrass,425.624,425.62,425.62,90.17,90.17,15
01011500,Section Ten,426.167,426.17,426.17,97.99,97.99,15
15001600,Itasca,426.805,426.8,494.84,39.98,46.36,17
77008402,Big Birch (S portion),427.321,427.32,427.32,30.78,30.78,15
29025000,Portage,427.621,427.62,238.12,100,55.69,9.9
31088200,Dora,428.826,428.83,428.83,99.55,99.55,15
31021600,Trout,432.17,432.17,553.14,23.21,29.71,24
16036000,Caribou,432.196,432.2,116.7,59.98,16.18,4.2
69048900,Caribou,433.883,433.88,433.88,81.48,81.48,15
18000100,Whitefish,433.995,434,425.66,59.78,58.63,14
32002200,Clear,434.152,434.15,26.85,100,6.19,4
27010400,Medicine,434.53,434.53,434.53,46.74,46.74,15
86008600,Fountain,434.644,434.64,434.64,99.95,99.95,15
38077900,Farm,435.267,435.27,200.85,33.69,15.55,6
04015200,Movil,436.051,436.05,436.05,51.09,51.09,15
11038300,Pleasant,436.43,436.43,595.56,40.24,54.91,25
06013800,East Toqua,436.64,436.64,436.64,100,100,15
13001202,Chisago (south portion),437.776,437.78,437.78,99.68,99.68,15
29007800,Fourth Crow Wing,440.409,440.41,440.41,100,100,15
01020600,Birch,441.5,441.5,441.5,100,100,15
01020901,Cedar(Main Basin),442.018,442.02,546.75,28.93,35.78,18
58004800,Oak,443.255,443.25,418.31,97.28,91.8,13
34018000,Willmar,446.856,446.86,66.17,100,14.81,4
16034600,Cascade,449.716,449.72,449.72,99.61,99.61,15
69000100,Pine,450.064,450.06,450.06,100,100,15
69004400,Butterball,450.658,450.66,450.66,99.84,99.84,15
18013600,South Long,451.446,451.45,312.38,34.79,24.07,10
43003400,Silver,452.716,452.72,452.72,100,100,15
69011700,Johnson,453.245,453.25,215.27,98.59,46.83,4
56098200,Oscar,454.45,454.45,454.45,82.17,82.17,15
02001600,Howard,455.584,455.58,455.58,100,100,15
29015102,Mantrap (Middle Basin,456.18,456.18,456.18,63.27,63.27,15
58011900,Cross,456.417,456.42,238.79,49.35,25.82,9.5
18037500,Hubert,456.978,456.98,456.98,35.49,35.49,15
32004500,Flahtery,457.32,457.32,457.32,100,100,15
46013300,Big Twin,460.735,460.74,58.06,99.98,12.6,3
29018500,Big Sand,460.819,460.82,588.37,28.18,35.98,25
11030400,Sylvan,460.948,460.95,460.95,51.37,51.37,15
18004100,Crooked,462.68,234,50.57,50.57,234,15
75020000,Hattie,463.852,463.85,111.4,100,24.02,4
31078600,Jessie,465.34,465.34,434.38,26.74,24.96,13
21024200,Aaron,466.963,466.96,443.85,76.51,72.73,14
27018400,Whaletail,468.998,469,412.61,91.96,80.9,9
38035100,Thomas,469.144,469.14,469.14,29.76,29.76,15
18024300,Lower Mission,470.595,470.59,414.96,64.96,57.28,13
03015500,Round,471.885,471.88,561.87,43.13,51.35,20
69084200,Black Duck,473.764,473.76,416.39,37.91,31.68,13.5
03060200,Middle Cormorant,474.646,474.65,474.65,70.99,70.99,15
07006001,Eagle (North),479.506,479.51,479.51,95.15,95.15,15
47009500,Clear,479.659,479.66,207.09,90.66,39.14,7
31092100,Dixon,480.003,480,390.63,77.06,62.72,10
56006600,Fish,481.464,481.46,481.46,96.94,96.94,15
03015300,Island,482.53,482.53,422.26,40.91,35.8,12
03058200,Ida,483.365,483.36,483.36,76.5,76.5,15
87003000,Wood,484.676,484.68,79.08,100,16.32,5
02002600,Linwood,484.91,484.91,179.37,85.24,31.53,6
71001600,Fremont,485.179,485.18,382,99.16,78.07,6
02000500,George Watch,486.018,486.02,486.02,100,100,15
38073500,Sand,486.205,486.2,193.58,99.75,39.72,5
66001800,Roberds,486.887,486.89,143.68,77.01,22.72,5
56036000,Rose,490.607,490.61,651.57,40.87,54.28,30
03063100,Stakke,496.742,496.74,496.74,99.39,99.39,15
46003100,Hall,500.727,500.73,67.36,91.29,12.28,4
03015800,Many Point,500.949,500.95,753.47,29.45,44.3,22
29021600,George,504.705,504.71,504.71,61.12,61.12,15
72008900,Clear,505.076,505.08,505.08,100,100,15
33003600,Fish,505.758,505.76,234.78,99.78,46.32,3.2
47013402,Ripley (west portion),507.573,507.57,507.57,83.31,83.31,15
40009203,Swede's Bay,509.047,509.05,509.05,98.51,98.51,6
65000600,Allie,509.119,509.12,509.12,100,100,15
01014700,Esquagamah,511.317,511.32,511.32,61.79,61.79,15
09003200,Big,512.297,512.3,512.3,99.76,99.76,15
34024500,West Solomon,513.044,513.04,513.04,97.12,97.12,15
56032800,Little McDonald,513.332,513.33,513.33,39.06,39.06,15
02000400,Peltier,514.793,514.79,373.01,85.01,61.6,9.9
11030700,Norway,514.879,514.88,514.88,100,100,14
29006100,Garfield,517.27,517.27,588.91,53.9,61.37,20
75007500,Perkins,517.329,517.33,83.73,98.61,15.96,3
69099400,West Two Rivers Reservoir,518.453,518.45,518.45,66.88,66.88,15
29008600,First Crow Wing,519.137,519.14,519.14,99.86,99.86,15
53002100,West Graham,519.282,519.28,10.87,100,2.09,2
21029100,Red Rock,519.518,519.52,306.33,56.59,33.37,7
29006600,Midge,520.738,520.74,520.74,95.42,95.42,15
40003200,Gorman,521.104,521.1,102.45,100,19.66,4
40006300,German,522.414,522.41,406.38,65.99,51.33,12
18038600,Red Sand,522.546,522.55,522.55,100,100,17.9
03058800,Upper Cormorant,522.844,522.84,894.77,55.51,95,22
11016700,Little Boy,523.372,523.37,654.59,36.05,45.09,21
43008400,Marion,524.059,524.06,524.06,99.48,99.48,15
60003200,Turtle,525.123,525.12,525.12,99.72,99.72,15
74000100,Rice,527.866,527.87,527.87,100,100,15
56075900,Franklin,529.116,529.12,529.12,48.57,48.57,15
56095200,Grove,531.449,531.45,531.45,99.67,99.67,15
80003400,Blueberry,532.532,532.53,532.53,100,100,15
27013314,Minnetonka-West Arm,537.829,537.83,537.83,65.33,65.33,15
61006700,Villard,541.474,541.47,373.74,99.47,68.65,13
13002700,South Center,544.508,544.51,462.13,65.48,55.57,10
41002100,Dead Coon,547.067,547.07,547.07,100,100,15
21014500,Chippewa,550.687,550.69,625.32,46.72,53.05,18
40003100,Tetonka,551.224,551.22,421.08,40.63,31.04,10
04003800,Andrusia,551.366,551.37,551.37,34.68,34.68,15
56038800,Long,551.585,551.59,551.59,42.8,42.8,15
47012900,Star,552.767,552.77,409.63,99.99,74.1,11.3
16007700,Greenwood,553.278,553.28,553.28,26.46,26.46,15
11050400,Steamboat,553.604,553.6,573.82,31.66,32.81,16
21008000,Darling,553.886,553.89,553.89,52.75,52.75,15
69076000,Little Johnson,555.268,555.27,555.27,98.09,97.64,15
27019100,Sarah,557.23,373,66.94,66.94,373,15
03010700,Toad,557.907,557.91,733.76,32.75,43.07,20
73003700,Pearl,558.626,558.63,642.73,74.86,86.13,16
69037600,Whitewater,563.369,563.37,251.19,45.35,20.22,8
81001401,Clear,563.674,563.67,215.16,86.89,33.16,8
03032300,Strawberry,563.972,563.97,804.3,38.42,54.79,28
31035300,Split Hand,567.357,567.36,567.36,41.45,41.45,15
40005700,Frances,568.074,568.07,484.78,65.11,55.56,12
69060800,Little Vermilion,572.104,572.1,572.1,44.43,44.43,15
03035900,Sallie,576.81,576.81,737.81,45.32,57.96,21
69028503,Eagles Nest #3,577.148,577.15,538.51,50.67,47.27,13
34015400,Nest,577.166,577.17,558.19,57.26,55.38,14
16063900,Four Mile,580.809,580.81,242.69,97.95,40.93,6
48001200,Shakopee,584.885,584.89,476.85,100,81.53,11
18025100,Horseshoe,585.031,585.03,800.36,63.45,86.81,23
44001400,South Twin,585.976,585.98,628.17,51.92,55.66,16
16045400,Crescent,586.388,586.39,404.33,77.62,53.52,10
24002500,Pickeral,587.565,587.57,587.57,98.99,98.99,15
62000200,Bald Eagle,589.063,589.06,211.86,56.13,20.19,6
70002600,Lower Prior,589.705,589.7,589.7,60.03,60.03,15
04014000,Irving,591.451,591.45,591.45,88.99,88.99,15
33004000,Ann,591.811,591.81,336.4,90.57,51.48,5.5
03009600,Big Basswood,592.436,592.44,592.44,100,100,15
44000100,Roy,592.524,592.52,592.52,86.01,86.01,15
18037300,Round,593.594,593.59,611.61,35.97,37.07,16
03032800,White Earth,594.863,594.86,1079.52,28.13,51.05,26
40010900,Scotch,598.199,598.2,598.2,100,100,11
56037700,South Turtle,600.796,600.8,608.57,70.87,71.78,16
29007500,Kabekona,602.049,602.05,652.76,24.74,26.83,19
29024200,Fish Hook,602.996,603,790.25,36.71,48.11,24
69058700,Oriniack,604.557,604.56,604.56,81.23,81.23,15
56043700,Stalker,607.789,607.79,607.79,44.8,44.8,15
76008600,Hassel,608.98,608.98,608.98,99.61,99.61,15
11041100,Pine Mountain,611.08,611.08,611.08,37.92,37.92,15
11010100,George,612.269,612.27,612.27,99.25,99.25,15
01006100,Flowage,612.415,612.41,612.41,99.78,99.78,15
04003200,Pimushe,613.154,613.15,613.15,50.86,50.86,15
38064200,Wind,615.707,615.71,615.71,64.76,64.76,15
31072500,Turtle,617.021,617.02,617.02,28.62,28.62,15
49001600,Sullivan,622.012,622.01,559.69,56.38,50.73,12
32002400,Little Spirit,624.268,624.27,249.01,100,39.89,4
11014600,Six Mile,624.963,624.96,624.96,47.35,47.35,15
11007700,Big Sand,627.9,627.9,627.9,86.02,86.02,15
16014300,Devil Track,628.335,628.34,265.36,33.65,14.21,6
49012700,Shamineau,630.542,630.54,717.49,43.23,49.19,18
75002400,Long,635.97,635.97,297.55,100,46.79,5
56016000,Spitzer,638.489,638.49,638.49,86.43,86.43,15
43008500,Otter,641.783,641.78,641.78,99.46,99.46,15
13003201,North Center Lake,642.202,642.2,536.08,85.71,71.55,9
34006200,Calhoun,647.104,647.1,647.1,100,100,13
34004400,Diamond,649.45,649.45,694.35,40.42,43.21,16
72001300,Silver,652.14,652.14,652.14,100,100,15
77008400,Big Birch,652.65,652.65,754.56,30.9,35.73,19
66001000,Wells,653.895,653.9,653.9,98.13,98.13,15
40009204,Middle Jefferson,654.932,654.93,216.66,98.6,32.62,4
34024600,East Solomon,657.706,657.71,590.53,99.88,89.68,12
65000200,Preston,660.847,660.85,82.04,99.49,12.35,4
34018100,Foot,662.68,662.68,692.55,95.69,100,33.3
69093901,Sturgeon,662.859,662.86,662.86,41.34,41.34,15
04022700,Long,663.847,663.85,663.85,99.42,99.42,15
66005200,Cedar,667.272,667.27,238.02,75.35,26.88,4
56024300,Marion,669.455,669.46,669.46,41.23,41.23,15
31053400,Shoal,675.838,675.84,675.84,100,100,15
69069100,Johnson,681.268,681.27,681.27,39.23,38.77,15
04013400,Three Island,685.832,685.83,685.83,88.73,88.73,15
49032300,Zebulon Pike,692.648,692.65,692.65,58.91,58.91,15
11019000,Town Line,697.656,697.66,624.62,100,89.53,8
29016100,Long,698.842,698.84,698.84,36.28,36.28,15
66005500,Shields,702.933,702.93,616.46,73.81,64.73,12
69074400,Elbow,703.286,703.29,703.29,39.03,39.03,15
46012100,Cedar,706.858,706.86,199.99,100,28.29,3
32002000,Loon,707.667,707.67,57.43,99.89,8.11,3
11030801,Big Portage (West Bay),709.458,709.46,709.46,97.7,97.7,15
29024300,Potato,711.022,711.02,1082.39,33.92,51.64,24
56074900,Crystal,712.72,712.72,712.72,49.87,49.87,15
56061300,Ten Mile,713.521,713.52,575.25,49.98,40.3,10
86025201,Clearwater (East),717.281,717.28,752.35,43.06,45.16,16
04011100,Turtle River,717.669,717.67,717.67,39.88,39.88,15
11005900,Washburn,720.553,720.55,695.96,45.06,43.52,14
18020300,Emily,720.621,720.62,720.62,99.85,99.85,15
11020400,Portage,722.612,722.61,669.13,46.97,43.49,13
16015600,Two Island,725.105,725.11,725.11,96.19,96.19,15
58006700,Sturgeon,727.335,727.33,727.33,42.64,42.64,15
13008300,Goose,731.77,370,50.56,50.56,370,15
34017200,Ringo,733.126,733.13,733.13,98.74,98.74,7
69006900,Shagawa,745.172,745.17,411.44,31.78,17.55,7
86009000,Buffalo,756.977,756.98,163.98,48.8,10.57,6
11041200,Birch,761.907,761.91,788.12,60.13,62.19,16
56014200,Little Pine,764.201,764.2,764.2,36.74,36.74,15
13003100,Sunrise,767.257,767.26,743.11,96.01,92.99,12
31053800,Spider,767.264,767.26,767.26,55.03,55.03,15
31087600,Rice,774.911,774.91,774.91,91.08,91.08,15
53002800,Okabena,775.93,775.93,105.39,99.77,13.55,5
03050600,Little Cormorant,776.568,776.57,776.57,71.64,71.64,15
69073600,Sand,778.059,778.06,531.48,99.2,67.76,10
47017700,Long,787.031,787.03,787.03,100,100,15
56091500,Prairie,790.897,790.9,790.9,78.59,78.59,15
70009100,Cedar,792.503,792.5,792.5,100,100,12.5
47000200,Francis,801.277,801.28,905.75,78.17,88.36,16
86025202,Clearwater (West),808.309,808.31,843.26,51.92,54.17,16
07009600,Loon,809.627,809.63,180.06,100,22.24,2
03038700,Floyd,811.535,811.54,898.78,68.81,76.2,19
56076001,Lizzie (north portion),815.486,815.49,815.49,42.66,42.66,15
03028600,Cotton,818.53,818.53,1202.73,43.89,64.49,22
25001400,Sturgeon,822.557,822.56,822.56,99.37,99.37,15
21025702,South Oscar,827.139,827.14,827.14,86.04,86.04,15
56013800,East Battle,831.933,831.93,831.93,41.91,41.91,15
73019600,Rice,832.554,832.55,787.7,57.23,54.15,13
66002700,Circle,837.563,837.56,482.28,88.95,51.22,6
49007900,Alexander,843.851,843.85,1074.44,31.09,39.58,20
18031200,Cross Lake Reservoir,846.513,846.51,915.87,47.37,51.25,18
56023800,Clitherall,847.765,847.77,1434.59,33.38,56.48,31
31085701,Cut Foot Sioux(Main Bay),849.755,849.75,849.75,35.73,35.73,15
03057600,Big Cormorant,849.95,849.95,1398.88,23.24,38.24,23
01015900,Farm Island,850.57,850.57,1055.05,42.47,52.68,20
69074900,Myrtle,854.192,854.19,854.19,97.46,97.46,15
46010900,Fox,859.985,859.98,141.55,89.52,14.74,3
31039200,Wabana,861.322,861.32,1019.99,38.78,45.92,18
17006000,Talcot,873.039,873.04,347.81,99.57,39.67,4
18003400,Bay,878.981,878.98,1019.35,37.89,43.94,19
21005600,Le Homme Dieu,879.659,879.66,879.66,49.24,49.24,15
03047500,Melissa,899.472,899.47,1192.62,48.59,64.43,22
40000200,Upper Sakatah,899.567,899.57,417.21,99.79,46.28,6
31071900,Deer,900.318,900.32,900.32,21.99,21.99,15
13006902,West Rush,902.792,902.79,692,54.96,42.13,10
31038400,Prairie,905.607,905.61,905.61,79.46,79.46,15
21005700,Carlos,922.22,922.22,965.39,35.38,37.04,17
04015900,Turtle,928.214,928.21,928.21,56.64,56.64,15
32006900,Round,929.831,929.83,110.34,100,11.87,3.5
19000600,Byllesby,935.968,935.97,935.97,67.68,67.68,15
69011500,Bear Island,937.899,937.9,447.54,39.7,18.94,7
58014200,Pokegama,942.833,942.83,409.29,62.21,27.01,8
13001200,Chisago,943.96,694.5,73.57,73.57,694.5,15
04000700,Kitchi,953.117,953.12,953.12,52.2,52.2,15
69047000,Loon,953.811,953.81,953.81,35.77,35.77,15
44002300,North Twin,956.859,956.86,956.86,99.93,99.93,15
77015002,Sauk (North Bay),962.09,962.09,962.09,57.45,57.45,15
29015600,Plantagenet,970.975,970.98,970.98,38.37,38.37,15
38039600,Isabella,981.624,981.62,502.65,72.81,37.28,7
73013300,Cedar Island,985.77,755,76.59,76.59,755,15
41008900,Shaokotan,996.264,996.26,996.26,99.84,99.84,15
29014600,Belle Taine,1007.016,1007.02,1153.71,69.84,80.01,26
69061600,Crane,1018.011,1018.01,634.33,33.97,21.17,9
34002202,Elizabeth (Main Lake),1023.452,1023.45,1023.45,95.05,95.05,15
07004400,Madison,1026.222,1026.22,894.88,71.15,62.04,9
56024000,Blanche,1044.374,1044.37,1044.37,79.5,79.5,15
47001500,Jennie,1064.033,1064.03,440.02,100,41.35,8
13004102,Green (Main Basin),1073.367,1073.37,1073.37,67.33,67.33,15
31081200,Ball Club,1091.004,1091,1091,28.38,28.38,15
21009200,Mary,1096.448,1096.45,1943.19,44.75,79.3,22
40011700,Washington,1131.369,1131.37,1003.31,74.46,66.03,12
13006901,East Rush,1136.436,1136.44,722.01,76.56,48.64,8
69061500,Echo,1139.047,1139.05,1139,99.97,99.97,11
51006300,Sarah,1144.059,1144.06,79.69,100,6.97,4
03029300,Rock,1144.272,1144.27,1080,95.35,89.99,13
73020002,Koronis (main lake),1146.637,1146.64,1146.64,38.37,38.37,15
34007200,Lillian,1146.851,1146.85,1021.56,100,89.08,5
82005200,Big Marine,1180.442,1180.44,1278.62,69.79,75.59,18.5
31091300,Island,1202.92,1202.92,1202.92,38.7,38.7,15
38022000,Perent,1202.937,1202.94,1202.94,72.06,72.06,15
38081100,Fall,1213.134,1213.13,395.71,54.03,17.62,4
15014900,Pine,1236.15,1236.15,1236.15,98.45,98.45,15
38021900,Silver Island,1237.336,1237.34,544.39,99.88,43.94,6
05001300,Little Rock,1240.123,1240.12,265.99,94.98,20.37,3.5
04006900,Blackduck,1242.928,1242.93,1242.93,45.69,45.69,15
25001700,U.S. Lock & Dam #3,1247.911,1247.91,1247.91,100,100,15
11010400,Laura,1255.446,1255.45,1255.45,100,100,15
33002800,Knife,1259.215,1259.21,177.06,100,14.06,5
38052900,Snowbank,1273.97,1273.97,1273.97,27.37,27.37,15
38065600,Greenwood,1329.185,1329.19,412.63,100,31.04,4
02004200,Coon,1331.965,1331.96,1283.59,89.92,86.66,12
21014400,Lobster,1334.25,692.67,51.91,51.91,692.67,15
82016700,White Bear,1334.411,1334.41,1504.4,53.61,60.44,18
07007900,Lura,1361.061,1361.06,1361.06,100,100,10
16034800,Brule,1381.518,1381.52,1381.52,28.92,28.92,15
18030500,Edward,1397.324,1397.32,1397.32,54.24,54.24,15
31057600,Bass,1406.782,1406.78,1243.52,51.84,45.83,11
31033400,Deer,1413.354,1413.35,1346.82,76.21,72.62,12
69000200,Seven Beaver,1414.338,1414.34,1414.34,99.91,99.91,15
34008600,Big Kandiyohi,1445.097,1445.1,763.89,51.84,27.4,9.5
11041300,Ten Mile,1454.446,1454.45,1840.16,28.82,36.46,22
03010100,Wolf,1459.808,1459.81,1255.2,98.79,84.94,8
34019200,Long,1463.382,1463.38,1463.38,91.73,91.73,15
41011000,Hendricks,1521.682,1521.68,387.7,100,25.48,5
15005900,Upper Rice,1526.726,1526.73,1526.73,100,100,15
69000400,White Iron,1539.521,1539.52,459.4,47.54,14.19,5
04012000,Gull,1546.274,1546.27,1546.27,68.25,68.25,15
82015900,Forest,1561.192,1561.19,1404.75,68.75,61.86,13
69051100,Grand,1572.278,1572.28,1550.73,94.8,93.5,14
66000800,Cannon,1572.55,1572.55,378.47,98.7,23.76,6
60030500,Maple,1575.578,1575.58,1407.36,99.69,89.05,12
34016903,"Wakanda, Lake (Main Basin",1588.751,1588.75,1436.18,100,90.4,11
56078600,Pelican,1608.247,1608.25,2116.26,40.58,53.4,25
26009700,Pomme de Terre,1613.058,1613.06,1011.73,89.17,55.93,8
18008800,Platte,1615.908,1615.91,1615.91,94.32,94.32,15
69019000,Big,1649.092,1649.09,631.31,86.61,33.16,7
27013305,Minnetonka-Upper Lake,1699.304,1699.3,1699.3,37.59,37.59,15
01020900,Cedar,1725.8,405,23.47,23.47,405,15
69049800,Trout,1726.804,1726.8,1436.12,21.7,18.05,12
56037900,North Turtle,1747.428,1747.43,1747.43,98.22,98.22,15
21012300,Ida,1751.072,1751.07,2106.87,39.56,47.59,21
11020102,Woman (main lake),1756.022,1756.02,2612.02,36.94,54.94,22
10005900,Waconia,1783.651,1783.65,1482.37,57.3,47.63,11.5
13004100,Green,1809.49,1228,67.86,67.86,1228,15
04013002,Bemidji (main lake),1818.784,1818.78,1818.78,27.64,27.64,15
56076002,Rush-Lizzie(south portion,1831.466,1831.47,1831.47,100,100,15
43011500,Cedar,1860.015,1860.01,1860.01,97.54,97.54,9
03038100,Detroit,1868.577,1868.58,2065.12,60.92,67.33,18
24001500,Geneva,1884.249,1884.25,1884.25,100,100,15
69066900,Big Rice,1917.224,1917.22,1917.22,99.99,99.99,15
31082600,Sand,1923.657,1923.66,1923.66,44.43,44.43,15
31089600,Round,1948.408,1948.41,1948.41,68.12,68.12,15
06000200,Artichoke,1964.416,1964.42,1007.48,99.66,51.11,8.3
31053201,Pokegama (Main Bay),1981.401,1981.4,1981.4,35.09,35.09,15
03024100,Tamarack,1981.919,1981.92,1606.36,93.9,76.1,10
61007800,Reno,2029.159,2029.16,1562.09,53.49,41.18,9
27013302,Minnetonka-Lower Lake,2059.409,2059.41,2059.41,32.94,32.94,15
04004900,Big,2061.088,2061.09,2061.09,57.3,57.3,15
34025100,Norway,2106.345,2106.35,2149.69,90.83,92.7,16
34007900,Green,2119.753,2119.75,3380.74,38.12,60.8,35
01003300,Minnewawa,2152.386,2152.39,2068.31,91.39,87.82,14
37004602,Lac Qui Parle (N.W. Bay),2154.554,2154.55,2154.55,99.87,99.87,15
11041500,Pike Bay,2194.533,2194.53,2194.53,46.19,46.19,15
81009500,Elysian,2225.769,2225.77,1724.26,98.87,76.6,8
11014300,Boy,2237.001,2237,2154.23,64.38,62,14
31087700,Natures,2250.246,2250.25,2250.25,98.22,98.22,15
69049101,Fish Lk Flowage(Main Bas),2307.183,2307.18,1309.57,77.72,44.11,10
61018000,Emily,2311.006,2311.01,1059.46,100,45.84,2
47004600,Washington,2318.685,2318.68,1565.02,95.1,64.19,10
69037100,Wild Rice,2368.542,2368.54,1387.15,98.64,57.77,6
56013000,Big Pine,2375.962,2375.96,2375.96,50.23,50.23,15
56074701,North Lida,2399.716,2399.72,4026.85,43.51,73.01,27
56023900,West Battle,2570.306,2570.31,3358.14,46.15,60.29,26
69061700,Sand Point,2630.371,2630.37,2630.37,30.85,29.83,15
41004300,Benton,2649.413,2649.41,279.36,100,10.54,5
56038500,Star,2658.616,2658.62,2658.62,58.63,58.63,15
24001400,Albert Lea,2685.174,2685.17,2685.17,100,100,15
21008300,Miltona,2758.663,2758.66,3171.23,48.19,55.4,20
69037500,Whiteface Reservoir,2933.574,2933.57,1016.11,64.23,22.25,5
18031000,Whitefish,2997.701,2997.7,3378.77,38.57,43.48,20
26000200,Pelican,3042.478,3042.48,1960.96,80.12,51.64,10
03010200,Shell,3084.442,3084.44,3060.92,98,97.26,14
01006200,Big Sandy,3182.594,3182.59,1851,52.1,30.3,8
86025200,Clearwater,3186.88,1595.6,50.07,50.07,1595.6,15
69037201,Island Lake Rsvr(W.Basin),3204.757,3204.76,3204.76,48.66,48.66,15
69037300,Boulder,3206.586,3206.59,863.2,97.38,26.21,5
56014100,Rush,3287.884,3287.88,3510.9,62.82,67.08,16
61013000,Minnewaska,3290.836,3290.84,3290.84,40.88,40.88,15
51004600,Shetek,3370.975,3370.97,3370.97,95.62,95.62,15
77021500,Osakis,3389.006,3389.01,2855.78,53.53,45.11,12
11030500,Gull,3390.462,3390.46,3390.46,34.01,34.01,15
03019500,Height of Land,3450.493,3450.49,3450.49,91.09,91.09,15
86003100,Pelican,3513.24,3513.24,3513.24,94.92,94.92,15
69000300,Birch,3562.018,3562.02,1556.59,51.56,22.53,5
37004601,Lac Qui Parle (S.E. Bay),3696.664,3696.66,3696.66,98.75,98.75,15
18030800,Pelican,3883.672,3883.67,5320.7,46.34,63.49,24
18037200,North Long,4018.379,4018.38,4321.49,65.4,70.34,20
69037802,West Vermilion,4240.033,4240.03,4240.03,36.05,36.05,15
31081300,Bowstring,4892.817,4892.82,4892.82,51.35,51.35,15
69069400,Rainy,5427.466,5427.47,5427.47,99.98,99.08,15
69011800,Burntside,5910.74,5910.74,886.85,80.82,12.13,10
27013300,Minnetonka,6032.044,6032.04,6032.04,36.61,36.61,15
56038300,Dead,6258.354,6258.35,6880.35,82.71,90.93,18
56024200,Otter Tail,6717.199,6717.2,6717.2,47.73,47.73,15
45000100,Thief,6896.161,6896.16,6896.16,100,100,15
04003000,Cass,6934.288,6934.29,7597.16,43.45,47.61,20
69084500,Kabetogama,7168.964,7168.96,7168.81,29.83,27.3,15
25000100,Pepin,8377.652,8377.65,8377.65,33.11,33.11,15
52003400,Swan,8884.263,8884.26,8884.26,95.23,95.23,15
06015200,Big Stone,9090.308,9090.31,4284.57,74.85,35.28,8.5
69084100,Pelican,10837.401,10837.4,10034.47,93.86,86.91,12
78002500,Traverse,10848.304,10848.3,2056.96,100,18.96,5
69037801,East Vermilion,11123.397,11123.4,11123.4,32.75,32.75,15
69069300,Namakan,11917.254,11917.25,11917.25,49.52,43.34,15
48000200,Mille Lacs,14759.777,14759.78,14759.78,11.51,11.51,15
11014700,Winnibigoshish,20917.666,20917.67,20917.67,36.77,36.77,15
11020301,Leech (Main Basin),51849.207,51849.21,51849.21,50.05,50.05,15
13003200,North Center,749.26,608,608,81.14673144,81.14673144,
27009000,Holiday,8,8,8,100,100,
27010900,Hadley,,,,,,
82008900,Markgrafs,46,46,46,100,100,
82009700,La,45,45,45,100,100,
86013400,Maple,862,393,393,45.59164733,45.59164733,15
NA,Teal,,,,,,
NA,Townline,,,,,,
