permit_number,app_year,species_code,lake_parent_name,lake_id,county,fk_PAR_ID,fk_Treatment_ID,pesticide_trade_name,supplier,,applicator_company_name,start_date,end_date,treatment_size,average_depth,rate_low,rate_high,rate_units,amount_total,amount_units,water_temp_low,water_temp_high,wind_speed_low,wind_speed_high,wind_direction,air_temp,temp_nos,grant_prgm ,PAR_comments
2017-0742,2020,CLP,Diamond,27012500,Hennepin,958,581,Sonar A.S.,SePro Corp.,,PLM Lake and Land Management Corp.,4/13/2020,4/13/2020,405,4,0.003,0.003,gal/acre-ft,5,gal,43.4,43.4,0,0,NW,32,,Y,
2019-0880,2020,CLP,Cleary,70002200,Scott,1621,1297,Sonar A.S.,SePro Corp.,,PLM Lake and Land Management Corp.,4/14/2020,4/14/2020,145,5,,,ppb,2,gal,40,40,2,2,NW,27,,Y,rate missing and hard to calculate. is the rate .003 gal/acre-ft?
,2020,CLP,Benton,41004300,Lincoln,1373,1235,Sonar A.S.,SePro Corp.,,PLM Lake and Land Management Corp.,4/23/2020,4/23/2020,1034,9,0.003,0.003,gal/acre-ft,27.53,gal,52.3,52.3,7,7,ENE,62,,Y,Is the quantity and rate of pesticide correct? No permit number. 
2017-0384,2020,"EWM, CLP",Josephine,62005700,Ramsey,1205,2183,Sonar A.S.,SePro Corp.,,"Lake Management, Inc.",4/30/2020,4/30/2020,117,8.5,4,4,ppb,3.81,gal,,,4,4,SE,66,,Y,Whole-lake treatment. Cost includes bump treatments and concentration monitoring.
,2020,CLP,Josephine,62005700,Ramsey,1205,2183,Sonar A.S.,SePro Corp.,,"Lake Management, Inc.",4/30/2020,4/30/2020,117,,4,4,ppb,3.81,gal,,,4,4,SE,,,Y,Whole-lake treatment. Cost includes bump treatments and concentration monitoring.
2017-0522,2020,CLP,Hyland,27004800,Hennepin,1623,1299,Tribune,"Syngenta Crop Protection, LLC",,PLM Lake and Land Management Corp.,4/30/2020,4/30/2020,9,5,2,2,gal/acre,18,gal,59.5,59.5,3,3,ENE,60,,Y,1/2 chemicals listed on PAR. Other chem is Kammo
2018-0395,2020,CLP,Limestone,86016300,Wright,505,2701,Aquathol K,United Phosphorus Inc.,,Aquatic Solutions of Minnesota,5/4/2020,5/4/2020,2.5,4.5,1.5,1.5,ppm,10.7,gal,,,6,6,SE,,52,Y,PAR 2/2. Cost on record for PAR 1/2.
2017-0621,2020,CLP,Linwood,2002600,Anoka,506,2703,Dibrox,"Lake Restoration, Inc.",,Lake Restoration,5/4/2020,5/4/2020,27.4,5.8,1,1,gal/acre-ft,27.4,gal,55,55,3,6,E,45,,Y,PAR 2/3. Cost recorded on PAR 1/3.
2017-0621,2020,CLP,Linwood,2002600,Anoka,507,2704,Dibrox,"Lake Restoration, Inc.",,Lake Restoration,5/4/2020,5/4/2020,9.5,5.9,1,1,gal/acre-ft,9.5,gal,56,56,2,4,E,47,,Y,PAR 3/3. Cost recorded on PAR 1/3.
2018-0395,2020,CLP,Limestone,86016300,Wright,619,994,Aquathol K,United Phosphorus Inc.,,Aquatic Solutions of Minnesota,5/4/2020,5/4/2020,5.4,5,1,1,ppm,17.23,gal,,,5,5,SE,,52,Y,PAR 1/2. Cost on record for PAR 1/2.
2017-0621,2020,CLP,Linwood,2002600,Anoka,952,572,Dibrox,"Lake Restoration, Inc.",,Lake Restoration,5/4/2020,5/4/2020,4,6,1,1,gal/acre-ft,4,gal,55,55,2,5,E,42,,Y,PAR 1/3. Cost recorded on PAR 1/3.
2017-1154,2020,CLP,Bald Eagle,62000200,Ramsey,1338,1198,Diquat Herbicide,"Alligare, LLC",,"Lake Management, Inc.",5/4/2020,5/4/2020,13.6,4,2,2,gal/acre-ft,27.2,gal,,,6,8,ESE,57,,Y,7 PARs with one invoice reported on this first record; total of 72.6 acres. Record #1.
2017-1154,2020,CLP,Bald Eagle,62000200,Ramsey,1896,2419,Diquat Herbicide,"Alligare, LLC",,"Lake Management, Inc.",5/4/2020,5/4/2020,25.7,4,2,2,gal/acre-ft,51.4,gal,,,5,7,SE,56,,Y,Record #2.
2017-1154,2020,CLP,Bald Eagle,62000200,Ramsey,1897,2420,Diquat Herbicide,"Alligare, LLC",,"Lake Management, Inc.",5/4/2020,5/4/2020,11.5,4,2,2,gal/acre-ft,23,gal,,,7,8,ESE,59,,Y,Record #3.
2017-1154,2020,CLP,Bald Eagle,62000200,Ramsey,1898,2421,Diquat Herbicide,"Alligare, LLC",,"Lake Management, Inc.",5/4/2020,5/4/2020,8.8,4,2,2,gal/acre-ft,17.6,gal,,,7,9,ESE,60,,Y,Record #4.
2017-1154,2020,CLP,Bald Eagle,62000200,Ramsey,1899,2422,Diquat Herbicide,"Alligare, LLC",,"Lake Management, Inc.",5/4/2020,5/4/2020,7.6,4,2,2,gal/acre-ft,15.2,gal,,,5,8,SE,58,,Y,Record #5.
2017-1154,2020,CLP,Bald Eagle,62000200,Ramsey,1900,2423,Diquat Herbicide,"Alligare, LLC",,"Lake Management, Inc.",5/4/2020,5/4/2020,5.4,4,2,2,gal/acre-ft,10.8,gal,,,5,5,SE,58,,Y,Record #6.
2018-0787,2020,CLP,Roberds,66001800,Rice,,,Aquathol K,United Phosphorus Inc.,,"Lake Management, Inc.",5/4/2020,5/4/2020,20,6,1,1,ppm,64,gal,,,7,7,E,52,,Y,
2018-0293,2020,CLP,Fannie,30004300,Isanti,401,2597,Aquathol K,United Phosphorus Inc.,,Lake Restoration,5/5/2020,5/5/2020,3.5,5,0.6,0.6,gal/acre-ft,10.5,gal,56,56,3,3,ESE,50,,Y,1 ppm. PAR 2/10
2018-0293,2020,CLP,Fannie,30004300,Isanti,402,2598,Aquathol K,United Phosphorus Inc.,,Lake Restoration,5/5/2020,5/5/2020,2.5,5,0.6,0.6,gal/acre-ft,7.5,gal,56,56,3,3,ESE,50,,Y,1 ppm. PAR 3/10
2018-0293,2020,CLP,Fannie,30004300,Isanti,403,2599,Aquathol K,United Phosphorus Inc.,,Lake Restoration,5/5/2020,5/5/2020,8.5,5,0.6,0.6,gal/acre-ft,25.5,gal,56,56,3,3,ESE,51,,Y,1 ppm. PAR 4/10
2018-0293,2020,CLP,Fannie,30004300,Isanti,404,2600,Aquathol K,United Phosphorus Inc.,,Lake Restoration,5/5/2020,5/5/2020,4.2,5,0.6,0.6,gal/acre-ft,12.6,gal,55,55,4,4,ESE,47,,Y,1 ppm. PAR 5/10
2018-0293,2020,CLP,Fannie,30004300,Isanti,405,2601,Aquathol K,United Phosphorus Inc.,,Lake Restoration,5/5/2020,5/5/2020,3.25,5,0.6,0.6,gal/acre-ft,9.75,gal,56,56,5,5,ESE,50,,Y,1 ppm. PAR 6/10
2018-0293,2020,CLP,Fannie,30004300,Isanti,406,2602,Aquathol K,United Phosphorus Inc.,,Lake Restoration,5/5/2020,5/5/2020,1.9,5,0.6,0.6,gal/acre-ft,5.7,gal,56,56,2,2,ESE,50,,Y,1 ppm. PAR 7/10
2018-0293,2020,CLP,Fannie,30004300,Isanti,407,2603,Aquathol K,United Phosphorus Inc.,,Lake Restoration,5/5/2020,5/5/2020,5,5,0.6,0.6,gal/acre-ft,15,gal,55,55,4,4,ESE,48,,Y,1 ppm. PAR 8/10
2018-0293,2020,CLP,Fannie,30004300,Isanti,408,2604,Aquathol K,United Phosphorus Inc.,,Lake Restoration,5/5/2020,5/5/2020,2.8,5,0.6,0.6,gal/acre-ft,8.4,gal,56,56,3,3,ESE,50,,Y,1 ppm. PAR 9/10
2018-0293,2020,CLP,Fannie,30004300,Isanti,409,2605,Aquathol K,United Phosphorus Inc.,,Lake Restoration,5/5/2020,5/5/2020,1.1,5,0.6,0.6,gal/acre-ft,3.3,gal,55,55,3,3,SE,46,,Y,1 ppm. PAR 10/10
2018-0293,2020,CLP,Fannie,30004300,Isanti,977,596,Aquathol K,United Phosphorus Inc.,,Lake Restoration,5/5/2020,5/5/2020,3.6,5,0.6,0.6,gal/acre-ft,10.8,gal,54,54,1,3,SE,46,,Y,1 ppm. PAR 1/10. Total 36.35 acres (all 10 PARs).
2018-0118,2020,CLP,Pearl,73003700,Stearns,,,Aquathol K,United Phosphorus Inc.,,"Lake Management, Inc.",5/5/2020,5/5/2020,15.9,6.75,4,4,gal/acre,63.6,gal,,,2,2,N,53,,Y,PAR 1/3
2018-0118,2020,CLP,Pearl,73003700,Stearns,,,Aquathol K,United Phosphorus Inc.,,"Lake Management, Inc.",5/5/2020,5/5/2020,4.3,6.75,4,4,gal/acre,17.2,gal,,,4,4,N,54,,Y,PAR 2/3
2018-0118,2020,CLP,Pearl,73003700,Stearns,,,Aquathol K,United Phosphorus Inc.,,"Lake Management, Inc.",5/5/2020,5/5/2020,15,6.75,4,4,gal/acre,60,gal,,,3,3,N,56,,Y,PAR 3/3
,2020,CLP,Clear,81001401,Waseca,377,2573,Aquathol K,United Phosphorus Inc.,,Lakescapes LLC,5/6/2020,5/6/2020,3.3,,0.75,0.75,ppm,,,,,5,5,N,,,Y,PAR 2/3
2017-1307,2020,CLP,Clear,81001401,Waseca,378,2574,Aquathol K,United Phosphorus Inc.,,Lakescapes LLC,5/6/2020,5/6/2020,24.2,5,0.75,0.75,ppm,54.45,,,,5,5,N,,57,Y,PAR 3/3
,2020,CLP,Duck,7005300,Blue Earth,389,2585,Dibrox,"Lake Restoration, Inc.",,Lake Restoration,5/6/2020,5/6/2020,16.5,,2,2,gal/acre-ft,33,gal,58,58,3,9,NW,,,Y,2 ppm. PAR 2/3: Site 2
2018-1014,2020,CLP,Duck,7005300,Blue Earth,390,2586,Dibrox,"Lake Restoration, Inc.",,Lake Restoration,5/6/2020,5/6/2020,2.7,5,2,2,gal/acre,5.4,gal,58,58,5,7,NW,54,,Y,PAR 1/3: Site 4
2018-1014,2020,CLP,Duck,7005300,Blue Earth,962,587,Dibrox,"Lake Restoration, Inc.",,Lake Restoration,5/6/2020,5/6/2020,4.5,5,2,2,gal/acre,9,gal,58,58,5,7,NW,54,,Y,2 ppm. PAR 2/3: Site 1
2017-1307,2020,CLP,Clear,81001401,Waseca,1374,1236,Aquathol K,United Phosphorus Inc.,,Lakescapes LLC,5/6/2020,5/6/2020,2.5,5,0.75,0.75,ppm,5.625,gal,,,5,5,N,,57,Y,PAR 1/3. 67.477 gal of Aquathol K used between all 3 PARs.
2017-1307,2020,CLP,Clear,81001401,Waseca,,,Aquathol K,United Phosphorus Inc.,,Lakescapes LLC,5/6/2020,5/6/2020,3.3,5,0.75,0.75,ppm,7.425,gal,,,5,5,N,,57,Y,PAR 2/3. 67.477 gal of Aquathol K used between all 3 PARs.
2018-1014,2020,CLP,Duck,7005300,Blue Earth,,,Dibrox,"Lake Restoration, Inc.",,Lake Restoration,5/6/2020,5/6/2020,16.5,5,2,2,gal/acre,33,gal,58,58,3,9,NW,53,,Y,2 ppm. PAR 3/3: Site 2
2017-0365,2020,CLP,Long,47017700,Meeker,,,Aquathol K,United Phosphorus Inc.,,"Clarke Aquatic Services, Inc.",5/6/2020,5/6/2020,1,4,1,1,ppm,2.4,gal,58,58,7,7,NW,55,,Y,"PAR 1/4, 19 acres and 45.6 gallons total"
2017-0365,2020,CLP,Long,47017700,Meeker,,,Aquathol K,United Phosphorus Inc.,,"Clarke Aquatic Services, Inc.",5/6/2020,5/6/2020,8,4,1,1,ppm,19.2,gal,58,58,7,7,NW,55,,Y,"PAR 2/4, 19 acres and 45.6 gallons total"
2017-0365,2020,CLP,Long,47017700,Meeker,,,Aquathol K,United Phosphorus Inc.,,"Clarke Aquatic Services, Inc.",5/6/2020,5/6/2020,3,4,1,1,ppm,7.2,gal,58,58,7,7,NW,55,,Y,"PAR 3/4, 19 acres and 45.6 gallons total"
2017-0365,2020,CLP,Long,47017700,Meeker,,,Aquathol K,United Phosphorus Inc.,,"Clarke Aquatic Services, Inc.",5/6/2020,5/6/2020,7,4,1,1,ppm,16.8,gal,58,58,7,7,NW,55,,Y,"PAR 4/4, 19 acres and 45.6 gallons total"
2019-0880,2020,CLP,Cleary,70002200,Scott,1829,2377,Sonar A.S.,SePro Corp.,,PLM Lake and Land Management Corp.,5/6/2020,5/6/2020,145,5,,,ppb,0.85,gal,54,54,7,7,NNW,55,,Y,"rate missing and hard to calculate, especially because this seems to be a bump treatment. "
2019-0027,2020,CLP,Washington,40011700,Le Sueur,,,Aquathol K,United Phosphorus Inc.,,Lake Restoration,5/6/2020,5/6/2020,6.5,6.5,0.6,0.6,gal/acre-ft,25.35,gal,56,56,5,5,NW,46,,Y,PAR 6/7
2019-0027,2020,CLP,Washington,40011700,Le Sueur,,,Aquathol K,United Phosphorus Inc.,,Lake Restoration,5/6/2020,5/6/2020,14.6,7,0.6,0.6,gal/acre-ft,61.32,gal,56,56,3,8,NW,53,,Y,PAR 1/7
2019-0027,2020,CLP,Washington,40011700,Le Sueur,,,Aquathol K,United Phosphorus Inc.,,Lake Restoration,5/6/2020,5/6/2020,6.3,6,0.6,0.6,gal/acre-ft,22.68,gal,56,56,5,8,NW,55,,Y,PAR 2/7
2019-0027,2020,CLP,Washington,40011700,Le Sueur,,,Aquathol K,United Phosphorus Inc.,,Lake Restoration,5/6/2020,5/6/2020,6.5,5,0.6,0.6,gal/acre-ft,19.5,gal,58,58,5,5,NW,54,,Y,PAR 3/7
2019-0027,2020,CLP,Washington,40011700,Le Sueur,,,Aquathol K,United Phosphorus Inc.,,Lake Restoration,5/6/2020,5/6/2020,27.5,7,0.6,0.6,gal/acre-ft,115.5,gal,55,55,2,4,NW,46,,Y,PAR 4/7
2019-0027,2020,CLP,Washington,40011700,Le Sueur,,,Aquathol K,United Phosphorus Inc.,,Lake Restoration,5/6/2020,5/6/2020,15,6.5,0.6,0.6,gal/acre-ft,58.5,gal,55,55,2,5,NW,48,,Y,PAR 5/7
2019-0027,2020,CLP,Washington,40011700,Le Sueur,,,Aquathol K,United Phosphorus Inc.,,Lake Restoration,5/6/2020,5/6/2020,4.3,8,0.6,0.6,gal/acre-ft,20.64,gal,55,55,5,5,NW,46,,Y,PAR 7/7
2017-0973,2020,CLP,Sebie,18016100,Crow Wing,,,Aquathol K,United Phosphorus Inc.,,"Clarke Aquatic Services, Inc.",5/8/2020,5/8/2020,1.51,4.91,1.25,1.25,ppm,5.93,gal,54,54,8,8,NE,42,,Y,PAR 1/10
2017-0973,2020,CLP,Sebie,18016100,Crow Wing,,,Aquathol K,United Phosphorus Inc.,,"Clarke Aquatic Services, Inc.",5/8/2020,5/8/2020,1.14,4.48,1.25,1.25,ppm,4.09,gal,54,54,8,8,NE,42,,Y,PAR 2/10
2017-0973,2020,CLP,Sebie,18016100,Crow Wing,,,Aquathol K,United Phosphorus Inc.,,"Clarke Aquatic Services, Inc.",5/8/2020,5/8/2020,0.1,6.51,1.25,1.25,ppm,0.52,gal,54,54,8,8,NE,42,,Y,PAR 3/10
2017-0973,2020,CLP,Sebie,18016100,Crow Wing,,,Aquathol K,United Phosphorus Inc.,,"Clarke Aquatic Services, Inc.",5/8/2020,5/8/2020,0.29,5.39,1.25,1.25,ppm,1.25,gal,54,54,8,8,NE,42,,Y,PAR 4/10
2017-0973,2020,CLP,Sebie,18016100,Crow Wing,,,Aquathol K,United Phosphorus Inc.,,"Clarke Aquatic Services, Inc.",5/8/2020,5/8/2020,0.13,4.82,1.25,1.25,ppm,0.5,gal,54,54,8,8,NE,42,,Y,PAR 5/10
2017-0973,2020,CLP,Sebie,18016100,Crow Wing,,,Aquathol K,United Phosphorus Inc.,,"Clarke Aquatic Services, Inc.",5/8/2020,5/8/2020,0.69,4.15,1.25,1.25,ppm,2.29,gal,54,54,8,8,NE,42,,Y,PAR 6/10
2017-0973,2020,CLP,Sebie,18016100,Crow Wing,,,Aquathol K,United Phosphorus Inc.,,"Clarke Aquatic Services, Inc.",5/8/2020,5/8/2020,0.12,3.61,1.25,1.25,ppm,0.35,gal,54,54,8,8,NE,42,,Y,PAR 7/10
2017-0973,2020,CLP,Sebie,18016100,Crow Wing,,,Aquathol K,United Phosphorus Inc.,,"Clarke Aquatic Services, Inc.",5/8/2020,5/8/2020,0.12,5.36,1.25,1.25,ppm,0.51,gal,54,54,8,8,NE,42,,Y,PAR 8/10
2017-0973,2020,CLP,Sebie,18016100,Crow Wing,,,Aquathol K,United Phosphorus Inc.,,"Clarke Aquatic Services, Inc.",5/8/2020,5/8/2020,0.98,2.9,1.25,1.25,ppm,2.27,gal,54,54,8,8,NE,42,,Y,PAR 9/10
2017-0973,2020,CLP,Sebie,18016100,Crow Wing,,,Aquathol K,United Phosphorus Inc.,,"Clarke Aquatic Services, Inc.",5/8/2020,5/8/2020,0.1,6.08,1.25,1.25,ppm,0.49,gal,54,54,8,8,NE,42,,Y,PAR 10/10
,2020,EWM,George,2009100,Anoka,430,2626,Dibrox,"Lake Restoration, Inc.",,Lake Restoration,5/11/2020,5/11/2020,8.5,,2,2,gal/acre-ft,17,gal,54,54,7,7,NW,,,Y,PAR 2/4
,2020,EWM,George,2009100,Anoka,431,2627,Dibrox,"Lake Restoration, Inc.",,Lake Restoration,5/11/2020,5/11/2020,8.6,,2,2,gal/acre-ft,17.2,gal,54,54,7,7,NW,,,Y,PAR 3/4
,2020,EWM,George,2009100,Anoka,432,2628,Dibrox,"Lake Restoration, Inc.",,Lake Restoration,5/11/2020,5/11/2020,3.9,,0.75,0.75,gal/acre-ft,,,54,54,2,6,NW,,,Y,PAR 4/4
,2020,EWM,George,2009100,Anoka,950,567,Dibrox,"Lake Restoration, Inc.",,Lake Restoration,5/11/2020,5/11/2020,30.4,,1.8,1.8,gal/acre-ft,16.45,gal,54,54,3,3,NW,,,Y,PAR 1/4
,2020,CLP,Cedar,66005200,Rice,373,2569,Aquathol K,United Phosphorus Inc.,,Lakescapes LLC,5/11/2020,5/11/2020,3.5,,0.75,0.75,ppm,7.875,gal,52,52,5,5,N,,,Y,PAR 3/5
,2020,CLP,Cedar,66005200,Rice,374,2570,Aquathol K,United Phosphorus Inc.,,Lakescapes LLC,5/11/2020,5/11/2020,4.3,5,0.75,0.75,ppm,9.675,gal,52,52,5,5,N,,,Y,PAR 4/5
2017-1306,2020,CLP,Cedar,66005200,Rice,617,992,Aquathol K,United Phosphorus Inc.,,Lakescapes LLC,5/11/2020,5/11/2020,5.7,,0.75,0.75,ppm,62.578,gal,,,5,5,N,,52,Y,PAR 3/5
2017-1027,2020,CLP,George,2009100,Anoka,951,568,Dibrox,"Lake Restoration, Inc.",,Lake Restoration,5/11/2020,5/11/2020,16.5,4.58,2,2,gal/acre,33,gal,54,54,2,4,NW,39,,Y,1 of 5
2017-1306,2020,CLP,Cedar,66005200,Rice,,,Aquathol K,United Phosphorus Inc.,,Lakescapes LLC,5/11/2020,5/11/2020,4.3,5,0.75,0.75,ppm,9.67,gal,,,5,5,N,,52,Y,PAR 1/5
2017-1306,2020,CLP,Cedar,66005200,Rice,,,Aquathol K,United Phosphorus Inc.,,Lakescapes LLC,5/11/2020,5/11/2020,3.5,5,0.75,0.75,ppm,7.875,gal,,,5,5,N,,52,Y,PAR 2/5
2017-1306,2020,CLP,Cedar,66005200,Rice,,,Aquathol K,United Phosphorus Inc.,,Lakescapes LLC,5/11/2020,5/11/2020,8.3,7,0.75,0.75,ppm,26.14,gal,,,3,3,N,,52,Y,PAR 4/5
2017-1306,2020,CLP,Cedar,66005200,Rice,,,Aquathol K,United Phosphorus Inc.,,Lakescapes LLC,5/11/2020,5/11/2020,2.7,5,0.75,0.75,ppm,6.075,gal,,,3,3,N,,52,Y,PAR 5/5
2017-1027,2020,CLP,George,2009100,Anoka,,,Dibrox,"Lake Restoration, Inc.",,Lake Restoration,5/11/2020,5/11/2020,9.4,5,1.75,1.75,gal/acre,16.45,gal,54,54,3,3,NW,39,,Y,2 of 5
2017-1027,2020,CLP,George,2009100,Anoka,,,Dibrox,"Lake Restoration, Inc.",,Lake Restoration,5/11/2020,5/11/2020,8.5,5,2,2,gal/acre,17,gal,54,54,7,7,NW,38,,Y,3 of 5
2017-1027,2020,CLP,George,2009100,Anoka,,,Dibrox,"Lake Restoration, Inc.",,Lake Restoration,5/11/2020,5/11/2020,8.6,7.24,2,2,gal/acre,17.2,gal,54,54,7,7,NW,38,,Y,4 of 5
2017-1027,2020,CLP,George,2009100,Anoka,,,Dibrox,"Lake Restoration, Inc.",,Lake Restoration,5/11/2020,5/11/2020,3.9,1.5,0.75,0.75,gal/acre,2.925,gal,54,54,2,6,NW,41,,Y,5 of 5. amount used left blank but calculated based on size and rate.
2017-1709,2020,CLP,Bone,82005400,Washington,348,2542,Aquathol K,United Phosphorus Inc.,,"Lake Management, Inc.",5/12/2020,5/12/2020,2.47,4,1.25,1.25,ppm,7.9,gal,,,3,3,NE,47,,Y,PAR 2/2. 3.2 gal/acre
,2020,CLP,Cedar,66005200,Rice,372,2568,Aquathol K,United Phosphorus Inc.,,Lakescapes LLC,5/12/2020,5/12/2020,2.7,,0.75,0.75,ppm,6.075,gal,52,52,3,3,N,,,Y,PAR 2/5
,2020,CLP,Cedar,66005200,Rice,375,2571,Aquathol K,United Phosphorus Inc.,,Lakescapes LLC,5/12/2020,5/12/2020,8.3,,0.75,0.75,ppm,26.145,gal,52,52,3,3,N,,,Y,PAR 5/5
2017-0917,2020,CLP,Forest,82015900,Washington,418,2614,Aquathol K,United Phosphorus Inc.,,"Lake Management, Inc.",5/12/2020,5/12/2020,1.96,9,7.2,7.2,gal/acre,14.11,gal,56,56,,,,55,,Y,1.25 ppm. PAR 2/10. wind speed and direction blank.
2017-0917,2020,CLP,Forest,82015900,Washington,419,2615,Aquathol K,United Phosphorus Inc.,,"Lake Management, Inc.",5/12/2020,5/12/2020,0.62,9,7.2,7.2,gal/acre,4.46,gal,55,55,2,2,NE,54,,Y,1.25 ppm. PAR 3/10.
2017-0917,2020,CLP,Forest,82015900,Washington,420,2616,Aquathol K,United Phosphorus Inc.,,"Lake Management, Inc.",5/12/2020,5/12/2020,2.44,9,7.2,7.2,gal/acre,17.56,gal,56,56,3,3,NE,54,,Y,1.25 ppm. PAR 4/10.
2017-0917,2020,CLP,Forest,82015900,Washington,421,2617,Aquathol K,United Phosphorus Inc.,,"Lake Management, Inc.",5/12/2020,5/12/2020,21.33,9,7.2,7.2,gal/acre,153.57,gal,55,55,,,,48,,Y,1.25 ppm. PAR 5/10. wind speed and direction blank.
2017-0917,2020,CLP,Forest,82015900,Washington,422,2618,Aquathol K,United Phosphorus Inc.,,"Lake Management, Inc.",5/12/2020,5/12/2020,14.68,9,7.2,7.2,gal/acre,105.69,gal,55,55,2,2,SW,52,,Y,1.25 ppm. PAR 6/10.
2017-0917,2020,CLP,Forest,82015900,Washington,423,2619,Aquathol K,United Phosphorus Inc.,,"Lake Management, Inc.",5/12/2020,5/12/2020,3.92,9,7.2,7.2,gal/acre,28.22,gal,55,55,3,3,SW,50,,Y,1.25 ppm. PAR 7/10.
2017-0917,2020,CLP,Forest,82015900,Washington,424,2620,Aquathol K,United Phosphorus Inc.,,"Lake Management, Inc.",5/12/2020,5/12/2020,6.48,9,7.2,7.2,gal/acre,46.65,gal,55,55,3,3,SW,53,,Y,1.25 ppm. PAR 8/10.
2017-0917,2020,CLP,Forest,82015900,Washington,425,2621,Aquathol K,United Phosphorus Inc.,,"Lake Management, Inc.",5/12/2020,5/12/2020,2.15,9,7.2,7.2,gal/acre,15.48,gal,56,56,,,,54,,Y,1.25 ppm. PAR 9/10. wind speed and direction blank. 
2017-0917,2020,CLP,Forest,82015900,Washington,426,2622,Aquathol K,United Phosphorus Inc.,,"Lake Management, Inc.",5/12/2020,5/12/2020,4.1,9,7.2,7.2,gal/acre,29.52,gal,54,54,2,2,SW,53,,Y,1.25 ppm. PAR 10/10.
2017-1709,2020,CLP,Bone,82005400,Washington,556,922,Aquathol K,United Phosphorus Inc.,,"Lake Management, Inc.",5/12/2020,5/12/2020,2.67,4,1.25,1.25,ppm,8.5,gal,,,3,3,NE,47,,Y,PAR 1/2. 3.2 gal/acre
2017-0917,2020,CLP,Forest,82015900,Washington,597,969,Aquathol K,United Phosphorus Inc.,,"Lake Management, Inc.",5/12/2020,5/12/2020,1.63,9,7.2,7.2,gal/acre,11.73,gal,56,56,,,,56,,Y,1.25 ppm. PAR 1/10. wind speed and direction blank.
2017-0667,2020,CLP,Clear,82016300,Washington,,,Aquathol K,United Phosphorus Inc.,,"Lake Management, Inc.",5/12/2020,5/12/2020,5.31,4,3.2,3.2,gal/acre,16.99,gal,,,4,4,NE,39,,Y,
2018-1045,2020,CLP,Rush,13006901,Chisago,,,Aquathol K,United Phosphorus Inc. ,,Lake Restoration ,5/12/2020,5/12/2020,5.18,6.3,1.2,1.2,gal/acre-ft,39.16,gal,52,52,1,1,N,40,,Y,1 of 8. 2 ppm. 
2018-1045,2020,CLP,Rush,13006901,Chisago,,,Aquathol K,United Phosphorus Inc. ,,Lake Restoration ,5/12/2020,5/12/2020,3.8,4.1,1.8,1.8,gal/acre-ft,28.04,gal,52,52,1,1,SW,40,,Y,2 of 8. 3 ppm.
2018-1045,2020,CLP,Rush,13006901,Chisago,,,Aquathol K,United Phosphorus Inc. ,,Lake Restoration ,5/12/2020,5/12/2020,3.65,7.3,1.8,1.8,gal/acre-ft,47.96,gal,52,52,2,2,N,39,,Y,3 of 8. 3 ppm.
2018-1045,2020,CLP,Rush,13006901,Chisago,,,Aquathol K,United Phosphorus Inc. ,,Lake Restoration,5/12/2020,5/12/2020,7.37,5.9,1.2,1.2,gal/acre-ft,52.18,gal,52,52,1,1,N,39,,Y,4 of 8. 2 ppm
2018-1045,2020,CLP,Rush,13006901,Chisago,,,Aquathol K,United Phosphorus Inc. ,,Lake Restoration,5/12/2020,5/12/2020,2.15,5.6,1.8,1.8,gal/acre-ft,21.67,gal,52,52,,,,46,,Y,"5 of 8. 3 ppm. wind = light, variable direction."
2018-1045,2020,CLP,Rush,13006901,Chisago,,,Aquathol K,United Phosphorus Inc. ,,Lake Restoration,5/12/2020,5/12/2020,9.02,6,1.2,1.2,gal/acre-ft,64.94,gal,52,52,,,,46,,Y,"6 of 8. 2 ppm. wind = light, variable direction."
2018-1045,2020,CLP,Rush,13006901,Chisago,,,Aquathol K,United Phosphorus Inc. ,,Lake Restoration,5/12/2020,5/12/2020,4.03,5.7,1.8,1.8,gal/acre-ft,41.35,gal,53,53,,,,46,,Y,"7 of 8. 2 ppm. wind = light, variable direction."
2018-1045,2020,CLP,Rush,13006901,Chisago,,,Aquathol K,United Phosphorus Inc. ,,Lake Restoration,5/12/2020,5/12/2020,4.38,6.6,1.8,1.8,gal/acre-ft,52.03,gal,53,53,,,,48,,Y,"8 of 8. 2 ppm. wind = light, variable direction."
2017-1507,2020,CLP,Maple,86013400,Wright,,,Tribune,"Syngenta Crop Protection, LLC",,PLM Lake and Land Management Corp.,5/12/2020,5/12/2020,10.1,5,2,2,gal/acre,20.2,gal,59,59,0,5,W,56,,Y,
2018-0544,2020,CLP,Pleasant,86025100,Wright,,,Tribune,"Syngenta Crop Protection, LLC",,PLM Lake and Land Management Corp.,5/12/2020,5/12/2020,15,9.5,2,2,gal/acre,30,gal,57,57,0,5,E,56,,Y,
,2020,CLP,Darling,21008000,Douglas,387,2583,Aquathol K,United Phosphorus Inc.,,Lake Restoration,5/13/2020,5/13/2020,5,,1.2,1.2,gal/acre-ft,54,,55,55,0,0,,,,Y,2 ppm. PAR 2/3.
2017-2184,2020,CLP,Crooked,2008400,Anoka,,,Tribune,"Syngenta Crop Protection, LLC",,PLM Lake and Land Management Corp.,5/13/2020,5/13/2020,5.9,5,2,2,gal/acre,11.8,gal,57.4,57.4,7,7,SE,54,,Y,
2020-0043,2020,CLP,Coon,2004200,Anoka,949,566,Tribune,"Syngenta Crop Protection, LLC",,PLM Lake and Land Management Corp.,5/13/2020,5/13/2020,29.11,5,2,2,gal/acre,58.22,gal,54.7,54.7,8,8,SE,50,,Y,
2017-1050,2020,CLP,Benton,41004300,Lincoln,971,2150,Sonar A.S.,SePro Corp.,,PLM Lake and Land Management Corp.,5/14/2020,5/14/2020,1034,8,0.0015,0.0015,gal/acre-ft,13,gal,51.5,51.5,4,4,W,53,,Y,Is the quantity and rate of pesticide correct? No permit number.
2017-0109,2020,CLP,Sakatah,40000200,Le Sueur,,,Aquathol K,United Phosphorus Inc.,,"Midwest Aqua Care, Inc.",5/14/2020,5/14/2020,1.5,4,,,,6,gal,57,57,5.7,5.7,NW,70,,Y,1 of 3
2017-0109,2020,CLP,Sakatah,40000200,Le Sueur,,,Aquathol K,United Phosphorus Inc.,,"Midwest Aqua Care, Inc.",5/14/2020,5/14/2020,3.1,4,,,,9.92,gal,57,57,5.1,5.1,NW,70,,Y,2 of 3
2017-0109,2020,CLP,Sakatah,40000200,Le Sueur,,,Aquathol K,United Phosphorus Inc.,,"Midwest Aqua Care, Inc.",5/14/2020,5/14/2020,10,6,,,,36,gal,57,57,5.9,5.9,NW,70,,Y,3 of 3
,2020,CLP,Beebe,86002300,Wright,238,2433,Aquathol K,United Phosphorus Inc.,,Aquatic Solutions of Minnesota,5/15/2020,5/15/2020,3.1,,1.75,1.75,ppm,27.7,gal,,,4,4,NW,,,Y,PAR 2/3
,2020,CLP,Beebe,86002300,Wright,239,2434,Aquathol K,United Phosphorus Inc.,,Aquatic Solutions of Minnesota,5/15/2020,5/15/2020,0.8,,2,2,ppm,7.66,gal,,,4,4,NW,,,Y,PAR 3/3
2018-0670,2020,CLP,Briggs,71014600,Sherburne,349,2543,Aquathol K,United Phosphorus Inc.,,"Lake Management, Inc.",5/15/2020,5/15/2020,2.8,5,3,3,gal/acre-ft,8.4,gal,,,6,6,N,54,,Y,1 ppm. PAR 2/5
2018-0670,2020,CLP,Briggs,71014600,Sherburne,350,2544,Aquathol K,United Phosphorus Inc.,,"Lake Management, Inc.",5/15/2020,5/15/2020,15.4,5,3,3,gal/acre-ft,46.2,gal,,,6,6,N,56,,Y,1 ppm. PAR 3/5
2018-0670,2020,CLP,Briggs,71014600,Sherburne,351,2545,Aquathol K,United Phosphorus Inc.,,"Lake Management, Inc.",5/15/2020,5/15/2020,3.9,5,3,3,gal/acre-ft,11.7,gal,,,7,7,N,58,,Y,PAR 4/5
2018-0670,2020,CLP,Briggs,71014600,Sherburne,352,2546,Aquathol K,United Phosphorus Inc.,,"Lake Management, Inc.",5/15/2020,5/15/2020,4.9,5,3,3,gal/acre-ft,14.7,gal,,,7,7,N,57,,Y,1 ppm. PAR 5/5
2020-0172,2020,CLP,Clearwater,86025200,Wright,379,2575,Aquathol K,United Phosphorus Inc.,,Lake Restoration,5/15/2020,5/15/2020,6.7,3,0.6,0.6,gal/acre-ft,12.06,gal,54,54,4,8,WNW,48,,Y,1 ppm. Sites 7A and 7C combined in cost; this is the PAR for 7C. Document lists 5/14 and 5/15 but all appear to be from the same date. 
2020-0172,2020,CLP,Clearwater,86025200,Wright,380,2576,Aquathol K,United Phosphorus Inc.,,Lake Restoration,5/15/2020,5/15/2020,5.8,5,0.6,0.6,gal/acre-ft,17.4,gal,55,55,4,8,WNW,48,,Y,1 ppm. Sites 7A and 7C combined in cost; this is the PAR for 7A. Document lists 5/14 and 5/15 but all appear to be from the same date. 
2020-0172,2020,CLP,Clearwater,86025200,Wright,381,2577,Aquathol K,United Phosphorus Inc.,,Lake Restoration,5/15/2020,5/15/2020,1,2.5,1.8,1.8,gal/acre-ft,4.5,gal,55,55,4,8,WNW,49,,Y,1 ppm. Site 8. Document lists 5/14 and 5/15 but all appear to be from the same date. 
2020-0172,2020,CLP,Clearwater,86025200,Wright,382,2578,Aquathol K,United Phosphorus Inc.,,Lake Restoration,5/15/2020,5/15/2020,6.8,2.5,0.6,0.6,gal/acre-ft,10.2,gal,55,55,1,3,WNW,50,,Y,1 ppm. Site 9. Document lists 5/14 and 5/15 but all appear to be from the same date. 
2019-3431,2020,CLP,Darling,21008000,Douglas,388,2584,Aquathol K,United Phosphorus Inc.,,Lake Restoration,5/15/2020,5/15/2020,3,8,1.8,1.8,gal/acre-ft,45.2,gal,55,55,2,2,N,61,,Y,3 ppm. PAR 3/3.
2019-3431,2020,CLP,Darling,21008000,Douglas,574,943,Aquathol K,United Phosphorus Inc.,,Lake Restoration,5/15/2020,5/15/2020,1,10,1.8,1.8,gal/acre-ft,18,gal,54,54,0,0,,61,,Y,"3 ppm. PAR 1/3. wind = ""calm"""
2018-0670,2020,CLP,Briggs,71014600,Sherburne,608,982,Aquathol K,United Phosphorus Inc.,,"Lake Management, Inc.",5/15/2020,5/15/2020,5,5,3,3,gal/acre-ft,15,gal,,,6,6,N,54,,Y,1 ppm. PAR 1/5
2018-0672,2020,CLP,Julia,71014500,Sherburne,609,983,Aquathol K,United Phosphorus Inc.,,"Lake Management, Inc.",5/15/2020,5/15/2020,8,5,1,1,ppm,24,gal,,,5,5,N,52,,Y,3 gal/acre ft
,2020,CLP,Beebe,86002300,Wright,1340,1200,Aquathol K,United Phosphorus Inc.,,Aquatic Solutions of Minnesota,5/15/2020,5/15/2020,10.6,,1.1,1.1,ppm,66.95,gal,,,4,4,NW,,,Y,PAR 1/3
2020-0172,2020,CLP,Clearwater,86025200,Wright,1379,1242,Aquathol K,United Phosphorus Inc.,,Lake Restoration,5/15/2020,5/15/2020,7,3,0.9,0.9,gal/acre-ft,18.9,gal,55,55,4,8,WNW,48,,Y,1 ppm. Site 7B. Document lists 5/14 and 5/15 but all appear to be from the same date. 
2019-3431,2020,CLP,Darling,21008000,Douglas,,,Aquathol K,United Phosphorus Inc.,,Lake Restoration,5/15/2020,5/15/2020,5,9,1.2,1.2,gal/acre-ft,54,gal,55,55,0,0,,61,,Y,"2 ppm. PAR 2/3. wind = ""calm"""
2017-1881,2020,CLP,Minnetonka,27013300,Hennepin,,,Tribune,"Syngenta Crop Protection, LLC",,PLM Lake and Land Management Corp.,5/15/2020,5/15/2020,27.3,5,2,2,gal/acre,54.6,gal,60,60,5,5,NNW,63,,Y,Carman Bay
2017-1037,2020,CLP,Minnetonka,27013303,Hennepin,,,Tribune,"Syngenta Crop Protection, LLC",,PLM Lake and Land Management Corp.,5/15/2020,5/15/2020,4.8,7.5,2,2,gal/acre,9.6,gal,58.9,58.9,9,9,NNW,57,,Y,Carsons Bay
2019-1617,2020,CLP,Minnetonka,27013300,Hennepin,,,Tribune,"Syngenta Crop Protection, LLC",,PLM Lake and Land Management Corp.,5/15/2020,5/15/2020,18.9,5,2,2,gal/acre,37.8,gal,57.4,57.4,7,7,NNW,63,,Y,Gideon Bay
2017-1044,2020,CLP,Minnetonka,27013313,Hennepin,,,Tribune,"Syngenta Crop Protection, LLC",,PLM Lake and Land Management Corp.,5/15/2020,5/15/2020,47.7,7,2,2,gal/acre,95.4,gal,58.4,58.4,9,9,NNW,57,,Y,North Arm
2017-0671,2020,CLP,Rush,71014700,Sherburne,,,Aquathol K,United Phosphorus Inc.,,"Lake Management, Inc.",5/15/2020,5/15/2020,20,5,1,1,ppm,60,gal,,,7,7,N,57,,Y,1 of 2
2017-0671,2020,CLP,Rush,71014700,Sherburne,,,Aquathol K,United Phosphorus Inc.,,"Lake Management, Inc.",5/15/2020,5/15/2020,4,5,1,1,ppm,12,gal,,,7,7,N,57,,Y,2 of 2
2017-1825,2020,CLP,Tetonka,40003100,Le Sueur,,,Aquathol K,United Phosphorus Inc.,,Lakescapes LLC,5/15/2020,5/15/2020,16.87,5,0.75,0.75,ppm,124.32,gal,,,5,5,N,,58,Y,PAR 1/8
2017-1825,2020,CLP,Tetonka,40003100,Le Sueur,,,Aquathol K,United Phosphorus Inc.,,Lakescapes LLC,5/15/2020,5/15/2020,5.12,4,0.75,0.75,ppm,9.216,gal,,,5,5,N,,58,Y,PAR 2/8
2017-1825,2020,CLP,Tetonka,40003100,Le Sueur,,,Aquathol K,United Phosphorus Inc.,,Lakescapes LLC,5/15/2020,5/15/2020,7.57,7,0.75,0.75,ppm,23.845,gal,,,5,5,N,,57,Y,PAR 3/8
2017-1825,2020,CLP,Tetonka,40003100,Le Sueur,,,Aquathol K,United Phosphorus Inc.,,Lakescapes LLC,5/15/2020,5/15/2020,1.8,5,0.75,0.75,ppm,4.05,gal,,,5,5,N,,58,Y,PAR 4/8
2017-1825,2020,CLP,Tetonka,40003100,Le Sueur,,,Aquathol K,United Phosphorus Inc.,,Lakescapes LLC,5/15/2020,5/15/2020,6.59,4,0.75,0.75,ppm,11.862,gal,,,3,3,N,,57,Y,PAR 5/8
2017-1825,2020,CLP,Tetonka,40003100,Le Sueur,,,Aquathol K,United Phosphorus Inc.,,Lakescapes LLC,5/15/2020,5/15/2020,3.61,4,0.75,0.75,ppm,6.498,gal,,,3,3,N,,58,Y,PAR 6/8
2017-1825,2020,CLP,Tetonka,40003100,Le Sueur,,,Aquathol K,United Phosphorus Inc.,,Lakescapes LLC,5/15/2020,5/15/2020,10.09,4,0.75,0.75,ppm,18.162,gal,,,3,3,N,,58,Y,PAR 7/8
2017-1825,2020,CLP,Tetonka,40003100,Le Sueur,,,Aquathol K,United Phosphorus Inc.,,Lakescapes LLC,5/15/2020,5/15/2020,7.09,4,0.75,0.75,ppm,12.762,gal,,,3,3,N,,58,Y,PAR 8/8
,2020,CLP,Eagle,71006700,Sherburne,391,2587,Aquathol K,United Phosphorus Inc.,,Aquatic Solutions of Minnesota,5/16/2020,5/16/2020,,,1,1,ppm,28.7,gal,,,4,4,NE,,,Y,PAR 2/8
,2020,CLP,Eagle,71006700,Sherburne,392,2588,Aquathol K,United Phosphorus Inc.,,Aquatic Solutions of Minnesota,5/16/2020,5/16/2020,6,,1,1,ppm,20.7,gal,,,5,5,NE,,,Y,PAR 3/8
,2020,CLP,Eagle,71006700,Sherburne,393,2589,Aquathol K,United Phosphorus Inc.,,Aquatic Solutions of Minnesota,5/16/2020,5/16/2020,6.5,,1,1,ppm,25.4,gal,,,5,5,NE,,,Y,PAR 4/8
,2020,CLP,Eagle,71006700,Sherburne,394,2590,Aquathol K,United Phosphorus Inc.,,Aquatic Solutions of Minnesota,5/16/2020,5/16/2020,5,,1,1,ppm,16,gal,,,5,5,NE,,,Y,PAR 5/8
,2020,CLP,Eagle,71006700,Sherburne,395,2591,Aquathol K,United Phosphorus Inc.,,Aquatic Solutions of Minnesota,5/16/2020,5/16/2020,5,,1,1,ppm,14.4,gal,,,5,5,NE,,,Y,PAR 6/8
,2020,CLP,Eagle,71006700,Sherburne,396,2592,Aquathol K,United Phosphorus Inc.,,Aquatic Solutions of Minnesota,5/16/2020,5/16/2020,4.5,,1,1,ppm,19.2,gal,,,6,6,NE,,,Y,PAR 7/8
,2020,CLP,Eagle,71006700,Sherburne,397,2593,Aquathol K,United Phosphorus Inc.,,Aquatic Solutions of Minnesota,5/16/2020,5/16/2020,6.5,,1,1,ppm,36.5,gal,,,6,6,NE,,,Y,PAR 8/8
2018-1228,2020,CLP,Eagle,71006700,Sherburne,1617,1292,Aquathol K,United Phosphorus Inc.,,Aquatic Solutions of Minnesota,5/16/2020,5/16/2020,7,6,1,1,ppm,26.8,gal,,,6,6,NE,,40,Y,PAR 1/8
2018-1228,2020,CLP,Eagle,71006700,Sherburne,,,Aquathol K,United Phosphorus Inc.,,Aquatic Solutions of Minnesota,5/16/2020,5/16/2020,6,7.5,1,1,ppm,28.7,gal,,,4,4,NE,,40,Y,PAR 2/8
2018-1228,2020,CLP,Eagle,71006700,Sherburne,,,Aquathol K,United Phosphorus Inc.,,Aquatic Solutions of Minnesota,5/16/2020,5/16/2020,6,6.5,1,1,ppm,20.7,gal,,,5,5,NE,,40,Y,PAR 3/8
2018-1228,2020,CLP,Eagle,71006700,Sherburne,,,Aquathol K,United Phosphorus Inc.,,Aquatic Solutions of Minnesota,5/16/2020,5/16/2020,6.5,7.25,1,1,ppm,25.4,gal,,,5,5,NE,,42,Y,PAR 4/8
2018-1228,2020,CLP,Eagle,71006700,Sherburne,,,Aquathol K,United Phosphorus Inc.,,Aquatic Solutions of Minnesota,5/16/2020,5/16/2020,5,4.5,1,1,ppm,16,gal,,,5,5,NE,,42,Y,PAR 5/8
2018-1228,2020,CLP,Eagle,71006700,Sherburne,,,Aquathol K,United Phosphorus Inc.,,Aquatic Solutions of Minnesota,5/16/2020,5/16/2020,5,5,1,1,ppm,14.4,gal,,,5,5,NE,,42,Y,PAR 6/8
2018-1228,2020,CLP,Eagle,71006700,Sherburne,,,Aquathol K,United Phosphorus Inc.,,Aquatic Solutions of Minnesota,5/16/2020,5/16/2020,4.5,6.7,1,1,ppm,19.2,gal,,,6,6,NE,,42,Y,PAR 7/8
2018-1228,2020,CLP,Eagle,71006700,Sherburne,,,Aquathol K,United Phosphorus Inc.,,Aquatic Solutions of Minnesota,5/16/2020,5/16/2020,6.5,8.8,1,1,ppm,36.5,gal,,,6,6,NE,,42,Y,PAR 8/8
2020-0140,2020,CLP,Middle Cullen,18037700,Crow Wing,,,Aquathol K,United Phosphorus Inc.,,"Clarke Aquatic Services, Inc.",5/18/2020,5/18/2020,2.98,8,1.5,1.5,ppm,23.84,gal,53,53,7,7,E,73,,Y,
2020-0141,2020,CLP,Upper Cullen,18037600,Crow Wing,,,Aquathol K,United Phosphorus Inc.,,"Clarke Aquatic Services, Inc. ",5/18/2020,5/18/2020,2,7.87,1.5,1.5,ppm,15.74,gal,53,53,7,7,NE,55,,Y,PAR 1/4
2020-0141,2020,CLP,Upper Cullen,18037600,Crow Wing,,,Aquathol K,United Phosphorus Inc.,,"Clarke Aquatic Services, Inc. ",5/18/2020,5/18/2020,4.79,7.8,1.5,1.5,ppm,37.36,gal,53,53,7,7,NE,55,,Y,PAR 2/4
2020-0141,2020,CLP,Upper Cullen,18037600,Crow Wing,,,Aquathol K,United Phosphorus Inc.,,"Clarke Aquatic Services, Inc. ",5/18/2020,5/18/2020,2.35,6.58,1.5,1.5,ppm,15.46,gal,53,53,7,7,NE,55,,Y,PAR 3/4
2020-0141,2020,CLP,Upper Cullen,18037600,Crow Wing,,,Aquathol K,United Phosphorus Inc.,,"Clarke Aquatic Services, Inc. ",5/18/2020,5/18/2020,1.67,6.16,1.5,1.5,ppm,10.29,gal,53,53,7,7,NE,55,,Y,PAR 4/4
2017-0820,2020,CLP,Cedar,86022700,Wright,1589,1260,Tribune,"Syngenta Crop Protection, LLC",,PLM Lake and Land Management Corp.,5/19/2020,5/19/2020,13.5,7.8,2,2,gal/acre,27,gal,57.3,57.3,8,8,E,64,,Y,
2020-0139,2020,CLP,Lower Cullen,18040300,Crow Wing,,,Aquathol K,United Phosphorus Inc. ,,"Clarke Aquatic Services, Inc. ",5/19/2020,5/19/2020,7.86,7.83,1,1,ppm,36.93,gal,52,52,5,5,E,55,,Y,PAR 1/5. 22.05 acres. 
2020-0139,2020,CLP,Lower Cullen,18040300,Crow Wing,,,Aquathol K,United Phosphorus Inc. ,,"Clarke Aquatic Services, Inc. ",5/19/2020,5/19/2020,4.58,6.8,1.5,1.5,ppm,31.14,gal,52,52,5,5,E,55,,Y,PAR 2/5. 22.05 acres. 
2020-0139,2020,CLP,Lower Cullen,18040300,Crow Wing,,,Aquathol K,United Phosphorus Inc. ,,"Clarke Aquatic Services, Inc. ",5/19/2020,5/19/2020,3.41,4.81,1.5,1.5,ppm,16.4,gal,52,52,5,5,E,55,,Y,PAR 3/5. 22.05 acres. 
2020-0139,2020,CLP,Lower Cullen,18040300,Crow Wing,,,Aquathol K,United Phosphorus Inc. ,,"Clarke Aquatic Services, Inc. ",5/19/2020,5/19/2020,2.88,9.04,1.5,1.5,ppm,26.04,gal,52,52,5,5,E,55,,Y,PAR 4/5. 22.05 acres. 
2020-0139,2020,CLP,Lower Cullen,18040300,Crow Wing,,,Aquathol K,United Phosphorus Inc. ,,"Clarke Aquatic Services, Inc. ",5/19/2020,5/19/2020,3.32,9.23,1.5,1.5,ppm,30.64,gal,52,52,5,5,E,55,,Y,PAR 5/5. 22.05 acres. 
2020-0140,2020,CLP,Middle Cullen,18037700,Crow Wing,,,Aquathol K,United Phosphorus Inc.,,"Clarke Aquatic Services, Inc.",5/19/2020,5/19/2020,1.38,9.02,1.5,1.5,ppm,12.45,gal,55,55,7,7,SE,71,,Y,PAR 1/5
2020-0140,2020,CLP,Middle Cullen,18037700,Crow Wing,,,Aquathol K,United Phosphorus Inc.,,"Clarke Aquatic Services, Inc.",5/19/2020,5/19/2020,2.42,8.37,1.5,1.5,ppm,20.26,gal,55,55,7,7,SE,71,,Y,PAR 2/5
2020-0140,2020,CLP,Middle Cullen,18037700,Crow Wing,,,Aquathol K,United Phosphorus Inc.,,"Clarke Aquatic Services, Inc.",5/19/2020,5/19/2020,1.34,7.5,1.5,1.5,ppm,10.05,gal,55,55,7,7,SE,71,,Y,PAR 3/5
2020-0140,2020,CLP,Middle Cullen,18037700,Crow Wing,,,Aquathol K,United Phosphorus Inc.,,"Clarke Aquatic Services, Inc.",5/19/2020,5/19/2020,1.25,6,1.5,1.5,ppm,7.5,gal,55,55,7,7,SE,71,,Y,PAR 4/5
2020-0140,2020,CLP,Middle Cullen,18037700,Crow Wing,,,Aquathol Super K,United Phosphorus Inc.,,"Clarke Aquatic Services, Inc.",5/19/2020,5/19/2020,3.8,6.95,1.5,1.5,ppm,120,lbs,55,55,7,7,SE,71,,Y,PAR 5/5
2017-1097,2020,CLP,Minnewashta,10000900,Carver,,,Dibrox,"Lake Restoration, Inc.",,Lake Restoration,5/19/2020,5/19/2020,7.6,5.5,2,2,gal/acre,15.2,gal,56,56,3,3,E,54,,Y,PAR 1/9
2017-1097,2020,CLP,Minnewashta,10000900,Carver,,,Dibrox,"Lake Restoration, Inc.",,Lake Restoration,5/19/2020,5/19/2020,3.6,5.6,2,2,gal/acre,7.2,gal,56,56,4,4,E,54,,Y,PAR 2/9
2017-1097,2020,CLP,Minnewashta,10000900,Carver,,,Dibrox,"Lake Restoration, Inc.",,Lake Restoration,5/19/2020,5/19/2020,3.2,5,2,2,gal/acre,6.4,gal,56,56,4,4,E,54,,Y,PAR 3/9
2017-1097,2020,CLP,Minnewashta,10000900,Carver,,,Dibrox,"Lake Restoration, Inc.",,Lake Restoration,5/19/2020,5/19/2020,2.4,7.5,2,2,gal/acre,4.8,gal,55,55,4,4,E,54,,Y,PAR 4/9
2017-1097,2020,CLP,Minnewashta,10000900,Carver,,,Dibrox,"Lake Restoration, Inc.",,Lake Restoration,5/19/2020,5/19/2020,4,5,2,2,gal/acre,8,gal,55,55,5,5,E,54,,Y,PAR 5/9
2017-1097,2020,CLP,Minnewashta,10000900,Carver,,,Dibrox,"Lake Restoration, Inc.",,Lake Restoration,5/19/2020,5/19/2020,1.5,9,2,2,gal/acre,3,gal,56,56,10,10,E,55,,Y,PAR 6/9
2017-1097,2020,CLP,Minnewashta,10000900,Carver,,,Dibrox,"Lake Restoration, Inc.",,Lake Restoration,5/19/2020,5/19/2020,3.7,4.25,2,2,gal/acre,7.2,gal,56,56,10,10,E,55,,Y,PAR 7/9 Math is a little funky for total chem with rate and area. 
2017-1097,2020,CLP,Minnewashta,10000900,Carver,,,Dibrox,"Lake Restoration, Inc.",,Lake Restoration,5/19/2020,5/19/2020,9.6,7.5,2,2,gal/acre,19.2,gal,56,56,6,6,E,55,,Y,PAR 8/9
2017-1097,2020,CLP,Minnewashta,10000900,Carver,,,Dibrox,"Lake Restoration, Inc.",,Lake Restoration,5/19/2020,5/19/2020,1,9.5,2,2,gal/acre,2,gal,56,56,3,3,E,55,,Y,PAR 9/9
2017-0620,2020,CLP,Quamba,33001500,Kanabec,,,Aquathol K,United Phosphorus Inc.,,Aquatic Solutions of Minnesota,5/19/2020,5/19/2020,10,3,1,1,ppm,19.4,gal,,,7,7,E,,65,Y,1 of 2
2017-0620,2020,CLP,Quamba,33001500,Kanabec,,,Aquathol K,United Phosphorus Inc.,,Aquatic Solutions of Minnesota,5/19/2020,5/19/2020,17.8,3.5,1.5,1.5,ppm,59.62,gal,,,6,8,NE,,65,Y,2 of 2
2020-0181,2020,CLP,Rice,2000800,Anoka,,,Dibrox,"Lake Restoration, Inc.",,Lake Restoration,5/19/2020,5/19/2020,23,4.5,1,1,gal/acre,23,gal,55,55,5,5,E,60,,Y,"Conversion from ppm to gallons used seems wrong. If ppm is accurate, should be more like 33.7 gallons used. PAR document contained permit aswell"
2018-1664,2020,CLP,West Sylvia,86027900,Wright,,,Aquathol K,United Phosphorus Inc. ,,Lake Restoration,5/19/2020,5/19/2020,0.51,5,5,5,ppm,7.65,gal,58,58,6,6,E,62,,Y,PAR 1/2
2018-1664,2020,CLP,West Sylvia,86027900,Wright,,,Aquathol K,United Phosphorus Inc. ,,Lake Restoration,5/19/2020,5/19/2020,0.79,7.5,5,5,ppm,11.85,gal,58,58,6,6,E,62,,Y,PAR 2/2
2018-1512,2020,CLP,Weaver,27011700,Hennepin,,,Tribune,"Syngenta Crop Protection, LLC",,PLM Lake and Land Management Corp.,5/19/2020,5/19/2020,9.9,5,2,2,gal/acre,19.8,gal,66,66,10,10,E,70,,Y,
2018-1015,2020,CLP,Green,30013600,Isanti,447,2643,Dibrox,"Lake Restoration, Inc.",,Lake Restoration,5/20/2020,5/20/2020,10.4,5,1.5,1.5,gal/acre,15.6,gal,58,58,7,7,E,63,,Y,PAR 2/4.
2018-1015,2020,CLP,Green,30013600,Isanti,448,2644,Dibrox,"Lake Restoration, Inc.",,Lake Restoration,5/20/2020,5/20/2020,14.8,5,1.5,1.5,gal/acre-ft,22.2,gal,58,58,7,7,E,63,,Y,PAR 3/4.
2018-1015,2020,CLP,Green,30013600,Isanti,449,2645,Dibrox,"Lake Restoration, Inc.",,Lake Restoration,5/20/2020,5/20/2020,9.7,4.5,1.5,1.5,gal/acre-ft,14.55,gal,58,58,7,7,E,65,,Y,PAR 4/4.
2018-1015,2020,CLP,Green,30013600,Isanti,979,599,Dibrox,"Lake Restoration, Inc.",,Lake Restoration,5/20/2020,5/20/2020,15.6,5,1.5,1.5,gal/acre,23.4,gal,58,58,7,7,E,65,,Y,PAR 1/4.
2018-0912,2020,CLP,Bass,86023400,Wright,1342,1202,Aquathol K,United Phosphorus Inc.,,Lake Restoration,5/20/2020,5/20/2020,6.06,8,1.2,1.2,gal/acre-ft,58.18,gal,60,60,5,8,SE,63,,Y,
2017-1072,2020,CLP,Platte,18008800,Crow Wing,,,Aquathol K,United Phosphorus Inc. ,,PLM Lake and Land Management Corp. ,5/20/2020,5/20/2020,43.2,9,0.75,0.75,gal/acre-ft,290.6,gal,60,60,5,10,SE,61,,Y,
2018-0543,2020,CLP,Fish Trap,49013700,Morrison,412,2608,Aquathol K,United Phosphorus Inc.,,Lake Restoration,5/21/2020,5/21/2020,1.68,8,1.25,1.25,gal/acre-ft,16.13,gal,57,57,3,8,SSE,50,,Y,2 ppm. PAR 2/6
2018-0543,2020,CLP,Fish Trap,49013700,Morrison,413,2609,Aquathol K,United Phosphorus Inc.,,Lake Restoration,5/21/2020,5/21/2020,1.33,8,1.25,1.25,gal/acre-ft,12.77,gal,57,57,6,11,SSE,58,,Y,2 ppm. PAR 3/6
2018-0543,2020,CLP,Fish Trap,49013700,Morrison,414,2610,Aquathol K,United Phosphorus Inc.,,Lake Restoration,5/21/2020,5/21/2020,1.09,8,1.25,1.25,gal/acre-ft,10.46,gal,58,58,0,3,SSE,58,,Y,2 ppm. PAR 4/6
2018-0543,2020,CLP,Fish Trap,49013700,Morrison,415,2611,Aquathol K,United Phosphorus Inc.,,Lake Restoration,5/21/2020,5/21/2020,1.11,8,1.25,1.25,gal/acre-ft,10.66,gal,58,58,4,10,SSE,58,,Y,2 ppm. PAR 5/6
2019-1328,2020,EWM,Long,82011800,Washington,,,Tribune,"Syngenta Crop Protection, LLC",,PLM Lake and Land Management Corp.,5/21/2020,5/21/2020,8.32,7,1.3,1.3,gal/acre,10.78,gal,63.5,63.5,7,7,SSE,61,,Y,2 pesticides listed for same PAR
2018-0543,2020,CLP,Fish Trap,49013700,Morrison,416,2612,Aquathol K,United Phosphorus Inc.,,Lake Restoration,5/21/2020,5/21/2020,1.58,8,1.25,1.25,gal/acre-ft,15.17,gal,58,58,5,9,SSE,58,,Y,2 ppm. PAR 6/6
2018-0543,2020,CLP,Fish Trap,49013700,Morrison,1377,1240,Aquathol K,United Phosphorus Inc.,,Lake Restoration,5/21/2020,5/21/2020,2.45,8,1.25,1.25,gal/acre-ft,23.52,gal,58,58,4,9,SSE,58,,Y,2 ppm. PAR 1/6
2017-0121,2020,CLP,Bolfing,73008800,Stearns,1625,1302,Aquathol K,United Phosphorus Inc.,,"Clarke Aquatic Services, Inc.",5/21/2020,5/21/2020,1,7,2,2,ppm,9.1,gal,61,61,5,5,SE,61,,Y,
2017-0123,2020,CLP,Great Northern,73008300,Stearns,1627,1304,Aquathol K,United Phosphorus Inc.,,"Clarke Aquatic Services, Inc.",5/21/2020,5/21/2020,1.7,4.9,2,2,ppm,10.83,gal,61,61,5,5,SE,61,,Y,
2017-0045,2020,CLP,Horseshoe,73015700,Stearns,1628,1305,Aquathol K,United Phosphorus Inc.,,"Clarke Aquatic Services, Inc.",5/21/2020,5/21/2020,5.4,3.1,2,2,ppm,21.76,gal,61,61,5,5,SE,61,,Y,
2017-0120,2020,CLP,Knaus,73008600,Stearns,1629,1306,Aquathol K,United Phosphorus Inc.,,"Clarke Aquatic Services, Inc.",5/21/2020,5/21/2020,4,5.5,2,2,ppm,28.6,gal,61,61,5,5,SE,61,,Y,
2017-0122,2020,CLP,Krays,73008700,Stearns,1630,1307,Aquathol K,United Phosphorus Inc.,,"Clarke Aquatic Services, Inc.",5/21/2020,5/21/2020,1.8,3.6,2,2,ppm,8.42,gal,61,61,5,5,SE,61,,Y,
2017-0047,2020,CLP,Long,73013900,Stearns,,,Aquathol K,United Phosphorus Inc.,,"Clarke Aquatic Services, Inc.",5/21/2020,5/21/2020,2,2.5,2,2,ppm,6.5,gal,61,61,5,5,SE,61,,Y,
2020-0185,2020,CLP,South Long,18013600,Crow Wing,,,Aquathol K,United Phosphorus Inc.,,Lake Restoration,5/21/2020,5/21/2020,0.6,7.5,5,5,ppm,16.2,gal,60,60,8.5,8.5,ESE,65,,Y,PAR 1/3
2020-0185,2020,CLP,South Long,18013600,Crow Wing,,,Aquathol K,United Phosphorus Inc.,,Lake Restoration,5/21/2020,5/21/2020,0.6,7.5,5,5,ppm,16.2,gal,60,60,7,7,ESE,65,,Y,PAR 2/3
2020-0185,2020,CLP,South Long,18013600,Crow Wing,,,Aquathol K,United Phosphorus Inc.,,Lake Restoration,5/21/2020,5/21/2020,5.8,7.5,2,2,ppm,52.2,gal,60,60,8,8,ESE,63,,Y,PAR 3/3
2017-039,2020,CLP,Schneider,73008200,Stearns,,,Aquathol K,United Phosphorus Inc.,,"Clarke Aquatic Services, Inc.",5/21/2020,5/21/2020,0.7,8.7,2,2,ppm,7.92,gal,61,61,5,5,SE,61,,Y,PAR 1/2
2017-039,2020,CLP,Schneider,73008200,Stearns,,,Aquathol K,United Phosphorus Inc.,,"Clarke Aquatic Services, Inc.",5/21/2020,5/21/2020,1,4.9,2,2,ppm,6.37,gal,61,61,5,5,SE,61,,Y,PAR 2/2
2017-0125,2020,CLP,Zumwalde,73008900,Stearns,,,Aquathol K,United Phosphorus Inc.,,"Clarke Aquatic Services, Inc.",5/21/2020,5/21/2020,1.7,4,2,2,ppm,8.84,gal,61,61,5,5,SE,61,,Y,
2019-1328,2020,EWM,Long,82011800,Washington,,,ProcellaCOR EC,SePro Corp.,,PLM Lake and Land Management Corp.,5/21/2020,5/21/2020,8.32,7,5.06,5.06,gal/acre-ft,294.81,gal,63.5,63.5,7,7,SSE,61,,Y,2 pesticides listed for same PAR
2018-0898,2020,CLP,Blue,30010700,Isanti,246,2441,Aquathol K,United Phosphorus Inc.,,"Lake Management, Inc.",5/22/2020,5/22/2020,9.06,6,1.5,1.5,ppm,54.3,gal,67,67,4,4,SE,60,,Y,6 gal/acre. PAR 2/2
2018-0668,2020,CLP,Grand,73005500,Stearns,440,2636,Aquathol K,United Phosphorus Inc.,,"Lake Management, Inc.",5/22/2020,5/22/2020,6.8,6.5,3.9,3.9,gal/acre,26.52,gal,,,5,5,SE,62,,Y,PAR 2/5
2018-0668,2020,CLP,Grand,73005500,Stearns,441,2637,Aquathol K,United Phosphorus Inc.,,"Lake Management, Inc.",5/22/2020,5/22/2020,6,6.5,3.9,3.9,gal/acre,23.4,gal,,,5,5,SE,62,,Y,PAR 3/5
2018-0668,2020,CLP,Grand,73005500,Stearns,442,2638,Aquathol K,United Phosphorus Inc.,,"Lake Management, Inc.",5/22/2020,5/22/2020,2.8,6.5,3.9,3.9,gal/acre,10.92,gal,,,5,5,SE,62,,Y,PAR 4/5
2018-0668,2020,CLP,Grand,73005500,Stearns,443,2639,Aquathol K,United Phosphorus Inc.,,"Lake Management, Inc.",5/22/2020,5/22/2020,3.9,6.5,3.9,3.9,gal/acre,15.21,gal,,,6,6,SE,63,,Y,PAR 5/5
2018-0898,2020,CLP,Blue,30010700,Isanti,976,595,Aquathol K,United Phosphorus Inc.,,"Lake Management, Inc.",5/22/2020,5/22/2020,6.7,6,1.5,1.5,ppm,40.2,gal,66,66,4,4,SE,60,,Y,6 gal/acre. PAR 1/2
2018-0668,2020,CLP,Grand,73005500,Stearns,1382,1245,Aquathol K,United Phosphorus Inc.,,"Lake Management, Inc.",5/22/2020,5/22/2020,12.8,6.5,3.9,3.9,gal/acre,42.92,gal,,,6,6,SE,62,,Y,PAR 1/5
2019-1460,2020,CLP,Moody,13002300,Chisago,,,Aquathol K,United Phosphorus Inc.,,"Lake Management, Inc.",5/22/2020,5/22/2020,2.11,4,3.2,3.2,gal/acre,6.7,gal,,,5,5,SE,67,,Y,PAR 1/2
2019-1460,2020,CLP,Moody,13002300,Chisago,,,Aquathol K,United Phosphorus Inc.,,"Lake Management, Inc.",5/22/2020,5/22/2020,1,4,3.2,3.2,gal/acre,3.2,gal,,,2,2,SE,67,,Y,PAR 2/2
2018-0849,2020,CLP,North Brown,73014700,Stearns,,,Tribune,"Syngenta Crop Protection, LLC",,"Clarke Aquatic Services, Inc.",5/22/2020,5/22/2020,5.5,6.6,2,2,gal/acre,11,gal,59,59,3,3,SE,55,,Y,"PAR plot 1/5, chem 1/2"
2018-0849,2020,CLP,North Brown,73014700,Stearns,,,Cygnet Plus,"Cygnet Enterprises, Inc. ",,"Clarke Aquatic Services, Inc.",5/22/2020,5/22/2020,5.5,6.6,0.25,0.25,gal/acre,1.38,gal,59,59,3,3,SE,55,,Y,"PAR plot 1/5, chem 2/2"
2018-0849,2020,CLP,North Brown,73014700,Stearns,,,Tribune,"Syngenta Crop Protection, LLC",,"Clarke Aquatic Services, Inc.",5/22/2020,5/22/2020,2.9,4.7,2,2,gal/acre,5.8,gal,59,59,3,3,SE,55,,Y,"PAR plot 2/5, chem 1/2"
2018-0849,2020,CLP,North Brown,73014700,Stearns,,,Cygnet Plus,"Cygnet Enterprises, Inc. ",,"Clarke Aquatic Services, Inc.",5/22/2020,5/22/2020,2.9,4.7,0.25,0.25,gal/acre,0.73,gal,59,59,3,3,SE,55,,Y,"PAR plot 2/5, chem 2/2"
2018-0849,2020,CLP,North Brown,73014700,Stearns,,,Tribune,"Syngenta Crop Protection, LLC",,"Clarke Aquatic Services, Inc.",5/22/2020,5/22/2020,2.2,4.3,2,2,gal/acre,4.4,gal,59,59,3,3,SE,55,,Y,"PAR plot 3/5, chem 1/2"
2018-0849,2020,CLP,North Brown,73014700,Stearns,,,Cygnet Plus,"Cygnet Enterprises, Inc. ",,"Clarke Aquatic Services, Inc.",5/22/2020,5/22/2020,2.2,4.3,0.25,0.25,gal/acre,0.55,gal,59,59,3,3,SE,55,,Y,"PAR plot 3/5, chem 2/2"
2018-0849,2020,CLP,North Brown,73014700,Stearns,,,Tribune,"Syngenta Crop Protection, LLC",,"Clarke Aquatic Services, Inc.",5/22/2020,5/22/2020,3.7,7.5,2,2,gal/acre,7.4,gal,59,59,3,3,SE,55,,Y,"PAR plot 4/5, chem 1/2"
2018-0849,2020,CLP,North Brown,73014700,Stearns,,,Cygnet Plus,"Cygnet Enterprises, Inc. ",,"Clarke Aquatic Services, Inc.",5/22/2020,5/22/2020,3.7,7.5,0.25,0.25,gal/acre,0.93,gal,59,59,3,3,SE,55,,Y,"PAR plot 4/5, chem 2/2"
2018-0849,2020,CLP,North Brown,73014700,Stearns,,,Tribune,"Syngenta Crop Protection, LLC",,"Clarke Aquatic Services, Inc.",5/22/2020,5/22/2020,3.7,4.7,2,2,gal/acre,7.4,gal,59,59,3,3,SE,55,,Y,"PAR plot 5/5, chem 1/2"
2018-0849,2020,CLP,North Brown,73014700,Stearns,,,Cygnet Plus,"Cygnet Enterprises, Inc. ",,"Clarke Aquatic Services, Inc.",5/22/2020,5/22/2020,3.7,4.7,0.25,0.25,gal/acre,0.93,gal,59,59,3,3,SE,55,,Y,"PAR plot 5/5, chem 2/2"
2018-0126,2020,CLP,North Center,13003200,Chisago,,,Aquathol K,United Phosphorus Inc.,,"Lake Management, Inc.",5/22/2020,5/22/2020,2.03,5,4,4,gal/acre,8.12,gal,,,5,5,SE,62,,Y,PAR 1/3. 1.25 ppm
2018-0126,2020,CLP,North Center,13003200,Chisago,,,Aquathol K,United Phosphorus Inc.,,"Lake Management, Inc.",5/22/2020,5/22/2020,5.84,5,4,4,gal/acre,23.36,gal,,,5,5,SE,62,,Y,PAR 2/3. 1.25 ppm
2018-0126,2020,CLP,North Center,13003200,Chisago,,,Aquathol K,United Phosphorus Inc.,,"Lake Management, Inc.",5/22/2020,5/22/2020,10.71,5,4,4,gal/acre,42.84,gal,,,5,5,SE,62,,Y,PAR 3/3. 1.25 ppm
2019-1303,2020,CLP,Shields,82016200,Washington,,,Aquathol K,United Phosphorus Inc.,,"Lake Management, Inc.",5/22/2020,5/22/2020,2.58,4,3.2,3.2,gal/acre,8.25,gal,,,5,5,SE,67,,Y,PAR 1/2. 1.25 ppm. 
2019-1303,2020,CLP,Shields,82016200,Washington,,,Aquathol K,United Phosphorus Inc.,,"Lake Management, Inc.",5/22/2020,5/22/2020,0.96,4,3.2,3.2,gal/acre,3,gal,,,5,5,SE,67,,Y,PAR 2/2. 1.25 ppm. 
2018-0129,2020,CLP,South Center,13002700,Chisago,,,Aquathol K,United Phosphorus Inc.,,"Lake Management, Inc.",5/22/2020,5/22/2020,4.45,5,4,4,gal/acre,17.8,gal,,,4,4,SE,59,,Y,PAR 1/2. 1.25 ppm. 
2018-0129,2020,CLP,South Center,13002700,Chisago,,,Aquathol K,United Phosphorus Inc.,,"Lake Management, Inc.",5/22/2020,5/22/2020,9.71,5,4,4,gal/acre,38.84,gal,,,4,4,SE,59,,Y,PAR 2/2. 1.25 ppm. 
2018-0408,2020,CLP,Serpent,18009000,Crow Wing,,,Aquathol K,United Phosphorus Inc.,,PLM Lake and Land Management Corp.,5/22/2020,5/22/2020,1.9,5.5,1.8,1.8,gal/acre-ft,18.8,gal,60,60,0,5,SSE,60,,Y,
2020-0140,2020,CLP,Middle Cullen,18015500,Crow Wing,564,931,Aquathol K,United Phosphorus Inc.,,"Central Minnesota Aquatics, Inc.",5/26/2020,5/26/2020,5.5,6,1,1,gal/acre-ft,33,gal,,,0,1,,,67,Y,"permit # not listed, wind = ""calm"""
2018-0187,2020,CLP,Latimer,77010500,Todd,613,987,Aquathol K,United Phosphorus Inc.,,PLM Lake and Land Management Corp.,5/26/2020,5/26/2020,8,6.3,0.9,0.9,gal/acre-ft,45.4,gal,63,63,0,5,S,64,,Y,
2018-0241,2020,CLP,Margaret,11022200,Cass,,,Aquathol K,United Phosphorus Inc.,,PLM Lake and Land Management Corp.,5/26/2020,5/26/2020,7.4,6.8,1.17,1.17,gal/acre-ft,59,gal,63,63,4,10,S,65,,Y,
2018-0881,2020,CLP,Norway,11030700,Cass,,,Aquathol K,United Phosphorus Inc.,,PLM Lake and Land Management Corp.,5/26/2020,5/26/2020,12.2,6,0.54,0.54,gal/acre-ft,39.57,gal,67,67,0,5,SE,65,,Y,
2019-0258,2020,CLP,South Lida,56074702,Otter Tail,,,Aquathol K,United Phosphorus Inc.,,"Clarke Aquatic Services, Inc.",5/26/2020,5/26/2020,13,6,2,2,ppm,101.4,gal,60,60,3,3,NW,60,,Y,PAR 1/3
2019-0258,2020,CLP,South Lida,56074702,Otter Tail,,,Aquathol K,United Phosphorus Inc.,,"Clarke Aquatic Services, Inc.",5/26/2020,5/26/2020,2.5,6,2,2,ppm,19.5,gal,60,60,3,3,NW,60,,Y,PAR 2/3
2019-0258,2020,CLP,South Lida,56074702,Otter Tail,,,Aquathol K,United Phosphorus Inc.,,"Clarke Aquatic Services, Inc.",5/26/2020,5/26/2020,2,6,2,2,ppm,15.6,gal,60,60,3,3,NW,60,,Y,PAR 3/3
2019-2135,2020,CLP,Upper South Long,18009600,Crow Wing,,,Aquathol K,United Phosphorus Inc.,,PLM Lake and Land Management Corp.,5/26/2020,5/26/2020,4.7,7.4,1.24,1.24,gal/acre-ft,43.1,gal,63,63,0,5,SSW,65,,Y,4 treatment polygons
2017-0743,2020,CLP,Gun,1009900,Aitkin,450,2646,Aquathol K,United Phosphorus Inc.,,Lake Restoration,5/27/2020,5/27/2020,0.27,5,1.8,1.8,gal/acre-ft,2.43,gal,67,67,0,1,S,59,,Y,"3 ppm. PAR 2/4. wind speed ""light"""
2017-0743,2020,CLP,Gun,1009900,Aitkin,451,2647,Aquathol K,United Phosphorus Inc.,,Lake Restoration,5/27/2020,5/27/2020,1.02,5,1.8,1.8,gal/acre-ft,9.18,gal,66,66,0,1,S,59,,Y,3 ppm. PAR 3/4.
2017-0743,2020,CLP,Gun,1009900,Aitkin,452,2648,Aquathol K,United Phosphorus Inc.,,Lake Restoration,5/27/2020,5/27/2020,0.4,5,1.8,1.8,gal/acre-ft,3.6,gal,66,66,2,2,SW,60,,Y,3 ppm. PAR 4/4.
2017-0871,2020,CLP,Indian,86022300,Wright,454,2650,Aquathol K,United Phosphorus Inc.,,Aquatic Solutions of Minnesota,5/27/2020,5/27/2020,1.6,9,2,2,ppm,18.37,gal,,,0,0,,,60,Y,"PAR 2/2. wind speed ""calm"".  $2690.94 bill for Aquathol K"
2018-1159,2020,CLP,Fish,33003600,Kanabec,591,962,Aquathol K,United Phosphorus Inc.,,"Lake Management, Inc.",5/27/2020,5/27/2020,16,5,3,3,gal/acre,48,gal,,,3,3,SW,70,,Y,1 ppm
2017-0038,2020,CLP,Knife,33002800,Kanabec,605,979,Aquathol K,United Phosphorus Inc.,,"Central Minnesota Aquatics, Inc.",5/27/2020,5/27/2020,31.2,5,1.5,1.5,ppm,156,gal,,,1,4,NW,,,Y,air temperature 67-75 degrees. injection and surface application. 
2017-0871,2020,CLP,Indian,86022300,Wright,675,254,Aquathol K,United Phosphorus Inc.,,Aquatic Solutions of Minnesota,5/27/2020,5/27/2020,0.9,9,2.5,2.5,ppm,12.9,gal,,,0,0,,,60,Y,"PAR 1/2. wind speed ""calm"". $2690.94 bill for Aquathol K"
2017-0743,2020,CLP,Gun,1009900,Aitkin,954,576,Aquathol K,United Phosphorus Inc.,,Lake Restoration,5/27/2020,5/27/2020,1.04,5,1.8,1.8,gal/acre-ft,9.36,gal,67,67,0,1,S,59,,Y,"3 ppm. PAR 1/4. wind speed ""light"" "
2020-0212,2020,CLP,Winona,85001100,Winona,,,Aquathol K,United Phosphorus Inc.,,"Midwest Aqua Care, Inc.",5/27/2020,5/27/2020,11.85,7,1.25,1.25,ppm,66.36,gal,60,60,5,7,SE,68,,Y,"Eurasian WM listed as target species, treatment was in May. "
2018-0294,2020,CLP,Upper Twin,27004201,Hennepin,,,Diquat SPC 2 L,Nufarm Americas Inc.,,Wenck Associates,5/28/2020,5/28/2020,9.15,2.34,0.6,0.6,ppm,,,62,62,16,16,NW,75,,Y,Total amount of chem not listed. 
2017-1042,2020,CLP,Minnetonka,27013304,Hennepin,,,Tribune,"Syngenta Crop Protection, LLC",,PLM Lake and Land Management Corp.,5/29/2020,5/29/2020,12.7,5,2,2,gal/acre,25.4,gal,68,68,8,8,NNW,60,,Y,St. Albans Bay
2017-1982,2020,CLP,Silver,62000100,Ramsey,,,Tribune,"Syngenta Crop Protection, LLC",,"Lake Improvement Consulting, LLC.",5/29/2020,5/29/2020,1.88,6,,,,5.64,gal,,,6,8,NW,,56,Y,PAR 1/5. no rate listed. EWM was listed on PAR but after looking at permit application we assumed target species to be just CLP. 
2017-1982,2020,CLP,Silver,62000100,Ramsey,,,Tribune,"Syngenta Crop Protection, LLC",,"Lake Improvement Consulting, LLC.",5/29/2020,5/29/2020,0.87,6,,,,2.61,gal,,,6,8,NW,,56,Y,PAR 2/5. no rate listed. EWM was listed on PAR but after looking at permit application we assumed target species to be just CLP. 
2017-1982,2020,CLP,Silver,62000100,Ramsey,,,Tribune,"Syngenta Crop Protection, LLC",,"Lake Improvement Consulting, LLC.",5/29/2020,5/29/2020,1.77,6,,,,5.31,gal,,,6,8,NW,,57,Y,PAR 3/5. no rate listed. EWM was listed on PAR but after looking at permit application we assumed target species to be just CLP. 
2017-1982,2020,CLP,Silver,62000100,Ramsey,,,Tribune,"Syngenta Crop Protection, LLC",,"Lake Improvement Consulting, LLC.",5/29/2020,5/29/2020,0.9,6,,,,2.7,gal,,,6,8,NW,,58,Y,PAR 4/5. no rate listed. EWM was listed on PAR but after looking at permit application we assumed target species to be just CLP. 
2017-1982,2020,CLP,Silver,62000100,Ramsey,,,Tribune,"Syngenta Crop Protection, LLC",,"Lake Improvement Consulting, LLC.",5/29/2020,5/29/2020,1.1,6,,,,3.3,gal,,,6,8,NW,,58,Y,PAR 5/5. no rate listed. EWM was listed on PAR but after looking at permit application we assumed target species to be just CLP. 
2020-0108,2020,CLP,Jennie,47001500,Meeker,,,Aquathol K,United Phosphorus Inc.,,"Limnopro Aquatic Science, Inc.",6/2/2020,6/2/2020,13.4,7.6,1.5,1.5,ppm,,,65,65,17,17,ENE,88,,Y,"Site 1/4. Chemical herbicide $12827.10, labor $1100. Chemical herbicide treatment of same using Aquathol K at 1.5 ppm for areas greater than 2 acres and 3.0 ppm for areas less than 2 acres."
2017-0417,2020,EWM,Lower Prior,70002600,Scott,,,Tribune,"Syngenta Crop Protection, LLC",,Aquatic Solutions of Minnesota,6/3/2020,6/3/2020,5,5.5,0.5,0.5,gal/acre-ft,13.75,gal,,,3,3,NW,,65,Y,
2017-1047,2020,EWM,Minnetonka,27013310,Hennepin,,,Tribune,"Syngenta Crop Protection, LLC",,PLM Lake and Land Management Corp.,6/11/2020,6/11/2020,17,7.5,2,2,gal/acre,34,gal,70,70,11,11,W,70,,Y,Crystal Bay
2017-0384,2020,"EWM, CLP",Josephine,62005700,Ramsey,1206,2184,Sonar A.S.,SePro Corp.,,"Lake Management, Inc.",6/17/2020,6/17/2020,117,8.5,4,4,ppb,1.89,gal,,,9,9,SE,86,,Y,Bump treatment.
,2020,CLP,Josephine,62005700,Ramsey,1206,2184,Sonar A.S.,SePro Corp.,,"Lake Management, Inc.",6/17/2020,6/17/2020,117,,4,4,ppb,1.89,gal,,,9,9,SE,,,Y,Bump treatment.
,2020,EWM,Bay,18003400,Crow Wing,582,952,Diquat Herbicide,"Alligare, LLC",,Lake Restoration,6/22/2020,6/22/2020,0.8,,2.84,2.84,gal/acre-ft,15.9,gal,,,8,8,NW,,,Y,4 ppm. 3/11
,2020,EWM,Bay,18003400,Crow Wing,1012,2156,Diquat Herbicide,"Alligare, LLC",,Lake Restoration,6/22/2020,6/22/2020,0.18,,2.84,2.84,gal/acre-ft,5.24,gal,,,2,2,NW,,,Y,4 ppm. 1/11
,2020,EWM,Bay,18003400,Crow Wing,1013,2157,Diquat Herbicide,"Alligare, LLC",,Lake Restoration,6/22/2020,6/22/2020,0.26,,2.84,2.84,gal/acre-ft,5.24,gal,,,3,3,NW,,,Y,4 ppm. 2/11
,2020,EWM,Bay,18003400,Crow Wing,1901,2425,Diquat Herbicide,"Alligare, LLC",,Lake Restoration,6/22/2020,6/22/2020,0.05,,2.84,2.84,gal/acre-ft,1.29,gal,,,3,3,NW,,,Y,4 ppm. 4/11
,2020,EWM,Bay,18003400,Crow Wing,1902,2426,Diquat Herbicide,"Alligare, LLC",,Lake Restoration,6/22/2020,6/22/2020,0.61,,2.84,2.84,gal/acre-ft,11.43,gal,,,7,7,NW,,,Y,4 ppm. 5/11
,2020,EWM,Bay,18003400,Crow Wing,1903,2427,Diquat Herbicide,"Alligare, LLC",,Lake Restoration,6/22/2020,6/22/2020,0.61,,2.84,2.84,gal/acre-ft,11.86,gal,,,7,7,NW,,,Y,4 ppm. 6/11
,2020,EWM,Bay,18003400,Crow Wing,1904,2428,Diquat Herbicide,"Alligare, LLC",,Lake Restoration,6/22/2020,6/22/2020,0.24,,2.84,2.84,gal/acre-ft,4.45,gal,,,4,4,NW,,,Y,4 ppm. 7/11
,2020,EWM,Bay,18003400,Crow Wing,1905,2429,Diquat Herbicide,"Alligare, LLC",,Lake Restoration,6/22/2020,6/22/2020,0.48,,2.84,2.84,gal/acre-ft,6.84,gal,,,4,4,NW,,,Y,4 ppm. 8/11
,2020,EWM,Bay,18003400,Crow Wing,1906,2430,Diquat Herbicide,"Alligare, LLC",,Lake Restoration,6/22/2020,6/22/2020,0.58,,2.84,2.84,gal/acre-ft,18.27,gal,,,3,7,NW,,,Y,4 ppm. 9/11
,2020,EWM,Bay,18003400,Crow Wing,1907,2431,Diquat Herbicide,"Alligare, LLC",,Lake Restoration,6/22/2020,6/22/2020,0.34,,2.84,2.84,gal/acre-ft,6.35,gal,,,8,8,NW,,,Y,4 ppm. 10/11
,2020,EWM,Bay,18003400,Crow Wing,1908,2432,Diquat Herbicide,"Alligare, LLC",,Lake Restoration,6/22/2020,6/22/2020,0.71,,2.84,2.84,gal/acre-ft,15.12,gal,,,3,3,N,,,Y,4 ppm. 11/11
2017-1985,2020,EWM ,Bay,18003400,Crow Wing,,,"2,4-D Amine","Alligare, LLC",,Lake Restoration,6/22/2020,6/22/2020,0.183,6.5,2.84,2.84,gal/acre-ft,3.37,gal,72,72,2,2,NW,74,,Y,1 of 21
2017-1985,2020,EWM ,Bay,18003400,Crow Wing,,,"2,4-D Amine","Alligare, LLC",,Lake Restoration,6/22/2020,6/22/2020,0.264,7,2.84,2.84,gal/acre-ft,5.24,gal,72,72,3,3,NW,74,,Y,2 of 21
2017-1985,2020,EWM ,Bay,18003400,Crow Wing,,,"2,4-D Amine","Alligare, LLC",,Lake Restoration,6/22/2020,6/22/2020,0.803,7,2.84,2.84,gal/acre-ft,15.9,gal,72,72,8,8,NW,74,,Y,3 of 21
2017-1985,2020,EWM ,Bay,18003400,Crow Wing,,,"2,4-D Amine","Alligare, LLC",,Lake Restoration,6/22/2020,6/22/2020,0.057,8,2.84,2.84,gal/acre-ft,1.29,gal,72,72,5,5,NW,72,,Y,4 of 21
2017-1985,2020,EWM ,Bay,18003400,Crow Wing,,,"2,4-D Amine","Alligare, LLC",,Lake Restoration,6/22/2020,6/22/2020,0.619,6.5,2.84,2.84,gal/acre-ft,11.43,gal,71,71,7,7,NW,72,,Y,5 of 21
2017-1985,2020,EWM ,Bay,18003400,Crow Wing,,,"2,4-D Amine","Alligare, LLC",,Lake Restoration,6/22/2020,6/22/2020,0.619,6.75,2.84,2.84,gal/acre-ft,11.86,gal,71,71,7,7,NW,72,,Y,6 of 21
2017-1985,2020,EWM ,Bay,18003400,Crow Wing,,,"2,4-D Amine","Alligare, LLC",,Lake Restoration,6/22/2020,6/22/2020,0.241,6.5,2.84,2.84,gal/acre-ft,4.45,gal,71,71,4,4,NW,72,,Y,7 of 21
2017-1985,2020,EWM ,Bay,18003400,Crow Wing,,,"2,4-D Amine","Alligare, LLC",,Lake Restoration,6/22/2020,6/22/2020,0.482,6.5,2.84,2.84,gal/acre-ft,6.84,gal,71,71,4,4,NW,67,,Y,8 of 21
2017-1985,2020,EWM ,Bay,18003400,Crow Wing,,,"2,4-D Amine","Alligare, LLC",,Lake Restoration,6/22/2020,6/22/2020,0.585,11,2.84,2.84,gal/acre-ft,18.27,gal,71,71,3,7,NW,72,,Y,9 of 21
2017-1985,2020,EWM ,Bay,18003400,Crow Wing,,,"2,4-D Amine","Alligare, LLC",,Lake Restoration,6/22/2020,6/22/2020,0.344,6.5,2.84,2.84,gal/acre-ft,6.35,gal,71,71,8,8,NW,72,,Y,10 of 21
2017-1985,2020,EWM ,Bay,18003400,Crow Wing,,,"2,4-D Amine","Alligare, LLC",,Lake Restoration,6/22/2020,6/22/2020,0.717,7.5,2.84,2.84,gal/acre-ft,15.12,gal,70,70,3,3,N,67,,Y,11 of 21
2017-1985,2020,EWM ,Bay,18003400,Crow Wing,,,"2,4-D Amine","Alligare, LLC",,Lake Restoration,6/22/2020,6/22/2020,3.09,9,2.84,2.84,gal/acre-ft,78.98,gal,72,72,5,5,NW,74,,Y,12 of 21
2017-1985,2020,EWM ,Bay,18003400,Crow Wing,,,"2,4-D Amine","Alligare, LLC",,Lake Restoration,6/22/2020,6/22/2020,1.32,7.75,2.84,2.84,gal/acre-ft,29.05,gal,72,72,4,4,NW,74,,Y,13 of 21
2017-1985,2020,EWM ,Bay,18003400,Crow Wing,,,"2,4-D Amine","Alligare, LLC",,Lake Restoration,6/22/2020,6/22/2020,0.275,10.5,2.84,2.84,gal/acre-ft,8.2,gal,71,71,2,2,NW,74,,Y,14 of 21
2017-1985,2020,EWM ,Bay,18003400,Crow Wing,,,"2,4-D Amine","Alligare, LLC",,Lake Restoration,6/22/2020,6/22/2020,0.459,6.5,2.84,2.84,gal/acre-ft,8.47,gal,71,71,6,6,NW,74,,Y,15 of 21
2017-1985,2020,EWM ,Bay,18003400,Crow Wing,,,"2,4-D Amine","Alligare, LLC",,Lake Restoration,6/22/2020,6/22/2020,1.09,8,2.84,2.84,gal/acre-ft,24.76,gal,72,72,8,8,NW,74,,Y,16 of 21
2017-1985,2020,EWM ,Bay,18003400,Crow Wing,,,"2,4-D Amine","Alligare, LLC",,Lake Restoration,6/22/2020,6/22/2020,0.55,9.5,2.84,2.84,gal/acre-ft,14.83,gal,71,71,4,4,N,67,,Y,17 of 21
2017-1985,2020,EWM ,Bay,18003400,Crow Wing,,,"2,4-D Amine","Alligare, LLC",,Lake Restoration,6/22/2020,6/22/2020,1.03,7.5,2.84,2.84,gal/acre-ft,21.93,gal,71,71,7,7,NW,70,,Y,18 of 21
2017-1985,2020,EWM ,Bay,18003400,Crow Wing,,,"2,4-D Amine","Alligare, LLC",,Lake Restoration,6/22/2020,6/22/2020,2.754,8,2.84,2.84,gal/acre-ft,62.57,gal,71,71,7,7,NW,70,,Y,19 of 21
2017-1985,2020,EWM ,Bay,18003400,Crow Wing,,,"2,4-D Amine","Alligare, LLC",,Lake Restoration,6/22/2020,6/22/2020,0.596,12,2.84,2.84,gal/acre-ft,20.31,gal,71,71,8,10,NW,72,,Y,20 of 21
2017-1985,2020,EWM ,Bay,18003400,Crow Wing,,,"2,4-D Amine","Alligare, LLC",,Lake Restoration,6/22/2020,6/22/2020,0.337,9,2.84,2.84,gal/acre-ft,8.61,gal,71,71,5,5,NW,72,,Y,21 of 21
2018-2174,2020,EWM,Maple,86013400,Wright,,,ProcellaCOR EC,SePro Corp.,,PLM Lake and Land Management Corp.,6/23/2020,6/23/2020,6.1,3.9,12.68,12.68,oz/acre-ft,301.65,oz,74.5,74.5,5,5,N,69,,Y,
2018-2174,2020,EWM,Maple,86013400,Wright,,,ProcellaCOR EC,SePro Corp.,,PLM Lake and Land Management Corp.,6/23/2020,6/23/2020,17.4,9,6.35,6.35,oz/acre-ft,993.66,oz,74.5,74.5,8,8,N,69,,Y,
2017-0873,2020,EWM,Indian,86022300,Wright,455,2651,"2,4-D Amine","Alligare, LLC",,Aquatic Solutions of Minnesota,7/1/2020,7/1/2020,1,6,4,4,ppm,17.04,gal,,,3,3,SE,,85,Y,PAR 2/5.
2017-0873,2020,EWM,Indian,86022300,Wright,456,2652,"2,4-D Amine","Alligare, LLC",,Aquatic Solutions of Minnesota,7/1/2020,7/1/2020,1.6,7.5,4,4,ppm,34.08,gal,,,4,4,S,,85,Y,PAR 3/5.
2017-0873,2020,EWM,Indian,86022300,Wright,457,2653,"2,4-D Amine","Alligare, LLC",,Aquatic Solutions of Minnesota,7/1/2020,7/1/2020,1.9,7,4,4,ppm,37.7,gal,,,4,4,S,,85,Y,PAR 4/5.
2017-0873,2020,EWM,Indian,86022300,Wright,458,2654,"2,4-D Amine","Alligare, LLC",,Aquatic Solutions of Minnesota,7/1/2020,7/1/2020,3,6,4,4,ppm,51.12,gal,,,2,2,S,,85,Y,PAR 5/5.
2017-0873,2020,EWM,Indian,86022300,Wright,1008,632,"2,4-D Amine","Alligare, LLC",,Aquatic Solutions of Minnesota,7/1/2020,7/1/2020,1,8.5,4,4,ppm,24.14,gal,,,2,42,SE,,85,Y,PAR 1/5.
2017-459,2020,EWM,Silver,86014000,Wright,,,"2,4-D Amine","Alligare, LLC",,Aquatic Solutions of Minnesota,7/1/2020,7/1/2020,2.5,4.5,4,4,ppm,31.95,gal,,,3,3,NW,,85,Y,PAR 1/3
2017-459,2020,EWM,Silver,86014000,Wright,,,"2,4-D Amine","Alligare, LLC",,Aquatic Solutions of Minnesota,7/1/2020,7/1/2020,0.5,4,4,4,ppm,5.68,gal,,,4,4,NW,,85,Y,PAR 2/3
2017-459,2020,EWM,Silver,86014000,Wright,,,"2,4-D Amine","Alligare, LLC",,Aquatic Solutions of Minnesota,7/1/2020,7/1/2020,3,3,4,4,ppm,12.78,gal,,,4,4,NW,,85,Y,PAR 3/3
2017-3315,2020,EWM,Turtle,62006100,Ramsey,,,Tribune,"Syngenta Crop Protection, LLC",,PLM Lake and Land Management Corp.,7/2/2020,7/2/2020,16.6,7,1.67,1.67,gal/acre,27..8,gal,82,82,3,3,E,90,,Y,PAR chemical 1/2
2017-3315,2020,EWM,Turtle,62006100,Ramsey,,,ProcellaCOR,SePro Corp.,,PLM Lake and Land Management Corp.,7/2/2020,7/2/2020,16.6,7,3.08,3.08,gal/acre,357.57,gal,82,82,3,3,E,90,,Y,PAR chemical 2/2
2017-2771,2020,EWM,Minnetonka,27013301,Hennepin,,,Kammo Plus,"Helena Agri-Enterprises, LLC",,PLM Lake and Land Management Corp.,7/8/2020,7/8/2020,1,5,0.5,0.5,gal/acre,0.5,gal,86,86,3,3,SE,80,,Y,PAR pesticide 1/2. Grays Bay
2017-2771,2020,EWM,Minnetonka,27013301,Hennepin,,,Tribune,"Syngenta Crop Protection, LLC",,PLM Lake and Land Management Corp.,7/8/2020,7/8/2020,1,5,2,2,gal/acre,2,gal,86,86,3,3,SE,80,,Y,PAR pesticide 2/2. Grays Bay
2017-1039,2020,EWM,Minnetonka,27013301,Hennepin,,,Tribune,"Syngenta Crop Protection, LLC",,PLM Lake and Land Management Corp.,7/8/2020,7/8/2020,33.25,5,0.94,0.94,gal/acre,31.2,gal,84,84,4,4,SE,73,,Y,PAR pesticide 1/2. Grays Bay
2017-1039,2020,EWM,Minnetonka,27013301,Hennepin,,,ProcellaCOR EC,SePro Corp.,,PLM Lake and Land Management Corp.,7/8/2020,7/8/2020,33.25,5,4.82,4.82,oz/acre-ft,802,oz,84,84,4,4,SE,73,,Y,PAR pesticide 2/2. Grays Bay
2018-2938,2020,FR,Granite,86021700,Wright,,,Tribune ,"Syngenta Crop Protection, LLC",,PLM Lake and Land Management Corp.,7/9/2020,7/9/2020,0.1,6.5,2,2,gal/acre,0.2,gal,83,83,0,5,NW,80,,Y,1/2 chemicals on PAR
2018-2938,2020,FR,Granite,86021700,Wright,,,Cide-Kick 2.5 Gal,Brewer,,PLM Lake and Land Management Corp.,7/9/2020,7/9/2020,0.1,6.5,1,1,gal/acre,0.1,gal,83,83,0,5,NW,80,,Y,2/2 chemicals on PAR
2018-0127,2020,EWM,North Center,13003200,Chisago,,,"2,4-D Amine","Alligare, LLC",,"Lake Management, Inc.",7/9/2020,7/9/2020,2.6,5,7.1,7.1,gal/acre,18.5,gal,,,4,4,E,72,,Y,PAR 1/2
2018-0127,2020,EWM,North Center,13003200,Chisago,,,"2,4-D Amine","Alligare, LLC",,"Lake Management, Inc.",7/9/2020,7/9/2020,6.82,5,7.1,7.1,gal/acre,48,gal,,,4,4,E,72,,Y,PAR 2/2
2017-1034,2020,EWM,Granite,86021700,Wright,592,963,ProcellaCOR EC,SePro Corp.,,PLM Lake and Land Management Corp.,7/9/2020,7/9/2020,6.9,6.5,8.42,8.42,oz/acre-ft,377.6,oz,83,83,0,5,NW,80,,Y,
2017-1038,2020,EWM,Minnetonka,27013303,Hennepin,,,Kammo Plus,"Helena Agri-Enterprises, LLC",,PLM Lake and Land Management Corp.,7/10/2020,7/10/2020,4.95,7.5,0.4,0.4,gal/acre,2,gal,85,85,3,3,NW,77,,Y,PAR pesticide 1/3. Carsons Bay
2017-1038,2020,EWM,Minnetonka,27013303,Hennepin,,,Tribune,"Syngenta Crop Protection, LLC",,PLM Lake and Land Management Corp.,7/10/2020,7/10/2020,4.95,7.5,1,1,gal/acre,4.95,gal,85,85,3,3,NW,77,,Y,PAR pesticide 2/3. Carsons Bay
2019-1617,2020,EWM,Minnetonka,27013300,Hennepin,,,Tribune,"Syngenta Crop Protection, LLC",,PLM Lake and Land Management Corp.,7/10/2020,7/10/2020,3.49,5,2,2,gal/acre,6.98,gal,83,83,3,3,NW,80,,Y,PAR pesticide 2/3. Gideons Bay
2019-1617,2020,EWM,Minnetonka,27013300,Hennepin,,,Kammo Plus,"Helena Agri-Enterprises, LLC",,PLM Lake and Land Management Corp.,7/10/2020,7/10/2020,3.49,5,0.29,0.29,gal/acre,1,gal,83,83,3,3,NW,80,,Y,PAR pesticide 1/3. Gideons Bay
2019-0039,2020,EWM,Henderson,34011600,Kandiyohi,1591,1263,ProcellaCOR EC,SePro Corp.,,PLM Lake and Land Management Corp.,7/10/2020,7/10/2020,3.1,4.9,11.48,11.48,oz/acre-ft,174.4,oz,83,83,0,5,W,81,,Y,
2019-1617,2020,EWM,Minnetonka,27013300,Hennepin,,,ProcellaCOR EC,SePro Corp.,,PLM Lake and Land Management Corp.,7/10/2020,7/10/2020,3.49,5,2.54,2.54,oz/acre-ft,44.25,oz,83,83,3,3,NW,80,,Y,PAR pesticide 3/3. Gideons Bay
2017-1038,2020,EWM,Minnetonka,27013303,Hennepin,,,ProcellaCOR EC,SePro Corp.,,PLM Lake and Land Management Corp.,7/10/2020,7/10/2020,4.95,7.5,1.66,1.66,oz/acre-ft,61.81,oz,85,85,3,3,NW,77,,Y,PAR pesticide 3/3. Carsons Bay
2017-1512,2020,EWM,Chub,9000800,Carlton,579,949,ProcellaCOR EC,SePro Corp.,,PLM Lake and Land Management Corp.,7/10/2020,7/10/2020,11,7.2,8.87,8.87,oz/acre-ft,702.4,oz,82,82,5,10,NW,74,,Y,
2020-0211,2020,EWM,Minnetonka,27013300,Hennepin,,,Kammo Plus,"Helena Agri-Enterprises, LLC",,PLM Lake and Land Management Corp.,7/13/2020,7/13/2020,21.29,5,0.05,0.05,gal/acre,1,gal,83,83,5,4,S,80,,Y,PAR pesticide 1/2. Phelps Bay
2020-0211,2020,EWM,Minnetonka,27013300,Hennepin,,,Tribune,"Syngenta Crop Protection, LLC",,PLM Lake and Land Management Corp.,7/13/2020,7/13/2020,21.29,5,2,2,gal/acre,42.58,gal,83,83,5,4,S,80,,Y,PAR pesticide 2/2. Phelps Bay
2018-1041,2020,EWM,Minnetonka,27013300,Hennepin,,,Tribune,"Syngenta Crop Protection, LLC",,PLM Lake and Land Management Corp.,7/15/2020,7/15/2020,6.65,7,1.13,1.13,gal/acre,7.52,gal,75,75,3,3,W,68,,Y,PAR pesticide 1/2. Carman Bay
2018-1041,2020,EWM,Minnetonka,27013300,Hennepin,,,ProcellaCOR EC,SePro Corp.,,PLM Lake and Land Management Corp.,7/15/2020,7/15/2020,6.65,7,1.5,1.5,oz/acre-ft,69.96,oz,75,75,3,3,W,68,,Y,PAR pesticide 2/2. Carman Bay
2017-1210,2020,EWM,Big Marine,82005200,Washington,1624,1300,ProcellaCOR EC,SePro Corp.,,PLM Lake and Land Management Corp.,7/16/2020,7/16/2020,3.76,9.5,10.65,10.65,oz/acre-ft,380.4,oz,74,74,5,5,S,68,,Y,
2017-0422,2020,EWM,Big,71008200,Sherburne,242,2437,"2,4-D Amine","Alligare, LLC",,Lake Restoration,7/17/2020,7/17/2020,7,5,2.84,2.84,gal/acre-ft,99.4,gal,78,78,3,3,S,73,,Y,4 ppm. PAR 2/5
2017-0422,2020,EWM,Big,71008200,Sherburne,243,2438,"2,4-D Amine","Alligare, LLC",,Lake Restoration,7/17/2020,7/17/2020,3.4,5,2.84,2.84,gal/acre-ft,48.26,gal,78,78,3,3,S,80,,Y,4 ppm. PAR 3/5
2017-0422,2020,EWM,Big,71008200,Sherburne,244,2439,"2,4-D Amine","Alligare, LLC",,Lake Restoration,7/17/2020,7/17/2020,4.6,5,2.84,2.84,gal/acre-ft,65.32,gal,78,78,4,4,S,75,,Y,4 ppm. PAR 4/5
2017-0442,2020,EWM,Big,71008200,Sherburne,245,2440,"2,4-D Amine","Alligare, LLC",,Lake Restoration,7/17/2020,7/17/2020,1.1,5,2.84,2.84,gal/acre-ft,15.62,gal,78,78,3,3,S,75,,Y,4 ppm. PAR 5/5
2017-0442,2020,EWM,Big,71008200,Sherburne,1592,1264,"2,4-D Amine","Alligare, LLC",,Lake Restoration,7/17/2020,7/17/2020,0.55,5,2.84,2.84,gal/acre-ft,7.81,gal,78,78,3,3,S,73,,Y,4 ppm. PAR 1//5
2017-0445,2020,EWM,Big,71008200,Sherburne,,,"2,4-D Amine","Alligare, LLC",,Lake Restoration,7/17/2020,7/17/2020,4.6,5,2.84,2.84,gal/acre-ft,65.35,gal,79,79,3,3,S,82,,Y,4 ppm. PAR 1/3
2017-0445,2020,EWM,Big,71008200,Sherburne,,,"2,4-D Amine","Alligare, LLC",,Lake Restoration,7/17/2020,7/17/2020,0.5,5,2.84,2.84,gal/acre-ft,7.1,gal,80,80,3,3,SW,83,,Y,4 ppm. PAR 2/3
2017-0445,2020,EWM,Big,71008200,Sherburne,,,"2,4-D Amine","Alligare, LLC",,Lake Restoration,7/17/2020,7/17/2020,1.3,5,2.84,2.84,gal/acre-ft,18.42,gal,80,80,3,3,SW,83,,Y,4 ppm. PAR 3/3
2017-0445,2020,EWM,Mitchell,71008100,Sherburne,,,"2,4-D Amine","Alligare, LLC",,Lake Restoration,7/17/2020,7/17/2020,4.6,5,2.84,2.84,gal/acre-ft,65.35,gal,79,79,3,3,S,82,,Y,PAR 1/4
2017-0445,2020,EWM,Mitchell,71008100,Sherburne,,,"2,4-D Amine","Alligare, LLC",,Lake Restoration,7/17/2020,7/17/2020,0.5,5,2.84,2.84,gal/acre-ft,7.1,gal,80,80,3,3,SW,82,,Y,PAR 2/4
2017-0445,2020,EWM,Mitchell,71008100,Sherburne,,,"2,4-D Amine","Alligare, LLC",,Lake Restoration,7/17/2020,7/17/2020,1.3,5,2.84,2.84,gal/acre-ft,18.42,gal,80,80,3,3,SW,83,,Y,PAR 3/4
2017-0445,2020,EWM,Mitchell,71008100,Sherburne,,,"2,4-D Amine","Alligare, LLC",,Lake Restoration,7/17/2020,7/17/2020,0.5,5,2.84,2.84,gal/acre-ft,7.1,gal,80,80,3,3,SW,83,,Y,PAR 4/4
2017-0653,2020,EWM,Long,62006700,Ramsey,,,Dibrox,"Lake Restoration, Inc.",,Lake Restoration,7/20/2020,7/20/2020,1,2,1,1,gal/acre,1,gal,78,78,0,0,,69,,Y,PAR 1/7. Wind speed and direction calm. 
2017-0653,2020,EWM,Long,62006700,Ramsey,,,Dibrox,"Lake Restoration, Inc.",,Lake Restoration,7/20/2020,7/20/2020,0.35,4.25,2,2,gal/acre,0.7,gal,79,79,0,0,,70,,Y,PAR 2/7. Wind speed and direction calm. 
2017-0653,2020,EWM,Long,62006700,Ramsey,,,Dibrox,"Lake Restoration, Inc.",,Lake Restoration,7/20/2020,7/20/2020,0.75,2.5,1.25,1.25,gal/acre,0.93,gal,79,79,0,0,,70,,Y,PAR 3/7. Wind speed and direction calm. 
2017-0653,2020,EWM,Long,62006700,Ramsey,,,Dibrox,"Lake Restoration, Inc.",,Lake Restoration,7/20/2020,7/20/2020,0.8,3,1.5,1.5,gal/acre,1.2,gal,78,78,0,0,,70,,Y,PAR 4/7. Wind speed and direction calm. 
2017-0653,2020,EWM,Long,62006700,Ramsey,,,Dibrox,"Lake Restoration, Inc.",,Lake Restoration,7/20/2020,7/20/2020,0.74,2,1,1,gal/acre,0.74,gal,78,78,0,0,,70,,Y,PAR 5/7. Wind speed and direction calm. 
2017-0653,2020,EWM,Long,62006700,Ramsey,,,Dibrox,"Lake Restoration, Inc.",,Lake Restoration,7/20/2020,7/20/2020,0.54,2,1,1,gal/acre,0.54,gal,79,79,0,0,,70,,Y,PAR 6/7. Wind speed and direction calm. 
2017-0653,2020,EWM,Long,62006700,Ramsey,,,Dibrox,"Lake Restoration, Inc.",,Lake Restoration,7/20/2020,7/20/2020,0.73,4.25,2,2,gal/acre,1.46,gal,79,79,0,0,,70,,Y,PAR 7/7. Wind speed and direction calm. 
2017-0828,2020,EWM,Pulaski,86005302,Wright,,,ProcellaCOR EC,SePro Corp.,,PLM Lake and Land Management Corp.,7/22/2020,7/22/2020,17.2,5,19.31,19.31,oz/acre-ft,1661.08,oz,78,78,3,3,NE,64,,Y,
2019-2135,2020,EWM,Upper South Long,18009600,Crow Wing,,,Aquathol K,United Phosphorus Inc.,,PLM Lake and Land Management Corp.,7/22/2020,7/22/2020,8.3,6.9,9.89,9.89,oz/acre-ft,566.4,oz,75,75,0,5,N,65,,Y,3 treatment polygons
2017-1043,2020,EWM,Minnetonka,27013304,Hennepin,,,Kammo Plus,"Helena Agri-Enterprises, LLC",,PLM Lake and Land Management Corp.,7/23/2020,7/23/2020,3.84,,0.26,0.26,gal/acre,1,gal,80,80,,,,71,,Y,"PAR pesticide 1/3. no wind speed, direction, or treatment depth listed. St. Albans Bay"
2017-1043,2020,EWM,Minnetonka,27013304,Hennepin,,,Tribune,"Syngenta Crop Protection, LLC",,PLM Lake and Land Management Corp.,7/23/2020,7/23/2020,3.84,,0.21,0.21,gal/acre,0.8,gal,80,80,,,,71,,Y,"PAR pesticide 2/3. no wind speed, direction, or treatment depth listed. St. Albans Bay"
2017-1043,2020,EWM,Minnetonka,27013304,Hennepin,,,ProcellaCOR EC,SePro Corp.,,PLM Lake and Land Management Corp.,7/23/2020,7/23/2020,3.84,,19.21,19.21,oz/acre-ft,354,oz,80,80,,,,71,,Y,"PAR pesticide 3/3. no wind speed, direction, or treatment depth listed. St. Albans Bay"
2017-0384,2020,"EWM, CLP",Josephine,62005700,Ramsey,589,960,Sonar A.S.,SePro Corp.,,"Lake Management, Inc.",7/24/2020,7/24/2020,117,8.5,4,4,ppb,1.93,gal,,,4,4,SSE,77,,Y,Bump treatment.
,2020,CLP,Josephine,62005700,Ramsey,589,960,Sonar A.S.,SePro Corp.,,"Lake Management, Inc.",7/24/2020,7/24/2020,117,,4,4,ppb,1.93,gal,,,4,4,SSE,,,Y,Bump treatment.
2017-459,2020,EWM,Beebe,86002300,Wright,240,2435,"2,4-D Amine","Alligare, LLC",,Aquatic Solutions of Minnesota,7/31/2020,7/31/2020,2,4.6,4,4,ppm,22.2,gal,,,0,0,,,61,Y,PAR 2/2
2017-459,2020,EWM,Beebe,86002300,Wright,1341,1201,"2,4-D Amine","Alligare, LLC",,Aquatic Solutions of Minnesota,7/31/2020,7/31/2020,2,5.6,4,4,ppm,31.8,gal,,,0,0,,,61,Y,PAR 1/2
2018-0175,2020,EWM,Ruth,18021200,Crow Wing,,,ProcellaCOR EC,SePro Corp.,,PLM Lake and Land Management Corp.,7/31/2020,7/31/2020,3.6,7.9,12.83,12.83,oz/acre-ft,364.8,oz,76,76,0,5,,70,,Y,1 of 2
2019-2394,2020,EWM,Waverly,86011400,Wright,,,"2,4-D Amine","Alligare, LLC",,Lake Restoration,8/4/2020,8/4/2020,1.6,5,2.84,2.84,gal/acre-ft,22.72,gal,76,76,4,4,W,63,,Y,"PAR 1/4, 4.0 ppm"
2019-2394,2020,EWM,Waverly,86011400,Wright,,,"2,4-D Amine","Alligare, LLC",,Lake Restoration,8/4/2020,8/4/2020,4,5,2.84,2.84,gal/acre-ft,56.8,gal,77,77,5,5,W,64,,Y,"PAR 2/4, 4.0 ppm"
2019-2394,2020,EWM,Waverly,86011400,Wright,,,"2,4-D Amine","Alligare, LLC",,Lake Restoration,8/4/2020,8/4/2020,1.1,5,2.84,2.84,gal/acre-ft,15.64,gal,77,77,3,3,W,67,,Y,"PAR 3/4, 4.0 ppm"
2019-2394,2020,EWM,Waverly,86011400,Wright,,,"2,4-D Amine","Alligare, LLC",,Lake Restoration,8/4/2020,8/4/2020,3.2,5,2.84,2.84,gal/acre-ft,45.44,gal,77,77,2,2,W,69,,Y,"PAR 4/4, 4.0 ppm"
2017-3409,2020,FR,Forest,82015900,Washington,,,Tribune,"Syngenta Crop Protection, LLC",,PLM Lake and Land Management Corp. ,8/6/2020,8/6/2020,5.91,4,2,2,gal/acre,11.82,gal,73,73,8,8,SW,70,,Y,1 of 2
2017-0729,2020,EWM,Scandinavian,61004100,Pope,,,Dibrox,"Lake Restoration, Inc. ",,Lake Restoration,8/6/2020,8/6/2020,2.2,4,2,2,gal/acre,4.4,gal,75,75,4,4,E,70,,Y,PAR 1/10
2017-0729,2020,EWM,Scandinavian,61004100,Pope,,,Dibrox,"Lake Restoration, Inc. ",,Lake Restoration,8/6/2020,8/6/2020,1.7,3.5,1.75,1.75,gal/acre,2.98,gal,75,75,1,1,E,70,,Y,PAR 2/10
2017-0729,2020,EWM,Scandinavian,61004100,Pope,,,Dibrox,"Lake Restoration, Inc. ",,Lake Restoration,8/6/2020,8/6/2020,1.3,6,2,2,gal/acre,2.6,gal,76,76,2,2,E,70,,Y,PAR 3/10
2017-0729,2020,EWM,Scandinavian,61004100,Pope,,,Dibrox,"Lake Restoration, Inc. ",,Lake Restoration,8/6/2020,8/6/2020,0.7,3.5,1.75,1.75,gal/acre,1.23,gal,76,76,2,2,E,70,,Y,PAR 4/10
2017-0729,2020,EWM,Scandinavian,61004100,Pope,,,Dibrox,"Lake Restoration, Inc. ",,Lake Restoration,8/6/2020,8/6/2020,0.5,5.5,2,2,gal/acre,1,gal,76,76,2,2,E,72,,Y,PAR 5/10
2017-0729,2020,EWM,Scandinavian,61004100,Pope,,,Dibrox,"Lake Restoration, Inc. ",,Lake Restoration,8/6/2020,8/6/2020,0.3,4.5,2,2,gal/acre,0.6,gal,76,76,2,2,E,72,,Y,PAR 6/10
2017-0729,2020,EWM,Scandinavian,61004100,Pope,,,Dibrox,"Lake Restoration, Inc. ",,Lake Restoration,8/6/2020,8/6/2020,0.5,2.5,1.25,1.25,gal/acre,0.63,gal,76,76,3,3,E,72,,Y,PAR 7/10
2017-0729,2020,EWM,Scandinavian,61004100,Pope,,,Dibrox,"Lake Restoration, Inc. ",,Lake Restoration,8/6/2020,8/6/2020,1.8,4.5,2,2,gal/acre,3.6,gal,76,76,3,3,E,72,,Y,PAR 8/10
2017-0729,2020,EWM,Scandinavian,61004100,Pope,,,Dibrox,"Lake Restoration, Inc. ",,Lake Restoration,8/6/2020,8/6/2020,0.4,3.5,1.75,1.75,gal/acre,0.7,gal,75,75,4,4,E,68,,Y,PAR 9/10
2017-0729,2020,EWM,Scandinavian,61004100,Pope,,,Dibrox,"Lake Restoration, Inc. ",,Lake Restoration,8/6/2020,8/6/2020,0.32,2.5,1.25,1.25,gal/acre,0.4,gal,74,74,4,4,E,68,,Y,PAR 10/10
2019-3248,2020,EWM,Fannie,30004300,Isanti,410,2606,"2,4-D Amine","Alligare, LLC",,Lake Restoration,8/10/2020,8/10/2020,1.2,5.6,2.84,2.84,gal/acre-ft,19.08,gal,75,75,5.6,5.6,W,70,,Y,4 ppm. PAR 2/3
2019-3248,2020,EWM,Fannie,30004300,Isanti,411,2607,"2,4-D Amine","Alligare, LLC",,Lake Restoration,8/10/2020,8/10/2020,0.9,3,2.84,2.84,gal/acre-ft,7.67,gal,75,75,5,5,W,70,,Y,4 ppm. PAR 3/3
2019-3248,2020,EWM,Fannie,30004300,Isanti,978,597,"2,4-D Amine","Alligare, LLC",,Lake Restoration,8/10/2020,8/10/2020,1.1,4.3,2.84,2.84,gal/acre-ft,13.43,gal,75,75,5,5,W,70,,Y,4 ppm. PAR 1/3.
2017-0437,2020,EWM,Sand,58008100,Pine,,,ProcellaCOR EC,SePro Corp.,,"Lake Management, Inc. ",8/18/2020,8/18/2020,0.2,5,3,3,PDU/acre-ft,2.9,PDU,,,,,,77,,Y,PAR 14/17. 9.5 oz applied. 
2017-0437,2020,EWM,Sand,58008100,Pine,,,ProcellaCOR EC,SePro Corp.,,"Lake Management, Inc. ",8/18/2020,8/18/2020,0.21,5,3,3,PDU/acre-ft,3.1,PDU,,,,,,75,,Y,PAR 5/17. 10 oz applied. 
2017-0437,2020,EWM,Sand,58008100,Pine,,,ProcellaCOR EC,SePro Corp.,,"Lake Management, Inc. ",8/18/2020,8/18/2020,0.21,5,3,3,PDU/acre-ft,3.1,PDU,,,,,,77,,Y,PAR 13/17. 10 oz applied. 
2017-0437,2020,EWM,Sand,58008100,Pine,,,ProcellaCOR EC,SePro Corp.,,"Lake Management, Inc. ",8/18/2020,8/18/2020,0.24,5,3,3,PDU/acre-ft,3.5,PDU,,,,,,76,,Y,PAR 6/17. 11.4 oz applied. 
2017-0437,2020,EWM,Sand,58008100,Pine,,,ProcellaCOR EC,SePro Corp.,,"Lake Management, Inc. ",8/18/2020,8/18/2020,0.32,5,3,3,PDU/acre-ft,4.7,PDU,,,,,,77,,Y,PAR 17/17. 15.2 oz applied. 
2017-0437,2020,EWM,Sand,58008100,Pine,,,ProcellaCOR EC,SePro Corp.,,"Lake Management, Inc. ",8/18/2020,8/18/2020,0.33,5,3,3,PDU/acre-ft,4.9,PDU,,,,,,76,,Y,PAR 7/17. 15.7 oz applied. 
2017-0437,2020,EWM,Sand,58008100,Pine,,,ProcellaCOR EC,SePro Corp.,,"Lake Management, Inc. ",8/18/2020,8/18/2020,0.38,5,3,3,PDU/acre-ft,5.6,PDU,,,,,,76,,Y,PAR 8/17. 18 oz applied. 
2017-0437,2020,EWM,Sand,58008100,Pine,,,ProcellaCOR EC,SePro Corp.,,"Lake Management, Inc. ",8/18/2020,8/18/2020,0.39,5,3,3,PDU/acre-ft,5.8,PDU,,,,,,77,,Y,PAR 15/17. 18.5 oz applied. 
2017-0437,2020,EWM,Sand,58008100,Pine,,,ProcellaCOR EC,SePro Corp.,,"Lake Management, Inc. ",8/18/2020,8/18/2020,0.48,5,3,3,PDU/acre-ft,7.1,PDU,,,,,,77,,Y,PAR 16/17. 22.8 oz applied. 
2017-0437,2020,EWM,Sand,58008100,Pine,,,ProcellaCOR EC,SePro Corp.,,"Lake Management, Inc. ",8/18/2020,8/18/2020,0.56,5,3,3,PDU/acre-ft,8.3,PDU,,,,,,73,,Y,PAR 1/17. 26.6 oz applied. 
2017-0437,2020,EWM,Sand,58008100,Pine,,,ProcellaCOR EC,SePro Corp.,,"Lake Management, Inc. ",8/18/2020,8/18/2020,0.58,5,3,3,PDU/acre-ft,8.6,PDU,,,,,,73,,Y,PAR 3/17. 27.5 oz applied. 
2017-0437,2020,EWM,Sand,58008100,Pine,,,ProcellaCOR EC,SePro Corp.,,"Lake Management, Inc. ",8/18/2020,8/18/2020,0.71,5,3,3,PDU/acre-ft,10.6,PDU,,,,,,73,,Y,PAR 4/17. 33.8 oz applied. 
2017-0437,2020,EWM,Sand,58008100,Pine,,,ProcellaCOR EC,SePro Corp.,,"Lake Management, Inc. ",8/18/2020,8/18/2020,0.78,5,3,3,PDU/acre-ft,11.6,PDU,,,,,,77,,Y,PAR 12/17. 37 oz applied. 
2017-0437,2020,EWM,Sand,58008100,Pine,,,ProcellaCOR EC,SePro Corp.,,"Lake Management, Inc. ",8/18/2020,8/18/2020,0.81,5,3,3,PDU/acre-ft,12.1,PDU,,,,,,73,,Y,PAR 2/17. 38.5 oz applied. 
2017-0437,2020,EWM,Sand,58008100,Pine,,,ProcellaCOR EC,SePro Corp.,,"Lake Management, Inc. ",8/18/2020,8/18/2020,0.89,5,3,3,PDU/acre-ft,13.2,PDU,,,,,,77,,Y,PAR 9/17. 42 oz applied. 
2017-0437,2020,EWM,Sand,58008100,Pine,,,ProcellaCOR EC,SePro Corp.,,"Lake Management, Inc. ",8/18/2020,8/18/2020,0.92,5,3,3,PDU/acre-ft,13.8,PDU,,,,,,77,,Y,PAR 11/17. 44 oz applied. 
2017-0434,2020,EWM,Sturgeon,58006700,Pine,,,ProcellaCOR EC,SePro Corp. ,,"Lake Management, Inc. ",8/18/2020,8/18/2020,0.93,5,3,3,PDU/acre-ft,13.9,PDU,,,3,3,S,77,,Y,PAR 5/6. 44.1 oz used. 
2017-0437,2020,EWM,Sand,58008100,Pine,,,ProcellaCOR EC,SePro Corp.,,"Lake Management, Inc. ",8/18/2020,8/18/2020,1.99,5,3,3,PDU/acre-ft,29.9,PDU,,,,,,77,,Y,PAR 10/17. 29.9 oz applied. 
2017-0434,2020,EWM,Sturgeon,58006700,Pine,,,"2,4-D Amine","Alligare, LLC",,"Lake Management, Inc. ",8/18/2020,8/18/2020,9.66,5,7.1,7.1,gal/acre,68.5,gal,,,3,3,S,75,,Y,"PAR 1/6, 2.0 ppm"
2017-0434,2020,EWM,Sturgeon,58006700,Pine,,,"2,4-D Amine","Alligare, LLC",,"Lake Management, Inc. ",8/18/2020,8/18/2020,11.07,5,7.1,7.1,gal/acre,78.5,gal,,,3,3,S,77,,Y,"PAR 2/6, 2.0 ppm"
2017-0434,2020,EWM,Sturgeon,58006700,Pine,,,"2,4-D Amine","Alligare, LLC",,"Lake Management, Inc. ",8/18/2020,8/18/2020,3,5,7.1,7.1,gal/acre,21.3,gal,,,3,3,S,77,,Y,"PAR 3/6, 2.0 ppm"
2017-0434,2020,EWM,Sturgeon,58006700,Pine,,,"2,4-D Amine","Alligare, LLC",,"Lake Management, Inc. ",8/18/2020,8/18/2020,3.9,5,7.1,7.1,gal/acre,27.7,gal,,,3,3,S,77,,Y,"PAR 4/6, 2.0 ppm"
2017-0434,2020,EWM,Sturgeon,58006700,Pine,,,ProcellaCOR EC,SePro Corp. ,,"Lake Management, Inc. ",8/18/2020,8/18/2020,7.5,5,3,3,PDU/acre-ft,22.4,PDU,,,3,3,S,77,,Y,PAR 5/6. 71.3 oz used. 
2020-2645,2020,EWM,Lower Spunk,73012300,Stearns,,,"2,4-D Amine","Alligare, LLC",,Lake Restoration,8/20/2020,8/20/2020,3.2,5.3,2.84,2.84,gal/acre-ft,48.17,gal,74,74,2,5,S,73,,Y,PAR 1/4
2020-2645,2020,EWM,Lower Spunk,73012300,Stearns,,,"2,4-D Amine","Alligare, LLC",,Lake Restoration,8/20/2020,8/20/2020,1.7,6.2,2.84,2.84,gal/acre-ft,29.93,gal,74,74,3,6,SE,73,,Y,PAR 2/4
2020-2645,2020,EWM,Lower Spunk,73012300,Stearns,,,"2,4-D Amine","Alligare, LLC",,Lake Restoration,8/20/2020,8/20/2020,3.1,5.2,2.84,2.84,gal/acre-ft,45.78,gal,74,74,2,5,SE,73,,Y,PAR 3/4
2020-2645,2020,EWM,Lower Spunk,73012300,Stearns,,,"2,4-D Amine","Alligare, LLC",,Lake Restoration,8/20/2020,8/20/2020,1.9,3.9,2.84,2.84,gal/acre-ft,21.04,gal,74,74,2,5,SE,73,,Y,PAR 4/4
2017-0825,2020,EWM,Middle Spunk,73012800,Stearns,,,"2,4-D Amine","Alligare, LLC",,Lake Restoration,8/20/2020,8/20/2020,6.82,3,2.84,2.84,gal/acre-ft,6.82,gal,74,74,5,5,S,69,,Y,4.0 ppm
2017-1486,2020,EWM,Minnewaska,61013000,Pope,,,"2,4-D Amine","Alligare, LLC",,Lake Restoration,8/21/2020,8/21/2020,0.96,2,2.84,2.84,gal/acre-ft,5.45,gal,78,78,1,1,S,84,,Y,PAR 1/9
2017-1486,2020,EWM,Minnewaska,61013000,Pope,,,"2,4-D Amine","Alligare, LLC",,Lake Restoration,8/21/2020,8/21/2020,4.04,8.7,2.84,2.84,gal/acre-ft,99.82,gal,77,77,5,5,S,83,,Y,PAR 2/9
2017-1486,2020,EWM,Minnewaska,61013000,Pope,,,"2,4-D Amine","Alligare, LLC",,Lake Restoration,8/21/2020,8/21/2020,2.1,10,2.84,2.84,gal/acre-ft,59.64,gal,77,77,5,5,S,83,,Y,PAR 3/9
2017-1486,2020,EWM,Minnewaska,61013000,Pope,,,"2,4-D Amine","Alligare, LLC",,Lake Restoration,8/21/2020,8/21/2020,0.94,8,2.84,2.84,gal/acre-ft,21.36,gal,78,78,5,5,S,83,,Y,PAR 4/9
2017-1486,2020,EWM,Minnewaska,61013000,Pope,,,"2,4-D Amine","Alligare, LLC",,Lake Restoration,8/21/2020,8/21/2020,1.2,6,2.84,2.84,gal/acre-ft,20.45,gal,78,78,1,1,S,76,,Y,PAR 5/9
2017-1486,2020,EWM,Minnewaska,61013000,Pope,,,"2,4-D Amine","Alligare, LLC",,Lake Restoration,8/21/2020,8/21/2020,3.8,6.5,2.84,2.84,gal/acre-ft,70.15,gal,78,78,1,1,SW,75,,Y,PAR 6/9
2017-1486,2020,EWM,Minnewaska,61013000,Pope,,,"2,4-D Amine","Alligare, LLC",,Lake Restoration,8/21/2020,8/21/2020,1.9,3.7,2.84,2.84,gal/acre-ft,19.97,gal,78,78,1,1,SW,76,,Y,PAR 7/9
2017-1486,2020,EWM,Minnewaska,61013000,Pope,,,"2,4-D Amine","Alligare, LLC",,Lake Restoration,8/21/2020,8/21/2020,2.6,8.5,2.84,2.84,gal/acre-ft,62.76,gal,78,78,1,1,SW,80,,Y,PAR 8/9
2017-1486,2020,EWM,Minnewaska,61013000,Pope,,,"2,4-D Amine","Alligare, LLC",,Lake Restoration,8/21/2020,8/21/2020,0.6,6,2.84,2.84,gal/acre-ft,10.22,gal,78,78,1,1,SW,80,,Y,PAR 9/9
2017-3409,2020,FR,Forest,82015900,Washington,,,Tribune,"Syngenta Crop Protection, LLC",,PLM Lake and Land Management Corp. ,9/2/2020,9/2/2020,5.14,4,1.96,1.96,gal/acre,10.08,gal,73,73,5,7,NW,75,,Y,2 of 2
2017-3015,2020,EWM,Bear,9003400,Carlton,557,923,ProcellaCOR EC,SePro Corp.,,PLM Lake and Land Management Corp.,9/9/2020,9/9/2020,0.76,6.5,17.54,17.54,oz/acre-ft,80,oz,63.8,63.8,0,5,NW,47,,Y,
2018-0180,2020,EWM,Clearwater,86025200,Wright,383,2579,Dibrox,"Lake Restoration, Inc.",,Lake Restoration,9/10/2020,9/10/2020,0.14,4,2,2,gal/acre,0.28,gal,66,66,0,0,,48,,Y,PAR 2/3
2018-0180,2020,EWM,Clearwater,86025200,Wright,384,2580,Dibrox,"Lake Restoration, Inc.",,Lake Restoration,9/10/2020,9/10/2020,1.6,4,2,2,gal/acre-ft,3.2,gal,66,66,0,0,,,,Y,PAR 3/3
2018-0180,2020,EWM,Clearwater,86025200,Wright,1380,1243,Dibrox,"Lake Restoration, Inc.",,Lake Restoration,9/10/2020,9/10/2020,0.5,4.5,2,2,gal/acre,1,gal,60,60,0,0,,40,,Y,PAR 1/3
2020-0208,2020,EWM,McKinney,31037000,Itasca,,,"2,4-D Amine","Alligare, LLC",,"Central Minnesota Aquatics, Inc.",9/18/2020,9/18/2020,10,6,2.84,2.84,gal/acre-ft ,170.4,gal,,,0,3,SSE,62,,Y,"temperature was 43-62 degrees. One PAR for 4 treatment areas of 4.35, 0.34, 1.36, and 4.76 acres. "
2017-1978,2020,EWM,Jane,82010400,Washington,1578,1246,ProcellaCOR EC,SePro Corp.,,PLM Lake and Land Management Corp.,9/18/2020,9/18/2020,6.71,9,5.83,5.83,oz/acre-ft,351.87,oz,55,55,0,3,,42,,Y,"wind direction ""calm"""
2018-0175,2020,EWM,Ruth,18021200,Crow Wing,,,ProcellaCOR EC,SePro Corp.,,PLM Lake and Land Management Corp.,9/24/2020,9/24/2020,3,6.2,11.53,11.53,oz/acre-ft,214.4,oz,64,64,0,0,E,55,,Y,2 of 2
2019-0018,2020,EWM,Mary,18018500,Crow Wing,,,ProcellaCOR,SePro Corp.,,PLM Lake and Land Management Corp.,10/2/2020,10/2/2020,4.3,3.9,12.4,12.4,oz/acre-ft,208,oz,50,50,0,0,,40,,Y,
2019-0017,2020,EWM,Emily,18020300,Crow Wing,566,933,ProcellaCOR EC,SePro Corp.,,PLM Lake and Land Management Corp.,10/2/2020,10/2/2020,11.3,3.5,11.81,11.81,oz/acre-ft,467.2,oz,50,50,0,5,,,,Y,"wind direction = ""calm"""
2020-0177,2020,EWM,Clearwater,18003800,Crow Wing,563,930,ProcellaCOR EC,SePro Corp.,,"Clarke Aquatic Services, Inc.",10/7/2020,10/7/2020,0.3,7,5,5,PDU/acre-ft,11,PDU,57,57,4,4,S,44,,Y,"1/15 on the same PAR, with only size, avg depth, rate, and amount individual to each site. "
2020-0177,2020,EWM,Clearwater,18003800,Crow Wing,563,930,ProcellaCOR EC,SePro Corp.,,"Clarke Aquatic Services, Inc.",10/7/2020,10/7/2020,0.5,3..4,5,5,PDU/acre-ft,9,PDU,57,57,4,4,S,44,,Y,"3/15 on the same PAR, with only size, avg depth, rate, and amount individual to each site. "
2020-0177,2020,EWM,Clearwater,18003800,Crow Wing,563,930,ProcellaCOR EC,SePro Corp.,,"Clarke Aquatic Services, Inc.",10/7/2020,10/7/2020,0.8,2.6,5,5,PDU/acre-ft,10,PDU,57,57,4,4,S,44,,Y,"5/15 on the same PAR, with only size, avg depth, rate, and amount individual to each site. "
2020-0177,2020,EWM,Clearwater,18003800,Crow Wing,563,930,ProcellaCOR EC,SePro Corp.,,"Clarke Aquatic Services, Inc.",10/7/2020,10/7/2020,0.9,6.3,5,5,PDU/acre-ft,28,PDU,57,57,4,4,S,44,,Y,"4/15 on the same PAR, with only size, avg depth, rate, and amount individual to each site. "
2020-0177,2020,EWM,Clearwater,18003800,Crow Wing,563,930,ProcellaCOR EC,SePro Corp.,,"Clarke Aquatic Services, Inc.",10/7/2020,10/7/2020,0.9,5.6,5,5,PDU/acre-ft,25,PDU,57,57,4,4,S,44,,Y,"7/15 on the same PAR, with only size, avg depth, rate, and amount individual to each site. "
2020-0177,2020,EWM,Clearwater,18003800,Crow Wing,563,930,ProcellaCOR EC,SePro Corp.,,"Clarke Aquatic Services, Inc.",10/7/2020,10/7/2020,1.2,3.1,6,6,PDU/acre-ft,22,PDU,57,57,4,4,S,44,,Y,"9/15 on the same PAR, with only size, avg depth, rate, and amount individual to each site. "
2020-0177,2020,EWM,Clearwater,18003800,Crow Wing,563,930,ProcellaCOR EC,SePro Corp.,,"Clarke Aquatic Services, Inc.",10/7/2020,10/7/2020,1.3,4.1,4,4,PDU/acre-ft,21,PDU,57,57,4,4,S,44,,Y,"2/15 on the same PAR, with only size, avg depth, rate, and amount individual to each site. "
2020-0177,2020,EWM,Clearwater,18003800,Crow Wing,563,930,ProcellaCOR EC,SePro Corp.,,"Clarke Aquatic Services, Inc.",10/7/2020,10/7/2020,1.6,4,5,5,PDU/acre-ft,32,PDU,57,57,4,4,S,44,,Y,"8/15 on the same PAR, with only size, avg depth, rate, and amount individual to each site. "
2020-0177,2020,EWM,Clearwater,18003800,Crow Wing,563,930,ProcellaCOR EC,SePro Corp.,,"Clarke Aquatic Services, Inc.",10/7/2020,10/7/2020,1.8,4.5,4,4,PDU/acre-ft,32,PDU,57,57,4,4,S,44,,Y,"15/15 on the same PAR, with only size, avg depth, rate, and amount individual to each site. "
2020-0177,2020,EWM,Clearwater,18003800,Crow Wing,563,930,ProcellaCOR EC,SePro Corp.,,"Clarke Aquatic Services, Inc.",10/7/2020,10/7/2020,2.5,4.5,4,4,PDU/acre-ft,45,PDU,57,57,4,4,S,44,,Y,"14/15 on the same PAR, with only size, avg depth, rate, and amount individual to each site. "
2020-0177,2020,EWM,Clearwater,18003800,Crow Wing,563,930,ProcellaCOR EC,SePro Corp.,,"Clarke Aquatic Services, Inc.",10/7/2020,10/7/2020,3.2,4.3,5,5,PDU/acre-ft,55,PDU,57,57,4,4,S,44,,Y,"6/15 on the same PAR, with only size, avg depth, rate, and amount individual to each site. "
2020-0177,2020,EWM,Clearwater,18003800,Crow Wing,563,930,ProcellaCOR EC,SePro Corp.,,"Clarke Aquatic Services, Inc.",10/7/2020,10/7/2020,4,3.3,5,5,PDU/acre-ft,66,PDU,57,57,4,4,S,44,,Y,"13/15 on the same PAR, with only size, avg depth, rate, and amount individual to each site. "
2020-0177,2020,EWM,Clearwater,18003800,Crow Wing,563,930,ProcellaCOR EC,SePro Corp.,,"Clarke Aquatic Services, Inc.",10/7/2020,10/7/2020,5.1,4,4,4,PDU/acre-ft,82,PDU,57,57,4,4,S,44,,Y,"10/15 on the same PAR, with only size, avg depth, rate, and amount individual to each site. "
2020-0177,2020,EWM,Clearwater,18003800,Crow Wing,563,930,ProcellaCOR EC,SePro Corp.,,"Clarke Aquatic Services, Inc.",10/7/2020,10/7/2020,5.7,4.2,4,4,PDU/acre-ft,96,PDU,57,57,4,4,S,44,,Y,"11/15 on the same PAR, with only size, avg depth, rate, and amount individual to each site. "
2020-0177,2020,EWM,Clearwater,18003800,Crow Wing,563,930,ProcellaCOR EC,SePro Corp.,,"Clarke Aquatic Services, Inc.",10/7/2020,10/7/2020,6.6,4.4,4,4,PDU/acre-ft,116,PDU,57,57,4,4,S,44,,Y,"12/15 on the same PAR, with only size, avg depth, rate, and amount individual to each site. "
2019-0627,2020,EWM,Crookneck,49013300,Morrison,1370,1232,ProcellaCOR EC,SePro Corp.,,PLM Lake and Land Management Corp.,10/8/2020,10/8/2020,0.86,4.5,20.67,20.67,oz/acre-ft,80,oz,55,55,0,5,,42,,Y,
2017-1985,2020,EWM ,Bay,18003400,Crow Wing,,,"2,4-D Amine","Alligare, LLC",,Lake Restoration,10/8/2020,10/8/2020,0.089,8,2.84,2.84,gal/acre-ft,2.02,gal,56,56,4,4,SE,52,,Y,1 of 28
2017-1985,2020,EWM ,Bay,18003400,Crow Wing,,,"2,4-D Amine","Alligare, LLC",,Lake Restoration,10/8/2020,10/8/2020,0.258,10,2.84,2.84,gal/acre-ft,7.33,gal,56,56,4,4,SE,60,,Y,2 of 28
2017-1985,2020,EWM ,Bay,18003400,Crow Wing,,,"2,4-D Amine","Alligare, LLC",,Lake Restoration,10/8/2020,10/8/2020,0.36,8,2.84,2.84,gal/acre-ft,8.18,gal,56,56,4,3,SE,58,,Y,3 of 28
2017-1985,2020,EWM ,Bay,18003400,Crow Wing,,,"2,4-D Amine","Alligare, LLC",,Lake Restoration,10/8/2020,10/8/2020,2.29,8,2.84,2.84,gal/acre-ft,52.03,gal,55,56,1,1,S ,39,,Y,"4 of 28. wind speed ""light"" but has a direction"
2017-1985,2020,EWM ,Bay,18003400,Crow Wing,,,"2,4-D Amine","Alligare, LLC",,Lake Restoration,10/8/2020,10/8/2020,0.41,10,2.84,2.84,gal/acre-ft,11.64,gal,56,56,3,3,SE,60,,Y,5 of 28
2017-1985,2020,EWM ,Bay,18003400,Crow Wing,,,"2,4-D Amine","Alligare, LLC",,Lake Restoration,10/8/2020,10/8/2020,1.72,10,2.84,2.84,gal/acre-ft,48.85,gal,55,55,1,1,S,39,,Y,"6 of 28. wind speed ""light"" but has a direction"
2017-1985,2020,EWM ,Bay,18003400,Crow Wing,,,"2,4-D Amine","Alligare, LLC",,Lake Restoration,10/8/2020,10/8/2020,0.77,12,2.84,2.84,gal/acre-ft,26.24,gal,55,55,1,1,S,40,,Y,"7 of 28. wind speed ""light"" but has a direction"
2017-1985,2020,EWM ,Bay,18003400,Crow Wing,,,"2,4-D Amine","Alligare, LLC",,Lake Restoration,10/8/2020,10/8/2020,0.172,8,2.84,2.84,gal/acre-ft,3.91,gal,55,55,1,1,S,40,,Y,"8 of 28. wind speed ""light"" but has a direction"
2017-1985,2020,EWM ,Bay,18003400,Crow Wing,,,"2,4-D Amine","Alligare, LLC",,Lake Restoration,10/8/2020,10/8/2020,0.34,8,2.84,2.84,gal/acre-ft,7.72,gal,55,55,1,1,S,40,,Y,"9 of 28. wind speed ""light"" but has a direction"
2017-1985,2020,EWM ,Bay,18003400,Crow Wing,,,"2,4-D Amine","Alligare, LLC",,Lake Restoration,10/8/2020,10/8/2020,0.91,8,2.84,2.84,gal/acre-ft,20.68,gal,55,55,3,3,SE,42,,Y,10 of 28
2017-1985,2020,EWM ,Bay,18003400,Crow Wing,,,"2,4-D Amine","Alligare, LLC",,Lake Restoration,10/8/2020,10/8/2020,0.58,8,2.84,2.84,gal/acre-ft,13.18,gal,55,55,3,3,SE,42,,Y,11 of 28
2017-1985,2020,EWM ,Bay,18003400,Crow Wing,,,"2,4-D Amine","Alligare, LLC",,Lake Restoration,10/8/2020,10/8/2020,0.43,8,2.84,2.84,gal/acre-ft,9.77,gal,56,56,3,3,SE,60,,Y,12 of 28
2017-1985,2020,EWM ,Bay,18003400,Crow Wing,,,"2,4-D Amine","Alligare, LLC",,Lake Restoration,10/8/2020,10/8/2020,0.129,8,2.84,2.84,gal/acre-ft,2.93,gal,55,55,3,3,SE,42,,Y,13 of 28
2017-1985,2020,EWM ,Bay,18003400,Crow Wing,,,"2,4-D Amine","Alligare, LLC",,Lake Restoration,10/8/2020,10/8/2020,0.55,12,2.84,2.84,gal/acre-ft,18.74,gal,55,55,5,5,SE,60,,Y,14 of 28
2017-1985,2020,EWM ,Bay,18003400,Crow Wing,,,"2,4-D Amine","Alligare, LLC",,Lake Restoration,10/8/2020,10/8/2020,0.27,12,2.84,2.84,gal/acre-ft,9.2,gal,56,56,3,3,SE,56,,Y,15 of 28
2017-1985,2020,EWM ,Bay,18003400,Crow Wing,,,"2,4-D Amine","Alligare, LLC",,Lake Restoration,10/8/2020,10/8/2020,2.13,10,2.84,2.84,gal/acre-ft,60.49,gal,55,55,5,5,SE,45,,Y,16 of 28
2017-1985,2020,EWM ,Bay,18003400,Crow Wing,,,"2,4-D Amine","Alligare, LLC",,Lake Restoration,10/8/2020,10/8/2020,0.58,12,2.84,2.84,gal/acre-ft,19.77,gal,56,56,6,6,SE,47,,Y,17 of 28
2017-1985,2020,EWM ,Bay,18003400,Crow Wing,,,"2,4-D Amine","Alligare, LLC",,Lake Restoration,10/8/2020,10/8/2020,1.09,10,2.84,2.84,gal/acre-ft,30.96,gal,56,56,5,5,SE,50,,Y,18 of 28
2017-1985,2020,EWM ,Bay,18003400,Crow Wing,,,"2,4-D Amine","Alligare, LLC",,Lake Restoration,10/8/2020,10/8/2020,0.3,10,2.84,2.84,gal/acre-ft,8.52,gal,56,56,3,3,SE,60,,Y,19 of 28
2017-1985,2020,EWM ,Bay,18003400,Crow Wing,,,"2,4-D Amine","Alligare, LLC",,Lake Restoration,10/8/2020,10/8/2020,0.17,8,2.84,2.84,gal/acre-ft,3.86,gal,56,56,3,3,SE,56,,Y,20 of 28
2017-1985,2020,EWM ,Bay,18003400,Crow Wing,,,"2,4-D Amine","Alligare, LLC",,Lake Restoration,10/8/2020,10/8/2020,0.16,8,2.84,2.84,gal/acre-ft,3.64,gal,56,56,2,2,SE,60,,Y,21 of 28
2017-1985,2020,EWM ,Bay,18003400,Crow Wing,,,"2,4-D Amine","Alligare, LLC",,Lake Restoration,10/8/2020,10/8/2020,0.137,6,2.84,2.84,gal/acre-ft,2.33,gal,56,56,5,5,SE,60,,Y,22 of 28
2017-1985,2020,EWM ,Bay,18003400,Crow Wing,,,"2,4-D Amine","Alligare, LLC",,Lake Restoration,10/8/2020,10/8/2020,0.688,10,2.84,2.84,gal/acre-ft,19.54,gal,56,56,3,3,SE,60,,Y,23 of 28
2017-1985,2020,EWM ,Bay,18003400,Crow Wing,,,"2,4-D Amine","Alligare, LLC",,Lake Restoration,10/8/2020,10/8/2020,0.619,8,2.84,2.84,gal/acre-ft,14.06,gal,56,56,5,5,SE,60,,Y,24 of 28
2017-1985,2020,EWM ,Bay,18003400,Crow Wing,,,"2,4-D Amine","Alligare, LLC",,Lake Restoration,10/8/2020,10/8/2020,0.19,8,2.84,2.84,gal/acre-ft,4.32,gal,56,56,2,2,SE,60,,Y,25 of 28
2017-1985,2020,EWM ,Bay,18003400,Crow Wing,,,"2,4-D Amine","Alligare, LLC",,Lake Restoration,10/8/2020,10/8/2020,2.29,8,2.84,2.84,gal/acre-ft,52.03,gal,55,55,4,4,SE,45,,Y,26 of 28
2017-1985,2020,EWM ,Bay,18003400,Crow Wing,,,"2,4-D Amine","Alligare, LLC",,Lake Restoration,10/8/2020,10/8/2020,0.13,6,2.84,2.84,gal/acre-ft,2.22,gal,56,56,5,5,SE,60,,Y,27 of 28
2017-1985,2020,EWM ,Bay,18003400,Crow Wing,,,"2,4-D Amine","Alligare, LLC",,Lake Restoration,10/8/2020,10/8/2020,0.15,8,2.84,2.84,gal/acre-ft,3.41,gal,56,56,1,1,SE,62,,Y,28 of 28
2017-1985,2020,EWM ,Bay,18003400,Crow Wing,,,"2,4-D Amine","Alligare, LLC",,Lake Restoration,10/9/2020,10/9/2020,0.3,10,2.84,2.84,gal/acre-ft,8.52,gal,56,56,3,3,SW,54,,Y,1 of 10
2017-1985,2020,EWM ,Bay,18003400,Crow Wing,,,"2,4-D Amine","Alligare, LLC",,Lake Restoration,10/9/2020,10/9/2020,0.87,10,2.84,2.84,gal/acre-ft,24.71,gal,56,56,7,7,SSW,54,,Y,2 of 10
2017-1985,2020,EWM ,Bay,18003400,Crow Wing,,,"2,4-D Amine","Alligare, LLC",,Lake Restoration,10/9/2020,10/9/2020,0.82,14,2.84,2.84,gal/acre-ft,32.6,gal,56,56,4,4,SW,62,,Y,3 of 10
2017-1985,2020,EWM ,Bay,18003400,Crow Wing,,,"2,4-D Amine","Alligare, LLC",,Lake Restoration,10/9/2020,10/9/2020,0.08,8,2.84,2.84,gal/acre-ft,1.82,gal,56,56,3,3,SW,54,,Y,4 of 10
2017-1985,2020,EWM ,Bay,18003400,Crow Wing,,,"2,4-D Amine","Alligare, LLC",,Lake Restoration,10/9/2020,10/9/2020,0.344,8,2.84,2.84,gal/acre-ft,7.82,gal,56,56,5,5,SSW,54,,Y,5 of 10
2017-1985,2020,EWM ,Bay,18003400,Crow Wing,,,"2,4-D Amine","Alligare, LLC",,Lake Restoration,10/9/2020,10/9/2020,0.55,10,2.84,2.84,gal/acre-ft,15.62,gal,56,56,1,1,SW,58,,Y,6 of 10
2017-1985,2020,EWM ,Bay,18003400,Crow Wing,,,"2,4-D Amine","Alligare, LLC",,Lake Restoration,10/9/2020,10/9/2020,0.8,8,2.84,2.84,gal/acre-ft,18.18,gal,56,56,5,5,SW,56,,Y,7 of 10
2017-1985,2020,EWM ,Bay,18003400,Crow Wing,,,"2,4-D Amine","Alligare, LLC",,Lake Restoration,10/9/2020,10/9/2020,0.72,8,2.84,2.84,gal/acre-ft,16.36,gal,56,56,4,4,SW,60,,Y,8 of 10
2017-1985,2020,EWM ,Bay,18003400,Crow Wing,,,"2,4-D Amine","Alligare, LLC",,Lake Restoration,10/9/2020,10/9/2020,0.51,8,2.84,2.84,gal/acre-ft,11.59,gal,56,56,3,3,SW,60,,Y,9 of 10
2017-1985,2020,EWM ,Bay,18003400,Crow Wing,,,"2,4-D Amine","Alligare, LLC",,Lake Restoration,10/9/2020,10/9/2020,0.5,8,2.84,2.84,gal/acre-ft,11.36,gal,56,56,4,4,SW,60,,Y,10 of 10
2017-1985,2020,EWM ,Bay,18003400,Crow Wing,,,"2,4-D Amine","Alligare, LLC",,Lake Restoration,10/19/2020,10/19/2020,0.14,8,2.84,2.84,gal/acre-ft,3.18,gal,49,49,4,4,S,28,,Y,1 of 20
2017-1985,2020,EWM ,Bay,18003400,Crow Wing,,,"2,4-D Amine","Alligare, LLC",,Lake Restoration,10/19/2020,10/19/2020,0.286,12,2.84,2.84,gal/acre-ft,9.75,gal,49,49,4,4,S,28,,Y,2 of 20
2017-1985,2020,EWM ,Bay,18003400,Crow Wing,,,"2,4-D Amine","Alligare, LLC",,Lake Restoration,10/19/2020,10/19/2020,0.08,8,2.84,2.84,gal/acre-ft,1.82,gal,50,50,1,1,S,30,,Y,3 of 20
2017-1985,2020,EWM ,Bay,18003400,Crow Wing,,,"2,4-D Amine","Alligare, LLC",,Lake Restoration,10/19/2020,10/19/2020,0.17,8,2.84,2.84,gal/acre-ft,3.86,gal,50,50,5,5,S,30,,Y,4 of 20
2017-1985,2020,EWM ,Bay,18003400,Crow Wing,,,"2,4-D Amine","Alligare, LLC",,Lake Restoration,10/19/2020,10/19/2020,0.49,8,2.84,2.84,gal/acre-ft,11.13,gal,50,50,5,5,SW,30,,Y,5 of 20
2017-1985,2020,EWM ,Bay,18003400,Crow Wing,,,"2,4-D Amine","Alligare, LLC",,Lake Restoration,10/19/2020,10/19/2020,0.1,8,2.84,2.84,gal/acre-ft,2.27,gal,50,50,5,5,SW,30,,Y,6 of 20
2017-1985,2020,EWM ,Bay,18003400,Crow Wing,,,"2,4-D Amine","Alligare, LLC",,Lake Restoration,10/19/2020,10/19/2020,0.11,8,2.84,2.84,gal/acre-ft,2.5,gal,49,49,3,3,S,28,,Y,7 of 20
2017-1985,2020,EWM ,Bay,18003400,Crow Wing,,,"2,4-D Amine","Alligare, LLC",,Lake Restoration,10/19/2020,10/19/2020,0.45,10,2.84,2.84,gal/acre-ft,2.5,gal,49,49,3,3,S,28,,Y,8 of 20
2017-1985,2020,EWM ,Bay,18003400,Crow Wing,,,"2,4-D Amine","Alligare, LLC",,Lake Restoration,10/19/2020,10/19/2020,0.218,8,2.84,2.84,gal/acre-ft,4.95,gal,50,50,2,2,S,29,,Y,9 of 20
2017-1985,2020,EWM ,Bay,18003400,Crow Wing,,,"2,4-D Amine","Alligare, LLC",,Lake Restoration,10/19/2020,10/19/2020,0.034,8,2.84,2.84,gal/acre-ft,0.77,gal,50,50,2,2,S,29,,Y,10 of 20
2017-1985,2020,EWM ,Bay,18003400,Crow Wing,,,"2,4-D Amine","Alligare, LLC",,Lake Restoration,10/19/2020,10/19/2020,0.5,10,2.84,2.84,gal/acre-ft,14.2,gal,49,49,1,1,S,28,,Y,11 of 20
2017-1985,2020,EWM ,Bay,18003400,Crow Wing,,,"2,4-D Amine","Alligare, LLC",,Lake Restoration,10/19/2020,10/19/2020,0.18,8,2.84,2.84,gal/acre-ft,4.09,gal,49,49,1,1,S,28,,Y,12 of 20
2017-1985,2020,EWM ,Bay,18003400,Crow Wing,,,"2,4-D Amine","Alligare, LLC",,Lake Restoration,10/19/2020,10/19/2020,0.157,10,2.84,2.84,gal/acre-ft,4.46,gal,50,50,1,1,S,29,,Y,13 of 20
2017-1985,2020,EWM ,Bay,18003400,Crow Wing,,,"2,4-D Amine","Alligare, LLC",,Lake Restoration,10/19/2020,10/19/2020,0.068,10,2.84,2.84,gal/acre-ft,1.93,gal,49,49,1,1,S,28,,Y,14 of 20
2017-1985,2020,EWM ,Bay,18003400,Crow Wing,,,"2,4-D Amine","Alligare, LLC",,Lake Restoration,10/19/2020,10/19/2020,0.82,8,2.84,2.84,gal/acre-ft,18.63,gal,50,50,1,1,S,29,,Y,15 of 20
2017-1985,2020,EWM ,Bay,18003400,Crow Wing,,,"2,4-D Amine","Alligare, LLC",,Lake Restoration,10/19/2020,10/19/2020,0.046,8,2.84,2.84,gal/acre-ft,1.05,gal,50,50,1,1,S,29,,Y,16 of 20
2017-1985,2020,EWM ,Bay,18003400,Crow Wing,,,"2,4-D Amine","Alligare, LLC",,Lake Restoration,10/19/2020,10/19/2020,0.02,8,2.84,2.84,gal/acre-ft,0.06,gal,50,50,1,1,S,30,,Y,17 of 20. It seems like the amount used field was calculated incorrectly given the rate of 2.84 gal/acre-ft. the area times dosage (0.02 *2.84) equals 0.06. I would have expected the amount used to be 0.02*2.84*8 which equals 0.45
2017-1985,2020,EWM ,Bay,18003400,Crow Wing,,,"2,4-D Amine","Alligare, LLC",,Lake Restoration,10/19/2020,10/19/2020,0.25,8,2.84,2.84,gal/acre-ft,5.68,gal,50,50,1,1,S,30,,Y,18 of 20
2017-1985,2020,EWM ,Bay,18003400,Crow Wing,,,"2,4-D Amine","Alligare, LLC",,Lake Restoration,10/19/2020,10/19/2020,0.55,8,2.84,2.84,gal/acre-ft,12.5,gal,50,50,1,1,SW,30,,Y,19 of 20
2017-1985,2020,EWM ,Bay,18003400,Crow Wing,,,"2,4-D Amine","Alligare, LLC",,Lake Restoration,10/19/2020,10/19/2020,0.25,5,2.84,2.84,gal/acre-ft,3.55,gal,50,50,3,3,SW,32,,Y,20 of 20
2017-0522,2021,CLP,Hyland,27004800,Hennepin,1562,2371,Sonar A.S.,SePro Corp.,,PLM Lake and Land Management Corp.,4/5/2021,4/5/2021,84,5,0.003,0.003,gal/acre,1.58,gal,53.4,53.4,0,3,,65,,Y,"wind direction listed as ""calm"". bump treatment on 4/28."
2017-0742,2021,CLP,Diamond,27012500,Hennepin,1541,2365,Sonar A.S.,SePro Corp.,,PLM Lake and Land Management Corp.,4/7/2021,4/7/2021,405,4,0.003,0.003,gal/acre-ft,5,gal,55,55,7,7,NE,51,,Y,Rate is listed as 0. Should it be .003 gal/acre-ft based on the information listed?
2019-0880,2021,CLP,Cleary,70002200,Scott,1704,1393,Sonar A.S.,SePro Corp.,,PLM Lake and Land Management Corp.,4/7/2021,4/7/2021,145,5,,,gal/acre-ft,2,gal,60,60,2,2,NE,,,Y,rate missing and hard to calculate. is the rate .003 gal/acre-ft?
2017-1050,2021,CLP,Benton,41004300,Lincoln,1676,1363,Sonar A.S.,SePro Corp.,,PLM Lake and Land Management Corp.,4/14/2021,4/14/2021,1034,8,0.003,0.003,gal/acre-ft,27.53,gal,40,40,10,15,NW,36,,Y,
2017-0742,2021,CLP,Diamond,27012500,Hennepin,1711,1402,Sonar A.S.,SePro Corp.,,PLM Lake and Land Management Corp.,4/27/2021,4/27/2021,405,4,0.0015,0.0015,gal/acre-ft,2.36,gal,47,47,7,7,NNE,44,,Y,Bump treatment. Rate is listed as zero but should it be 0.0015 gal/acre-ft based on the other information?
,2021,CLP,Cleary,70002200,Scott,370,2566,Sonar A.S.,SePro Corp.,,PLM Lake and Land Management Corp.,4/28/2021,4/28/2021,145,,1,1,gal/acre-ft,,gal,49,49,3,3,NNE,,,Y,
2017-0522,2021,CLP,Hyland,27004800,Hennepin,991,613,Sonar A.S.,SePro Corp.,,PLM Lake and Land Management Corp.,4/28/2021,4/28/2021,84,5,0.0019,0.0019,gal/acre,0.79,gal,50,50,3,3,NNE,43,,Y,"Initial treatment on 4/5/2024, completed 4/28/2024."
2021-0483,2021,CLP,Martha,86000900,Wright,1665,1351,Aquathol K,United Phosphorus Inc.,,Aquatic Solutions of Minnesota,4/28/2021,4/28/2021,5.7,8.5,2,2,ppm,61.8,gal,,,2,2,NW,,55,Y,
2021-0483,2021,CLP,Martha,86000900,Wright,1665,1351,Aquathol K,United Phosphorus Inc.,,Aquatic Solutions of Minnesota,4/28/2021,4/28/2021,2.3,8.5,2,2,ppm,25,gal,,,2,2,NW,,55,Y,
2021-0100,2021,CLP,Dean,86004100,Wright,1700,1389,Aquathol K,United Phosphorus Inc.,,Aquatic Solutions of Minnesota,4/28/2021,4/28/2021,9.6,6.8,1,1,ppm,41.6,gal,,,4,4,NW,,60,Y,Assume permit number 2010-0100 is a typo and it's 2021-0100
2018-0395,2021,CLP,Limestone,86016300,Wright,1688,1375,Aquathol K,United Phosphorus Inc.,,Aquatic Solutions of Minnesota,5/1/2021,5/1/2021,2.5,4.5,1.5,1.5,ppm,10.7,gal,,,5,5,SW,,75,Y,PAR 1/2
2018-0395,2021,CLP,Limestone,86016300,Wright,,,Aquathol K,United Phosphorus Inc.,,Aquatic Solutions of Minnesota,5/1/2021,5/1/2021,5.4,5,1,1,ppm,17.23,gal,,,6,6,SW,,75,Y,PAR 2/2.
2021-0100,2021,CLP,Dean,86004100,Wright,1540,2364,Tribune,"Syngenta Crop Protection, LLC",,Aquatic Solutions of Minnesota,5/2/2021,5/2/2021,6,6.8,0.25,0.25,gal/acre-ft,10.2,gal,,,0,0,,,42,Y,
2020-0043,2021,CLP,Coon,2004200,Anoka,433,2629,Tribune,"Syngenta Crop Protection, LLC",,PLM Lake and Land Management Corp.,5/5/2021,5/5/2021,26.2,8,2,2,gal/acre,52.4,gal,56,56,5,10,N,50,,Y,
2017-0038,2021,CLP,Knife,33002800,Kanabec,985,607,Aquathol K,United Phosphorus Inc.,,"Clarke Aquatic Services, Inc.",5/5/2021,5/5/2021,1.4,5,1,1,ppm,4.5,gal,52,52,4,4,SW,45,,Y,"PAR 1/10. 24.3 acres, 68.3 gallons overall. "
2017-0038,2021,CLP,Knife,33002800,Kanabec,,,Aquathol K,United Phosphorus Inc.,,"Clarke Aquatic Services, Inc.",5/5/2021,5/5/2021,1,4,1,1,ppm,2.6,gal,52,52,4,4,SW,45,,Y,"PAR 2/10. 24.3 acres, 68.3 gallons overall. "
2017-0038,2021,CLP,Knife,33002800,Kanabec,,,Aquathol K,United Phosphorus Inc.,,"Clarke Aquatic Services, Inc.",5/5/2021,5/5/2021,3,4.5,1,1,ppm,8.7,gal,52,52,4,4,SW,45,,Y,"PAR 3/10. 24.3 acres, 68.3 gallons overall. "
2017-0038,2021,CLP,Knife,33002800,Kanabec,,,Aquathol K,United Phosphorus Inc.,,"Clarke Aquatic Services, Inc.",5/5/2021,5/5/2021,2.1,4,1,1,ppm,5.4,gal,52,52,4,4,SW,45,,Y,"PAR 4/10. 24.3 acres, 68.3 gallons overall. "
2017-0038,2021,CLP,Knife,33002800,Kanabec,,,Aquathol K,United Phosphorus Inc.,,"Clarke Aquatic Services, Inc.",5/5/2021,5/5/2021,0.65,3.5,1,1,ppm,1.5,gal,52,52,4,4,SW,45,,Y,"PAR 5/10. 24.3 acres, 68.3 gallons overall. "
2017-0038,2021,CLP,Knife,33002800,Kanabec,,,Aquathol K,United Phosphorus Inc.,,"Clarke Aquatic Services, Inc.",5/5/2021,5/5/2021,1.3,3.5,1,1,ppm,2.9,gal,52,52,4,4,SW,45,,Y,"PAR 6/10. 24.3 acres, 68.3 gallons overall. "
2017-0038,2021,CLP,Knife,33002800,Kanabec,,,Aquathol K,United Phosphorus Inc.,,"Clarke Aquatic Services, Inc.",5/5/2021,5/5/2021,3.1,3.5,1,1,ppm,7,gal,52,52,4,4,SW,45,,Y,"PAR 7/10. 24.3 acres, 68.3 gallons overall. "
2017-0038,2021,CLP,Knife,33002800,Kanabec,,,Aquathol K,United Phosphorus Inc.,,"Clarke Aquatic Services, Inc.",5/5/2021,5/5/2021,0.83,4.5,1,1,ppm,2.4,gal,52,52,4,4,SW,45,,Y,"PAR 8/10. 24.3 acres, 68.3 gallons overall. "
2017-0038,2021,CLP,Knife,33002800,Kanabec,,,Aquathol K,United Phosphorus Inc.,,"Clarke Aquatic Services, Inc.",5/5/2021,5/5/2021,8.5,5,1,1,ppm,27.3,gal,52,52,4,4,SW,45,,Y,"PAR 9/10. 24.3 acres, 68.3 gallons overall. "
2017-0038,2021,CLP,Knife,33002800,Kanabec,,,Aquathol K,United Phosphorus Inc.,,"Clarke Aquatic Services, Inc.",5/5/2021,5/5/2021,2.4,4,1,1,ppm,6.2,gal,52,52,4,4,SW,45,,Y,"PAR 10/10. 24.3 acres, 68.3 gallons overall. "
2017-1297,2021,CLP,Farquar,19002300,Dakota,993,615,Aquathol K,United Phosphorus Inc.,,"Midwest Aqua Care, Inc.",5/5/2021,5/5/2021,7,8,1,1,ppm,35.74,gal,57,57,5,5,NW,65,,Y,PAR 1/2
2018-1016,2021,CLP,Long,30007200,Isanti,996,618,Aquathol K,United Phosphorus Inc.,,Lake Restoration,5/5/2021,5/5/2021,1.3,4,4.8,4.8,gal/acre,6.24,gal,56.9,56.9,0,0,,45,,Y,PAR 1/2
2018-1016,2021,CLP,Long,30007200,Isanti,,,Aquathol K,United Phosphorus Inc.,,Lake Restoration,5/5/2021,5/5/2021,6.5,4,4.8,4.8,gal/acre,31.2,gal,57.1,57.1,0,0,,45,,Y,PAR 2/2
2018-1045,2021,CLP,East Rush,13006901,Chisago,1352,1212,Aquathol K,United Phosphorus Inc.,,Lake Restoration,5/5/2021,5/5/2021,2.05,7.4,1.8,1.8,gal/acre-ft,27.31,gal,53,53,1,1,N,50,,Y,PAR 1/8. 3 ppm
2017-0621,2021,CLP,Linwood,2002600,Anoka,1599,1272,Dibrox,"Lake Restoration, Inc.",,Lake Restoration,5/5/2021,5/5/2021,14.2,5.5,1,1,gal/acre-ft,14.2,gal,57.7,57.7,0,3,N,57,,Y,PAR 1/2
2017-0621,2021,CLP,Linwood,2002600,Anoka,,,Dibrox,"Lake Restoration, Inc.",,Lake Restoration,5/5/2021,5/5/2021,28.1,5,1,1,gal/acre-ft,28.1,gal,57.3,57.3,0,3,N,57,,Y,PAR 2/2
2021-0312,2021,CLP,Preston,65000200,Renville,1614,1289,Aquathol K,United Phosphorus Inc.,,PLM Lake and Land Management Corp.,5/5/2021,5/5/2021,13,5,0.83,0.83,gal/acre-ft,54,gal,56,56,2,2,N,51,,Y,
2021-0311,2021,CLP,Allie,65000600,Renville,1646,1328,Aquathol K,United Phosphorus Inc.,,PLM Lake and Land Management Corp.,5/5/2021,5/5/2021,8.4,5,0.57,0.57,gal/acre-ft,24,gal,55.7,55.7,3,3,N,,,Y,
2018-0672,2021,CLP,Julia,71014500,Sherburne,1648,1330,Aquathol K,United Phosphorus Inc.,,"Lake Management, Inc.",5/5/2021,5/5/2021,1.38,5,3,3,gal/acre,4.14,gal,,,4,4,NW,52,,Y,PAR 1/2
2018-0672,2021,CLP,Julia,71014500,Sherburne,1648,1330,Aquathol K,United Phosphorus Inc.,,"Lake Management, Inc.",5/5/2021,5/5/2021,9.12,5,3,3,gal/acre,27.3,gal,,,5,5,NW,52,,Y,PAR 2/2
2017-0871,2021,CLP,Indian,86022300,Wright,1655,1339,Aquathol K,United Phosphorus Inc.,,Aquatic Solutions of Minnesota,5/5/2021,5/5/2021,0.5,8.5,2.5,2.5,ppm,6.8,gal,,,5,5,SW,,40,Y,PAR 1/3
2017-0871,2021,CLP,Indian,86022300,Wright,,,Aquathol K,United Phosphorus Inc.,,Aquatic Solutions of Minnesota,5/5/2021,5/5/2021,2.4,7.5,2,2,ppm,23,gal,,,7,7,S,,40,Y,PAR 2/3
2017-0871,2021,CLP,Indian,86022300,Wright,,,Aquathol K,United Phosphorus Inc.,,Aquatic Solutions of Minnesota,5/5/2021,5/5/2021,1.7,8,2,2,ppm,17.35,gal,,,4,4,SW,,40,Y,PAR 3/3
2017-0671,2021,CLP,Rush,71014700,Sherburne,,,Aquathol K,United Phosphorus Inc.,,"Lake Management, Inc.",5/5/2021,5/5/2021,19.4,5,1,1,ppm,58.2,gal,,,6,6,SSW,55,,Y,PAR 1/2
2017-0671,2021,CLP,Rush,71014700,Sherburne,,,Aquathol K,United Phosphorus Inc.,,"Lake Management, Inc.",5/5/2021,5/5/2021,4.56,5,1,1,ppm,13.68,gal,,,6,6,SSW,53,,Y,PAR 2/2
2018-0670,2021,CLP,Briggs,71014600,Sherburne,1684,1371,Aquathol K,United Phosphorus Inc.,,"Lake Management, Inc.",5/5/2021,5/5/2021,3.91,5,1,1,ppm,11.7,gal,,,6,6,NW,56,,Y,3 gal/acre. PAR 1/7. 
2017-1083,2021,CLP,Coon,2004200,Anoka,1699,1388,Tribune,"Syngenta Crop Protection, LLC",,PLM Lake and Land Management Corp.,5/5/2021,5/5/2021,9.2,7,2,2,gal/acre,18.4,gal,56,56,0,5,S,48,,Y,
,2021,CLP,Francis,30008000,Isanti,1710,1400,Aquathol K,United Phosphorus Inc.,,"Lake Management, Inc.",5/5/2021,5/5/2021,13.02,,1.25,1.25,ppm,,,,,,,,,,Y,
2018-0670,2021,CLP,Briggs,71014600,Sherburne,,,Aquathol K,United Phosphorus Inc.,,"Lake Management, Inc.",5/5/2021,5/5/2021,5.6,5,1,1,ppm,16.8,gal,,,5,5,NW,56,,Y,3 gal/acre. PAR 2/7. 
2018-0670,2021,CLP,Briggs,71014600,Sherburne,,,Aquathol K,United Phosphorus Inc.,,"Lake Management, Inc.",5/5/2021,5/5/2021,6.5,5,1,1,ppm,19.5,gal,,,5,5,NW,56,,Y,3 gal/acre. PAR 3/7. 
2018-0670,2021,CLP,Briggs,71014600,Sherburne,,,Aquathol K,United Phosphorus Inc.,,"Lake Management, Inc.",5/5/2021,5/5/2021,2.86,5,1,1,ppm,8.5,gal,,,6,6,NW,56,,Y,3 gal/acre. PAR 4/7. 
2018-0670,2021,CLP,Briggs,71014600,Sherburne,,,Aquathol K,United Phosphorus Inc.,,"Lake Management, Inc.",5/5/2021,5/5/2021,4.1,5,1,1,ppm,12.3,gal,,,6,6,NW,56,,Y,3 gal/acre. PAR 5/7. 
2018-0670,2021,CLP,Briggs,71014600,Sherburne,,,Aquathol K,United Phosphorus Inc.,,"Lake Management, Inc.",5/5/2021,5/5/2021,6.31,5,1,1,ppm,18.9,gal,,,5,5,NW,56,,Y,3 gal/acre. PAR 6/7. 
2018-0670,2021,CLP,Briggs,71014600,Sherburne,,,Aquathol K,United Phosphorus Inc.,,"Lake Management, Inc.",5/5/2021,5/5/2021,2.97,5,1,1,ppm,8.91,gal,,,5,5,NW,56,,Y,3 gal/acre. PAR 7/7. 
2018-1045,2021,CLP,East Rush,13006901,Chisago,,,Aquathol K,United Phosphorus Inc.,,Lake Restoration,5/5/2021,5/5/2021,4.79,6.1,1.8,1.8,gal/acre-ft,52.59,gal,53,53,2,2,E,52,,Y,PAR 2/8. 3 ppm
2018-1045,2021,CLP,East Rush,13006901,Chisago,,,Aquathol K,United Phosphorus Inc.,,Lake Restoration,5/5/2021,5/5/2021,2.44,6.6,1.8,1.8,gal/acre-ft,28.99,gal,53,53,3,3,SE,50,,Y,PAR 3/8. 3 ppm
2018-1045,2021,CLP,East Rush,13006901,Chisago,,,Aquathol K,United Phosphorus Inc.,,Lake Restoration,5/5/2021,5/5/2021,1.62,4.8,1.8,1.8,gal/acre-ft,14,gal,54,54,3,3,SE,52,,Y,PAR 4/8. 3 ppm
2018-1045,2021,CLP,East Rush,13006901,Chisago,,,Aquathol K,United Phosphorus Inc.,,Lake Restoration,5/5/2021,5/5/2021,2.94,7.8,1.8,1.8,gal/acre-ft,41.28,gal,53,53,1,1,N,49,,Y,PAR 5/8. 3 ppm
2018-1045,2021,CLP,East Rush,13006901,Chisago,,,Aquathol K,United Phosphorus Inc.,,Lake Restoration,5/5/2021,5/5/2021,3.19,3.9,1.8,1.8,gal/acre-ft,22.39,gal,53,53,1,1,N,50,,Y,PAR 6/8. 3 ppm
2018-1045,2021,CLP,East Rush,13006901,Chisago,,,Aquathol K,United Phosphorus Inc.,,Lake Restoration,5/5/2021,5/5/2021,5.71,6.5,1.8,1.8,gal/acre-ft,66.8,gal,52,52,2,2,N,48,,Y,PAR 7/8. 3 ppm
2018-1045,2021,CLP,East Rush,13006901,Chisago,,,Aquathol K,United Phosphorus Inc.,,Lake Restoration,5/5/2021,5/5/2021,1.79,5.1,1.8,1.8,gal/acre-ft,16.43,gal,53,53,2,2,N,48,,Y,PAR 8/8. 3 ppm
2018-1045,2023,CLP,East Rush,13006901,Chisago,,,Semera,"Atticus, LLC",,PLM Lake and Land Management Corp.,5/31/2023,5/31/2023,37.95,6.9,0.611,0.611,lbs/acre-ft,160,lbs?,74,74,6,10,SSW,85,,Y,
2017-1297,2021,CLP,Farquar,19002300,Dakota,,,Aquathol K,United Phosphorus Inc.,,"Midwest Aqua Care, Inc.",5/5/2021,5/5/2021,3,8,1,1,ppm,15.32,gal,57,57,6.4,6.4,NW,65,,Y,PAR 2/2
2018-1044,2021,CLP,West Rush,13006902,Chisago,,,Aquathol K,United Phosphorus Inc. ,,Lake Restoration,5/5/2021,5/5/2021,5.06,6.4,1.2,1.2,gal/acre-ft,38.86,gal,54,54,1,1,S,53,,Y,"PAR 1/8, 2 ppm"
2018-1044,2021,CLP,West Rush,13006902,Chisago,,,Aquathol K,United Phosphorus Inc. ,,Lake Restoration,5/5/2021,5/5/2021,2.29,5.9,1.8,1.8,gal/acre-ft,24.32,gal,54,54,3,3,SW,53,,Y,"PAR 2/8, 2 ppm"
2018-1044,2021,CLP,West Rush,13006902,Chisago,,,Aquathol K,United Phosphorus Inc. ,,Lake Restoration,5/5/2021,5/5/2021,6.13,5.7,1.2,1.2,gal/acre-ft,41.93,gal,54,54,3,3,SW,53,,Y,"PAR 3/8, 2 ppm"
2018-1044,2021,CLP,West Rush,13006902,Chisago,,,Aquathol K,United Phosphorus Inc. ,,Lake Restoration,5/5/2021,5/5/2021,3.76,6.1,1.8,1.8,gal/acre-ft,41.28,gal,54,54,2,2,S,54,,Y,"PAR 4/8, 2 ppm"
2018-1044,2021,CLP,West Rush,13006902,Chisago,,,Aquathol K,United Phosphorus Inc. ,,Lake Restoration,5/5/2021,5/5/2021,1.09,7.7,1.8,1.8,gal/acre-ft,15.11,gal,56,56,3,3,SW,54,,Y,"PAR 5/8, 2 ppm"
2018-1044,2021,CLP,West Rush,13006902,Chisago,,,Aquathol K,United Phosphorus Inc. ,,Lake Restoration,5/5/2021,5/5/2021,2.84,7.7,1.8,1.8,gal/acre-ft,39.36,gal,54,54,2,2,SW,53,,Y,"PAR 6/8, 2 ppm"
2018-1044,2021,CLP,West Rush,13006902,Chisago,,,Aquathol K,United Phosphorus Inc. ,,Lake Restoration,5/5/2021,5/5/2021,1.66,4.7,1.8,1.8,gal/acre-ft,14.04,gal,54,54,2,2,SW,53,,Y,"PAR 7/8, 2 ppm"
2018-1044,2021,CLP,West Rush,13006902,Chisago,,,Aquathol K,United Phosphorus Inc. ,,Lake Restoration,5/5/2021,5/5/2021,1.86,4.7,1.8,1.8,gal/acre-ft,15.74,gal,54,54,3,3,SW,53,,Y,"PAR 8/8, 2 ppm"
2018-1097,2021,CLP,Big Watab,73010200,Stearns,983,605,Aquathol K,United Phosphorus Inc.,,"Clarke Aquatic Services, Inc.",5/6/2021,5/6/2021,0.6,5,3,3,ppm,5.8,gal,49,49,4,4,NW,40,,Y,Site 1/2
,2021,CLP,Florence,30003500,Isanti,1367,1229,Dibrox,"Lake Restoration, Inc.",,Lake Restoration,5/6/2021,5/6/2021,15.6,,2,2,gal/acre-ft,31.22,gal,57.1,60,3,7,NW,,,Y,
2017-0857,2021,CLP,Medicine,27010400,Hennepin,1693,1381,Tribune,"Syngenta Crop Protection, LLC",,PLM Lake and Land Management Corp.,5/6/2021,5/6/2021,63.21,7,2,2,gal/acre,126.42,gal,56,56,4,4,NNW,49,,Y,Kammo Plus added to this treatment.
2018-1097,2021,CLP,Big Watab,73010200,Stearns,,,Aquathol K,United Phosphorus Inc.,,"Clarke Aquatic Services, Inc.",5/6/2021,5/6/2021,0.4,7.3,3,3,ppm,5.6,gal,49,49,4,4,NW,40,,Y,Site 2/2
2020-3342,2021,CLP,Florence,30003500,Isanti,,,Dibrox,"Lake Restoration, Inc.",,Lake Restoration,5/6/2021,5/6/2021,5.35,4.5,2,2,gal/acre,10.7,gal,59.6,59.6,3,3,NW,57,,Y,PAR 1/5. Same document as Elms 2020-3343. Pauls and Florence same lake. 
2020-3342,2021,CLP,Florence,30003500,Isanti,,,Dibrox,"Lake Restoration, Inc.",,Lake Restoration,5/6/2021,5/6/2021,1.74,4.5,2,2,gal/acre,3.48,gal,57.6,57.6,3,3,NW,54,,Y,PAR 2/5. Same document as Elms 2020-3343. Pauls and Florence same lake.
2020-3342,2021,CLP,Florence,30003500,Isanti,,,Dibrox,"Lake Restoration, Inc.",,Lake Restoration,5/6/2021,5/6/2021,1.46,5,2,2,gal/acre,2.92,gal,56.9,56.9,5,7,NW,53,,Y,PAR 3/5. Same document as Elms 2020-3343. Pauls and Florence same lake.
2020-3342,2021,CLP,Florence,30003500,Isanti,,,Dibrox,"Lake Restoration, Inc.",,Lake Restoration,5/6/2021,5/6/2021,3.68,7,2,2,gal/acre,7.38,gal,57.3,57.3,3,5,NW,48,,Y,PAR 4/5. Same document as Elms 2020-3343. Pauls and Florence same lake.
2020-3342,2021,CLP,Florence,30003500,Isanti,,,Dibrox,"Lake Restoration, Inc.",,Lake Restoration,5/6/2021,5/6/2021,3.37,5.5,2,2,gal/acre,6.74,gal,57.1,57.1,3,5,NW,47,,Y,PAR 5/5. Same document as Elms 2020-3343. Pauls and Florence same lake.
2020-3343,2021,CLP,Elms,30003600,Isanti,,,Dibrox,"Lake Restoration, Inc.",,Lake Restoration,5/6/2021,5/6/2021,1.21,6.5,2,2,gal/acre,2.42,gal,59.1,59.1,10,10,NW,59,,Y,PAR 1/2. Same document as Pauls 2020-3342. Pauls and Florence same lake.
2020-3343,2021,CLP,Elms,30003600,Isanti,,,Dibrox,"Lake Restoration, Inc.",,Lake Restoration,5/6/2021,5/6/2021,3.38,4.75,2,2,gal/acre,6.76,gal,60.2,60.2,7,7,NW,59,,Y,PAR 2/2. Same document as Pauls 2020-3342. Pauls and Florence same lake.
2018-0668,2021,CLP,Grand,73005500,Stearns,1603,1277,Aquathol K,United Phosphorus Inc.,,"Lake Management, Inc.",5/7/2021,5/7/2021,12.8,7,4.2,4.2,gal/acre,53.8,gal,,,6,6,NE,50,,Y,PAR 1/5
2018-0668,2021,CLP,Grand,73005500,Stearns,,,Aquathol K,United Phosphorus Inc.,,"Lake Management, Inc.",5/7/2021,5/7/2021,6.78,7,4.2,4.2,gal/acre,28.42,gal,,,7,7,NW,52,,Y,PAR 2/5
2018-0668,2021,CLP,Grand,73005500,Stearns,,,Aquathol K,United Phosphorus Inc.,,"Lake Management, Inc.",5/7/2021,5/7/2021,6.09,7,4.2,4.2,gal/acre,25.57,gal,,,5,5,NW,54,,Y,PAR 3/5
2018-0668,2021,CLP,Grand,73005500,Stearns,,,Aquathol K,United Phosphorus Inc.,,"Lake Management, Inc.",5/7/2021,5/7/2021,2.83,7,4.2,4.2,gal/acre,11.82,gal,,,5,5,NE,57,,Y,PAR 4/5
2018-0668,2021,CLP,Grand,73005500,Stearns,,,Aquathol K,United Phosphorus Inc.,,"Lake Management, Inc.",5/7/2021,5/7/2021,3.91,7,4.2,4.2,gal/acre,16.42,gal,,,5,5,NE,58,,Y,PAR 5/5
2017-0753,2021,CLP,Mooney,27013400,Hennepin,1634,1313,Dibrox,"Lake Restoration, Inc.",,Lake Restoration,5/7/2021,5/7/2021,1.14,5,2,2,gal/acre,2.28,gal,55,55,0,0,,45,,Y,PAR 1/4
2017-0753,2021,CLP,Mooney,27013400,Hennepin,,,Dibrox,"Lake Restoration, Inc.",,Lake Restoration,5/7/2021,5/7/2021,2.21,5,2,2,gal/acre,4.42,gal,55,55,0,0,,45,,Y,PAR 2/4
2017-0753,2021,CLP,Mooney,27013400,Hennepin,,,Dibrox,"Lake Restoration, Inc.",,Lake Restoration,5/7/2021,5/7/2021,2.65,5,2,2,gal/acre,5.3,gal,55,55,0,0,,45,,Y,PAR 3/4
2017-0753,2021,CLP,Mooney,27013400,Hennepin,,,Dibrox,"Lake Restoration, Inc.",,Lake Restoration,5/7/2021,5/7/2021,3.1,5,2,2,gal/acre,6.2,gal,55,55,0,0,,45,,Y,PAR 4/4
2017-0573,2021,CLP,Rebecca,27019200,Hennepin,1669,1356,Tribune,"Syngenta Crop Protection, LLC",,PLM Lake and Land Management Corp.,5/7/2021,5/7/2021,35,6,1.5,1.5,gal/acre,52.5,gal,55.8,55.8,2,2,N,49,,Y,
2018-0293,2021,CLP,Fannie,30004300,Isanti,1670,1357,Aquathol K,United Phosphorus Inc.,,Lake Restoration,5/7/2021,5/7/2021,2.3,5.5,0.6,0.6,gal/acre-ft,7.59,gal,58,58,7,7,NNW,52,,Y,PAR 1/7. 1 ppm. 
2018-0293,2021,CLP,Fannie,30004300,Isanti,,,Aquathol K,United Phosphorus Inc.,,Lake Restoration,5/7/2021,5/7/2021,6,4.9,0.6,0.6,gal/acre-ft,17.64,gal,58,58,4,5,NW,52,,Y,PAR 2/7. 1 ppm. 
,2021,EWM,Fannie,30004300,Isanti,1670,1357,Aquathol K,United Phosphorus Inc.,,Lake Restoration,5/7/2021,5/7/2021,27.9,,0.6,0.6,gal/acre-ft,86.13,gal,56.3,58,3,8,NNW,,,Y,Wind direction varies from NNW to N.
2018-0293,2021,CLP,Fannie,30004300,Isanti,,,Aquathol K,United Phosphorus Inc.,,Lake Restoration,5/7/2021,5/7/2021,5.8,4.9,0.6,0.6,gal/acre-ft,17.05,gal,56.3,56.3,3,3,N,46,,Y,PAR 3/7. 1 ppm. 
2018-0293,2021,CLP,Fannie,30004300,Isanti,,,Aquathol K,United Phosphorus Inc.,,Lake Restoration,5/7/2021,5/7/2021,1.2,6.1,0.6,0.6,gal/acre-ft,4.39,gal,56.7,56.7,6,6,NNW,49,,Y,PAR 4/7. 1 ppm. 
2018-0293,2021,CLP,Fannie,30004300,Isanti,,,Aquathol K,United Phosphorus Inc.,,Lake Restoration,5/7/2021,5/7/2021,2.5,5.9,0.6,0.6,gal/acre-ft,9.91,gal,57.4,57.4,5,5,NNW,49,,Y,PAR 5/7. 1 ppm. 
2018-0293,2021,CLP,Fannie,30004300,Isanti,,,Aquathol K,United Phosphorus Inc.,,Lake Restoration,5/7/2021,5/7/2021,5.7,4.9,0.6,0.6,gal/acre-ft,16.76,gal,57.3,57.3,8,8,NW,50,,Y,PAR 6/7. 1 ppm. 
2018-0293,2021,CLP,Fannie,30004300,Isanti,,,Aquathol K,United Phosphorus Inc.,,Lake Restoration,5/7/2021,5/7/2021,4.1,5.2,0.6,0.6,gal/acre-ft,12.79,gal,57.7,57.7,8,8,NNW,52,,Y,PAR 7/7. 1 ppm. 
2017-0968,2021,CLP,Crystal,27003400,Hennepin,989,611,Aquathol K,United Phosphorus Inc.,,"Jacobson Environmental, PLLC",5/10/2021,5/10/2021,5.1,4.2,1,1,ppm,10,gal,,,7,7,S,,60,Y,"amount and rate don't match exactly, but all data is updated based on our records. "
,2021,CLP,Twin,27004203,Hennepin,1660,1346,Aquathol K,United Phosphorus Inc.,,"Jacobson Environmental, PLLC",5/10/2021,5/10/2021,11.84,,1,1,ppm,7.5,gal,,,6,6,S,,,Y,
2020-0181,2021,CLP,Rice,2000800,Anoka,1680,1367,Dibrox,"Lake Restoration, Inc.",,Lake Restoration,5/10/2021,5/10/2021,23,4.5,1,1,gal/acre,23,gal,59,59,3,5,NE,45,,Y,
,2021,EWM,Green,13004100,Chisago,1601,1274,Aquathol K,United Phosphorus Inc.,,"Lake Management, Inc.",5/11/2021,5/11/2021,42.11,,1.5,1.5,ppm,120,gal,,,0,5,SSW,,,Y,
2017-1507,2021,CLP,Maple,86013400,Wright,1017,2162,Tribune,"Syngenta Crop Protection, LLC",,PLM Lake and Land Management Corp.,5/11/2021,5/11/2021,10.1,5,1.98,1.98,gal/acre-ft,20,gal,58,58,0,5,W,60,,Y,Cide-Kick used
2019-0027,2021,CLP,Washington,40011700,Le Sueur,,,Aquathol K,United Phosphorus Inc.,,Lake Restoration,5/11/2021,5/11/2021,14.6,6.5,0.6,0.6,gal/acre-ft,56.94,gal,54,54,0,0,,34,,Y,PAR 1/7
,2021,CLP,Green,13004100,Chisago,1601,1274,Aquathol K,United Phosphorus Inc.,,"Lake Management, Inc.",5/11/2021,5/11/2021,42.11,,1.5,1.5,ppm,120,gal,,,0,5,SSW,,,Y,
2021-0388,2021,CLP,Minnie-Belle,47011900,Meeker,1663,1349,Aquathol K,United Phosphorus Inc.,,"Clarke Aquatic Services, Inc.",5/11/2021,5/11/2021,3.5,6.2,6,6,gal/acre,20.6,gal,51,51,1,1,N,45,,Y,
2018-0093,2021,CLP,Two Rivers,73013800,Stearns,1672,1359,Tribune,"Syngenta Crop Protection, LLC",,PLM Lake and Land Management Corp.,5/11/2021,5/11/2021,28.4,4,2,2,gal/acre,56.8,gal,52,52,0,5,W,45,,Y,cide-kick added
2019-0027,2021,CLP,Washington,40011700,Le Sueur,,,Aquathol K,United Phosphorus Inc.,,Lake Restoration,5/11/2021,5/11/2021,6.3,7,0.6,0.6,gal/acre-ft,26.46,gal,54,54,0,0,,35,,Y,PAR 2/7
2019-0027,2021,CLP,Washington,40011700,Le Sueur,,,Aquathol K,United Phosphorus Inc.,,Lake Restoration,5/11/2021,5/11/2021,6.5,6,0.6,0.6,gal/acre-ft,23.4,gal,54,54,0,0,,35,,Y,PAR 3/7
2019-0027,2021,CLP,Washington,40011700,Le Sueur,,,Aquathol K,United Phosphorus Inc.,,Lake Restoration,5/11/2021,5/11/2021,27.5,7,0.6,0.6,gal/acre-ft,115.5,gal,54,54,2,2,SW,47,,Y,PAR 4/7
2019-0027,2021,CLP,Washington,40011700,Le Sueur,,,Aquathol K,United Phosphorus Inc.,,Lake Restoration,5/11/2021,5/11/2021,15,7,0.6,0.6,gal/acre-ft,63,gal,55,55,3,3,SE,50,,Y,PAR 5/7
2019-0027,2021,CLP,Washington,40011700,Le Sueur,,,Aquathol K,United Phosphorus Inc.,,Lake Restoration,5/11/2021,5/11/2021,6.5,7,0.6,0.6,gal/acre-ft,27.3,gal,54,54,0,0,,42,,Y,PAR 6/7
2019-0027,2021,CLP,Washington,40011700,Le Sueur,,,Aquathol K,United Phosphorus Inc.,,Lake Restoration,5/11/2021,5/11/2021,4.3,7,0.6,0.6,gal/acre-ft,18.06,gal,54,54,4,4,,42,,Y,"PAR 7/7, wind direction calm"
,2021,EWM,Clearwater,86025200,Wright,1357,1216,Aquathol K,United Phosphorus Inc.,,Lake Restoration,5/12/2021,5/12/2021,7.77,,1.8,1.8,gal/acre-ft,56.04,gal,58.1,65,0,7,SW,,,Y,this seems like a funky duplicate row with the CLP rows for this date and treatment ID
2020-0172,2021,CLP,Clearwater,86025200,Wright,1357,1216,Aquathol K,United Phosphorus Inc.,,Lake Restoration,5/12/2021,5/12/2021,0.3,3.2,1.8,1.8,gal/acre-ft,1.44,gal,58.1,58.1,0,3,SW,59,,Y,PAR 1/5. Math doesn't make sense for rate/chemical. 
2017-0365,2021,CLP,Long,47017700,Meeker,1362,1223,Tribune,"Syngenta Crop Protection, LLC",,"Clarke Aquatic Services, Inc.",5/12/2021,5/12/2021,7,4.8,2,2,gal/acre,14,gal,58,58,2,2,SW,51,,Y,PAR 1/4
2017-0365,2021,CLP,Long,47017700,Meeker,,,Aquathol K,United Phosphorus Inc.,,"Clarke Aquatic Services, Inc.",5/12/2021,5/12/2021,7,3.5,1,1,ppm,15.7,gal,58,58,2,2,SW,51,,Y,PAR 2/4
2017-0365,2021,CLP,Long,47017700,Meeker,,,Aquathol K,United Phosphorus Inc.,,"Clarke Aquatic Services, Inc.",5/12/2021,5/12/2021,7,3.2,1,1,ppm,14.4,gal,58,58,2,2,SW,51,,Y,PAR 3/4
2017-0365,2021,CLP,Long,47017700,Meeker,,,Aquathol K,United Phosphorus Inc.,,"Clarke Aquatic Services, Inc.",5/12/2021,5/12/2021,4.5,3.6,1,1,ppm,10.4,gal,58,58,2,2,SW,51,,Y,PAR 4/4
2018-1159,2021,CLP,Fish,33003600,Kanabec,1368,1230,Aquathol K,United Phosphorus Inc.,,Aquatic Solutions of Minnesota,5/12/2021,5/12/2021,23,5,1,1,ppm,73.37,gal,,,0,0,,,40,Y,wind speed calm
2020-0903,2021,CLP,Centerville,2000600,Anoka,1606,1280,Tribune,"Syngenta Crop Protection, LLC",,PLM Lake and Land Management Corp.,5/12/2021,5/12/2021,40.64,12,2,2,gal/acre,81.28,gal,62,62,0,3,,63,,Y,"no wind direction ""calm"""
2021-0465,2021,CLP,Johanna,62007800,Ramsey,1687,1374,Tribune,"Syngenta Crop Protection, LLC",,PLM Lake and Land Management Corp.,5/12/2021,5/12/2021,12.3,17,2,2,gal/acre,24.6,gal,60,60,0,3,,63,,Y,This treatments covered 3 sites. 
2017-1306,2021,CLP,Cedar,66005200,Rice,1698,1387,Aquathol K,United Phosphorus Inc.,,Lakescapes LLC,5/12/2021,5/12/2021,4.3,5,0.75,0.75,ppm,9.675,gal,,,0,0,,,55,Y,"PAR 1/4. Date listed as 2020, but I think it's actually 2021 based on the date on the map. "
2017-1306,2021,CLP,Cedar,66005200,Rice,,,Aquathol K,United Phosphorus Inc.,,Lakescapes LLC,5/12/2021,5/12/2021,3.5,5,0.75,0.75,ppm,7.875,gal,,,0,0,,,55,Y,"PAR 2/4. Date listed as 2020, but I think it's actually 2021 based on the date on the map. "
2017-1306,2021,CLP,Cedar,66005200,Rice,,,Aquathol K,United Phosphorus Inc.,,Lakescapes LLC,5/12/2021,5/12/2021,2.7,5,0.75,0.75,ppm,12.825,gal,,,0,0,,,55,Y,"PAR 3/4. Date listed as 2020, but I think it's actually 2021 based on the date on the map. "
2017-1306,2021,CLP,Cedar,66005200,Rice,,,Aquathol K,United Phosphorus Inc.,,Lakescapes LLC,5/12/2021,5/12/2021,8.3,6,0.75,0.75,ppm,22.41,gal,,,0,0,,,55,Y,"PAR 4/4. Date listed as 2020, but I think it's actually 2021 based on the date on the map. "
2020-0172,2021,CLP,Clearwater,86025200,Wright,,,Aquathol K,United Phosphorus Inc.,,Lake Restoration,5/12/2021,5/12/2021,0.81,1.7,1.8,1.8,gal/acre-ft,2.48,gal,59.5,59.5,0,0,SW,59,,Y,PAR 2/5. wind speed calm.
2020-0172,2021,CLP,Clearwater,86025200,Wright,,,Aquathol K,United Phosphorus Inc.,,Lake Restoration,5/12/2021,5/12/2021,1.1,1.7,1.8,1.8,gal/acre-ft,3.49,gal,60.2,60.2,2,2,SW,64,,Y,PAR 3/5. Math doesn't make sense for rate/chemical. 
2020-0172,2021,CLP,Clearwater,86025200,Wright,,,Aquathol K,United Phosphorus Inc.,,Lake Restoration,5/12/2021,5/12/2021,5.6,2.2,1.8,1.8,gal/acre-ft,11.03,gal,60.6,60.6,4,4,SW,64,,Y,PAR 4/5. Math doesn't make sense for rate/chemical. 
2020-0172,2021,CLP,Clearwater,86025200,Wright,,,Aquathol K,United Phosphorus Inc.,,Lake Restoration,5/12/2021,5/12/2021,15.7,4,1.8,1.8,gal/acre-ft,37.68,gal,59.7,59.7,5,7,SW,65,,Y,PAR 5/5. Math doesn't make sense for rate/chemical. 
2017-0109,2021,CLP,Upper Sakatah,40000200,Le Sueur,,,Aquathol K,United Phosphorus Inc.,,"Lake Improvement Consulting, LLC.",5/12/2021,5/12/2021,21.2,4,1,1,ppm,51,gal,,,4,7,W,,,Y,temperature is range 58-64
2020-1556,2021,EWM,Oak,10009300,Carver,481,2677,Tribune,"Syngenta Crop Protection, LLC",,PLM Lake and Land Management Corp.,5/13/2021,5/13/2021,24.9,4,2,2,gal/acre,49.8,gal,61,61,4,4,SSW,57,,Y,
2021-0466,2021,CLP,Rice,73019600,Stearns,482,2678,Tribune,"Syngenta Crop Protection, LLC",,PLM Lake and Land Management Corp.,5/13/2021,5/13/2021,5.8,6,2,2,gal/acre,11.6,gal,65,65,0,5,SW,64,,Y,Chem 2/2
2021-0466,2021,CLP,Rice,73019600,Stearns,1600,1273,Aquathol K,United Phosphorus Inc.,,PLM Lake and Land Management Corp.,5/13/2021,5/13/2021,2,6,0.33,0.33,gal/acre,15.4,gal,65,65,0,5,SW,64,,Y,Chem 1/2
2021-0430,2021,CLP,Teal,,Hennepin,,,Tribune,"Syngenta Crop Protection, LLC",,PLM Lake and Land Management Corp.,5/14/2021,5/14/2021,1.28,13,2,2,gal/acre,2.56,gal,63,63,,,,64,,Y,"Wind speed and direction ""calm"""
2017-0389,2021,CLP,Sarah,27019100,Hennepin,,,Aquathol K,United Phosphorus Inc.,,Aquatic Solutions of Minnesota,5/16/2021,5/16/2021,18.6,5.5,0.75,0.75,ppm,49,gal,,,0,0,,,72,Y,wind speed calm PAR 1/12
2017-0389,2021,CLP,Sarah,27019100,Hennepin,,,Aquathol K,United Phosphorus Inc.,,Aquatic Solutions of Minnesota,5/16/2021,5/16/2021,4.2,4,1,1,ppm,10.7,gal,,,0,0,,,72,Y,wind speed calm PAR 2/12
2017-0389,2021,CLP,Sarah,27019100,Hennepin,,,Aquathol K,United Phosphorus Inc.,,Aquatic Solutions of Minnesota,5/16/2021,5/16/2021,10,3.5,1,1,ppm,22.3,gal,,,0,0,,,72,Y,wind speed calm PAR 3/12
2017-0389,2021,CLP,Sarah,27019100,Hennepin,,,Aquathol K,United Phosphorus Inc.,,Aquatic Solutions of Minnesota,5/16/2021,5/16/2021,7.9,5,1,1,ppm,25.2,gal,,,0,0,,,72,Y,wind speed calm PAR 4/12
2017-0389,2021,CLP,Sarah,27019100,Hennepin,,,Aquathol K,United Phosphorus Inc.,,Aquatic Solutions of Minnesota,5/16/2021,5/16/2021,16.2,3.5,1,1,ppm,36.2,gal,,,4,4,SE,,72,Y,PAR 10/12. only site with 6/16/2021 so I assume it happened with other Aquathol treatments on 5/16/2021.
2017-0389,2021,CLP,Sarah,27019100,Hennepin,,,Aquathol K,United Phosphorus Inc.,,Aquatic Solutions of Minnesota,5/16/2021,5/16/2021,9.3,3.5,1,1,ppm,20.8,gal,,,5,5,SE,,72,Y,PAR 12/12.
2018-0898,2021,CLP,Blue,30010700,Isanti,1346,1206,Diquat Herbicide,"Alligare, LLC",,"Lake Management, Inc.",5/17/2021,5/17/2021,2.1,4,2,2,gal/acre,4.2,gal,,,0,0,,61,,Y,PAR site 1/3
2017-1565,2021,CLP,Marion,19002600,Dakota,1636,1315,Tribune,"Syngenta Crop Protection, LLC",,PLM Lake and Land Management Corp.,5/17/2021,5/17/2021,16.46,4,2,2,gal/acre,32.92,gal,64,64,4,4,NE,70,,Y,7 treatment areas 
2017-0566,2021,CLP,McMahon,70005000,Scott,1673,1360,Tribune,"Syngenta Crop Protection, LLC",,PLM Lake and Land Management Corp.,5/17/2021,5/17/2021,16.5,5,2,2,gal/acre,33,gal,64,64,3,3,WNW,77,,Y,
2018-0834,2021,CLP,North Long,18037200,Crow Wing,1701,1390,Aquathol K,United Phosphorus Inc.,,PLM Lake and Land Management Corp.,5/17/2021,5/17/2021,9.7,7.9,1.5,1.5,gal/acre-ft,115,gal,65,65,0,5,S,77,,Y,
2018-0898,2021,CLP,Blue,30010700,Isanti,,,Diquat Herbicide,"Alligare, LLC",,"Lake Management, Inc.",5/17/2021,5/17/2021,7.4,4,2,2,gal/acre,14.8,gal,,,0,0,,62,,Y,PAR site 2/3
2018-0898,2021,CLP,Blue,30010700,Isanti,,,Diquat Herbicide,"Alligare, LLC",,"Lake Management, Inc.",5/17/2021,5/17/2021,6.5,4,2,2,gal/acre,13,gal,,,0,0,,64,,Y,PAR site 3/3
2018-0408,2021,CLP,Serpent,18009000,Crow Wing,,,Aquathol K,United Phosphorus Inc.,,PLM Lake and Land Management Corp.,5/17/2021,5/17/2021,5,5.6,1.54,1.54,gal/acre-ft,43,gal,63,63,5,10,S,80,,Y,
2017-1097,2021,CLP,Minnewashta,10000900,Carver,1702,1391,Dibrox,"Lake Restoration, Inc.",,Lake Restoration,5/18/2021,5/18/2021,14.8,5.5,2,2,gal/acre,29.6,gal,67,67,10,10,ESE,72,,Y,PAR 1/7
2017-2184,2021,CLP,Crooked,2008400,Anoka,1651,1335,Tribune,"Syngenta Crop Protection, LLC",,PLM Lake and Land Management Corp.,5/18/2021,5/18/2021,1.9,5,2,2,gal/acre,3.8,gal,67,67,6,6,SW,70,,Y,
2017-1825,2021,CLP,Tetonka,40003100,Le Sueur,,,Aquathol K,United Phosphorus Inc.,,Lakescapes LLC,5/18/2021,5/18/2021,16.87,4,0.75,0.75,ppm,30.366,gal,,,3,3,W,,58,Y,PAR 1/8
,2021,CLP,Crow Wing,18015500,Crow Wing,1697,1386,Aquathol K,United Phosphorus Inc.,,"Central Minnesota Aquatics, Inc.",5/18/2021,5/18/2021,16.4,7.3,,,gal/acre-ft,120,gal,,,0,0,,53,,Y,No permit number or rate listed. Temperature 49-57 degrees. 
2017-1097,2021,CLP,Minnewashta,10000900,Carver,,,Dibrox,"Lake Restoration, Inc.",,Lake Restoration,5/18/2021,5/18/2021,5.2,4,2,2,gal/acre,10.4,gal,65,65,1,3,ESE,66,,Y,PAR 2/7
2017-1097,2021,CLP,Minnewashta,10000900,Carver,,,Dibrox,"Lake Restoration, Inc.",,Lake Restoration,5/18/2021,5/18/2021,5.8,4.25,2,2,gal/acre,11.6,gal,66.4,66.4,9,9,ESE,66,,Y,PAR 3/7
2017-1097,2021,CLP,Minnewashta,10000900,Carver,,,Dibrox,"Lake Restoration, Inc.",,Lake Restoration,5/18/2021,5/18/2021,8.4,4.5,2,2,gal/acre,16.8,gal,,,8,8,ESE,68,,Y,"PAR 4/7, water temp missing"
2017-1097,2021,CLP,Minnewashta,10000900,Carver,,,Dibrox,"Lake Restoration, Inc.",,Lake Restoration,5/18/2021,5/18/2021,4.6,5,2,2,gal/acre,9.2,gal,65,65,5,5,ESE,73,,Y,PAR 5/7
2017-1097,2021,CLP,Minnewashta,10000900,Carver,,,Dibrox,"Lake Restoration, Inc.",,Lake Restoration,5/18/2021,5/18/2021,1,4.5,2,2,gal/acre,2,gal,65.4,65.4,7,7,ESE,73,,Y,PAR 6/7
2017-1097,2021,CLP,Minnewashta,10000900,Carver,,,Dibrox,"Lake Restoration, Inc.",,Lake Restoration,5/18/2021,5/18/2021,1.3,4.5,2,2,gal/acre,2.6,gal,66.5,66.5,5,5,ESE,72,,Y,PAR 7/7
2017-1825,2021,CLP,Tetonka,40003100,Le Sueur,,,Aquathol K,United Phosphorus Inc.,,Lakescapes LLC,5/18/2021,5/18/2021,7.09,3,0.75,0.75,ppm,9.57,gal,,,5,5,W,,58,Y,PAR 2/8
2017-1825,2021,CLP,Tetonka,40003100,Le Sueur,,,Aquathol K,United Phosphorus Inc.,,Lakescapes LLC,5/18/2021,5/18/2021,10.09,3,0.75,0.75,ppm,13.62,gal,,,5,5,W,,58,Y,PAR 3/8
2017-1825,2021,CLP,Tetonka,40003100,Le Sueur,,,Aquathol K,United Phosphorus Inc.,,Lakescapes LLC,5/18/2021,5/18/2021,3.61,3,0.75,0.75,ppm,4.873,gal,,,3,3,W,,58,Y,PAR 4/8
2017-1825,2021,CLP,Tetonka,40003100,Le Sueur,,,Aquathol K,United Phosphorus Inc.,,Lakescapes LLC,5/18/2021,5/18/2021,6.59,3,0.75,0.75,ppm,8.896,gal,,,3,3,W,,58,Y,PAR 5/8
2017-1825,2021,CLP,Tetonka,40003100,Le Sueur,,,Aquathol K,United Phosphorus Inc.,,Lakescapes LLC,5/18/2021,5/18/2021,1.8,4,0.75,0.75,ppm,3.24,gal,,,3,3,W,,58,Y,PAR 6/8
2017-1825,2021,CLP,Tetonka,40003100,Le Sueur,,,Aquathol K,United Phosphorus Inc.,,Lakescapes LLC,5/18/2021,5/18/2021,7.57,6,0.75,0.75,ppm,20.438,gal,,,3,3,W,,58,Y,PAR 7/8
2017-1825,2021,CLP,Tetonka,40003100,Le Sueur,,,Aquathol K,United Phosphorus Inc.,,Lakescapes LLC,5/18/2021,5/18/2021,5.12,3,0.75,0.75,ppm,6.912,gal,,,3,3,W,,58,Y,PAR 8/8
2020-0140,2021,CLP,Middle Cullen,18037700,Crow Wing,995,617,Aquathol K,United Phosphorus Inc.,,"Clarke Aquatic Services, Inc.",5/19/2021,5/19/2021,4,8.5,1,1,ppm,21.8,gal,61,61,8,8,S,65,,Y,PAR 1/2
2020-0140,2021,CLP,Middle Cullen,18037700,Crow Wing,,,Aquathol K,United Phosphorus Inc.,,"Clarke Aquatic Services, Inc.",5/19/2021,5/19/2021,1.5,8.8,1.5,1.5,ppm,12.7,gal,61,61,8,8,S,65,,Y,PAR 2/2
2017-0513,2021,CLP,West Jefferson,40009202,Le Sueur,,,Aquathol K,United Phosphorus Inc.,,"Lake Improvement Consulting, LLC.",5/19/2021,5/19/2021,2.7,5.4,0.75,0.75,ppm,6.56,gal,,,6,8,S,,65,Y,PAR 1/3
2017-1005,2021,CLP,Upper South Long,18009600,Crow Wing,1640,1320,Aquathol K,United Phosphorus Inc.,,PLM Lake and Land Management Corp.,5/19/2021,5/19/2021,7.8,6.4,1.2,1.2,gal/acre-ft,60,gal,64,64,0,5,S,64,,Y,Cide-kick adjuvent added
2017-0512,2021,CLP,Jefferson,40009204,Le Sueur,1653,1337,Aquathol K,United Phosphorus Inc.,,"Lake Improvement Consulting, LLC.",5/19/2021,5/19/2021,6.4,4,1,1,ppm,15.36,gal,,,8,10,S,,69,Y,PAR 1/4
2017-0512,2021,CLP,Jefferson,40009204,Le Sueur,,,Aquathol K,United Phosphorus Inc.,,"Lake Improvement Consulting, LLC.",5/19/2021,5/19/2021,13.5,4,1,1,ppm,32.4,gal,,,9,14,S,,72,Y,PAR 2/4
2017-0512,2021,CLP,Jefferson,40009204,Le Sueur,,,Aquathol K,United Phosphorus Inc.,,"Lake Improvement Consulting, LLC.",5/19/2021,5/19/2021,5.9,4,1,1,ppm,14.16,gal,,,9,14,S,,75,Y,PAR 3/4
2017-0512,2021,CLP,Jefferson,40009204,Le Sueur,,,Aquathol K,United Phosphorus Inc.,,"Lake Improvement Consulting, LLC.",5/19/2021,5/19/2021,4.1,4,1,1,ppm,9.84,gal,,,9,12,SSW,,75,Y,PAR 4/4
2021-0437,2021,CLP,Jennie,47001500,Meeker,,,Diquat SPC 2 L,Nufarm Americas Inc.,,"Limnopro Aquatic Science, Inc.",5/19/2021,5/19/2021,115,7.4,0.6,0.6,ppm,425.5,gal,59,59,7,7,S,72,,Y,This treatment spanned 3 days (may 19-21).
2020-0141,2021,CLP,Upper Cullen,18037600,Crow Wing,,,Aquathol K,United Phosphorus Inc.,,"Clarke Aquatic Services, Inc.",5/19/2021,5/19/2021,3.7,7.4,1,1,ppm,17.6,gal,61,61,7,7,SE,68,,Y,PAR 1/4
2020-0141,2021,CLP,Upper Cullen,18037600,Crow Wing,,,Aquathol K,United Phosphorus Inc.,,"Clarke Aquatic Services, Inc.",5/19/2021,5/19/2021,1.5,6,1.5,1.5,ppm,8.7,gal,61,61,7,7,SE,68,,Y,PAR 2/4
2020-0141,2021,CLP,Upper Cullen,18037600,Crow Wing,,,Aquathol K,United Phosphorus Inc.,,"Clarke Aquatic Services, Inc.",5/19/2021,5/19/2021,1.3,7,1.5,1.5,ppm,8.8,gal,61,61,7,7,SE,68,,Y,PAR 3/4
2020-0141,2021,CLP,Upper Cullen,18037600,Crow Wing,,,Aquathol K,United Phosphorus Inc.,,"Clarke Aquatic Services, Inc.",5/19/2021,5/19/2021,1.2,6.7,1.5,1.5,ppm,7.7,gal,61,61,7,7,SE,68,,Y,PAR 4/4
2017-0389,2021,CLP,Sarah,27019100,Hennepin,,,Tribune,"Syngenta Crop Protection, LLC",,Aquatic Solutions of Minnesota,5/19/2021,5/19/2021,9.5,4.5,0.5,0.5,gal/acre,21.4,gal,,,0,0,,,57,Y,"wind speed calm PAR 7/12.  rate listed as ""2 gal rate"" but corrected to .5 gal/acre-ft"
2017-0389,2021,CLP,Sarah,27019100,Hennepin,,,Tribune,"Syngenta Crop Protection, LLC",,Aquatic Solutions of Minnesota,5/19/2021,5/19/2021,7,5,0.5,0.5,gal/acre,17.5,gal,,,0,0,,,55,Y,"wind speed calm PAR 8/12. rate listed as ""2 gal rate"" but corrected to .5 gal/acre-ft"
2017-0389,2021,CLP,Sarah,27019100,Hennepin,,,Tribune,"Syngenta Crop Protection, LLC",,Aquatic Solutions of Minnesota,5/19/2021,5/19/2021,3.25,4.5,0.5,0.5,gal/acre,7.3,gal,,,3,3,SE,,55,Y,"PAR 9/12. area, rate, rate listed as ""2 gal rate"" but corrected to .5 gal/acre-ft"
2018-0912,2021,CLP,Bass,86023400,Wright,,,Aquathol K,United Phosphorus Inc.,,Lake Restoration,5/19/2021,5/19/2021,2,8.4,1.2,1.2,gal/acre-ft,24.19,gal,65.4,65.4,4,4,S,66,,Y,PAR 1/3
2018-0912,2021,CLP,Bass,86023400,Wright,,,Aquathol K,United Phosphorus Inc.,,Lake Restoration,5/19/2021,5/19/2021,7.4,8.5,1.2,1.2,gal/acre-ft,37.74,gal,65.9,65.9,1,3,S,66,,Y,PAR 2/3
2018-0912,2021,CLP,Bass,86023400,Wright,,,Aquathol K,United Phosphorus Inc.,,Lake Restoration,5/19/2021,5/19/2021,2,3.5,1.2,1.2,gal/acre-ft,0.42,gal,65.3,65.3,5,5,S,68,,Y,PAR 3/3
2017-0513,2021,CLP,West Jefferson,40009202,Le Sueur,,,Aquathol K,United Phosphorus Inc.,,"Lake Improvement Consulting, LLC.",5/19/2021,5/19/2021,2.9,5.4,0.75,0.75,ppm,7.04,gal,,,6,8,S,,67,Y,PAR 2/3
2017-0513,2021,CLP,West Jefferson,40009202,Le Sueur,,,Aquathol K,United Phosphorus Inc.,,"Lake Improvement Consulting, LLC.",5/19/2021,5/19/2021,2.12,5.4,0.75,0.75,ppm,5.15,gal,,,6,8,S,,67,Y,PAR 3/3
2017-1072,2021,CLP,Platte,18008800,Crow Wing,,,Aquathol K,United Phosphorus Inc. ,,"Lake Management, Inc. ",5/21/2021,5/21/2021,7.9,5.4,1.2,1.2,gal/acre-ft,51.19,gal,66,66,5,5,S,66,,Y,PAR 1/5
2017-1072,2021,CLP,Platte,18008800,Crow Wing,,,Aquathol K,United Phosphorus Inc. ,,"Lake Management, Inc. ",5/21/2021,5/21/2021,5.9,4.1,1.2,1.2,gal/acre-ft,29.03,gal,66,66,5,5,S,66,,Y,PAR 2/5
2017-1072,2021,CLP,Platte,18008800,Crow Wing,,,Aquathol K,United Phosphorus Inc. ,,"Lake Management, Inc. ",5/21/2021,5/21/2021,5,8.5,0.6,0.6,gal/acre-ft,25.5,gal,66,66,5,5,S,66,,Y,PAR 3/5
2017-1072,2021,CLP,Platte,18008800,Crow Wing,,,Aquathol K,United Phosphorus Inc. ,,"Lake Management, Inc. ",5/21/2021,5/21/2021,12.9,6.9,0.6,0.6,gal/acre-ft,53.41,gal,66,66,5,5,S,66,,Y,PAR 4/5
2017-1072,2021,CLP,Platte,18008800,Crow Wing,,,Aquathol K,United Phosphorus Inc. ,,"Lake Management, Inc. ",5/21/2021,5/21/2021,10.6,6.9,0.6,0.6,gal/acre-ft,43.88,gal,66,66,5,5,S,66,,Y,PAR 5/5
2020-0185,2021,CLP,South Long,18013600,Crow Wing,,,Aquathol K,United Phosphorus Inc.,,Lake Restoration,5/22/2021,5/22/2021,5,9,0.6,0.6,gal/acre-ft,27,gal,70.2,70.2,3,3,S,82,,Y,"""lower"" south long. PAR 1/6"
2020-0185,2021,CLP,South Long,18013600,Crow Wing,,,Aquathol K,United Phosphorus Inc.,,Lake Restoration,5/22/2021,5/22/2021,5,9,0.6,0.6,gal/acre-ft,27,gal,66.8,66.8,3,5,S,81,,Y,"""lower"" south long. PAR 2/6"
2020-0185,2021,CLP,South Long,18013600,Crow Wing,,,Aquathol K,United Phosphorus Inc.,,Lake Restoration,5/22/2021,5/22/2021,3,9,0.6,0.6,gal/acre-ft,16.2,gal,67.7,67.7,5,5,S,81,,Y,"""lower"" south long. PAR 3/6"
2020-0185,2021,CLP,South Long,18013600,Crow Wing,,,Aquathol K,United Phosphorus Inc.,,Lake Restoration,5/22/2021,5/22/2021,3,7.5,0.6,0.6,gal/acre-ft,13.5,gal,67.7,67.7,9,9,SSE,79,,Y,"""lower"" south long. PAR 4/6"
2020-0185,2021,CLP,South Long,18013600,Crow Wing,,,Aquathol K,United Phosphorus Inc.,,Lake Restoration,5/22/2021,5/22/2021,2,7.5,0.6,0.6,gal/acre-ft,9,gal,67.6,67.6,8,8,SSE,79,,Y,"""lower"" south long. PAR 5/6"
2020-0185,2021,CLP,South Long,18013600,Crow Wing,,,Aquathol K,United Phosphorus Inc.,,Lake Restoration,5/22/2021,5/22/2021,10,7.5,0.6,0.6,gal/acre-ft,45,gal,70.4,70.4,10,10,SSE,79,,Y,"""lower"" south long. PAR 6/6"
2017-0389,2021,CLP,Sarah,27019100,Hennepin,,,Tribune,"Syngenta Crop Protection, LLC",,Aquatic Solutions of Minnesota,5/23/2021,5/23/2021,3.7,3,0.5,0.5,gal/acre,5.6,gal,,,0,0,,,68,Y,"wind speed calm PAR 5/12. rate listed as ""2 gal rate"" but corrected to .5 gal/acre-ft"
2017-0389,2021,CLP,Sarah,27019100,Hennepin,,,Tribune,"Syngenta Crop Protection, LLC",,Aquatic Solutions of Minnesota,5/23/2021,5/23/2021,3,7.25,0.5,0.5,gal/acre,10.9,gal,,,0,0,,,68,Y,"wind speed calm PAR 6/12. rate listed as ""2 gal rate"" but corrected to .5 gal/acre-ft"
2017-0389,2021,CLP,Sarah,27019100,Hennepin,,,Tribune,"Syngenta Crop Protection, LLC",,Aquatic Solutions of Minnesota,5/23/2021,5/23/2021,2.6,2.75,0.5,0.5,gal/acre,3.6,gal,,,0,0,,,68,Y,"wind speed calm PAR 11/12. rate listed as ""2 gal rate"" but corrected to .5 gal/acre-ft"
2018-0334,2021,CLP,Ida,21012300,Douglas,1350,1210,Aquathol K,United Phosphorus Inc.,,PLM Lake and Land Management Corp.,5/24/2021,5/24/2021,18.7,7,0.89,0.89,gal/acre-ft,116,gal,66,66,5,10,SW,75,,Y,
2017-0582,2021,CLP,O'Dowd,70009500,Scott,1353,1213,Tribune,"Syngenta Crop Protection, LLC",,PLM Lake and Land Management Corp.,5/24/2021,5/24/2021,17.64,5,2,2,gal/acre,35.28,gal,71,71,7,7,S,75,,Y,Treatment done with Kammo Plus
2017-0645,2021,CLP,Thole/Schneider,70012001,Scott,1602,1275,Tribune,"Syngenta Crop Protection, LLC",,PLM Lake and Land Management Corp.,5/24/2021,5/24/2021,7.42,5,2,2,gal/acre,14.84,gal,70,70,7,7,S,75,,Y,Kammo plus adjuvent added. 
2018-0849,2021,CLP,North Brown's,73014700,Stearns,1635,1314,Aquathol K,United Phosphorus Inc.,,Lake Restoration,5/24/2021,5/24/2021,3.92,6,0.9,0.9,gal/acre-ft,21.17,gal,70.8,70.8,8,8,SSE,72,,Y,PAR 1/5
2018-0849,2021,CLP,North Brown's,73014700,Stearns,,,Aquathol K,United Phosphorus Inc.,,Lake Restoration,5/24/2021,5/24/2021,3.1,6,0.9,0.9,gal/acre-ft,16.74,gal,71.4,71.4,8,8,SSE,72,,Y,PAR 2/5
2018-0849,2021,CLP,North Brown's,73014700,Stearns,,,Aquathol K,United Phosphorus Inc.,,Lake Restoration,5/24/2021,5/24/2021,4.3,5.5,0.9,0.9,gal/acre-ft,21.3,gal,72,72,0,0,,74,,Y,PAR 3/5
2018-0849,2021,CLP,North Brown's,73014700,Stearns,,,Aquathol K,United Phosphorus Inc.,,Lake Restoration,5/24/2021,5/24/2021,3.68,5.5,0.9,0.9,gal/acre-ft,18.2,gal,72,72,5,7,SW,77,,Y,PAR 4/5
2018-0849,2021,CLP,North Brown's,73014700,Stearns,,,Aquathol K,United Phosphorus Inc.,,Lake Restoration,5/24/2021,5/24/2021,3,6,0.9,0.9,gal/acre-ft,16.2,gal,72,72,4,4,SW,79,,Y,PAR 5/5
2017-1027,2021,CLP,George,2009100,Anoka,,,Dibrox,"Lake Restoration, Inc.",,Lake Restoration,5/24/2021,5/24/2021,8.55,7,2,2,gal/acre-ft,17.1,gal,68,68,5,5,S,68,,Y,PAR 1/4
2017-1037,2021,CLP,Minnetonka,27013303,Hennepin,1656,1342,Tribune,"Syngenta Crop Protection, LLC",,PLM Lake and Land Management Corp.,5/24/2021,5/24/2021,14.1,7.5,2,2,gal/acre,28.2,gal,70,70,7,7,S,68,,Y,This application was done with Kammo Plus adjuvant.
2021-1772,2021,CLP,Minnetonka,27013301,Hennepin,1696,1385,Tribune,"Syngenta Crop Protection, LLC",,PLM Lake and Land Management Corp.,5/24/2021,5/24/2021,18.26,5,2,2,gal/acre,36.52,gal,70,70,5,5,S,68,,Y,Treatment was done with Kammo Plus adjuvant. 
2017-1027,2021,CLP,George,2009100,Anoka,,,Dibrox,"Lake Restoration, Inc.",,Lake Restoration,5/24/2021,5/24/2021,2.78,5,2,2,gal/acre-ft,5.56,gal,68,68,5,5,S,68,,Y,PAR 2/4
2017-1027,2021,CLP,George,2009100,Anoka,,,Dibrox,"Lake Restoration, Inc.",,Lake Restoration,5/24/2021,5/24/2021,4.98,5,2,2,gal/acre-ft,9.96,gal,68,68,5,5,S,68,,Y,PAR 3/4
2017-1027,2021,CLP,George,2009100,Anoka,,,Dibrox,"Lake Restoration, Inc.",,Lake Restoration,5/24/2021,5/24/2021,12.02,7,2,2,gal/acre-ft,24.04,gal,68,68,5,5,S,68,,Y,PAR 4/4
2019-1137,2021,CLP,Rogers,19008000,Dakota,1667,1354,Tribune,"Syngenta Crop Protection, LLC",,"Lake Improvement Consulting, LLC.",5/25/2021,5/25/2021,14,7,0.5,0.5,gal/acre-ft,49,gal,,,12,15,WSW,78,,Y,temp seems to be air temp and is range 76-81
2017-0534,2021,CLP,Sallie,3035900,Becker,986,608,Aquathol K,United Phosphorus Inc.,,PLM Lake and Land Management Corp.,5/26/2021,5/26/2021,4.7,7.5,1.79,1.79,gal/acre-ft,63,gal,63,63,5,10,N,50,,Y,cide-kick applied PAR 1/2
2017-1709,2021,CLP,Bone,82005400,Washington,987,609,Aquathol K,United Phosphorus Inc.,,"Lake Management, Inc.",5/26/2021,5/26/2021,1.28,4,1.25,1.25,ppm,4.1,gal,,,8,8,NW,60,,Y,PAR 1/2. 3.2 gal/acre. 524 oz Aquathol.
2019-1303,2021,CLP,Shields,82016200,Washington,,,Aquathol K,United Phosphorus Inc.,,"Lake Management, Inc.",5/26/2021,5/26/2021,1.87,6,4.8,4.8,gal/acre,8.9,gal,,,6,6,N,66,,Y,PAR 1/2. 1.25 ppm. 
2019-1303,2021,CLP,Shields,82016200,Washington,,,Aquathol K,United Phosphorus Inc.,,"Lake Management, Inc.",5/26/2021,5/26/2021,1.31,6,4.8,4.8,gal/acre,6.2,gal,,,6,6,N,66,,Y,PAR 2/2. 1.25 ppm. 
2017-0533,2021,CLP,Detroit,3038100,Becker,1608,1282,Aquathol K,United Phosphorus Inc.,,PLM Lake and Land Management Corp.,5/26/2021,5/26/2021,8.2,8,1.25,1.25,gal/acre-ft,82,gal,63,63,5,10,NW,50,,Y,
2019-1846,2021,CLP,Curfman,3036300,Becker,1647,1329,Aquathol K,United Phosphorus Inc.,,PLM Lake and Land Management Corp.,5/26/2021,5/26/2021,7.9,4,1.77,1.77,gal/acre-ft,56,gal,63,63,0,5,NW,50,,Y,
2018-1864,2021,CLP,Muskrat,3036000,Becker,1679,1366,Tribune,"Syngenta Crop Protection, LLC",,PLM Lake and Land Management Corp.,5/26/2021,5/26/2021,8.9,4,2,2,gal/acre,17.8,gal,64,64,5,10,NNW,50,,Y,Treatment done with Cide-kick 2.5 gal adjuvant
2017-0830,2021,CLP,Lewis,33003200,Kanabec,1691,1378,Aquathol K,United Phosphorus Inc.,,Aquatic Solutions of Minnesota,5/26/2021,5/26/2021,0.21,3.5,4.9,4.9,ppm,2.3,gal,,,2,2,NW,,62,Y,PAR 1/3
2017-0830,2021,CLP,Lewis,33003200,Kanabec,,,Aquathol K,United Phosphorus Inc.,,Aquatic Solutions of Minnesota,5/26/2021,5/26/2021,0.53,4,4.9,4.9,ppm,6.63,gal,,,4,4,NW,,62,Y,PAR 2/3
2017-0830,2021,CLP,Lewis,33003200,Kanabec,,,Aquathol K,United Phosphorus Inc.,,Aquatic Solutions of Minnesota,5/26/2021,5/26/2021,0.43,5.5,4.9,4.9,ppm,7.39,gal,,,7,7,NW,,62,Y,PAR 3/3
2019-1039,2021,CLP,Long,56078400,Otter Tail,1712,1403,Tribune,"Syngenta Crop Protection, LLC",,Lake Region Aquatic Weed Harvesting,5/26/2021,5/26/2021,6,4,1.5,1.5,gal/acre,9,gal,,,5,5,NNE,,72,Y,
2017-1044,2021,CLP,Minnetonka,27013313,Hennepin,1678,1365,Tribune,"Syngenta Crop Protection, LLC",,PLM Lake and Land Management Corp.,5/26/2021,5/26/2021,50.1,7,2,2,gal/acre,100,gal,68,68,11,11,NNW,55,,Y,
2017-1042,2021,CLP,Minnetonka,27013304,Hennepin,1694,1382,Tribune,"Syngenta Crop Protection, LLC",,PLM Lake and Land Management Corp.,5/26/2021,5/26/2021,28.2,5,2,2,gal/acre,56.4,gal,71,71,11,11,NNW,58,,Y,This application was done with Kammo plus adjuvant. 
2017-0534,2021,CLP,Sallie,3035900,Becker,1875,2268,Tribune,"Syngenta Crop Protection, LLC",,PLM Lake and Land Management Corp.,5/26/2021,5/26/2021,7.6,7.5,1.97,1.97,gal/acre,15,gal,63,63,5,10,N,50,,Y,cide-kick applied PAR 2/2
2017-1709,2021,CLP,Bone,82005400,Washington,,,Aquathol K,United Phosphorus Inc.,,"Lake Management, Inc.",5/26/2021,5/26/2021,3.1,4,1.25,1.25,ppm,9.92,gal,,,8,8,NW,60,,Y,PAR 2/2. 3.2 gal/acre. 1270 oz Aquathol. 
2018-0881,2021,CLP,Norway,11030700,Cass,1359,1218,Aquathol K,United Phosphorus Inc.,,PLM Lake and Land Management Corp.,5/27/2021,5/27/2021,7.1,4.4,1.18,1.18,gal/acre-ft,37,gal,64,64,5,10,E,50,,Y,
2021-0451,2021,CLP,Osakis,77021500,Todd,984,606,Aquathol K,United Phosphorus Inc.,,Lake Restoration,5/28/2021,5/28/2021,4.06,6.7,1.2,1.2,gal/acre-ft,32.5,gal,62,62,4,4,E,41,,Y,PAR 1/7
2021-0451,2021,CLP,Osakis,77021500,Todd,,,Aquathol K,United Phosphorus Inc.,,Lake Restoration,5/28/2021,5/28/2021,4.64,12,1.2,1.2,gal/acre-ft,66.82,gal,62,62,5,5,E,49,,Y,PAR 2/7
2021-0451,2021,CLP,Osakis,77021500,Todd,,,Aquathol K,United Phosphorus Inc.,,Lake Restoration,5/28/2021,5/28/2021,4.25,7,1.2,1.2,gal/acre-ft,35.7,gal,62,62,3,3,E,47,,Y,PAR 3/7
2021-0451,2021,CLP,Osakis,77021500,Todd,,,Aquathol K,United Phosphorus Inc.,,Lake Restoration,5/28/2021,5/28/2021,5.78,8.2,1.2,1.2,gal/acre-ft,56.88,gal,62,62,3,3,E,49,,Y,PAR 4/7
2021-0451,2021,CLP,Osakis,77021500,Todd,,,Aquathol K,United Phosphorus Inc.,,Lake Restoration,5/28/2021,5/28/2021,3.94,7.1,1.2,1.2,gal/acre-ft,56.88,gal,62,62,3,3,E,49,,Y,PAR 5/7
2021-0451,2021,CLP,Osakis,77021500,Todd,,,Aquathol K,United Phosphorus Inc.,,Lake Restoration,5/28/2021,5/28/2021,4.13,8.8,1.2,1.2,gal/acre-ft,43.61,gal,62,62,7,7,E,43,,Y,PAR 6/7
2021-0451,2021,CLP,Osakis,77021500,Todd,,,Aquathol K,United Phosphorus Inc.,,Lake Restoration,5/28/2021,5/28/2021,6.76,9.1,1.2,1.2,gal/acre-ft,73.82,gal,62,62,3,6,E,41,,Y,PAR 7/7
2018-1087,2021,CLP,Upper Cormorant,3058800,Becker,1652,1336,Aquathol K,United Phosphorus Inc.,,PLM Lake and Land Management Corp.,5/28/2021,5/28/2021,30,6.5,1.44,1.44,gal/acre-ft,280,gal,62,62,5,10,SE,48,,Y,
2017-0526,2021,EWM,Olson,82010300,Washington,1666,1352,Tribune,"Syngenta Crop Protection, LLC",,PLM Lake and Land Management Corp.,6/2/2021,6/2/2021,9.2,9,2,2,gal/acre,18.4,gal,68,68,3,3,SW,70,,Y,
,2021,CLP,Lida,56074702,Otter Tail,1664,1350,Aquathol K,United Phosphorus Inc.,,"Clarke Aquatic Services, Inc.",6/3/2021,6/3/2021,13,,2,2,ppm,131.7,gal,66,66,4,4,SW,,,Y,
2019-0258,2021,CLP,South Lida,56074702,Otter Tail,,,Aquathol K,United Phosphorus Inc.,,"Clarke Aquatic Services, Inc.",6/3/2021,6/3/2021,5,8.5,2,2,ppm,54.6,gal,66,66,4,4,SW,72,,Y,PAR 1/3
2019-0258,2021,CLP,South Lida,56074702,Otter Tail,,,Aquathol K,United Phosphorus Inc.,,"Clarke Aquatic Services, Inc.",6/3/2021,6/3/2021,5,8,2,2,ppm,51.4,gal,66,66,4,4,SW,72,,Y,PAR 2/3
2019-0258,2021,CLP,South Lida,56074702,Otter Tail,,,Aquathol K,United Phosphorus Inc.,,"Clarke Aquatic Services, Inc.",6/3/2021,6/3/2021,3,6.7,2,2,ppm,25.8,gal,66,66,4,4,SW,72,,Y,PAR 3/3
2017-2765,2021,EWM,Rays,40005600,Le Sueur,1345,1205,"2,4-D Amine","Alligare, LLC",,Lakescapes LLC,6/8/2021,6/8/2021,7.1,3,2,2,ppm,30.03,gal,,,0,0,,,72,Y,PAR 1/3
2017-2765,2021,EWM,Rays,40005600,Le Sueur,,,"2,4-D Amine","Alligare, LLC",,Lakescapes LLC,6/8/2021,6/8/2021,9.5,3,2,2,ppm,40.19,gal,,,0,0,,,72,Y,PAR 2/3
2017-2765,2021,EWM,Rays,40005600,Le Sueur,,,"2,4-D Amine","Alligare, LLC",,Lakescapes LLC,6/8/2021,6/8/2021,4.6,3,2,2,ppm,19.46,gal,,,0,0,,,72,Y,PAR 3/3
2017-1041,2021,EWM,Minnetonka,27013300,Hennepin,,,Tribune,"Syngenta Crop Protection, LLC",,PLM Lake and Land Management Corp.,6/18/2021,6/18/2021,11.6,7,1.72,1.72,gal/acre,20,gal,78,78,3,3,N,80,,Y,Chemical 1/2
2017-1041,2021,EWM,Minnetonka,27013300,Hennepin,,,ProcellaCOR EC,SePro Corp.,,PLM Lake and Land Management Corp.,6/18/2021,6/18/2021,11.6,7,2.46,2.46,oz/acre-ft,200,gal,78,78,3,3,N,80,,Y,Chemical 2/2
2021-0484,2021,EWM,Clear,81001401,Waseca,,,"2,4-D Amine","Alligare, LLC",,Lakescapes LLC,6/22/2021,6/22/2021,9.2,6,2,2,ppm,77.28,gal,,,3,3,S,,71,Y,PAR 1/6
2017-2726,2021,EWM,Sarah,27019100,Hennepin,,,Tribune,"Syngenta Crop Protection, LLC",,Aquatic Solutions of Minnesota,6/22/2021,6/22/2021,3,3.5,0.5,0.5,gal/acre-ft,5.25,gal,,,3,3,SW,,43,Y,PAR 1/12
2017-2726,2021,EWM,Sarah,27019100,Hennepin,,,Tribune,"Syngenta Crop Protection, LLC",,Aquatic Solutions of Minnesota,6/22/2021,6/22/2021,2.17,3.75,0.5,0.5,gal/acre-ft,4.06,gal,,,3,3,SW,,43,Y,PAR 2/12
2017-2726,2021,EWM,Sarah,27019100,Hennepin,,,Tribune,"Syngenta Crop Protection, LLC",,Aquatic Solutions of Minnesota,6/22/2021,6/22/2021,1.2,2,0.5,0.5,gal/acre-ft,1.2,gal,,,4,4,SW,,43,Y,PAR 3/12
2017-2726,2021,EWM,Sarah,27019100,Hennepin,,,Tribune,"Syngenta Crop Protection, LLC",,Aquatic Solutions of Minnesota,6/22/2021,6/22/2021,2,3.5,0.5,0.5,gal/acre-ft,3.5,gal,,,4,4,SW,,43,Y,PAR 4/12
2017-2726,2021,EWM,Sarah,27019100,Hennepin,,,Tribune,"Syngenta Crop Protection, LLC",,Aquatic Solutions of Minnesota,6/22/2021,6/22/2021,2.4,3.3,0.5,0.5,gal/acre-ft,3.96,gal,,,0,0,,,43,Y,wind speed calm PAR 5/12
2017-2726,2021,EWM,Sarah,27019100,Hennepin,,,Tribune,"Syngenta Crop Protection, LLC",,Aquatic Solutions of Minnesota,6/22/2021,6/22/2021,3.8,2.8,0.5,0.5,gal/acre-ft,5.32,gal,,,0,0,,,43,Y,wind speed calm PAR 6/12
2017-2726,2021,EWM,Sarah,27019100,Hennepin,,,Tribune,"Syngenta Crop Protection, LLC",,Aquatic Solutions of Minnesota,6/22/2021,6/22/2021,5,2.6,0.5,0.5,gal/acre-ft,6.5,gal,,,0,0,,,43,Y,wind speed calm PAR 7/12
2017-2726,2021,EWM,Sarah,27019100,Hennepin,,,Tribune,"Syngenta Crop Protection, LLC",,Aquatic Solutions of Minnesota,6/22/2021,6/22/2021,1,2.5,0.5,0.5,gal/acre-ft,1.25,gal,,,0,0,,,43,Y,wind speed calm PAR 8/12
2017-2726,2021,EWM,Sarah,27019100,Hennepin,,,Tribune,"Syngenta Crop Protection, LLC",,Aquatic Solutions of Minnesota,6/22/2021,6/22/2021,2.1,2.8,0.5,0.5,gal/acre-ft,2.94,gal,,,0,0,,,43,Y,wind speed calm PAR 9/12
2017-2726,2021,EWM,Sarah,27019100,Hennepin,,,Tribune,"Syngenta Crop Protection, LLC",,Aquatic Solutions of Minnesota,6/22/2021,6/22/2021,1.61,2.9,0.5,0.5,gal/acre-ft,2.33,gal,,,0,0,,,43,Y,wind speed calm PAR 10/12
2017-2726,2021,EWM,Sarah,27019100,Hennepin,,,Tribune,"Syngenta Crop Protection, LLC",,Aquatic Solutions of Minnesota,6/22/2021,6/22/2021,3.4,3.8,0.5,0.5,gal/acre-ft,6.46,gal,,,0,0,,,43,Y,wind speed calm PAR 11/12.
2017-2726,2021,EWM,Sarah,27019100,Hennepin,,,Tribune,"Syngenta Crop Protection, LLC",,Aquatic Solutions of Minnesota,6/22/2021,6/22/2021,1.4,2,0.5,0.5,gal/acre-ft,1.4,gal,,,0,0,,,43,Y,wind speed calm PAR 12/12.
2017-1985,2021,EWM,Bay,18003400,Crow Wing,,,Platoon,Nufarm Americas Inc.,,Lake Restoration,6/22/2021,6/22/2021,0.34,10,2.84,2.84,gal/acre-ft,9.66,gal,70,70,3,3,SW,70,,Y,"PAR 1/20, 4 ppm "
2017-1985,2021,EWM,Bay,18003400,Crow Wing,,,Platoon,Nufarm Americas Inc.,,Lake Restoration,6/22/2021,6/22/2021,0.13,12,2.84,2.84,gal/acre-ft,4.43,gal,70,70,3,3,SW,70,,Y,"PAR 2/20, 4 ppm"
2017-1985,2021,EWM,Bay,18003400,Crow Wing,,,Platoon,Nufarm Americas Inc.,,Lake Restoration,6/22/2021,6/22/2021,0.17,8,2.84,2.84,gal/acre-ft,3.86,gal,70,70,5,5,SW,70,,Y,"PAR 3/20, 4 ppm"
2017-1985,2021,EWM,Bay,18003400,Crow Wing,,,Platoon,Nufarm Americas Inc.,,Lake Restoration,6/22/2021,6/22/2021,1.83,10,2.84,2.84,gal/acre-ft,51.97,gal,70,70,2,5,SW,70,,Y,"PAR 4/20, 4 ppm"
2017-1985,2021,EWM,Bay,18003400,Crow Wing,,,Platoon,Nufarm Americas Inc.,,Lake Restoration,6/22/2021,6/22/2021,0.275,8,2.84,2.84,gal/acre-ft,6.25,gal,68,68,7,7,SW,61,,Y,"PAR 5/20, 4 ppm"
2017-1985,2021,EWM,Bay,18003400,Crow Wing,,,Platoon,Nufarm Americas Inc.,,Lake Restoration,6/22/2021,6/22/2021,0.275,12,2.84,2.84,gal/acre-ft,9.37,gal,68,68,7,7,SW,61,,Y,"PAR 6/20, 4 ppm"
2017-1985,2021,EWM,Bay,18003400,Crow Wing,,,Platoon,Nufarm Americas Inc.,,Lake Restoration,6/22/2021,6/22/2021,0.2,8,2.84,2.84,gal/acre-ft,4.54,gal,68,68,7,7,SW,61,,Y,"PAR 7/20, 4 ppm"
2017-1985,2021,EWM,Bay,18003400,Crow Wing,,,Platoon,Nufarm Americas Inc.,,Lake Restoration,6/22/2021,6/22/2021,0.22,8,2.84,2.84,gal/acre-ft,5,gal,68,68,3,3,SW,,,Y,"PAR 8/20, 4 ppm"
2017-1985,2021,EWM,Bay,18003400,Crow Wing,,,Platoon,Nufarm Americas Inc.,,Lake Restoration,6/22/2021,6/22/2021,0.55,10,2.84,2.84,gal/acre-ft,15.62,gal,68,68,5,5,SW,63,,Y,"PAR 9/20, 4 ppm"
2017-1985,2021,EWM,Bay,18003400,Crow Wing,,,Platoon,Nufarm Americas Inc.,,Lake Restoration,6/22/2021,6/22/2021,0.43,14,2.84,2.84,gal/acre-ft,17.1,gal,68,68,5,5,SW,65,,Y,"PAR 10/20, 4 ppm"
2017-1985,2021,EWM,Bay,18003400,Crow Wing,,,Platoon,Nufarm Americas Inc.,,Lake Restoration,6/22/2021,6/22/2021,0.15,14,2.84,2.84,gal/acre-ft,5.96,gal,68,68,7,7,SW,65,,Y,"PAR 11/20, 4 ppm"
2017-1985,2021,EWM,Bay,18003400,Crow Wing,,,Platoon,Nufarm Americas Inc.,,Lake Restoration,6/22/2021,6/22/2021,0.34,12,2.84,2.84,gal/acre-ft,11.54,gal,70,70,3,3,SW,70,,Y,"PAR 12/20, 4 ppm"
2017-1985,2021,EWM,Bay,18003400,Crow Wing,,,Platoon,Nufarm Americas Inc.,,Lake Restoration,6/22/2021,6/22/2021,0.241,10,2.84,2.84,gal/acre-ft,6.84,gal,70,70,7,7,SW,69,,Y,"PAR 13/20, 4 ppm"
2017-1985,2021,EWM,Bay,18003400,Crow Wing,,,Platoon,Nufarm Americas Inc.,,Lake Restoration,6/22/2021,6/22/2021,0.18,8,2.84,2.84,gal/acre-ft,4.09,gal,68,68,5,5,SW,62,,Y,"PAR 14/20, 4 ppm"
2017-1985,2021,EWM,Bay,18003400,Crow Wing,,,Platoon,Nufarm Americas Inc.,,Lake Restoration,6/22/2021,6/22/2021,0.247,12,2.84,2.84,gal/acre-ft,8.42,gal,68,68,5,5,SW,62,,Y,"PAR 15/20, 4 ppm"
2017-1985,2021,EWM,Bay,18003400,Crow Wing,,,Platoon,Nufarm Americas Inc.,,Lake Restoration,6/22/2021,6/22/2021,0.48,14,2.84,2.84,gal/acre-ft,19.08,gal,68,68,5,5,SW,62,,Y,"PAR 16/20, 4 ppm"
2017-1985,2021,EWM,Bay,18003400,Crow Wing,,,Platoon,Nufarm Americas Inc.,,Lake Restoration,6/22/2021,6/22/2021,0.25,8,2.84,2.84,gal/acre-ft,5.68,gal,68,68,3,3,SW,63,,Y,"PAR 17/20, 4 ppm"
2017-1985,2021,EWM,Bay,18003400,Crow Wing,,,Platoon,Nufarm Americas Inc.,,Lake Restoration,6/22/2021,6/22/2021,0.51,8,2.84,2.84,gal/acre-ft,11.59,gal,68,68,3,3,SW,65,,Y,"PAR 18/20, 4 ppm"
2017-1985,2021,EWM,Bay,18003400,Crow Wing,,,Platoon,Nufarm Americas Inc.,,Lake Restoration,6/22/2021,6/22/2021,0.27,12,2.84,2.84,gal/acre-ft,9.2,gal,70,70,3,3,SW,69,,Y,"PAR 19/20, 4 ppm"
2017-1985,2021,EWM,Bay,18003400,Crow Wing,,,Platoon,Nufarm Americas Inc.,,Lake Restoration,6/22/2021,6/22/2021,0.2,8,2.84,2.84,gal/acre-ft,4.45,gal,69,69,3,3,SW,65,,Y,"PAR 20/20, 4 ppm"
2021-0484,2021,EWM,Clear,81001401,Waseca,,,"2,4-D Amine","Alligare, LLC",,Lakescapes LLC,6/22/2021,6/22/2021,4.1,6,2,2,ppm,34.44,gal,,,3,3,S,,71,Y,PAR 2/6
2021-0484,2021,EWM,Clear,81001401,Waseca,,,"2,4-D Amine","Alligare, LLC",,Lakescapes LLC,6/22/2021,6/22/2021,20,5,2,2,ppm,140,gal,,,3,3,S,,72,Y,PAR 3/6
2021-0484,2021,EWM,Clear,81001401,Waseca,,,"2,4-D Amine","Alligare, LLC",,Lakescapes LLC,6/22/2021,6/22/2021,3.5,4,2,2,ppm,19.6,gal,,,3,3,S,,72,Y,PAR 4/6
2021-0484,2021,EWM,Clear,81001401,Waseca,,,"2,4-D Amine","Alligare, LLC",,Lakescapes LLC,6/22/2021,6/22/2021,16,6,2,2,ppm,134.4,gal,,,3,3,S,,72,Y,PAR 5/6
2021-0484,2021,EWM,Clear,81001401,Waseca,,,"2,4-D Amine","Alligare, LLC",,Lakescapes LLC,6/22/2021,6/22/2021,4,6,2,2,ppm,33.6,gal,,,3,3,S,,72,Y,PAR 6/6
2017-1512,2021,EWM,Chub,9000800,Carlton,1343,1203,ProcellaCOR,SePro Corp.,,PLM Lake and Land Management Corp.,6/24/2021,6/24/2021,13.2,6.9,11.52,11.52,oz/acre-ft,1049.6,oz,73,73,0,5,NE,75,,Y,
2020-0211,2021,EWM,Minnetonka,27013300,Hennepin,,,Tribune,"Syngenta Crop Protection, LLC",,PLM Lake and Land Management Corp.,6/26/2021,6/26/2021,1.4,5,2,2,gal/acre,2.8,gal,79,79,2,2,SW,80,,Y,Chemical 1/2
2020-0211,2021,EWM,Minnetonka,27013300,Hennepin,,,ProcellaCOR EC,SePro Corp.,,PLM Lake and Land Management Corp.,6/26/2021,6/26/2021,1.4,5,3.8,3.8,oz/acre-ft,26.62,gal,79,79,2,2,SW,80,,Y,Chemical 2/2
2017-1313,2021,FR,Melissa,3047500,Becker,1674,1361,Tribune,"Syngenta Crop Protection, LLC",,PLM Lake and Land Management Corp.,6/28/2021,6/28/2021,24,4,2,2,gal/acre,48,gal,75,75,0,5,NE,75,,Y,
2017-1039,2021,EWM,Minnetonka,27013301,Hennepin,1481,2295,Tribune,"Syngenta Crop Protection, LLC",,PLM Lake and Land Management Corp.,6/29/2021,6/29/2021,22.98,5,2,2,gal/acre,45.96,gal,78,78,0,0,,70,,Y,
2017-1038,2021,EWM,Minnetonka,27013303,Hennepin,1479,2293,Tribune,"Syngenta Crop Protection, LLC",,PLM Lake and Land Management Corp.,6/29/2021,6/29/2021,10.5,7.5,2,2,gal/acre,21,gal,78,78,0,5,,70,,Y,This application was done with Kammo Plus adjuvant. Wind direction = calm
2017-1038,2021,EWM,Minnetonka,27013303,Hennepin,1480,2294,ProcellaCOR,SePro Corp.,,PLM Lake and Land Management Corp.,6/29/2021,6/29/2021,10.5,7.5,2.54,2.54,oz/acre-ft,200,oz,78,78,0,0,,70,,Y,This application was done with Kammo Plus adjuvant. Wind direction = calm
2017-1039,2021,EWM,Minnetonka,27013301,Hennepin,1482,2296,ProcellaCOR,SePro Corp.,,PLM Lake and Land Management Corp.,6/29/2021,6/29/2021,22.98,5,3.8,3.8,oz/acre-ft,437,oz,78,78,0,0,,70,,Y,
2017-3315,2021,EWM,Turtle,62006100,Ramsey,1677,1364,Tribune,"Syngenta Crop Protection, LLC",,PLM Lake and Land Management Corp.,6/30/2021,6/30/2021,29.85,7,2,2,gal/acre,59.7,gal,79,79,0,5,,75,,Y,wind speed and direction calm
2017-3315,2021,EWM,Turtle,62006100,Ramsey,1857,2249,ProcellaCOR,SePro Corp.,,PLM Lake and Land Management Corp.,6/30/2021,6/30/2021,29.85,7,2.71,2.71,oz/acre-ft,567,oz,79,79,0,0,,75,,Y,wind speed and direction calm
2021-1320,2021,EWM,Ballantyne,7005400,Blue Earth,1703,1392,"2,4-D Amine","Alligare, LLC",,Lakescapes LLC,7/5/2021,7/5/2021,3.5,3,2,2,ppm,14.7,gal,,,3,3,W,,80,Y,"PAR 1/5, date on PARs incorrect but verified with applicator. "
2021-1320,2021,EWM,Ballantyne,7005400,Blue Earth,,,"2,4-D Amine","Alligare, LLC",,Lakescapes LLC,7/5/2021,7/5/2021,4.2,3,2,2,ppm,17.64,gal,,,3,3,W,,80,Y,"PAR 2/5, date on PARs incorrect but verified with applicator. "
2021-1320,2021,EWM,Ballantyne,7005400,Blue Earth,,,"2,4-D Amine","Alligare, LLC",,Lakescapes LLC,7/5/2021,7/5/2021,3.8,4,2,2,ppm,21.28,gal,,,3,3,W,,80,Y,"PAR 3/5, date on PARs incorrect but verified with applicator. "
2021-1320,2021,EWM,Ballantyne,7005400,Blue Earth,,,"2,4-D Amine","Alligare, LLC",,Lakescapes LLC,7/5/2021,7/5/2021,14.6,3,2,2,ppm,61.32,gal,,,3,3,W,,80,Y,"PAR 4/5, date on PARs incorrect but verified with applicator. "
2021-1320,2021,EWM,Ballantyne,7005400,Blue Earth,,,"2,4-D Amine","Alligare, LLC",,Lakescapes LLC,7/5/2021,7/5/2021,1.7,3,2,2,ppm,7.14,gal,,,3,3,W,,80,Y,"PAR 5/5, date on PARs incorrect but verified with applicator. "
2017-0828,2021,EWM,Pulaski,86005302,Wright,1347,1207,ProcellaCOR EC,SePro Corp.,,PLM Lake and Land Management Corp.,7/9/2021,7/9/2021,16.7,4,18.47,18.47,oz/acre-ft,1234,oz,74,74,3,3,NE,64,,Y,
2017-1092,2021,EWM,Coon,2004200,Anoka,1552,2319,Tribune,"Syngenta Crop Protection, LLC",,PLM Lake and Land Management Corp.,7/12/2021,7/12/2021,22.83,6,2,2,gal/acre,45.66,gal,78,78,4,4,ESE,66,,Y,
2017-1092,2021,EWM,Coon,2004200,Anoka,1553,2320,ProcellaCOR EC,SePro Corp.,,PLM Lake and Land Management Corp.,7/12/2021,7/12/2021,22.83,6,3.17,3.17,oz/acre-ft,434.22,oz,78,78,4,4,ESE,66,,Y,
,2021,CLP,Minnie-Belle,47011900,Meeker,1147,2177,ProcellaCOR,SePro Corp.,,"Clarke Aquatic Services, Inc.",7/13/2021,7/13/2021,19,,4,4,PDU/acre-ft,496.4,PDU,,,,,,,,Y,
,2021,EWM,Minnie-Belle,47011900,Meeker,1147,2177,ProcellaCOR,SePro Corp.,,"Clarke Aquatic Services, Inc.",7/13/2021,7/13/2021,19,,4,4,PDU/acre-ft,496.4,PDU,,,,,,,,Y,
2017-2870,2021,EWM,White Bear,82016700,Washington,,,Weedar 64,Nufarm Americas Inc.,,"Lake Management, Inc.",7/15/2021,7/15/2021,0.95,8,22.7,22.7,gal/acre,21.5,gal,,,5,5,NE,79,,Y,PAR 15/15
2017-2870,2021,EWM,White Bear,82016700,Washington,,,Weedar 64,Nufarm Americas Inc.,,"Lake Management, Inc.",7/15/2021,7/15/2021,0.97,8,22.7,22.7,gal/acre,22,gal,,,6,6,NE,80,,Y,PAR 14/15
2017-2870,2021,EWM,White Bear,82016700,Washington,,,Weedar 64,Nufarm Americas Inc.,,"Lake Management, Inc.",7/15/2021,7/15/2021,0.68,8,22.7,22.7,gal/acre,15.4,gal,,,5,5,ENE,80,,Y,PAR 13/15
2017-2870,2021,EWM,White Bear,82016700,Washington,,,Weedar 64,Nufarm Americas Inc.,,"Lake Management, Inc.",7/15/2021,7/15/2021,11.21,8,22.7,22.7,gal/acre,254.4,gal,,,3,3,ENE,72,,Y,PAR 12/15
2017-2870,2021,EWM,White Bear,82016700,Washington,,,Weedar 64,Nufarm Americas Inc.,,"Lake Management, Inc.",7/15/2021,7/15/2021,6.25,8,22.7,22.7,gal/acre,141.8,gal,,,5,5,NE,77,,Y,PAR 11/15
2017-2870,2021,EWM,White Bear,82016700,Washington,,,Weedar 64,Nufarm Americas Inc.,,"Lake Management, Inc.",7/15/2021,7/15/2021,3,8,22.7,22.7,gal/acre,68.1,gal,,,3,3,ENE,72,,Y,PAR 10/15
2017-2870,2021,EWM,White Bear,82016700,Washington,,,Weedar 64,Nufarm Americas Inc.,,"Lake Management, Inc.",7/15/2021,7/15/2021,0.79,8,22.7,22.7,gal/acre,17.9,gal,,,5,5,ENE,79,,Y,PAR 9/15
2017-2870,2021,EWM,White Bear,82016700,Washington,,,Triclopyr 3,"Alligare, LLC",,"Lake Management, Inc.",7/15/2021,7/15/2021,0.85,8,11.2,11.2,gal/acre,9.5,gal,,,3,3,ENE,71,,Y,PAR 8/15
2017-2870,2021,EWM,White Bear,82016700,Washington,,,Triclopyr 3,"Alligare, LLC",,"Lake Management, Inc.",7/15/2021,7/15/2021,1.64,8,11.2,11.2,gal/acre,18.3,gal,,,3,3,ENE,72,,Y,PAR 7/15
2017-2870,2021,EWM,White Bear,82016700,Washington,,,Triclopyr 3,"Alligare, LLC",,"Lake Management, Inc.",7/15/2021,7/15/2021,2.02,8,11.2,11.2,gal/acre,22.6,gal,,,3,3,NE,76,,Y,PAR 6/15
2017-2870,2021,EWM,White Bear,82016700,Washington,,,Triclopyr 3,"Alligare, LLC",,"Lake Management, Inc.",7/15/2021,7/15/2021,2.65,8,11.2,11.2,gal/acre,29.6,gal,,,4,4,NE,71,,Y,PAR 5/15
2017-2870,2021,EWM,White Bear,82016700,Washington,,,Triclopyr 3,"Alligare, LLC",,"Lake Management, Inc.",7/15/2021,7/15/2021,3.94,8,11.2,11.2,gal/acre,45.6,gal,,,3,3,ENE,72,,Y,PAR 4/15
2017-2870,2021,EWM,White Bear,82016700,Washington,,,Triclopyr 3,"Alligare, LLC",,"Lake Management, Inc.",7/15/2021,7/15/2021,4.44,8,11.2,11.2,gal/acre,49.2,gal,,,3,3,NE,71,,Y,PAR 3/15
2017-2870,2021,EWM,White Bear,82016700,Washington,,,Triclopyr 3,"Alligare, LLC",,"Lake Management, Inc.",7/15/2021,7/15/2021,9.85,8,11.2,11.2,gal/acre,110.3,gal,,,4,4,ENE,78,,Y,PAR 2/15
2017-2870,2021,EWM,White Bear,82016700,Washington,,,Triclopyr 3,"Alligare, LLC",,"Lake Management, Inc.",7/15/2021,7/15/2021,1.28,8,11.2,11.2,gal/acre,14.3,gal,,,4,4,ENE,77,,Y,PAR 1/15
2017-1486,2021,EWM,Minnewaska,61013000,Pope,1709,1399,"2,4-D Amine","Alligare, LLC",,Lake Restoration,7/16/2021,7/16/2021,0.96,2,2.84,2.84,gal/acre-ft,5.45,gal,76,76,1,1,S,77,,Y,PAR 1/9
2017-1486,2021,EWM,Minnewaska,61013000,Pope,,,"2,4-D Amine","Alligare, LLC",,Lake Restoration,7/16/2021,7/16/2021,4.04,8.7,2.84,2.84,gal/acre-ft,99.82,gal,76,76,5,5,S,67,,Y,PAR 2/9
2017-1486,2021,EWM,Minnewaska,61013000,Pope,,,"2,4-D Amine","Alligare, LLC",,Lake Restoration,7/16/2021,7/16/2021,2.1,10,2.84,2.84,gal/acre-ft,59.64,gal,76,76,5,5,S,67,,Y,PAR 3/9 
2017-1486,2021,EWM,Minnewaska,61013000,Pope,,,"2,4-D Amine","Alligare, LLC",,Lake Restoration,7/16/2021,7/16/2021,0.94,8,2.84,2.84,gal/acre-ft,21.36,gal,76,76,5,5,S,67,,Y,PAR 4/9
2017-1486,2021,EWM,Minnewaska,61013000,Pope,,,"2,4-D Amine","Alligare, LLC",,Lake Restoration,7/16/2021,7/16/2021,1.2,6,2.84,2.84,gal/acre-ft,20.45,gal,76,76,1,1,E,64,,Y,PAR 5/9
2017-1486,2021,EWM,Minnewaska,61013000,Pope,,,"2,4-D Amine","Alligare, LLC",,Lake Restoration,7/16/2021,7/16/2021,2.39,6.5,2.84,2.84,gal/acre-ft,44.12,gal,76,76,2,2,SE,63,,Y,PAR 6/9
2017-1486,2021,EWM,Minnewaska,61013000,Pope,,,"2,4-D Amine","Alligare, LLC",,Lake Restoration,7/16/2021,7/16/2021,1.9,3.7,2.84,2.84,gal/acre-ft,19.97,gal,76,76,1,1,E,62,,Y,PAR 7/9
2017-1486,2021,EWM,Minnewaska,61013000,Pope,,,"2,4-D Amine","Alligare, LLC",,Lake Restoration,7/16/2021,7/16/2021,0.61,6,2.84,2.84,gal/acre-ft,10.39,gal,76,76,1,1,SE,62,,Y,PAR 8/9
2017-1486,2021,EWM,Minnewaska,61013000,Pope,,,"2,4-D Amine","Alligare, LLC",,Lake Restoration,7/16/2021,7/16/2021,2.6,8.5,2.84,2.84,gal/acre-ft,67.76,gal,76,76,1,1,E,63,,Y,PAR 9/9
2017-0600,2021,EWM,Fish,86018300,Wright,1360,1219,ProcellaCOR,SePro Corp.,,PLM Lake and Land Management Corp.,7/16/2021,7/16/2021,5.3,4,10.09,10.09,oz/acre-ft,214,oz,75,75,0,5,W,75,,Y,
2020-0211,2021,EWM,Minnetonka,27013300,Hennepin,,,ProcellaCOR EC,SePro Corp.,,PLM Lake and Land Management Corp.,7/16/2021,7/16/2021,10.6,5,3.77,3.77,oz/acre-ft,200,oz,78,78,0,5,,70,,Y,Herbicide 1/2 and Kammo Plus added as adjuvant. Wind direction = calm
2020-0211,2021,EWM,Minnetonka,27013300,Hennepin,,,Tribune,"Syngenta Crop Protection, LLC",,PLM Lake and Land Management Corp.,7/16/2021,7/16/2021,10.6,5,2,2,gal/acre,21.2,gal,78,78,0,5,,70,,Y,Herbicide 2/2 and Kammo Plus added as adjuvant. Wind direction = calm
2018-2174,2021,EWM,Maple,86013400,Wright,1358,1217,ProcellaCOR EC,SePro Corp.,,PLM Lake and Land Management Corp.,7/20/2021,7/20/2021,38.9,9,6.76,6.76,oz/acre-ft,2366,oz,82,82,0,5,,88,,Y,"wind direction listed as ""calm"""
2021-0371,2021,EWM,Twin,27004203,Hennepin,1879,2309,Captain,SePro Corp.,,"Jacobson Environmental, PLLC",7/22/2021,7/22/2021,1.72,,20,20,qts/acre-ft,5,gal,,,6,6,SE,,,Y,
2018-0333,2021,EWM,French,86027300,Wright,1366,1227,ProcellaCOR,SePro Corp.,,PLM Lake and Land Management Corp.,7/27/2021,7/27/2021,11.2,6,7.81,7.81,oz/acre-ft,525,oz,81,81,0,5,NE,82,,Y,
2018-0035,2021,EWM,Girl,11017400,Cass,1690,1377,ProcellaCOR,SePro Corp.,,PLM Lake and Land Management Corp.,8/4/2021,8/4/2021,0.27,2.5,23.7,23.7,oz/acre-ft,16,oz,76,76,0,5,N,71,,Y,
2018-0004,2021,EWM,Roosevelt,11004300,Cass,1645,1327,Tribune,"Syngenta Crop Protection, LLC",,PLM Lake and Land Management Corp.,8/5/2021,8/5/2021,4.6,6.2,2,2,gal/acre-ft,9.2,gal,76,76,0,5,SW,65,,Y,Chem 1/2
2018-0004,2021,EWM,Roosevelt,11004300,Cass,1860,2253,ProcellaCOR,SePro Corp.,,PLM Lake and Land Management Corp.,8/5/2021,8/5/2021,4.6,6.2,3.37,3.37,oz/acre-ft,96,oz,76,76,0,5,SW,65,,Y,Chem 2/2
2017-0825,2021,EWM,Middle Spunk,73012800,Stearns,1686,1373,Platoon,Nufarm Americas Inc.,,Lake Restoration,8/9/2021,8/9/2021,0.37,2.7,2.84,2.84,gal/acre-ft,2.84,gal,75.7,75.7,0,3,SW,70,,Y,"PAR 1/3, two additional sites not treated. "
2020-2645,2021,EWM,Lower Spunk,73012300,Stearns,1662,1348,Platoon,Nufarm Americas Inc.,,Lake Restoration,8/9/2021,8/9/2021,2.08,4,2.84,2.84,gal/acre-ft,23.63,gal,76.6,76.6,4,4,SE,81,,Y,PAR 1/3
2020-2645,2021,EWM,Lower Spunk,73012300,Stearns,,,Platoon,Nufarm Americas Inc.,,Lake Restoration,8/9/2021,8/9/2021,2.05,4,2.84,2.84,gal/acre-ft,23.29,gal,76.4,76.4,4,4,SE,83,,Y,PAR 2/3
2020-2645,2021,EWM,Lower Spunk,73012300,Stearns,,,Platoon,Nufarm Americas Inc.,,Lake Restoration,8/9/2021,8/9/2021,1.05,4,2.84,2.84,gal/acre-ft,11.93,gal,77.2,77.2,4,4,SE,83,,Y,PAR 3/3
2017-0825,2021,EWM,Middle Spunk,73012800,Stearns,,,Platoon,Nufarm Americas Inc.,,Lake Restoration,8/9/2021,8/9/2021,0.72,7.8,2.84,2.84,gal/acre-ft,15.95,gal,76.1,76.1,0,3,S,72,,Y,"PAR 2/3, two additional sites not treated. "
2017-0825,2021,EWM,Middle Spunk,73012800,Stearns,,,Platoon,Nufarm Americas Inc.,,Lake Restoration,8/9/2021,8/9/2021,0.14,4.3,2.84,2.84,gal/acre-ft,1.71,gal,75.7,75.7,0,3,SW,72,,Y,"PAR 3/3, two additional sites not treated. "
2019-2394,2021,EWM,Waverly,86011400,Wright,,,Platoon,Nufarm Americas Inc.,,Lake Restoration,8/13/2021,8/13/2021,0.8,3.7,10.5,10.5,gal/acre,8.4,gal,74,74,3,3,W,68,,Y,PAR 1/4
2019-2394,2021,EWM,Waverly,86011400,Wright,,,Platoon,Nufarm Americas Inc.,,Lake Restoration,8/13/2021,8/13/2021,1.4,3.6,10.2,10.2,gal/acre,14.31,gal,74,74,3,3,W,68,,Y,PAR 2/4
2019-2394,2021,EWM,Waverly,86011400,Wright,,,Platoon,Nufarm Americas Inc.,,Lake Restoration,8/13/2021,8/13/2021,2.2,5.5,14.2,14.2,gal/acre,31.24,gal,74,74,3,3,W,60,,Y,PAR 3/4
2019-2394,2021,EWM,Waverly,86011400,Wright,,,Platoon,Nufarm Americas Inc.,,Lake Restoration,8/13/2021,8/13/2021,8.8,5.7,14.2,14.2,gal/acre,124.96,gal,74,74,3,3,W,60,,Y,PAR 4/4
2018-0180,2021,EWM,Clearwater,86025200,Wright,,,Dibrox,"Lake Restoration, Inc.",,Lake Restoration,8/23/2021,8/23/2021,0.5,3,1.5,1.5,gal/acre,0.75,gal,74,74,0,0,,68,,Y,PAR 1/3. wind speed calm. 
2018-0180,2021,EWM,Clearwater,86025200,Wright,,,Dibrox,"Lake Restoration, Inc.",,Lake Restoration,8/23/2021,8/23/2021,2.27,6.5,2,2,gal/acre,4.54,gal,71,71,6,6,SE,68,,Y,PAR 2/3
2018-0180,2021,EWM,Clearwater,86025200,Wright,,,Dibrox,"Lake Restoration, Inc.",,Lake Restoration,8/23/2021,8/23/2021,2.5,4,2,2,gal/acre,5,gal,72,72,3,3,SE,72,,Y,PAR 3/3
,2021,EWM,Frances,40005700,Le Sueur,1856,2248,ProcellaCOR,SePro Corp.,,PLM Lake and Land Management Corp.,8/25/2021,8/25/2021,3.08,,3.08,3.08,oz/acre-ft,57,oz,78,78,4,4,N,,,Y,
,2021,EWM,Frances,40005700,Le Sueur,1682,1369,Tribune,"Syngenta Crop Protection, LLC",,PLM Lake and Land Management Corp.,8/25/2021,8/25/2021,3.08,,1.95,1.95,gal/acre-ft,6,gal,78,78,4,4,N,,,Y,
2019-3016,2021,EWM,Francis,30008000,Isanti,,,Tribune,"Syngenta Crop Protection, LLC",,PLM Lake and Land Management Corp.,8/25/2021,8/25/2021,3.08,6,1.95,1.95,gal/acre,6,gal,78,78,4,4,N,73,,Y,PAR Chemical 1/2
2019-3016,2021,EWM,Francis,30008000,Isanti,,,ProcellaCOR EC,SePro Corp.,,PLM Lake and Land Management Corp.,8/25/2021,8/25/2021,3.08,6,3.08,3.08,oz/acre-ft,57,oz,78,78,4,4,N,73,,Y,PAR Chemical 2/2
2018-0332,2021,EWM,Bad Axe,29020800,Hubbard,324,2517,ProcellaCOR EC,SePro Corp.,,PLM Lake and Land Management Corp.,8/26/2021,8/26/2021,2.07,7.5,3.3,3.3,oz/acre-ft,51.2,oz,74,74,0,5,E,58,,Y,PAR chemical 1/2
2018-0332,2021,EWM,Bad Axe,29020800,Hubbard,1668,1355,Tribune,"Syngenta Crop Protection, LLC",,PLM Lake and Land Management Corp.,8/26/2021,8/26/2021,2.07,7.5,1.98,1.98,gal/acre-ft,4.1,gal,74,74,0,5,E,58,,Y,PAR chemical 2/2
2018-2661,2021,EWM,Shamineau,49012700,Morrison,1862,2255,Tribune,"Syngenta Crop Protection, LLC",,PLM Lake and Land Management Corp.,9/22/2021,9/22/2021,14,6,2,2,gal/acre,28,gal,66,66,0,5,SW,55,,Y,Chem 1/2 and cide-kick added
2018-2661,2021,EWM,Shamineau,49012700,Morrison,1356,1215,ProcellaCOR,SePro Corp.,,PLM Lake and Land Management Corp.,9/22/2021,9/22/2021,14,6,4.35,4.35,oz/acre-ft,365,oz,66,66,0,5,SW,55,,Y,Chem 2/2 and cide-kick added
2018-3528,2021,EWM,Crooked,2008400,Anoka,1477,2291,Tribune,"Syngenta Crop Protection, LLC",,PLM Lake and Land Management Corp.,9/27/2021,9/27/2021,11.3,2.1,1.5,1.5,gal/acre-ft,16.95,gal,67,67,3,3,NE,64,,Y,
2018-3528,2021,EWM,Crooked,2008400,Anoka,1478,2292,ProcellaCOR,SePro Corp.,,PLM Lake and Land Management Corp.,9/27/2021,9/27/2021,11.3,2.1,8.85,8.85,oz/acre-ft,210,oz,67,67,3,3,NE,64,,Y,
2020-0177,2021,EWM,Clearwater,18003800,Crow Wing,361,2555,ProcellaCOR EC,SePro Corp.,,PLM Lake and Land Management Corp.,9/30/2021,9/30/2021,0.54,5.9,7.23,7.23,oz/acre-ft,23.04,oz,64,64,0,5,SE,70,,Y,PAR Chemical 1/2
2020-0177,2021,EWM,Clearwater,18003800,Crow Wing,362,2557,Tribune,"Syngenta Crop Protection, LLC",,PLM Lake and Land Management Corp.,9/30/2021,9/30/2021,0.54,5.9,2,2,gal/acre,1.08,gal,64,64,0,5,SE,70,,Y,PAR Chemical 2/2. Cidekick used. 
2017-0447,2022,CLP,Ann,86019000,Wright,,,Aquathol K,United Phosphorus Inc.,,,5/23/2024,5/23/2024,11.9,,10.08,10.08,gal/acre,120,gal,59,60,5,5,,70,,Y,"no company specified, wind direction missing, rate calculated based on acreage and chemical amount. "
2019-2512,2022,EWM,Erie,47006400,Meeker,1027,2172,ProcellaCOR EC,SePro Corp.,,PLM Lake and Land Management Corp.,6/29/2023,6/29/2023,6.7,6.5,12.783,12.783,oz/acre-ft,556.8,oz,77,77,0,5,SW,72,,Y,
2022-1398,2022,EWM,French,66003800,Rice,1788,1557,ProcellaCOR,SePro Corp.,,Lake Restoration,6/22/2023,6/22/2023,5.87,5,2.84,2.84,gal/acre-ft,83.354,gal,74,74,2,2,SE,80,,Y,PAR 1/2
2022-1398,2022,EWM,French,66003800,Rice,1788,1557,ProcellaCOR,SePro Corp.,,Lake Restoration,6/22/2023,6/22/2023,5.77,5,2.84,2.84,gal/acre-ft,81.934,gal,73,73,2,2,SE,80,,Y,PAR 2/2
,2022,EWM,Sand,58008100,Pine,1723,1485,ProcellaCOR EC,SePro Corp.,,"Lake Management, Inc.",6/21/2023,6/21/2023,8.88,,15,15,PDU/acre-ft,666.51,oz,,,1,6,SE,,,Y,
,2022,EWM,Sturgeon,58006700,Pine,1729,1491,ProcellaCOR EC,SePro Corp.,,"Lake Management, Inc.",6/21/2023,6/21/2023,14.7,,15,15,PDU/acre-ft,220.5,PDU,,,1,2,S,,,Y,
,2022,CLP,Silver,62008300,Ramsey,1516,1692,Dibrox,"Lake Restoration, Inc.",,Lake Restoration,6/21/2023,6/21/2023,9.42,,2,2,gal/acre-ft,18.84,gal,74,75,3,5,SE,,,Y,
2017-0417,2023,EWM,Lower Prior,70002600,Scott,,,Tribune,"Syngenta Crop Protection, LLC",,Aquatic Solutions of Minnesota,6/19/2023,6/19/2023,3.1,5.9,0.5,0.5,gal/acre-ft,9.145,gal,,,0,0,,,70,Y,PAR 1/5. wind speed calm
,2022,CLP,Cedar,70009100,Scott,945,2141,Sonar A.S.,SePro Corp.,,PLM Lake and Land Management Corp.,6/7/2023,,793,,0.0025,0.0025,gal/acre-ft,14,gal,67.2,67.2,4,5,NW,,,Y,
2020-0145,2022,CLP,Keller,62001002,Ramsey,1564,2374,Tribune,"Syngenta Crop Protection, LLC",,"Limnopro Aquatic Science, Inc.",6/6/2023,6/6/2023,5.9,5.9,0.4,0.4,ppm,,,83,83,7,7,NE,83,,Y,2023 treatment
2020-0148,2022,CLP,Kohlman,62000600,Ramsey,1706,1396,Tribune,"Syngenta Crop Protection, LLC",,"Limnopro Aquatic Science, Inc.",6/6/2023,6/6/2023,8,10.1,0.4,0.4,ppm,,,83,83,7,7,NE,83,,Y,
2017-1028,2022,EWM,George,2009100,Anoka,1812,1670,Tribune,"Syngenta Crop Protection, LLC",,Lake Restoration,5/31/2023,5/31/2023,27.45,8,2,2,gal/acre-ft,54.9,gal,73,73,6,6,S,77,,Y,PAR 1/3
,2022,CLP,Weaver,27011700,Hennepin,1756,1520,Semera,"Atticus, LLC",,PLM Lake and Land Management Corp.,5/31/2023,5/31/2023,8.77,,0.7298,0.7298,lbs/acre-ft,32,lbs,74,74,0,5,S,,,Y,
,2022,CLP,Rush,13006901,Chisago,1786,1554,Semera,"Atticus, LLC",,PLM Lake and Land Management Corp.,5/31/2023,5/31/2023,37.95,,0.611,0.611,lbs/acre-ft,160,lbs,74,74,6,10,SSW,,,Y,
2017-1028,2022,EWM,George,2009100,Anoka,1812,1670,Tribune,"Syngenta Crop Protection, LLC",,Lake Restoration,5/31/2023,5/31/2023,7.25,7.5,2,2,gal/acre-ft,14.5,gal,73,73,6,6,S,77,,Y,PAR 2/3
2017-1028,2022,EWM,George,2009100,Anoka,1812,1670,Tribune,"Syngenta Crop Protection, LLC",,Lake Restoration,5/31/2023,5/31/2023,5.11,7.5,2,2,gal/acre-ft,10.22,gal,73,73,6,6,S,77,,Y,PAR 3/3
2018-0611,2022,CLP,Big Pine,56013000,Otter Tail,1523,1701,Aquathol K,United Phosphorus Inc.,,PLM Lake and Land Management Corp.,5/30/2023,5/30/2023,65,8,0.4808,0.4808,gal/acre-ft,250,gal,63,63,0,5,SW,70,,Y,
2018-0293,2022,CLP,Fannie,30004300,Isanti,1813,1671,Aquathol K,United Phosphorus Inc.,,Lake Restoration,5/26/2023,5/26/2023,4.38,4.7,0.6,0.6,gal/acre-ft,12.352,gal,68,68,4,4,S,70,,Y,PAR 1/4
2018-0293,2022,CLP,Fannie,30004300,Isanti,1813,1671,Aquathol K,United Phosphorus Inc.,,Lake Restoration,5/26/2023,5/26/2023,4.52,5,0.6,0.6,gal/acre-ft,13.56,gal,67,67,4,4,S,65,,Y,PAR 2/4
2018-0293,2022,CLP,Fannie,30004300,Isanti,1813,1671,Aquathol K,United Phosphorus Inc.,,Lake Restoration,5/26/2023,5/26/2023,1.67,4.5,1.3,1.3,gal/acre-ft,9.77,gal,67,67,4,4,S,65,,Y,PAR 3/4
2018-0293,2022,CLP,Fannie,30004300,Isanti,1813,1671,Aquathol K,United Phosphorus Inc.,,Lake Restoration,5/26/2023,5/26/2023,1.71,5.5,1.3,1.3,gal/acre-ft,12.227,gal,67,67,4,4,S,65,,Y,PAR 4/4
2017-0038,2022,CLP,Knife,33002800,Kanabec,1510,1686,Aquathol K,United Phosphorus Inc.,,"Central Minnesota Aquatics, Inc.",5/23/2023,5/23/2023,50.3,5.5,1,1,gal/acre-ft,276,gal,,,0,3,SSW,,,Y,
2017-1707,2022,CLP,Mayo,18040800,Crow Wing,1714,1475,Aquathol K,United Phosphorus Inc.,,PLM Lake and Land Management Corp.,5/23/2023,5/23/2023,3.7,3.5,1.8533,1.8533,gal/acre-ft,24,gal,65,65,0,5,S,60,,Y,
,2022,CLP,Two Rivers,73013800,Stearns,1787,1556,Tribune,"Syngenta Crop Protection, LLC",,PLM Lake and Land Management Corp.,5/23/2023,5/23/2023,13.9,,2,2,gal/acre-ft,27.8,gal,70,70,6,10,SE,,,Y,0.5 gallon of Cide-Kick 2.5 Gal. used at 0.036 Gallon per Acre
,2022,CLP,Florence,30003500,Isanti,741,2139,Tribune,"Syngenta Crop Protection, LLC",,Lake Restoration,5/22/2023,5/22/2023,,,2,2,gal/acre-ft,30,gal,65,68,3,5,SW,,,Y,
,2022,CLP,Shields,82016200,Washington,1333,2212,Tribune,"Syngenta Crop Protection, LLC",,"Lake Management, Inc.",5/22/2023,5/22/2023,3.07,,2,2,gal/acre-ft,6.14,gal,,,7,7,S,,,Y,
,2022,CLP,Upper Sakatah,40000200,Le Sueur,1797,1651,Aquathol K,United Phosphorus Inc.,,"Lake Improvement Consulting, LLC.",5/21/2023,5/21/2023,19.1,,1,1,ppm,45.8,gal,,,3,6,NE,,,Y,
,2022,EWM,Cedar,86022700,Wright,1775,1543,Tribune,"Syngenta Crop Protection, LLC",,PLM Lake and Land Management Corp.,5/17/2023,5/17/2023,4.1,,2,2,gal/acre-ft,8.2,gal,65,65,0,5,S,,,Y,0.625 gal. Cide-Kick (2.5 gal) applied at 0.061 gallons per acre
,2022,CLP,Cedar,86022700,Wright,1775,1543,Tribune,"Syngenta Crop Protection, LLC",,PLM Lake and Land Management Corp.,5/17/2023,5/17/2023,4.1,,2,2,gal/acre-ft,8.2,gal,65,65,0,5,S,,,Y,0.625 gal. Cide-Kick (2.5 gal) applied at 0.061 gallons per acre
2022-0176,2022,CLP,Circle,66002700,Rice,1801,1658,FlumigardSC,"Alligare, LLC",,"Lake Management, Inc.",5/16/2023,5/16/2023,16.42,5,300,300,ppb,16.42,gal,,,5,5,SW,70,,Y,PAR 1/2
2017-1154,2022,CLP,Bald Eagle,62000200,Ramsey,,,Tribune,"Syngenta Crop Protection, LLC",,"Lake Management, Inc.",5/16/2023,5/16/2023,5.41,5,2,2,gal/acre,10.82,gal,,,4,4,W,63,,Y,PAR 1/10
,2022,CLP,South Long,18013600,Crow Wing,1522,1700,Aquathol K,United Phosphorus Inc.,,Lake Restoration,5/16/2023,5/16/2023,41.93,,1,3,ppm,271.194,gal,58,59,3,5,SW,,,Y,
2020-0903,2022,CLP,Centerville,2000600,Anoka,1781,1549,Tribune,"Syngenta Crop Protection, LLC",,"Lake Management, Inc.",5/16/2023,5/16/2023,40.81,4,2,2,gal/acre,81.62,gal,,,5,5,NW,78,,Y,
2022-0176,2022,CLP,Circle,66002700,Rice,1801,1658,FlumigardSC,"Alligare, LLC",,"Lake Management, Inc.",5/16/2023,5/16/2023,12.78,5,300,300,ppb,12.78,gal,,,4,4,SW,74,,Y,PAR 2/2
2017-1154,2022,CLP,Bald Eagle,62000200,Ramsey,,,Tribune,"Syngenta Crop Protection, LLC",,"Lake Management, Inc.",5/16/2023,5/16/2023,11.89,6,2,2,gal/acre,23.78,gal,,,5,5,W,65,,Y,PAR 2/10
2017-1154,2022,CLP,Bald Eagle,62000200,Ramsey,,,Tribune,"Syngenta Crop Protection, LLC",,"Lake Management, Inc.",5/16/2023,5/16/2023,2.09,6,2,2,gal/acre,4.18,gal,,,6,6,W,68,,Y,PAR 3/10
2017-1154,2022,CLP,Bald Eagle,62000200,Ramsey,,,Tribune,"Syngenta Crop Protection, LLC",,"Lake Management, Inc.",5/16/2023,5/16/2023,4.16,5.5,2,2,gal/acre,8.32,gal,,,4,4,W,70,,Y,PAR 4/10
2017-1154,2022,CLP,Bald Eagle,62000200,Ramsey,,,Tribune,"Syngenta Crop Protection, LLC",,"Lake Management, Inc.",5/16/2023,5/16/2023,4.93,6,2,2,gal/acre,9.86,gal,,,5,5,W,70,,Y,PAR 5/10
2017-1154,2022,CLP,Bald Eagle,62000200,Ramsey,,,Tribune,"Syngenta Crop Protection, LLC",,"Lake Management, Inc.",5/16/2023,5/16/2023,16.49,5,2,2,gal/acre,33,gal,,,4,4,NW,68,,Y,PAR 6/10
2017-1154,2022,CLP,Bald Eagle,62000200,Ramsey,,,Tribune,"Syngenta Crop Protection, LLC",,"Lake Management, Inc.",5/16/2023,5/16/2023,8.33,6,2,2,gal/acre,16.66,gal,,,2,2,NW,64,,Y,PAR 7/10
2017-1154,2022,CLP,Bald Eagle,62000200,Ramsey,,,Tribune,"Syngenta Crop Protection, LLC",,"Lake Management, Inc.",5/16/2023,5/16/2023,6.22,6,2,2,gal/acre,12.44,gal,,,4,4,NW,65,,Y,PAR 8/10
2017-1154,2022,CLP,Bald Eagle,62000200,Ramsey,,,Tribune,"Syngenta Crop Protection, LLC",,"Lake Management, Inc.",5/16/2023,5/16/2023,4.62,5,2,2,gal/acre,9.24,gal,,,4,4,NW,65,,Y,PAR 9/10
2017-1154,2022,CLP,Bald Eagle,62000200,Ramsey,,,Tribune,"Syngenta Crop Protection, LLC",,"Lake Management, Inc.",5/16/2023,5/16/2023,4.79,6,2,2,gal/acre,9.58,gal,,,4,4,NW,65,,Y,PAR 10/10
2019-1475,2022,CLP,Long,49001500,Morrison,1770,1538,Semera,"Atticus, LLC",,PLM Lake and Land Management Corp.,5/15/2023,5/15/2023,2.5,4.1,0.9073,0.9073,lbs/acre-ft,9.3,lbs,63,63,0,5,W,64,,Y,
2017-1827,2022,CLP,Crow Wing,18015500,Crow Wing,1808,1665,Aquathol K,United Phosphorus Inc.,,"Central Minnesota Aquatics, Inc.",5/15/2023,5/15/2023,19.9,5.5,1.5,1.5,ppm,109,gal,,,0,2,NW,,48,Y,
2019-0859,2022,CLP,Francis,30008000,Isanti,1821,1679,Aquathol K,United Phosphorus Inc.,,"Lake Management, Inc.",5/15/2023,5/15/2023,39.7,3.5,1.25,1.25,ppm,95.86,gal,,,4,6,N,71,,Y,
2022-0321,2022,CLP,Markgrafs,82008900,Washington,1519,1696,Tribune,"Syngenta Crop Protection, LLC",,PLM Lake and Land Management Corp.,5/11/2023,5/11/2023,6.89,5.5,1.5448,1.5448,gal/acre-ft,10.644,gal,63,63,0,5,SW,70,,Y,
,2022,CLP,Wilhelm,86002000,Wright,944,2140,Aquathol K,United Phosphorus Inc.,,PLM Lake and Land Management Corp.,5/10/2023,5/10/2023,10.64,,1,1.8,ppm,22.5,gal,,,3,5,SW,,,Y,
2017-0512,2022,CLP,Jefferson,40009204,Le Sueur,1778,1546,Aquathol K,United Phosphorus Inc.,,"Lake Improvement Consulting, LLC.",5/9/2023,5/9/2023,0.69,4,1,2,ppm,3.58,gal,,,4,6,N,,70,Y,PAR 1/4
2017-0512,2022,CLP,Jefferson,40009204,Le Sueur,1778,1546,Aquathol K,United Phosphorus Inc.,,"Lake Improvement Consulting, LLC.",5/9/2023,5/9/2023,3.31,4,1,1,ppm,7.94,gal,,,4,6,N,,70,Y,PAR 2/4
2017-0512,2022,CLP,Jefferson,40009204,Le Sueur,1778,1546,Aquathol K,United Phosphorus Inc.,,"Lake Improvement Consulting, LLC.",5/9/2023,5/9/2023,8.79,4,1,1,ppm,21.09,gal,,,4,6,N,,71,Y,PAR 3/4
2017-0512,2022,CLP,Jefferson,40009204,Le Sueur,1778,1546,Aquathol K,United Phosphorus Inc.,,"Lake Improvement Consulting, LLC.",5/9/2023,5/9/2023,5.9,4,1,1,ppm,14.16,gal,,,4,6,N,,71,Y,PAR 4/4
,2022,CLP,Rice,2000800,Anoka,1878,2271,Tribune,"Syngenta Crop Protection, LLC",,Lake Restoration,5/8/2023,5/8/2023,36,,1,1,gal/acre-ft,36,gal,68.6,68.6,2,2,N,,,Y,
2022-0322,2022,CLP,Ravine,82008700,Washington,1513,1689,Sonar A.S.,SePro Corp.,,PLM Lake and Land Management Corp.,4/25/2023,4/25/2023,27,4.59,0.0017,0.0017,gal/acre-ft,0.21,gal,45,45,6,10,NE,40,,Y,
2022-0318,2022,CLP,Colby,82009400,Washington,1822,1680,Sonar A.S.,SePro Corp.,,PLM Lake and Land Management Corp.,4/25/2023,4/25/2023,70.94,1.77,0.002,0.002,gal/acre-ft,0.25,gal,45,45,6,10,NE,43,,Y,
2022-0322,2022,CLP,Ravine,82008700,Washington,1545,2221,Sonar A.S.,SePro Corp.,,PLM Lake and Land Management Corp.,11/2/2022,11/2/2022,27.18,7,0.0015,0.0015,gal/acre-ft,0.29,gal,43,43,7,7,SSE,68,,Y,
2022-0318,2022,CLP,Colby,82009400,Washington,1838,2227,Sonar A.S.,SePro Corp.,,PLM Lake and Land Management Corp.,11/2/2022,11/2/2022,70.94,7,0.0035,0.009,gal/acre-ft,0.45,gal,43,43,3,3,SSE,59,,Y,
2020-0148,2022,CLP,Kohlman,62000600,Ramsey,1276,2199,Tribune,"Syngenta Crop Protection, LLC",,"Limnopro Aquatic Science, Inc.",10/26/2022,10/26/2022,5.3,9.3,0.4,0.4,ppm,,,51,51,7,7,S,46,,Y,
2020-0145,2022,CLP,Keller,62001002,Ramsey,1563,2373,Tribune,"Syngenta Crop Protection, LLC",,"Limnopro Aquatic Science, Inc.",10/26/2022,10/26/2022,5,6.05,0.4,0.4,ppm,,,51,51,4,4,NW,50,,Y,October treatment
2022-0322,2022,CLP,Ravine,82008700,Washington,1833,2222,Sonar A.S.,SePro Corp.,,PLM Lake and Land Management Corp.,10/5/2022,10/5/2022,27.18,4,0.0038,0.0038,gal/acre-ft,0.41,gal,65,65,0,5,,75,,Y,
2022-0318,2022,CLP,Colby,82009400,Washington,1837,2226,Sonar A.S.,SePro Corp.,,PLM Lake and Land Management Corp.,10/5/2022,10/5/2022,70.94,4,0.00035,0.009,gal/acre-ft,1,gal,65,65,3,3,SW,74,,Y,
2017-1985,2022,EWM,Bay,18003400,Crow Wing,,,"2,4-D Amine","Alligare, LLC",,Lake Restoration,10/4/2022,10/4/2022,5.16,10,2.84,2.84,gal/acre-ft,146.5,gal,62,62,5,5,SW,70,,Y,PAR 1/63
2017-1985,2022,EWM,Bay,18003400,Crow Wing,,,"2,4-D Amine","Alligare, LLC",,Lake Restoration,10/4/2022,10/4/2022,3.21,10,2.84,2.84,gal/acre-ft,91.2,gal,62,62,1,1,S,70,,Y,PAR 2/63
2017-1985,2022,EWM,Bay,18003400,Crow Wing,,,"2,4-D Amine","Alligare, LLC",,Lake Restoration,10/4/2022,10/4/2022,1.37,10,2.84,2.84,gal/acre-ft,38.9,gal,62,62,1,1,S,70,,Y,PAR 3/63
2017-1985,2022,EWM,Bay,18003400,Crow Wing,,,"2,4-D Amine","Alligare, LLC",,Lake Restoration,10/4/2022,10/4/2022,0.57,6,2.84,2.84,gal/acre-ft,9.7,gal,61,61,3,3,SW,70,,Y,PAR 4/63
2017-1985,2022,EWM,Bay,18003400,Crow Wing,,,"2,4-D Amine","Alligare, LLC",,Lake Restoration,10/4/2022,10/4/2022,0.14,6,2.84,2.84,gal/acre-ft,2.4,gal,61,61,3,3,SW,70,,Y,PAR 5/63
2017-1985,2022,EWM,Bay,18003400,Crow Wing,,,"2,4-D Amine","Alligare, LLC",,Lake Restoration,10/4/2022,10/4/2022,0.51,8,2.84,2.84,gal/acre-ft,11.6,gal,61,61,3,3,S,70,,Y,PAR 6/63
2017-1985,2021,EWM,Bay,18003400,Crow Wing,,,"2,4-D Amine","Alligare, LLC",,Lake Restoration,10/11/2021,10/11/2021,1.54,12,28.4,28.4,gal/acre,43.74,gal,64,64,2,2,W,50,,Y,"PAR 1/72, 4 ppm"
2017-1985,2021,EWM,Bay,18003400,Crow Wing,,,"2,4-D Amine","Alligare, LLC",,Lake Restoration,10/11/2021,10/11/2021,13.77,12,34.07,34.07,gal/acre,469.28,gal,63,63,3,3,W,60,,Y,"PAR 2/72, 4 ppm"
2017-1985,2021,EWM,Bay,18003400,Crow Wing,,,Dibrox,"Lake Restoration, Inc.",,Lake Restoration,10/11/2021,10/11/2021,3.73,8,22.7,22.7,gal/acre,84.75,gal,65,65,3,3,N,65,,Y,"PAR 3/72, 4 ppm?"
2017-1985,2021,EWM,Bay,18003400,Crow Wing,,,Dibrox,"Lake Restoration, Inc.",,Lake Restoration,10/11/2021,10/11/2021,0.94,10,28.4,28.4,gal/acre,26.7,gal,65,65,3,5,N,65,,Y,"PAR 4/72, 4 ppm?"
2017-1985,2021,EWM,Bay,18003400,Crow Wing,,,Dibrox,"Lake Restoration, Inc.",,Lake Restoration,10/11/2021,10/11/2021,1.83,12,34,34,gal/acre,62.37,gal,65,65,3,5,N,65,,Y,"PAR 5/72, 4 ppm?"
2017-1985,2021,EWM,Bay,18003400,Crow Wing,,,"2,4-D Amine","Alligare, LLC",,Lake Restoration,10/11/2021,10/11/2021,1.57,8,22.71,22.71,gal/acre,35.67,gal,65,65,3,5,N,65,,Y,"PAR 6/72, 4 ppm"
2017-1985,2021,EWM,Bay,18003400,Crow Wing,,,"2,4-D Amine","Alligare, LLC",,Lake Restoration,10/11/2021,10/11/2021,1.2,12,34,34,gal/acre,46.9,gal,65,65,3,5,N,65,,Y,"PAR 7/72, 4 ppm"
2017-1985,2021,EWM,Bay,18003400,Crow Wing,,,"2,4-D Amine","Alligare, LLC",,Lake Restoration,10/11/2021,10/11/2021,1.14,12,34,34,gal/acre,38.85,gal,65,65,3,3,N,65,,Y,"PAR 8/72, 4 ppm"
2017-1985,2021,EWM,Bay,18003400,Crow Wing,,,"2,4-D Amine","Alligare, LLC",,Lake Restoration,10/11/2021,10/11/2021,1.37,8,22,22,gal/acre,31.13,gal,65,65,5,5,N,65,,Y,"PAR 12/72, 4 ppm"
2017-1985,2021,EWM,Bay,18003400,Crow Wing,,,"2,4-D Amine","Alligare, LLC",,Lake Restoration,10/11/2021,10/11/2021,0.96,10,28,28,gal/acre,27.76,gal,65,65,3,5,N,65,,Y,"PAR 13/72, 4 ppm"
2017-1985,2021,EWM,Bay,18003400,Crow Wing,,,"2,4-D Amine","Alligare, LLC",,Lake Restoration,10/11/2021,10/11/2021,0.71,10,28.4,28.4,gal/acre,26.16,gal,65,65,3,5,N,65,,Y,"PAR 17/72, 4 ppm"
2017-1985,2021,EWM,Bay,18003400,Crow Wing,,,"2,4-D Amine","Alligare, LLC",,Lake Restoration,10/11/2021,10/11/2021,0.43,10,28.39,28.39,gal/acre,12.21,gal,65,65,5,5,N,65,,Y,"PAR 18/72, 4 ppm"
2017-1985,2021,EWM,Bay,18003400,Crow Wing,,,"2,4-D Amine","Alligare, LLC",,Lake Restoration,10/11/2021,10/11/2021,0.78,12,34,34,gal/acre,26.58,gal,65,65,5,5,N,65,,Y,"PAR 19/72, 4 ppm"
2017-1985,2021,EWM,Bay,18003400,Crow Wing,,,"2,4-D Amine","Alligare, LLC",,Lake Restoration,10/11/2021,10/11/2021,2.75,8,22.72,22.72,gal/acre,62.48,gal,65,65,3,5,N,65,,Y,"PAR 20/72, 4 ppm"
2017-1985,2021,EWM,Bay,18003400,Crow Wing,,,"2,4-D Amine","Alligare, LLC",,Lake Restoration,10/11/2021,10/11/2021,1.1,10,28.4,28.4,gal/acre,31.24,gal,65,65,3,5,N,65,,Y,"PAR 21/72, 4 ppm"
2017-1985,2021,EWM,Bay,18003400,Crow Wing,,,"2,4-D Amine","Alligare, LLC",,Lake Restoration,10/11/2021,10/11/2021,0.06,8,22.6,22.6,gal/acre,1.36,gal,65,65,3,3,N,55,,Y,"PAR 22/72, 4 ppm"
2017-1985,2021,EWM,Bay,18003400,Crow Wing,,,"2,4-D Amine","Alligare, LLC",,Lake Restoration,10/11/2021,10/11/2021,0.45,6,2.84,2.84,gal/acre-ft,7.67,gal,65,65,3,3,NW,64,,Y,"PAR 38/72, 4 ppm"
2017-1985,2021,EWM,Bay,18003400,Crow Wing,,,"2,4-D Amine","Alligare, LLC",,Lake Restoration,10/11/2021,10/11/2021,1.2,7,2.84,2.84,gal/acre-ft,23.89,gal,65,65,3,3,NW,64,,Y,"PAR 39/72, 4 ppm"
2017-1985,2021,EWM,Bay,18003400,Crow Wing,,,"2,4-D Amine","Alligare, LLC",,Lake Restoration,10/11/2021,10/11/2021,0.58,8,2.84,2.84,gal/acre-ft,13.18,gal,65,65,3,3,NW,64,,Y,"PAR 40/72, 4 ppm"
2017-1985,2021,EWM,Bay,18003400,Crow Wing,,,"2,4-D Amine","Alligare, LLC",,Lake Restoration,10/11/2021,10/11/2021,1.26,6,2.84,2.84,gal/acre-ft,21.47,gal,,,2,2,WNW,49,,Y,"PAR 41/72, 4 ppm"
2017-1985,2021,EWM,Bay,18003400,Crow Wing,,,"2,4-D Amine","Alligare, LLC",,Lake Restoration,10/11/2021,10/11/2021,0.26,12,2.84,2.84,gal/acre-ft,8.86,gal,64,64,2,2,WNW,49,,Y,"PAR 42/72, 4 ppm"
2017-1985,2021,EWM,Bay,18003400,Crow Wing,,,"2,4-D Amine","Alligare, LLC",,Lake Restoration,10/11/2021,10/11/2021,3,12,2.84,2.84,gal/acre-ft,102.24,gal,,,5,5,WNW,63,,Y,"PAR 43/72, 4 ppm"
2017-1985,2021,EWM,Bay,18003400,Crow Wing,,,"2,4-D Amine","Alligare, LLC",,Lake Restoration,10/11/2021,10/11/2021,0.68,10,2.84,2.84,gal/acre-ft,19.31,gal,64,64,5,5,WNW,58,,Y,"PAR 44/72, 4 ppm"
2017-1985,2021,EWM,Bay,18003400,Crow Wing,,,"2,4-D Amine","Alligare, LLC",,Lake Restoration,10/11/2021,10/11/2021,0.45,8,2.84,2.84,gal/acre-ft,10.22,gal,64,64,6,6,WNW,63,,Y,"PAR 45/72, 4 ppm"
2017-1985,2021,EWM,Bay,18003400,Crow Wing,,,"2,4-D Amine","Alligare, LLC",,Lake Restoration,10/11/2021,10/11/2021,0.68,8,2.84,2.84,gal/acre-ft,15.45,gal,64,64,6,6,NW,63,,Y,"PAR 46/72, 4 ppm"
2017-1985,2021,EWM,Bay,18003400,Crow Wing,,,"2,4-D Amine","Alligare, LLC",,Lake Restoration,10/11/2021,10/11/2021,1.37,12,2.84,2.84,gal/acre-ft,46.69,gal,64,64,6,6,WNW,63,,Y,"PAR 47/72, 4 ppm"
2017-1985,2021,EWM,Bay,18003400,Crow Wing,,,"2,4-D Amine","Alligare, LLC",,Lake Restoration,10/11/2021,10/11/2021,0.22,12,2.84,2.84,gal/acre-ft,7.5,gal,64,64,5,5,WNW,56,,Y,"PAR 48/72, 4 ppm. depth calculated based on amount, rate, and acreage"
2017-1985,2021,EWM,Bay,18003400,Crow Wing,,,"2,4-D Amine","Alligare, LLC",,Lake Restoration,10/11/2021,10/11/2021,1.37,12,2.84,2.84,gal/acre-ft,46.69,gal,64,64,3,3,NW,64,,Y,"PAR 49/72, 4 ppm. "
2017-1985,2021,EWM,Bay,18003400,Crow Wing,,,"2,4-D Amine","Alligare, LLC",,Lake Restoration,10/11/2021,10/11/2021,0.7,12,2.84,2.84,gal/acre-ft,23.86,gal,64,64,3,3,NW,64,,Y,"PAR 50/72, 4 ppm. "
2017-1985,2021,EWM,Bay,18003400,Crow Wing,,,"2,4-D Amine","Alligare, LLC",,Lake Restoration,10/11/2021,10/11/2021,0.4,8,2.84,2.84,gal/acre-ft,9.09,gal,64,64,3,3,NW,64,,Y,"PAR 51/72, 4 ppm. "
2017-1985,2021,EWM,Bay,18003400,Crow Wing,,,"2,4-D Amine","Alligare, LLC",,Lake Restoration,10/11/2021,10/11/2021,0.46,8,2.84,2.84,gal/acre-ft,10.45,gal,64,64,3,3,NW,64,,Y,"PAR 52/72, 4 ppm. "
2017-1985,2021,EWM,Bay,18003400,Crow Wing,,,"2,4-D Amine","Alligare, LLC",,Lake Restoration,10/11/2021,10/11/2021,0.14,12,2.84,2.84,gal/acre-ft,4.77,gal,64,64,3,3,NW,64,,Y,"PAR 53/72, 4 ppm. "
2017-1985,2021,EWM,Bay,18003400,Crow Wing,,,"2,4-D Amine","Alligare, LLC",,Lake Restoration,10/11/2021,10/11/2021,0.28,10,2.84,2.84,gal/acre-ft,7.95,gal,64,64,3,3,NW,64,,Y,"PAR 54/72, 4 ppm. "
2017-1985,2021,EWM,Bay,18003400,Crow Wing,,,"2,4-D Amine","Alligare, LLC",,Lake Restoration,10/11/2021,10/11/2021,2.06,10,2.84,2.84,gal/acre-ft,58.5,gal,64,64,6,6,NW,64,,Y,"PAR 55/72, 4 ppm. "
2017-1985,2021,EWM,Bay,18003400,Crow Wing,,,"2,4-D Amine","Alligare, LLC",,Lake Restoration,10/11/2021,10/11/2021,3.66,10,2.84,2.84,gal/acre-ft,103.94,gal,64,64,5,5,WNW,56,,Y,"PAR 56/72, 4 ppm. "
2017-1985,2021,EWM,Bay,18003400,Crow Wing,,,"2,4-D Amine","Alligare, LLC",,Lake Restoration,10/11/2021,10/11/2021,3.15,10,2.84,2.84,gal/acre-ft,89.49,gal,64,64,5,5,WNW,54,,Y,"PAR 57/72, 4 ppm. "
2017-1985,2021,EWM,Bay,18003400,Crow Wing,,,"2,4-D Amine","Alligare, LLC",,Lake Restoration,10/11/2021,10/11/2021,0.86,10,2.84,2.84,gal/acre-ft,24.42,gal,64,64,5,5,WNW,56,,Y,"PAR 58/72, 4 ppm. "
2017-1985,2021,EWM,Bay,18003400,Crow Wing,,,"2,4-D Amine","Alligare, LLC",,Lake Restoration,10/11/2021,10/11/2021,2.41,12,2.84,2.84,gal/acre-ft,82.13,gal,64,64,5,5,WNW,54,,Y,"PAR 59/72, 4 ppm. "
2017-1985,2021,EWM,Bay,18003400,Crow Wing,,,"2,4-D Amine","Alligare, LLC",,Lake Restoration,10/11/2021,10/11/2021,5.22,10,2.84,2.84,gal/acre-ft,148.25,gal,64,64,4,4,WNW,51,,Y,"PAR 60/72, 4 ppm. "
2017-1985,2021,EWM,Bay,18003400,Crow Wing,,,"2,4-D Amine","Alligare, LLC",,Lake Restoration,10/11/2021,10/11/2021,1.43,10,2.84,2.84,gal/acre-ft,40.61,gal,64,64,4,4,WNW,53,,Y,"PAR 61/72, 4 ppm. "
2017-1985,2021,EWM,Bay,18003400,Crow Wing,,,"2,4-D Amine","Alligare, LLC",,Lake Restoration,10/12/2021,10/12/2021,0.22,12,34,34,gal/acre,7.5,gal,65,65,3,5,N,50,,Y,"PAR 9/72, 4 ppm"
2017-1985,2021,EWM,Bay,18003400,Crow Wing,,,"2,4-D Amine","Alligare, LLC",,Lake Restoration,10/12/2021,10/12/2021,0.86,6,17.03,17.03,gal/acre,14.65,gal,65,65,3,3,N,50,,Y,"PAR 10/72, 4 ppm"
2017-1985,2021,EWM,Bay,18003400,Crow Wing,,,"2,4-D Amine","Alligare, LLC",,Lake Restoration,10/12/2021,10/12/2021,3.09,12,34,34,gal/acre,105.31,gal,65,65,3,3,N,50,,Y,"PAR 11/72, 4 ppm"
2017-1985,2021,EWM,Bay,18003400,Crow Wing,,,"2,4-D Amine","Alligare, LLC",,Lake Restoration,10/12/2021,10/12/2021,0.48,10,28.4,28.4,gal/acre,13.63,gal,65,65,3,3,N,65,,Y,"PAR 14/72, 4 ppm"
2017-1985,2021,EWM,Bay,18003400,Crow Wing,,,"2,4-D Amine","Alligare, LLC",,Lake Restoration,10/12/2021,10/12/2021,1.6,8,22.7,22.7,gal/acre,36.35,gal,65,65,3,3,N,50,,Y,"PAR 15/72, 4 ppm"
2017-1985,2021,EWM,Bay,18003400,Crow Wing,,,"2,4-D Amine","Alligare, LLC",,Lake Restoration,10/12/2021,10/12/2021,0.14,12,34,34,gal/acre,4.77,gal,65,65,3,3,N,50,,Y,"PAR 16/72, 4 ppm"
2017-1985,2021,EWM,Bay,18003400,Crow Wing,,,"2,4-D Amine","Alligare, LLC",,Lake Restoration,10/12/2021,10/12/2021,2.41,12,34,34,gal/acre,82.13,gal,65,65,2,2,N,55,,Y,"PAR 23/72, 4 ppm"
2017-1985,2021,EWM,Bay,18003400,Crow Wing,,,"2,4-D Amine","Alligare, LLC",,Lake Restoration,10/12/2021,10/12/2021,0.44,10,28.4,28.4,gal/acre,12.5,gal,65,65,2,2,N,55,,Y,"PAR 24/72, 4 ppm"
2017-1985,2021,EWM,Bay,18003400,Crow Wing,,,"2,4-D Amine","Alligare, LLC",,Lake Restoration,10/12/2021,10/12/2021,0.08,8,22.75,22.75,gal/acre,1.82,gal,65,65,3,3,N,55,,Y,"PAR 25/72, 4 ppm"
2017-1985,2021,EWM,Bay,18003400,Crow Wing,,,"2,4-D Amine","Alligare, LLC",,Lake Restoration,10/12/2021,10/12/2021,0.2,10,28.4,28.4,gal/acre,5.68,gal,65,65,2,2,N,55,,Y,"PAR 26/72, 4 ppm"
2017-1985,2021,EWM,Bay,18003400,Crow Wing,,,"2,4-D Amine","Alligare, LLC",,Lake Restoration,10/12/2021,10/12/2021,0.2,8,22.7,22.7,gal/acre,4.54,gal,65,65,2,2,N,55,,Y,"PAR 27/72, 4 ppm"
2017-1985,2021,EWM,Bay,18003400,Crow Wing,,,"2,4-D Amine","Alligare, LLC",,Lake Restoration,10/12/2021,10/12/2021,0.65,12,34,34,gal/acre,22.15,gal,65,65,2,2,N,55,,Y,"PAR 28/72, 4 ppm"
2017-1985,2021,EWM,Bay,18003400,Crow Wing,,,"2,4-D Amine","Alligare, LLC",,Lake Restoration,10/12/2021,10/12/2021,0.34,8,22.7,22.7,gal/acre,7.72,gal,65,65,2,2,N,55,,Y,"PAR 29/72, 4 ppm"
2017-1985,2021,EWM,Bay,18003400,Crow Wing,,,"2,4-D Amine","Alligare, LLC",,Lake Restoration,10/12/2021,10/12/2021,0.13,8,22.7,22.7,gal/acre,2.95,gal,65,65,3,3,N,55,,Y,"PAR 30/72, 4 ppm"
2017-1985,2021,EWM,Bay,18003400,Crow Wing,,,"2,4-D Amine","Alligare, LLC",,Lake Restoration,10/12/2021,10/12/2021,0.17,10,28,28,gal/acre,4.83,gal,65,65,5,5,N,55,,Y,"PAR 31/72, 4 ppm"
2017-1985,2021,EWM,Bay,18003400,Crow Wing,,,"2,4-D Amine","Alligare, LLC",,Lake Restoration,10/12/2021,10/12/2021,0.17,10,28.4,28.4,gal/acre,4.83,gal,65,65,3,3,N,55,,Y,"PAR 32/72, 4 ppm"
2017-1985,2021,EWM,Bay,18003400,Crow Wing,,,"2,4-D Amine","Alligare, LLC",,Lake Restoration,10/12/2021,10/12/2021,0.12,12,34,34,gal/acre,4.09,gal,65,65,3,3,N,55,,Y,"PAR 33/72, 4 ppm"
2017-1985,2021,EWM,Bay,18003400,Crow Wing,,,"2,4-D Amine","Alligare, LLC",,Lake Restoration,10/12/2021,10/12/2021,0.25,10,28.4,28.4,gal/acre,7.1,gal,65,65,3,5,N,55,,Y,"PAR 34/72, 4 ppm"
2017-1985,2021,EWM,Bay,18003400,Crow Wing,,,"2,4-D Amine","Alligare, LLC",,Lake Restoration,10/12/2021,10/12/2021,0.34,8,22.7,22.7,gal/acre,7.72,gal,65,65,3,3,N,55,,Y,"PAR 35/72, 4 ppm"
2017-1985,2021,EWM,Bay,18003400,Crow Wing,,,"2,4-D Amine","Alligare, LLC",,Lake Restoration,10/12/2021,10/12/2021,0.2,8,22.7,22.7,gal/acre,4.54,gal,65,65,3,3,N,55,,Y,"PAR 36/72, 4 ppm"
2017-1985,2021,EWM,Bay,18003400,Crow Wing,,,"2,4-D Amine","Alligare, LLC",,Lake Restoration,10/12/2021,10/12/2021,0.13,10,28.3,28.3,gal/acre,3.69,gal,65,65,2,2,N,55,,Y,"PAR 37/72, 4 ppm"
2017-1985,2021,EWM,Bay,18003400,Crow Wing,,,"2,4-D Amine","Alligare, LLC",,Lake Restoration,10/12/2021,10/12/2021,0.77,6,2.84,2.84,gal/acre-ft,13.12,gal,63,63,2,2,N,52,,Y,"PAR 62/72, 4 ppm. "
2017-1985,2021,EWM,Bay,18003400,Crow Wing,,,"2,4-D Amine","Alligare, LLC",,Lake Restoration,10/12/2021,10/12/2021,0.12,6,2.84,2.84,gal/acre-ft,2.04,gal,63,63,2,2,N,52,,Y,"PAR 63/72, 4 ppm. "
2017-1985,2021,EWM,Bay,18003400,Crow Wing,,,"2,4-D Amine","Alligare, LLC",,Lake Restoration,10/12/2021,10/12/2021,0.45,8,2.84,2.84,gal/acre-ft,10.22,gal,63,63,2,2,N,52,,Y,"PAR 64/72, 4 ppm.  depth calculated based on amount, rate, and acreage"
2017-1985,2021,EWM,Bay,18003400,Crow Wing,,,"2,4-D Amine","Alligare, LLC",,Lake Restoration,10/12/2021,10/12/2021,0.34,8,2.84,2.84,gal/acre-ft,7.72,gal,63,63,3,3,N,52,,Y,"PAR 65/72, 4 ppm."
2017-1985,2021,EWM,Bay,18003400,Crow Wing,,,"2,4-D Amine","Alligare, LLC",,Lake Restoration,10/12/2021,10/12/2021,2,12,2.84,2.84,gal/acre-ft,68.16,gal,63,63,4,4,N,52,,Y,"PAR 66/72, 4 ppm."
2017-1985,2021,EWM,Bay,18003400,Crow Wing,,,"2,4-D Amine","Alligare, LLC",,Lake Restoration,10/12/2021,10/12/2021,0.86,12,2.84,2.84,gal/acre-ft,29.31,gal,63,63,3,3,N,53,,Y,"PAR 67/72, 4 ppm."
2017-1985,2021,EWM,Bay,18003400,Crow Wing,,,"2,4-D Amine","Alligare, LLC",,Lake Restoration,10/12/2021,10/12/2021,0.22,4,2.84,2.84,gal/acre-ft,2.5,gal,63,63,3,3,N,63,,Y,"PAR 68/72, 4 ppm."
2017-1985,2021,EWM,Bay,18003400,Crow Wing,,,"2,4-D Amine","Alligare, LLC",,Lake Restoration,10/12/2021,10/12/2021,1.37,6,2.84,2.84,gal/acre-ft,23.34,gal,63,63,4,4,N,54,,Y,"PAR 69/72, 4 ppm."
2017-1985,2021,EWM,Bay,18003400,Crow Wing,,,"2,4-D Amine","Alligare, LLC",,Lake Restoration,10/12/2021,10/12/2021,1.92,8,2.84,2.84,gal/acre-ft,43.62,gal,63,63,4,4,N,53,,Y,"PAR 70/72, 4 ppm."
2017-1985,2021,EWM,Bay,18003400,Crow Wing,,,"2,4-D Amine","Alligare, LLC",,Lake Restoration,10/12/2021,10/12/2021,1.51,8,2.84,2.84,gal/acre-ft,34.31,gal,63,63,6,6,N,54,,Y,"PAR 71/72, 4 ppm."
2017-1985,2021,EWM,Bay,18003400,Crow Wing,,,"2,4-D Amine","Alligare, LLC",,Lake Restoration,10/12/2021,10/12/2021,1.89,10,2.84,2.84,gal/acre-ft,53.68,gal,63,63,6,6,N,56,,Y,"PAR 72/72, 4 ppm."
2017-1985,2022,EWM,Bay,18003400,Crow Wing,,,"2,4-D Amine","Alligare, LLC",,Lake Restoration,10/4/2022,10/4/2022,3.44,8,2.84,2.84,gal/acre-ft,78.2,gal,61,61,5,5,SW,70,,Y,PAR 7/63
2017-1985,2022,EWM,Bay,18003400,Crow Wing,,,"2,4-D Amine","Alligare, LLC",,Lake Restoration,10/4/2022,10/4/2022,0.36,5,2.84,2.84,gal/acre-ft,5.1,gal,61,61,1,1,S,60,,Y,PAR 8/63
2017-1985,2022,EWM,Bay,18003400,Crow Wing,,,"2,4-D Amine","Alligare, LLC",,Lake Restoration,10/4/2022,10/4/2022,0.17,10,2.84,2.84,gal/acre-ft,4.8,gal,61,61,1,1,S,60,,Y,PAR 9/63
2017-1985,2022,EWM,Bay,18003400,Crow Wing,,,"2,4-D Amine","Alligare, LLC",,Lake Restoration,10/4/2022,10/4/2022,0.34,10,2.84,2.84,gal/acre-ft,9.7,gal,61,61,1,1,S,60,,Y,PAR 10/63
2017-1985,2022,EWM,Bay,18003400,Crow Wing,,,"2,4-D Amine","Alligare, LLC",,Lake Restoration,10/4/2022,10/4/2022,0.4,8,2.84,2.84,gal/acre-ft,9.1,gal,61,61,1,1,S,62,,Y,PAR 11/63
2017-1985,2022,EWM,Bay,18003400,Crow Wing,,,"2,4-D Amine","Alligare, LLC",,Lake Restoration,10/4/2022,10/4/2022,0.69,8,2.84,2.84,gal/acre-ft,15.7,gal,61,61,4,4,S,62,,Y,PAR 12/63
2017-1985,2022,EWM,Bay,18003400,Crow Wing,,,"2,4-D Amine","Alligare, LLC",,Lake Restoration,10/4/2022,10/4/2022,0.4,6,2.84,2.84,gal/acre-ft,6.8,gal,61,61,4,4,S,62,,Y,PAR 13/63
2017-1985,2022,EWM,Bay,18003400,Crow Wing,,,"2,4-D Amine","Alligare, LLC",,Lake Restoration,10/4/2022,10/4/2022,0.27,6,2.84,2.84,gal/acre-ft,4.6,gal,61,61,4,4,S,62,,Y,PAR 14/63
2017-1985,2022,EWM,Bay,18003400,Crow Wing,,,"2,4-D Amine","Alligare, LLC",,Lake Restoration,10/4/2022,10/4/2022,0.49,10,2.84,2.84,gal/acre-ft,13.9,gal,61,61,4,4,S,62,,Y,PAR 15/63
2017-1985,2022,EWM,Bay,18003400,Crow Wing,,,"2,4-D Amine","Alligare, LLC",,Lake Restoration,10/4/2022,10/4/2022,0.4,10,2.84,2.84,gal/acre-ft,11.4,gal,61,61,2,2,S,60,,Y,PAR 16/63
2017-1985,2022,EWM,Bay,18003400,Crow Wing,,,"2,4-D Amine","Alligare, LLC",,Lake Restoration,10/4/2022,10/4/2022,2.81,8,2.84,2.84,gal/acre-ft,63.8,gal,61,61,1,1,S,60,,Y,PAR 17/63
2017-1985,2022,EWM,Bay,18003400,Crow Wing,,,"2,4-D Amine","Alligare, LLC",,Lake Restoration,10/4/2022,10/4/2022,0.86,10,2.84,2.84,gal/acre-ft,24.4,gal,61,61,4,4,S,58,,Y,PAR 18/63
2017-1985,2022,EWM,Bay,18003400,Crow Wing,,,"2,4-D Amine","Alligare, LLC",,Lake Restoration,10/4/2022,10/4/2022,0.51,10,2.84,2.84,gal/acre-ft,14.5,gal,61,61,3,3,S,70,,Y,PAR 19/63
2017-1985,2022,EWM,Bay,18003400,Crow Wing,,,"2,4-D Amine","Alligare, LLC",,Lake Restoration,10/4/2022,10/4/2022,0.23,10,2.84,2.84,gal/acre-ft,6.5,gal,61,61,3,3,S,70,,Y,PAR 20/63
2017-1985,2022,EWM,Bay,18003400,Crow Wing,,,"2,4-D Amine","Alligare, LLC",,Lake Restoration,10/4/2022,10/4/2022,0.51,10,2.84,2.84,gal/acre-ft,14.5,gal,61,61,3,3,S,70,,Y,PAR 21/63
2017-1985,2022,EWM,Bay,18003400,Crow Wing,,,"2,4-D Amine","Alligare, LLC",,Lake Restoration,10/4/2022,10/4/2022,0.117,6,2.84,2.84,gal/acre-ft,2,gal,61,61,3,3,S,70,,Y,PAR 26/63
2017-1985,2022,EWM,Bay,18003400,Crow Wing,,,"2,4-D Amine","Alligare, LLC",,Lake Restoration,10/4/2022,10/4/2022,0.014,10,2.84,2.84,gal/acre-ft,0.3,gal,61,61,1,1,S,70,,Y,PAR 27/63
2017-1985,2022,EWM,Bay,18003400,Crow Wing,,,"2,4-D Amine","Alligare, LLC",,Lake Restoration,10/4/2022,10/4/2022,2.06,10,2.84,2.84,gal/acre-ft,58.5,gal,61,61,1,1,S,56,,Y,PAR 28/63
2017-1985,2022,EWM,Bay,18003400,Crow Wing,,,"2,4-D Amine","Alligare, LLC",,Lake Restoration,10/4/2022,10/4/2022,0.4,6,2.84,2.84,gal/acre-ft,6.8,gal,61,61,1,1,S,56,,Y,PAR 29/63
2017-1985,2022,EWM,Bay,18003400,Crow Wing,,,"2,4-D Amine","Alligare, LLC",,Lake Restoration,10/4/2022,10/4/2022,1.72,8,2.84,2.84,gal/acre-ft,39.1,gal,61,61,1,1,S,56,,Y,PAR 30/63
2017-1985,2022,EWM,Bay,18003400,Crow Wing,,,"2,4-D Amine","Alligare, LLC",,Lake Restoration,10/4/2022,10/4/2022,0.52,8,2.84,2.84,gal/acre-ft,11.8,gal,61,61,2,2,S,58,,Y,PAR 34/63
2017-1985,2022,EWM,Bay,18003400,Crow Wing,,,"2,4-D Amine","Alligare, LLC",,Lake Restoration,10/4/2022,10/4/2022,1.1,10,2.84,2.84,gal/acre-ft,31.2,gal,61,61,1,1,S,58,,Y,PAR 35/63
2017-1985,2022,EWM,Bay,18003400,Crow Wing,,,"2,4-D Amine","Alligare, LLC",,Lake Restoration,10/4/2022,10/4/2022,1.2,10,2.84,2.84,gal/acre-ft,34.1,gal,61,61,2,2,S,58,,Y,PAR 36/63
2017-1985,2022,EWM,Bay,18003400,Crow Wing,,,"2,4-D Amine","Alligare, LLC",,Lake Restoration,10/4/2022,10/4/2022,0.34,7,2.84,2.84,gal/acre-ft,6.8,gal,61,61,3,3,S,58,,Y,PAR 37/63
2017-1985,2022,EWM,Bay,18003400,Crow Wing,,,"2,4-D Amine","Alligare, LLC",,Lake Restoration,10/4/2022,10/4/2022,0.2,7,2.84,2.84,gal/acre-ft,4,gal,61,61,4,4,S,58,,Y,PAR 38/63
2019-2135,2022,EWM,Upper South Long,18009600,Crow Wing,1839,2228,ProcellaCOR EC,SePro Corp.,,PLM Lake and Land Management Corp.,10/4/2022,10/4/2022,1.9,4.6,16.1098,16.1098,oz/acre-ft,140.8,oz,61,61,0,5,,55,,Y,
2018-0175,2022,EWM,Ruth,18021200,Crow Wing,1823,1681,ProcellaCOR EC,SePro Corp.,,PLM Lake and Land Management Corp.,10/4/2022,10/4/2022,11.9,8.3,10.6267,10.6267,oz/acre-ft,1049.6,oz,64,64,0,5,SE,65,,Y,
2017-1985,2022,EWM,Bay,18003400,Crow Wing,,,"2,4-D Amine","Alligare, LLC",,Lake Restoration,10/3/2022,10/3/2022,1.6,8,2.84,2.84,gal/acre-ft,36.4,gal,60.9,60.9,8,8,S,61,,Y,PAR 22/63
2017-1985,2022,EWM,Bay,18003400,Crow Wing,,,"2,4-D Amine","Alligare, LLC",,Lake Restoration,10/3/2022,10/3/2022,0.74,12,2.84,2.84,gal/acre-ft,25.2,gal,,,7,7,S,69,,Y,PAR 23/63
2017-1985,2022,EWM,Bay,18003400,Crow Wing,,,"2,4-D Amine","Alligare, LLC",,Lake Restoration,10/3/2022,10/3/2022,0.37,8,2.84,2.84,gal/acre-ft,8.4,gal,61,61,5,5,S,69,,Y,PAR 24/63
2017-1985,2022,EWM,Bay,18003400,Crow Wing,,,"2,4-D Amine","Alligare, LLC",,Lake Restoration,10/3/2022,10/3/2022,1.2,8,2.84,2.84,gal/acre-ft,27.3,gal,61,61,5,5,S,70,,Y,PAR 25/63
2017-1985,2022,EWM,Bay,18003400,Crow Wing,,,"2,4-D Amine","Alligare, LLC",,Lake Restoration,10/3/2022,10/3/2022,0.18,5,2.84,2.84,gal/acre-ft,2.6,gal,61,61,1,1,S,70,,Y,PAR 31/63
2017-1985,2022,EWM,Bay,18003400,Crow Wing,,,"2,4-D Amine","Alligare, LLC",,Lake Restoration,10/3/2022,10/3/2022,2.06,8,2.84,2.84,gal/acre-ft,46.8,gal,61,61,1,1,S,70,,Y,PAR 32/63
2017-1985,2022,EWM,Bay,18003400,Crow Wing,,,"2,4-D Amine","Alligare, LLC",,Lake Restoration,10/3/2022,10/3/2022,1.83,8,2.84,2.84,gal/acre-ft,41.6,gal,61,61,4,4,S,70,,Y,PAR 33/63
2017-1985,2022,EWM,Bay,18003400,Crow Wing,,,"2,4-D Amine","Alligare, LLC",,Lake Restoration,10/3/2022,10/3/2022,0.07,6,2.84,2.84,gal/acre-ft,1.2,gal,60.7,60.7,4,4,S,68,,Y,PAR 39/63
2017-1985,2022,EWM,Bay,18003400,Crow Wing,,,"2,4-D Amine","Alligare, LLC",,Lake Restoration,10/3/2022,10/3/2022,0.34,10,2.84,2.84,gal/acre-ft,9.7,gal,61.4,61.4,8,8,S,68,,Y,PAR 40/63
2017-1985,2022,EWM,Bay,18003400,Crow Wing,,,"2,4-D Amine","Alligare, LLC",,Lake Restoration,10/3/2022,10/3/2022,0.41,7,2.84,2.84,gal/acre-ft,8.2,gal,61.7,61.7,8,8,S,62,,Y,PAR 41/63
2017-1985,2022,EWM,Bay,18003400,Crow Wing,,,"2,4-D Amine","Alligare, LLC",,Lake Restoration,10/3/2022,10/3/2022,0.86,7,2.84,2.84,gal/acre-ft,24.4,gal,61.6,61.6,5,5,S,68,,Y,PAR 42/63
2017-1985,2022,EWM,Bay,18003400,Crow Wing,,,"2,4-D Amine","Alligare, LLC",,Lake Restoration,10/3/2022,10/3/2022,0.4,7,2.84,2.84,gal/acre-ft,8,gal,61.3,61.3,8,8,S,69,,Y,PAR 43/63
2017-1985,2022,EWM,Bay,18003400,Crow Wing,,,"2,4-D Amine","Alligare, LLC",,Lake Restoration,10/3/2022,10/3/2022,0.54,8,2.84,2.84,gal/acre-ft,12.3,gal,60.8,60.8,8,8,S,69,,Y,PAR 44/63
2017-1985,2022,EWM,Bay,18003400,Crow Wing,,,"2,4-D Amine","Alligare, LLC",,Lake Restoration,10/3/2022,10/3/2022,0.14,6,2.84,2.84,gal/acre-ft,2.4,gal,61.8,61.8,8,8,S,69,,Y,PAR 45/63
2017-0600,2022,EWM,Fish,86018300,Wright,1735,1499,ProcellaCOR EC,SePro Corp.,,PLM Lake and Land Management Corp.,9/28/2022,9/28/2022,3.3,2.8,15.9307,15.9307,oz/acre-ft,147.2,oz,60,60,0,5,,50,,Y,
,2022,EWM,Comfort,13005300,Chisago,1015,2160,Sonar A.S.,SePro Corp.,,"Lake Management, Inc.",9/20/2022,,218,,2,2,ppb,395,oz,,,4,4,S,,,Y,Whole-lake treatment.
2017-1486,2022,EWM,Minnewaska,61013000,Pope,1747,1511,"2,4-D Amine","Alligare, LLC",,Lake Restoration,9/13/2022,9/13/2022,5.27,3,2.84,2.84,gal/acre-ft,55.47,gal,71,72,0,3,S,74,,Y,
2020-0208,2022,EWM,McKinney,31037000,Itasca,1793,1647,Captain,SePro Corp.,,"Central Minnesota Aquatics, Inc.",9/12/2022,9/12/2022,14.63,6,,,,240,gal,,,0,3,WSW,,,Y,temp 41-73F
,2022,"CLP, EWM",Schmidt,27010200,Hennepin,,,Sonar A.S.,SePro Corp.,,"Lake Management, Inc.",6/6/2022,6/6/2022,44.6,5.5,4,4,ppb,84,oz,,,5,5,NNW,67,,Y,whole lake fluridone
,2022,"CLP, EWM",Schmidt,27010200,Hennepin,,,Sonar A.S.,SePro Corp.,,"Lake Management, Inc.",7/13/2022,7/13/2022,44.6,5.5,2,2,ppb,38,oz,,,4,4,NE,78,,Y,bump application of whole lake fluridone
,2022,"CLP, EWM",Schmidt,27010200,Hennepin,1828,2376,Sonar A.S.,SePro Corp.,,"Lake Management, Inc.",8/30/2022,8/30/2022,44.6,,4,4,ppb,39,oz,,,8,8,NW,,,Y,bump to 4.0 ppb for whole lake fluridone
2018-2398,2022,EWM,Townline,,Cass,,,,,,PLM Lake and Land Management Corp.,8/25/2022,8/25/2022,1,4,,,,,,,,,,,,,,
2017-1379,2022,EWM,Howard,86019900,Wright,1791,1560,"2,4-D Amine","Alligare, LLC",,Aquatic Solutions of Minnesota,8/22/2022,8/22/2022,10,3,2,2,ppm,38,gal,,,0,0,,,63,Y,PAR 1/4
2017-1379,2022,EWM,Howard,86019900,Wright,1791,1560,"2,4-D Amine","Alligare, LLC",,Aquatic Solutions of Minnesota,8/22/2022,8/22/2022,17.6,3.7,2,2,ppm,90,gal,,,0,0,,,64,Y,PAR 2/4
2017-1379,2022,EWM,Howard,86019900,Wright,1791,1560,"2,4-D Amine","Alligare, LLC",,Aquatic Solutions of Minnesota,8/22/2022,8/22/2022,7.8,4,2,2,ppm,37,gal,,,0,0,,,62,Y,PAR 3/4
2017-1379,2022,EWM,Howard,86019900,Wright,1791,1560,"2,4-D Amine","Alligare, LLC",,Aquatic Solutions of Minnesota,8/22/2022,8/22/2022,9,5,2,2,ppm,53,gal,,,0,0,,,62,Y,PAR 4/4
2021-3343,2022,EWM,Spring,70005400,Scott,1719,1480,ProcellaCOR,SePro Corp.,,PLM Lake and Land Management Corp.,8/19/2022,8/19/2022,5.05,4,12.5248,12.5248,oz/acre-ft,253,oz,74,74,2,2,SW,73,,Y,
,2022,EWM,Fannie,30004300,Isanti,1328,2206,Tribune,"Syngenta Crop Protection, LLC",,Lake Restoration,8/18/2022,8/18/2022,6.6,,2,2,gal/acre-ft,13.29,gal,74,74,4,6,SW,,,Y,
,2022,CLP,Fannie,30004300,Isanti,1328,2206,Tribune,"Syngenta Crop Protection, LLC",,Lake Restoration,8/18/2022,8/18/2022,6.6,,2,2,gal/acre-ft,13.29,gal,74,74,4,6,SW,,,Y,
2017-1038,2022,EWM,Minnetonka,27013303,Hennepin,1854,2246,Tribune,"Syngenta Crop Protection, LLC",,PLM Lake and Land Management Corp.,8/9/2022,8/9/2022,12,6.5,1.25,1.25,gal/acre-ft,15,gal,77.5,77.5,0,0,,71,,Y,
2019-3106,2022,EWM,White Sand,18037900,Crow Wing,1727,1489,ProcellaCOR EC,SePro Corp.,,PLM Lake and Land Management Corp.,8/4/2022,8/4/2022,3.1,4.9,12.8506,12.8506,oz/acre-ft,195.2,gal,75,75,0,5,SE,70,,Y,
2017-1210,2022,EWM,Big Marine,82005200,Washington,218,2130,ProcellaCOR,SePro Corp.,,PLM Lake and Land Management Corp.,8/4/2022,8/4/2022,5.18,9,9.5099,9.5099,oz/acre-ft,443.35,oz,76,76,4,4,SW,70,,Y,Tribune + ProcellaCOR treatment
2017-0825,2022,EWM,Middle Spunk,73012800,Stearns,1751,1515,"2,4-D Amine","Alligare, LLC",,Lake Restoration,8/4/2022,8/4/2022,18.3,7.6,4,4,ppg,59.36,gal,75,77,0,3,SE,68,,Y,
2017-1210,2022,EWM,Big Marine,82005200,Washington,1754,1518,Tribune,"Syngenta Crop Protection, LLC",,PLM Lake and Land Management Corp.,8/4/2022,8/4/2022,5.18,9,2,2,gal/acre-ft,10.36,gal,76,76,4,4,SW,70,,Y,Tribune + ProcellaCOR treatment
2018-0244,2022,CLP,Upper Mission,18024200,Crow Wing,1762,1530,ProcellaCOR EC,SePro Corp.,,PLM Lake and Land Management Corp.,8/4/2022,8/4/2022,4.5,6,9.6395,9.6395,oz/acre-ft,195.2,oz,75,75,0,5,,70,,Y,
2018-0247,2022,EWM,Upper Mission,18024200,Crow Wing,1762,1530,ProcellaCOR EC,SePro Corp.,,PLM Lake and Land Management Corp.,8/4/2022,8/4/2022,4.5,4.5,9.6395,9.6395,oz/acre-ft,195.2,oz,75,75,0,5,,65,,Y,
2017-1312,2022,FR,Sallie,3035900,Becker,1841,2230,Tribune,"Syngenta Crop Protection, LLC",,PLM Lake and Land Management Corp.,8/1/2022,8/1/2022,31.1,4,2,2,gal/acre-ft,62.2,gal,74,74,0,5,NW,69,,Y,0.6 of Cide-Kick (2.5 gal) applied at 0.0193 Gallon per Acre
2017-0437,2022,EWM,Sand,58008100,Pine,1273,2196,ProcellaCOR EC,SePro Corp.,,"Lake Management, Inc.",7/29/2022,7/29/2022,13.95,5,15,15,PDU/acre-ft,132.65,PDU,,,0,3,NW,60,,Y,
2021-0389,2022,EWM,Minnie-Belle,47011900,Meeker,1739,1503,ProcellaCOR EC,SePro Corp.,,"Clarke Aquatic Services, Inc.",7/29/2022,7/29/2022,41.2,,4,4,PDU/acre-ft,1147,PDU,75,75,4,4,NW,65,,Y,
2017-0434,2022,EWM,Sturgeon,58006700,Pine,947,2143,ProcellaCOR EC,SePro Corp.,,"Lake Management, Inc.",7/29/2022,7/29/2022,42.69,,15,15,PDU/acre-ft,2027.32,oz,,,2,5,W,71,,Y,
2019-2082,2022,EWM,Comfort,13005300,Chisago,1014,2159,Sonar A.S.,SePro Corp.,,PLM Lake and Land Management Corp.,7/28/2022,7/28/2022,218,,2,2,ppb,395,oz,,,9,9,NW,71,,Y,Whole-lake bump treatment.
2019-2512,2022,EWM,Erie,47006400,Meeker,1726,1488,ProcellaCOR EC,SePro Corp.,,"Clarke Aquatic Services, Inc.",7/27/2022,7/27/2022,10,7,35,35,PDU/acre-ft,350,PDU,75,75,3,3,W,64,,Y,
2017-1047,2022,EWM,Minnetonka,27013310,Hennepin,1743,1507,ProcellaCOR,SePro Corp.,,PLM Lake and Land Management Corp.,7/26/2022,7/26/2022,52.9,4,12.7599,12.7599,oz/acre-ft,2700,oz,76,76,5,7,W,67,,Y,
2020-0211,2022,EWM,Minnetonka,27013305,Hennepin,1852,2244,ProcellaCOR EC,SePro Corp.,,PLM Lake and Land Management Corp.,7/25/2022,7/25/2022,4,5,8.4,8.4,oz/acre-ft,168,oz,77,77,3,3,W,70,,Y,PAR 1/2
2020-0211,2022,EWM,Minnetonka,27013305,Hennepin,1851,2243,Tribune,"Syngenta Crop Protection, LLC",,PLM Lake and Land Management Corp.,7/25/2022,7/25/2022,4,5,1.25,1.25,gal/acre-ft,5,gal,77,77,3,3,W,70,,Y,PAR 2/2
2017-0873,2022,EWM,Indian,86022300,Wright,969,2148,"2,4-D Amine","Alligare, LLC",,Aquatic Solutions of Minnesota,7/25/2022,7/25/2022,1.1,5.4,4,4,ppm,16.8,gal,,,5,5,S,,74,Y,PAR 1/4
2022-1398,2022,EWM,French,66003800,Rice,1272,2195,"2,4-D Amine","Alligare, LLC",,Lake Restoration,7/25/2022,7/25/2022,4.4,5,2.84,2.84,gal/acre-ft,62.9,gal,77,77,2,2,SSW,70,,Y,PAR 1/2
2017-0873,2022,EWM,Indian,86022300,Wright,969,2148,"2,4-D Amine","Alligare, LLC",,Aquatic Solutions of Minnesota,7/25/2022,7/25/2022,1.6,6.8,4,4,ppm,30.8,gal,,,5,5,S,,74,Y,PAR 2/4
2022-1398,2022,EWM,French,66003800,Rice,1272,2195,"2,4-D Amine","Alligare, LLC",,Lake Restoration,7/25/2022,7/25/2022,6.57,5,2.84,2.84,gal/acre-ft,93.29,gal,77,77,2,2,SSW,67,,Y,PAR 2/2
2017-0873,2022,EWM,Indian,86022300,Wright,969,2148,"2,4-D Amine","Alligare, LLC",,Aquatic Solutions of Minnesota,7/25/2022,7/25/2022,1.3,7.7,4,4,ppm,28,gal,,,5,5,S,,74,Y,PAR 3/4
2017-0873,2022,EWM,Indian,86022300,Wright,969,2148,"2,4-D Amine","Alligare, LLC",,Aquatic Solutions of Minnesota,7/25/2022,7/25/2022,1.75,6,4,4,ppm,29.8,gal,,,5,5,S,,74,Y,PAR 4/4
2017-1092,2022,EWM,Coon,2004200,Anoka,1798,1653,ProcellaCOR EC,SePro Corp.,,PLM Lake and Land Management Corp.,7/22/2022,7/22/2022,29.5,5,9.5458,9.5458,oz/acre-ft,1408,oz,78,78,4,4,N,79,,Y,
2017-1092,2022,EWM,Coon,2004200,Anoka,1798,1653,ProcellaCOR EC,SePro Corp.,,PLM Lake and Land Management Corp.,7/22/2022,7/22/2022,10.8,6,13.0401,13.0401,oz/acre-ft,845,oz,79,79,4,4,NE,79,,Y,
2022-0248,2022,EWM,Clear,81001401,Waseca,972,2151,Sonar A.S.,SePro Corp.,,PLM Lake and Land Management Corp.,7/18/2022,7/18/2022,648,9,0.0029,0.0029,gal/acre-ft,17,gal,85,85,6,6,N,78,,Y,Whole-lake treatment.
2018-1380,2022,EWM,Beebe,86002300,Wright,,,Tribune,"Syngenta Crop Protection, LLC",,Aquatic Solutions of Minnesota,7/16/2022,7/16/2022,1.5,5,0.5,0.5,ppm,3.75,gal,,,0,0,,,68,Y,PAR 1/2
2018-1380,2022,EWM,Beebe,86002300,Wright,,,Tribune,"Syngenta Crop Protection, LLC",,Aquatic Solutions of Minnesota,7/16/2022,7/16/2022,2.2,5,0.5,0.5,ppm,5.5,gal,,,0,0,,,68,Y,PAR 2/2
2021-0460,2022,EWM,Elk,71014100,Sherburne,1877,2270,ProcellaCOR,SePro Corp.,,PLM Lake and Land Management Corp.,7/15/2022,,10.4,2.5,4.1846,4.1846,oz/acre-ft,108.8,oz,78,78,0,5,NE,73,,Y,
2021-0460,2022,EWM,Elk,71014100,Sherburne,1720,1481,Tribune,"Syngenta Crop Protection, LLC",,PLM Lake and Land Management Corp.,7/15/2022,,10.4,2.5,1.25,1.25,gal/acre-ft,13,gal,78,78,0,5,NE,73,,Y,
2017-0729,2022,EWM,Scandinavian,61004100,Pope,1768,1536,"2,4-D Amine","Alligare, LLC",,Lake Restoration,7/15/2022,7/15/2022,32.5,3.7,2.84,2.84,gal/acre-ft,370.17,gal,78,80,2,5,NE,80,,Y,
2017-1043,2022,EWM,Minnetonka,27013304,Hennepin,1836,2225,Sonar,SePro Corp.,,PLM Lake and Land Management Corp.,7/13/2022,7/13/2022,160,7.5,0.0017,0.0017,gal/acre-ft,2,gal,80,80,3,3,N,80,,Y,
2017-1041,2022,EWM,Minnetonka,27013305,Hennepin,1834,2223,ProcellaCOR EC,SePro Corp.,,PLM Lake and Land Management Corp.,7/1/2022,7/1/2022,12,7,7.2457,7.2457,oz/acre-ft,608.64,oz,76,76,3,3,N,66,,Y,
2017-2726,2022,EWM,Sarah,27019101,Hennepin,1117,2176,Tribune,"Syngenta Crop Protection, LLC",,Aquatic Solutions of Minnesota,7/1/2022,7/1/2022,8.76,3.7,0.5,0.5,gal/acre-ft,16.2,gal,,,0,0,,,56,Y,
2017-1312,2022,FR,Sallie,3035900,Becker,1840,2229,Tribune,"Syngenta Crop Protection, LLC",,PLM Lake and Land Management Corp.,6/28/2022,6/28/2022,31.1,4,2,2,gal/acre-ft,62.2,gal,74,74,10,10,N,65,,Y,0.5 of Cide-Kick (2.5 gal) applied at 0.0161 Gallon per Acre
2017-3315,2022,EWM,Turtle,62006100,Ramsey,1848,2237,Tribune,"Syngenta Crop Protection, LLC",,PLM Lake and Land Management Corp.,6/28/2022,6/28/2022,42.6,7,1.5822,1.5822,gal/acre-ft,67.4,gal,75,75,7,7,SW,79,,Y,
2017-3315,2022,EWM,Turtle,62006100,Ramsey,1777,1545,ProcellaCOR,SePro Corp.,,PLM Lake and Land Management Corp.,6/28/2022,6/28/2022,42.6,7,1.6901,1.6901,oz/acre-ft,504,oz,75,75,7,7,W,79,,Y,
2017-1985,2022,EWM,Bay,18003400,Crow Wing,,,"2,4-D Amine","Alligare, LLC",,Lake Restoration,6/27/2022,6/27/2022,1.13,8,2.84,2.84,gal/acre-ft,25.67,gal,70,70,3,3,SW,62,,Y,PAR 46/63
2017-1985,2022,EWM,Bay,18003400,Crow Wing,,,"2,4-D Amine","Alligare, LLC",,Lake Restoration,6/27/2022,6/27/2022,0.41,10,2.84,2.84,gal/acre-ft,11.64,gal,71,71,3,3,SW,63,,Y,PAR 47/63
2017-1985,2022,EWM,Bay,18003400,Crow Wing,,,"2,4-D Amine","Alligare, LLC",,Lake Restoration,6/27/2022,6/27/2022,0.41,12,2.84,2.84,gal/acre-ft,13.97,gal,71,71,3,3,SW,63,,Y,PAR 48/63
2017-1985,2022,EWM,Bay,18003400,Crow Wing,,,"2,4-D Amine","Alligare, LLC",,Lake Restoration,6/27/2022,6/27/2022,0.206,12,2.84,2.84,gal/acre-ft,7.02,gal,71,71,2,2,SW,63,,Y,PAR 49/63
2017-1985,2022,EWM,Bay,18003400,Crow Wing,,,"2,4-D Amine","Alligare, LLC",,Lake Restoration,6/27/2022,6/27/2022,0.688,12,2.84,2.84,gal/acre-ft,23.45,gal,71,71,4,4,SW,65,,Y,PAR 50/63
2017-1985,2022,EWM,Bay,18003400,Crow Wing,,,"2,4-D Amine","Alligare, LLC",,Lake Restoration,6/27/2022,6/27/2022,0.72,8,2.84,2.84,gal/acre-ft,3.91,gal,71,71,4,4,SW,65,,Y,PAR 51/63
2017-1985,2022,EWM,Bay,18003400,Crow Wing,,,"2,4-D Amine","Alligare, LLC",,Lake Restoration,6/27/2022,6/27/2022,0.275,13,2.84,2.84,gal/acre-ft,10.15,gal,71,71,4,4,SW,65,,Y,PAR 52/63
2017-1985,2022,EWM,Bay,18003400,Crow Wing,,,"2,4-D Amine","Alligare, LLC",,Lake Restoration,6/27/2022,6/27/2022,0.55,12,2.84,2.84,gal/acre-ft,18.74,gal,71,71,4,4,SW,65,,Y,PAR 53/63
2017-1985,2022,EWM,Bay,18003400,Crow Wing,,,"2,4-D Amine","Alligare, LLC",,Lake Restoration,6/27/2022,6/27/2022,0.09,10,2.84,2.84,gal/acre-ft,2.56,gal,71,71,3,3,SW,65,,Y,"PAR 54/63. Depth missing, calculated based on amount, rate, area"
2017-1985,2022,EWM,Bay,18003400,Crow Wing,,,"2,4-D Amine","Alligare, LLC",,Lake Restoration,6/27/2022,6/27/2022,0.08,10,2.84,2.84,gal/acre-ft,2.27,gal,72,72,2,2,SW,72,,Y,PAR 55/63
2017-1985,2022,EWM,Bay,18003400,Crow Wing,,,"2,4-D Amine","Alligare, LLC",,Lake Restoration,6/27/2022,6/27/2022,0.096,12,2.84,2.84,gal/acre-ft,3.27,gal,72,72,3,3,SW,72,,Y,PAR 56/63
2017-1985,2022,EWM,Bay,18003400,Crow Wing,,,"2,4-D Amine","Alligare, LLC",,Lake Restoration,6/27/2022,6/27/2022,0.091,10,2.84,2.84,gal/acre-ft,2.58,gal,72,72,4,4,SW,72,,Y,PAR 57/63
2017-1985,2022,EWM,Bay,18003400,Crow Wing,,,"2,4-D Amine","Alligare, LLC",,Lake Restoration,6/27/2022,6/27/2022,0.183,8,2.84,2.84,gal/acre-ft,4.16,gal,72,72,4,4,SW,72,,Y,PAR 58/63
2017-1985,2022,EWM,Bay,18003400,Crow Wing,,,"2,4-D Amine","Alligare, LLC",,Lake Restoration,6/27/2022,6/27/2022,0.298,6,2.84,2.84,gal/acre-ft,5.08,gal,72,72,3,3,SW,72,,Y,PAR 59/63
2017-0562,2023,CLP,Cedar,70009100,Scott,,,Sonar A.S.,SePro Corp.,,PLM Lake and Land Management Corp.,4/14/2023,4/14/2023,793,7.5,0.0025,0.0025,gal/acre-ft,14.75,gal,48,48,14,14,S,70,,Y,
2017-1985,2022,EWM,Bay,18003400,Crow Wing,,,"2,4-D Amine","Alligare, LLC",,Lake Restoration,6/27/2022,6/27/2022,1.205,8,2.84,2.84,gal/acre-ft,27.38,gal,72,72,4,4,SW,72,,Y,PAR 60/63
2017-1985,2022,EWM,Bay,18003400,Crow Wing,,,"2,4-D Amine","Alligare, LLC",,Lake Restoration,6/27/2022,6/27/2022,0.206,10,2.84,2.84,gal/acre-ft,5.85,gal,72,72,4,4,SW,74,,Y,PAR 61/63
2017-1985,2022,EWM,Bay,18003400,Crow Wing,,,"2,4-D Amine","Alligare, LLC",,Lake Restoration,6/27/2022,6/27/2022,0.12,8,2.84,2.84,gal/acre-ft,2.73,gal,72,72,3,3,SW,74,,Y,"PAR 62/63. Depth missing, calculated based on amount, rate, area"
2017-1985,2022,EWM,Bay,18003400,Crow Wing,,,"2,4-D Amine","Alligare, LLC",,Lake Restoration,6/27/2022,6/27/2022,0.464,8,2.84,2.84,gal/acre-ft,10.54,gal,71,71,4,4,SW,74,,Y,PAR 63/63
2019-2082,2022,EWM,Comfort,13005300,Chisago,1725,1487,Sonar A.S.,SePro Corp.,,"Lake Management, Inc.",6/22/2022,6/22/2022,218,,4,4,ppb,6.18,gal,,,6,6,NW,83,,Y,Whole-lake treatment.
2017-1500,2022,EWM,Ballantyne,7005400,Blue Earth,,,"2,4-D Amine","Alligare, LLC",,Lakescapes LLC,6/22/2022,6/22/2022,19.9,4,2,2,ppm,225.21,gal,,,3,3,SW,,77,Y,PAR 1/3
2022-0173,2022,EWM,Kroon,13001300,Chisago,1755,1519,Weedar 64,Nufarm Americas Inc.,,"Lake Management, Inc.",6/22/2022,6/22/2022,12.94,5,7.1,7.1,gal/acre-ft,91.81,gal,,,5,5,NW,67,,Y,
2017-2067,2022,EWM,Elmo,82010600,Washington,1733,1497,ProcellaCOR EC,SePro Corp.,,PLM Lake and Land Management Corp.,6/22/2022,6/22/2022,12,7,11.3592,11.3592,oz/acre-ft,954.17,oz,78,78,0,0,W,80,,Y,
2022-0175,2022,CLP,Chisago,13001200,Chisago,1730,1494,Weedar 64,Nufarm Americas Inc.,,"Lake Management, Inc.",6/22/2022,6/22/2022,11.95,5,7.1,7.1,gal/acre-ft,84.84,gal,,,6,6,NW,82,,Y,"EWM treatment 6/22/22 (11.95 acres),"
2017-1500,2022,EWM,Ballantyne,7005400,Blue Earth,,,"2,4-D Amine","Alligare, LLC",,Lakescapes LLC,6/22/2022,6/22/2022,7,4,2,2,ppm,39.76,gal,,,3,3,SW,,77,Y,PAR 2/3
2017-1500,2022,EWM,Ballantyne,7005400,Blue Earth,,,"2,4-D Amine","Alligare, LLC",,Lakescapes LLC,6/22/2022,6/22/2022,10.2,5,2,2,ppm,72.42,gal,,,3,3,SW,,77,Y,PAR 3/3
2021-3343,2022,EWM,Spring,70005400,Scott,1201,2178,ProcellaCOR EC,SePro Corp.,,PLM Lake and Land Management Corp.,6/17/2022,6/17/2022,14.05,4,12.8605,12.8605,oz/acre-ft,722.76,oz,70,70,0,5,,75,,Y,
2022-0338,2022,CLP,Lobster,21014400,Douglas,1752,1516,Tribune,"Syngenta Crop Protection, LLC",,"Limnopro Aquatic Science, Inc.",6/15/2022,6/15/2022,6.4,7.5,0.4,0.4,ppm,,,58,58,6,6,N,60,,Y,
2022-0248,2022,EWM,Clear,81001401,Waseca,1724,1486,Sonar A.S.,SePro Corp.,,PLM Lake and Land Management Corp.,6/14/2022,6/14/2022,648,9,0.00278,0.00278,gal/acre-ft,16.2,gal,74,74,0,0,SE,80,,Y,Whole-lake treatment.
2017-0417,2022,EWM,Lower Prior,70002600,Scott,1779,1547,Tribune,"Syngenta Crop Protection, LLC",,Aquatic Solutions of Minnesota,6/10/2022,6/10/2022,5,5.5,0.5,0.5,gal/acre-ft,13,gal,,,0,0,,62,,Y,
2022-0385,2022,CLP,Staring,27007800,Hennepin,1843,2232,Sonar A.S.,SePro Corp.,,PLM Lake and Land Management Corp.,6/10/2022,6/10/2022,40,5,0.01,0.01,gal/acre-ft,1.5,gal,60,60,0,0,,60,,Y,
2022-0242,2022,CLP,Blueberry,80003400,Wadena,,,Galleon SC,SePro Corp.,,"Lake Improvement Consulting, LLC.",6/10/2022,6/10/2022,25,6.5,20,20,ppb,18,quarts,61,63,8,11,W,,,Y,
2017-1043,2022,,Minnetonka,27013304,Hennepin,1835,2224,Sonar A.S.,SePro Corp.,,PLM Lake and Land Management Corp.,6/9/2022,6/9/2022,100,,0.01,0.01,gal/acre-ft,3,gal,70,70,3,3,NW,75,,Y,
2017-0562,2022,CLP,Cedar,70009100,Scott,946,2142,Tribune,"Syngenta Crop Protection, LLC",,PLM Lake and Land Management Corp.,6/7/2022,6/7/2022,132.6,4,2,2,gal/acre-ft,265.2,gal,70,70,0,5,,75,,Y,
2020-0148,2022,CLP,Kohlman,62000600,Ramsey,1275,2198,Tribune,"Syngenta Crop Protection, LLC",,"Limnopro Aquatic Science, Inc.",6/7/2022,6/7/2022,10.6,10.27,0.4,0.4,ppm,54,gal,64,64,4,4,SE,65,,Y,
2020-0145,2022,CLP,Keller,62001002,Ramsey,1707,1397,Tribune,"Syngenta Crop Protection, LLC",,"Limnopro Aquatic Science, Inc.",6/7/2022,6/7/2022,6.9,7.05,0.4,0.4,ppm,35,gal,64,64,4,4,SE,65,,Y,"""May"" treatment"
2020-0147,2022,CLP,Gervais,62000700,Ramsey,1277,2200,Tribune,"Syngenta Crop Protection, LLC",,"Limnopro Aquatic Science, Inc.",6/7/2022,6/7/2022,5.8,6.44,0.4,0.4,ppm,18,gal,64,64,4,4,SE,65,,Y,
2023-1638,2022,CLP,Gervais,62000700,Ramsey,,,Diquat,Alligare,,"Limnopro Aquatic Science, Inc.",6/6/2023,6/6/2023,3.8,5,0.4,0.4,ppm,,,83,83,7,7,NE,83,,Y,
2018-0543,2022,CLP,Fish Trap,49013700,Morrison,1825,1683,Aquathol K,United Phosphorus Inc.,,Lake Restoration,6/6/2022,6/6/2022,40.5,8,0.6,0.6,gal/acre-ft,170.08,gal,65,65,4,9,NE,67,,Y,
2018-0728,2022,CLP,Orono,71001300,Sherburne,1208,2186,Aquathol K,United Phosphorus Inc.,,"Lake Management, Inc.",6/3/2022,6/3/2022,30.87,5,1.5,1.5,ppm,178.5,gal,,,5,7,NW,68,,Y,
2018-0728,2022,CLP,Orono,71001300,Sherburne,,,Flumigard SC,"Alligare, LLC",,"Lake Management, Inc.",5/24/2023,5/24/2023,2.04,5,300,300,ppb,2.04,gal,,,6,6,SE,64,,Y,PAR 1/7
2018-0728,2022,CLP,Orono,71001300,Sherburne,,,Flumigard SC,"Alligare, LLC",,"Lake Management, Inc.",5/25/2023,5/25/2023,1.67,5,300,300,ppb,1.67,gal,,,7,7,SE,64,,Y,PAR 2/7
2018-0728,2022,CLP,Orono,71001300,Sherburne,,,Flumigard SC,"Alligare, LLC",,"Lake Management, Inc.",5/25/2023,5/25/2023,1.82,5,300,300,ppb,1.82,gal,,,7,7,SE,65,,Y,PAR 3/7
2018-0728,2022,CLP,Orono,71001300,Sherburne,,,Flumigard SC,"Alligare, LLC",,"Lake Management, Inc.",5/25/2023,5/25/2023,6.73,5,300,300,ppb,6.73,gal,,,7,7,SE,65,,Y,PAR 4/7
2018-0728,2022,CLP,Orono,71001300,Sherburne,,,Flumigard SC,"Alligare, LLC",,"Lake Management, Inc.",5/25/2023,5/25/2023,2.73,5,300,300,ppb,2.73,gal,,,8,8,SE,66,,Y,PAR 5/7
2018-0728,2022,CLP,Orono,71001300,Sherburne,,,Flumigard SC,"Alligare, LLC",,"Lake Management, Inc.",5/25/2023,5/25/2023,5.32,5,300,300,ppb,5.32,gal,,,8,8,SE,66,,Y,PAR 6/7
2018-0728,2022,CLP,Orono,71001300,Sherburne,,,Flumigard SC,"Alligare, LLC",,"Lake Management, Inc.",5/25/2023,5/25/2023,10.56,5,300,300,ppb,10.56,gal,,,7,7,SE,67,,Y,PAR 7/7
2019-1846,2022,CLP,Curfman,3036300,Becker,1511,1687,Aquathol K,United Phosphorus Inc.,,PLM Lake and Land Management Corp.,6/3/2022,6/3/2022,7.2,4,1.77,1.77,gal/acre-ft,51,gal,60,60,5,10,W,48,,Y,
2019-3431,2022,CLP,Darling,21008000,Douglas,1738,1502,Tribune,"Syngenta Crop Protection, LLC",,Lake Restoration,6/3/2022,6/3/2022,7,8,2,2,gal/acre-ft,14,gal,60,60,3,5,N,50,,Y,PAR 1/3
2019-3431,2022,CLP,Darling,21008000,Douglas,1738,1502,Tribune,"Syngenta Crop Protection, LLC",,Lake Restoration,6/3/2022,6/3/2022,13,8,2,2,gal/acre-ft,26,gal,60,60,3,5,N,50,,Y,PAR 2/3
2019-3431,2022,CLP,Darling,21008000,Douglas,1738,1502,Tribune,"Syngenta Crop Protection, LLC",,Lake Restoration,6/3/2022,6/3/2022,6,8,2,2,gal/acre-ft,12,gal,60,60,3,5,N,50,,Y,PAR 3/3
2018-0334,2022,CLP,Ida,21012300,Douglas,1780,1548,Aquathol K,United Phosphorus Inc.,,PLM Lake and Land Management Corp.,6/3/2022,6/3/2022,13.8,14.8,0.71,0.71,gal/acre-ft,144,gal,58,58,5,10,NW,55,,Y,
2017-0534,2022,CLP,Sallie,3035900,Becker,1809,1666,Tribune,"Syngenta Crop Protection, LLC",,PLM Lake and Land Management Corp.,6/3/2022,6/3/2022,7.6,6,2,2,gal/acre-ft,15.2,gal,67,67,5,10,NW,67,,Y,0.5 of Cide-Kick (2.5 gal) applied at 0.07 Gallon per Acre
2017-0378,2022,CLP,Little Pelican,56076100,Otter Tail,1810,1668,Aquathol K,United Phosphorus Inc.,,"Clarke Aquatic Services, Inc.",6/3/2022,6/3/2022,6,10,2,2,ppm,77,gal,60,60,8,8,W,47,,Y,PAR 1/2
2017-0378,2022,CLP,Little Pelican,56076100,Otter Tail,1810,1668,Aquathol K,United Phosphorus Inc.,,"Clarke Aquatic Services, Inc.",6/3/2022,6/3/2022,2.4,10,3,3,ppm,46.2,gal,60,60,8,8,W,47,,Y,PAR 2/2
2019-0258,2022,CLP,Lida,56074702,Otter Tail,1308,2203,Aquathol K,United Phosphorus Inc.,,"Clarke Aquatic Services, Inc.",6/2/2022,6/2/2022,5.5,10,2,2,ppm,54.8,gal,60,60,7,7,W,56,,Y,
2017-0377,2022,CLP,Pelican,56078600,Otter Tail,1521,1698,Aquathol K,United Phosphorus Inc.,,"Clarke Aquatic Services, Inc.",6/2/2022,6/2/2022,5.8,10,3,3,ppm,109.8,gal,59,59,8,8,W,63,,Y,
2018-1512,2022,CLP,Weaver,27011700,Hennepin,1278,2201,Aquathol K,United Phosphorus Inc.,,PLM Lake and Land Management Corp.,6/1/2022,6/1/2022,10.1,5,0.81,0.81,gal/acre-ft,41,gal,67,67,8,8,NW,68,,Y,
2018-1512,2022,CLP,Weaver,27011700,Hennepin,1307,2202,Tribune,"Syngenta Crop Protection, LLC",,PLM Lake and Land Management Corp.,6/1/2022,6/1/2022,10.1,5,2,2,gal/acre-ft,20.2,gal,67,67,8,8,NW,68,,Y,
2021-0413,2022,CLP,Byllesby,19000600,Dakota,,,Tribune,"Syngenta Crop Protection, LLC",,Lake Restoration,6/1/2022,6/1/2022,1.83,5,2,2,gal/acre,3.66,gal,68,68,2,2,W,55,,Y,PAR 1/7
2021-0413,2022,CLP,Byllesby,19000600,Dakota,,,Tribune,"Syngenta Crop Protection, LLC",,Lake Restoration,6/1/2022,6/1/2022,1.91,5,2,2,gal/acre,3.82,gal,67,67,0,0,,55,,Y,PAR 2/7
2021-0413,2022,CLP,Byllesby,19000600,Dakota,,,Tribune,"Syngenta Crop Protection, LLC",,Lake Restoration,6/1/2022,6/1/2022,5.1,5,2,2,gal/acre,10.2,gal,67,67,2,2,W,55,,Y,PAR 3/7
2021-0413,2022,CLP,Byllesby,19000600,Dakota,,,Tribune,"Syngenta Crop Protection, LLC",,Lake Restoration,6/1/2022,6/1/2022,8.1,5,2,2,gal/acre,16.2,gal,67,67,2,2,W,55,,Y,PAR 4/7
2021-0413,2022,CLP,Byllesby,19000600,Dakota,,,Tribune,"Syngenta Crop Protection, LLC",,Lake Restoration,6/1/2022,6/1/2022,1.13,5,2,2,gal/acre,2.26,gal,66,66,0,0,,55,,Y,PAR 5/7
2021-0413,2022,CLP,Byllesby,19000600,Dakota,,,Tribune,"Syngenta Crop Protection, LLC",,Lake Restoration,6/1/2022,6/1/2022,45.74,5,2,2,gal/acre,91.48,gal,67,67,2,2,W,55,,Y,PAR 6/7
2021-0413,2022,CLP,Byllesby,19000600,Dakota,,,Tribune,"Syngenta Crop Protection, LLC",,Lake Restoration,6/1/2022,6/1/2022,1.45,5,2,2,gal/acre,2.9,gal,67,67,0,0,,55,,Y,PAR 7/7
2017-1037,2022,CLP,Minnetonka,27013303,Hennepin,1763,1531,Tribune,"Syngenta Crop Protection, LLC",,PLM Lake and Land Management Corp.,6/1/2022,6/1/2022,23.4,7.5,2,2,gal/acre-ft,46.8,gal,65,65,7,7,W,60,,Y,0.5 Kammo Plus also applied at 0.2 Gallon per Acre
2018-0408,2022,CLP,Serpent,18009000,Crow Wing,1753,1517,Aquathol K,United Phosphorus Inc.,,PLM Lake and Land Management Corp.,6/1/2022,6/1/2022,13.7,9.1,1.09,1.09,gal/acre-ft,136,gal,60,60,5,10,W,66,,Y,
2022-0315,2022,CLP,Edward,18030500,Crow Wing,1789,1558,Aquathol K,United Phosphorus Inc.,,"Central Minnesota Aquatics, Inc.",6/1/2022,6/1/2022,16,17,1.5,1.5,ppm,160,gal,,,1,4,SSW,55,,Y,temperature 47-64
2017-1005,2022,CLP,Upper South Long,18009600,Crow Wing,1816,1674,Aquathol K,United Phosphorus Inc.,,PLM Lake and Land Management Corp.,6/1/2022,6/1/2022,4.4,8.4,1.46,1.46,gal/acre-ft,54,gal,61,61,0,5,WNW,62,,Y,
2017-1881,2022,CLP,Minnetonka,27013305,Hennepin,1512,1688,Tribune,"Syngenta Crop Protection, LLC",,PLM Lake and Land Management Corp.,6/1/2022,6/1/2022,25,5,2,2,gal/acre-ft,50,gal,65.8,65.8,3,3,NE,65.8,,Y,
2022-0347,2022,CLP,Minnetonka,27013305,Hennepin,1765,1533,Tribune,"Syngenta Crop Protection, LLC",,PLM Lake and Land Management Corp.,6/1/2022,6/1/2022,30.13,4,2,2,gal/acre-ft,60.26,gal,65,65,2,2,SE,61,,Y,
2022-0350,2022,EWM,Minnetonka,27013302,Hennepin,1772,1540,Tribune,"Syngenta Crop Protection, LLC",,PLM Lake and Land Management Corp.,6/1/2022,6/1/2022,52.3,4,2,2,gal/acre-ft,104.6,gal,65.8,65.8,3,3,E,64,,Y,0.5 Kammo Plus at 0.01 Gallon per Acre also applied
2017-1028,2022,EWM,George,2009100,Anoka,1309,2204,Tribune,"Syngenta Crop Protection, LLC",,Lake Restoration,5/27/2022,5/27/2022,17.32,5,2,2,gal/acre-ft,34.64,gal,60,61,0,0,,44,,Y,PAR 1/3
2017-1028,2022,EWM,George,2009100,Anoka,1309,2204,Tribune,"Syngenta Crop Protection, LLC",,Lake Restoration,5/27/2022,5/27/2022,11.63,5,2,2,gal/acre-ft,23.26,gal,60,61,0,0,,44,,Y,PAR 2/3
2017-1028,2022,EWM,George,2009100,Anoka,1309,2204,Tribune,"Syngenta Crop Protection, LLC",,Lake Restoration,5/27/2022,5/27/2022,8.7,5,2,2,gal/acre-ft,17.4,gal,60,61,0,0,,44,,Y,PAR 3/3
2020-0181,2022,CLP,Rice,2000800,Anoka,1745,1509,Tribune,"Syngenta Crop Protection, LLC",,Lake Restoration,5/27/2022,5/27/2022,28.7,9,1,1,gal/acre-ft,28.7,gal,63,63,0,0,,50,,Y,
2019-1303,2022,CLP,Shields,82016200,Washington,1817,1675,Aquathol K,United Phosphorus Inc.,,"Lake Management, Inc.",5/27/2022,5/27/2022,1.46,4,1.25,1.25,ppm,4.67,gal,,,4,5,NW,66,,Y,
2019-1303,2022,CLP,Shields,82016200,Washington,1817,1675,Aquathol K,United Phosphorus Inc.,,"Lake Management, Inc.",5/27/2022,5/27/2022,0.95,4,1.25,1.25,ppm,3,gal,,,4,5,NW,68,,Y,
2019-1303,2022,CLP,Shields,82016200,Washington,1817,1675,Aquathol K,United Phosphorus Inc.,,"Lake Management, Inc.",5/27/2022,5/27/2022,0.86,4,1.25,1.25,ppm,2.7,gal,,,4,5,NW,69,,Y,
2017-0389,2022,CLP,Sarah,27019101,Hennepin,1030,2175,Tribune,"Syngenta Crop Protection, LLC",,Aquatic Solutions of Minnesota,5/26/2022,5/26/2022,67.51,6,2,2,gal/acre-ft,119.385,gal,,,0,5,SW,,62,Y,PAR 1/2
2017-1036,2022,CLP,Marie,73001400,Stearns,1732,1496,Aquathol K,United Phosphorus Inc.,,PLM Lake and Land Management Corp.,5/26/2022,5/26/2022,14.3,7.7,0.6,0.6,gal/acre-ft,66,gal,60.3,60.3,0,5,N,54,,Y,
2017-0389,2022,CLP,Sarah,27019101,Hennepin,1734,1498,Aquathol K,United Phosphorus Inc.,,Aquatic Solutions of Minnesota,5/26/2022,5/26/2022,67.51,8,1,1,ppm,76.56,gal,,,0,5,E,,60,Y,PAR 2/2
2020-0141,2022,CLP,Upper Cullen,18037600,Crow Wing,1776,1544,Aquathol K,United Phosphorus Inc.,,"Clarke Aquatic Services, Inc.",5/26/2022,5/26/2022,3.7,7.9,1,1,ppm,18.8,gal,58,58,5,5,N,52,,Y,PAR 1/6
2020-0141,2022,CLP,Upper Cullen,18037600,Crow Wing,1776,1544,Aquathol K,United Phosphorus Inc.,,"Clarke Aquatic Services, Inc.",5/26/2022,5/26/2022,2.5,6.1,1,1,ppm,9.4,gal,58,58,5,5,N,52,,Y,PAR 2/6
2020-0141,2022,CLP,Upper Cullen,18037600,Crow Wing,1776,1544,Aquathol K,United Phosphorus Inc.,,"Clarke Aquatic Services, Inc.",5/26/2022,5/26/2022,1.3,7.5,1.5,1.5,ppm,9.4,gal,58,58,5,5,N,52,,Y,PAR 3/6
2020-0141,2022,CLP,Upper Cullen,18037600,Crow Wing,1776,1544,Aquathol K,United Phosphorus Inc.,,"Clarke Aquatic Services, Inc.",5/26/2022,5/26/2022,1.1,6.8,1.5,1.5,ppm,7.2,gal,58,58,5,5,N,52,,Y,PAR 4/6
2020-0141,2022,CLP,Upper Cullen,18037600,Crow Wing,1776,1544,Aquathol K,United Phosphorus Inc.,,"Clarke Aquatic Services, Inc.",5/26/2022,5/26/2022,3,6.8,1,1,ppm,13.1,gal,58,58,5,5,N,52,,Y,PAR 5/6
2020-0141,2022,CLP,Upper Cullen,18037600,Crow Wing,1776,1544,Aquathol K,United Phosphorus Inc.,,"Clarke Aquatic Services, Inc.",5/26/2022,5/26/2022,1.2,7.2,1.5,1.5,ppm,8.3,gal,58,58,5,5,N,52,,Y,PAR 6/6
2018-0672,2022,CLP,Julia,71014500,Sherburne,1820,1678,Aquathol K,United Phosphorus Inc.,,PLM Lake and Land Management Corp.,5/26/2022,5/26/2022,3.7,4.7,1.78,1.78,gal/acre-ft,31,gal,60.4,60.4,0,5,NE,53,,Y,
2018-0093,2022,CLP,Two Rivers,73013800,Stearns,1330,2208,Tribune,"Syngenta Crop Protection, LLC",,PLM Lake and Land Management Corp.,5/25/2022,5/25/2022,7.8,6,2,2,gal/acre-ft,15.6,gal,61,61,5,10,ENE,55,,Y,0.5 gallons of Cide-Kick 2.5 Gal. used at 0.06 Gallon per Acre
2018-0293,2022,EWM,Fannie,30004300,Isanti,1310,2205,Tribune,"Syngenta Crop Protection, LLC",,Lake Restoration,5/24/2022,5/24/2022,6.6,5,2,2,gal/acre-ft,13.29,gal,63,63,2,3,S,60,,Y,
2018-0293,2022,CLP,Fannie,30004300,Isanti,1310,2205,Aquathol K,United Phosphorus Inc.,,Lake Restoration,5/24/2022,5/24/2022,13.3,5,1,1,ppm,39.8,gal,63,63,2,3,S,60,,Y,
2021-0006,2022,CLP,Irene,21007600,Douglas,1718,1479,Galleon SC,SePro Corp.,,PLM Lake and Land Management Corp.,5/24/2022,5/24/2022,164,6.3,0.04,0.04,gal/acre-ft,42,gal,59,59,0,5,SE,60,,Y,
2019-1554,2022,CLP,Josephine,62005700,Ramsey,1764,1532,Galleon SC,SePro Corp.,,"Lake Management, Inc.",5/24/2022,5/24/2022,10,4,22.4,22.4,oz/acre-ft,7,qt,,,5,5,S,66,,Y,
2022-0180,2022,CLP,German,40006300,Le Sueur,1783,1551,Aquathol K,United Phosphorus Inc.,,"Lake Improvement Consulting, LLC.",5/24/2022,5/24/2022,12,10,0.75,0.75,ppm,54,gal,57,57,9,11,ESE,,,Y,PAR 1/2
,2023,CLP,Hadley,27010900,Hennepin,1398,1749,Sonar A.S.,SePro Corp.,,PLM Lake and Land Management Corp.,4/25/2023,4/25/2023,37,,0.0032,0.0032,gal/acre-ft,1,gal,44,44,6,10,NE,,,Y,
2022-0180,2022,CLP,German,40006300,Le Sueur,1783,1551,Aquathol K,United Phosphorus Inc.,,"Lake Improvement Consulting, LLC.",5/24/2022,5/24/2022,10.5,10,0.75,0.75,ppm,47.25,gal,60,60,11,14,ESE,,,Y,PAR 2/2
2017-0871,2022,CLP,Indian,86022300,Wright,970,2149,Aquathol K,United Phosphorus Inc.,,Aquatic Solutions of Minnesota,5/23/2022,5/23/2022,0.8,8.5,2.5,2.5,ppm,10.85,gal,,,0,4,SSE,,50,Y,PAR 1/3
2017-0871,2022,CLP,Indian,86022300,Wright,970,2149,Aquathol K,United Phosphorus Inc.,,Aquatic Solutions of Minnesota,5/23/2022,5/23/2022,1.2,7.5,2,2.5,ppm,11.5,gal,,,4,4,S,,50,Y,PAR 2/3
2017-0871,2022,CLP,Indian,86022300,Wright,970,2149,Aquathol K,United Phosphorus Inc.,,Aquatic Solutions of Minnesota,5/23/2022,5/23/2022,0.73,7,2.5,2.5,ppm,8.2,gal,,,3,3,S,,50,Y,PAR 3/3
2018-1132,2022,CLP,Chisago,13001200,Chisago,1544,2220,Aquathol K,United Phosphorus Inc.,,"Lake Management, Inc.",5/23/2022,5/23/2022,11,5,4,4,gal/acre-ft,44,gal,,,5,5,W,54,,Y,
2018-0787,2022,CLP,Roberds,66001800,Rice,1716,1477,Aquathol K,United Phosphorus Inc.,,"Midwest Aqua Care, Inc.",5/23/2022,5/23/2022,20,6,1,1,ppm,76,gal,60,60,5,5,NE,72,,Y,
2018-0395,2022,CLP,Limestone,86016300,Wright,1731,1495,Aquathol K,United Phosphorus Inc.,,Aquatic Solutions of Minnesota,5/23/2022,5/23/2022,2.5,4.5,1.5,1.5,ppm,10.7,gal,,,0,0,,,50,Y,
2018-0395,2022,CLP,Limestone,86016300,Wright,1731,1495,Aquathol K,United Phosphorus Inc.,,Aquatic Solutions of Minnesota,5/23/2022,5/23/2022,5.4,5,1,1,ppm,17.23,gal,,,0,0,,,50,Y,
2021-0466,2022,CLP,Rice,73019600,Stearns,1742,1506,Aquathol K,United Phosphorus Inc.,,PLM Lake and Land Management Corp.,5/23/2022,5/23/2022,16.4,7.6,1.11,1.11,gal/acre-ft,138,gal,60.7,60.7,0,5,SW,56,,Y,
2021-0312,2022,CLP,Preston,65000200,Renville,1784,1552,Aquathol K,United Phosphorus Inc.,,PLM Lake and Land Management Corp.,5/23/2022,5/23/2022,8,5,0.43,0.43,gal/acre-ft,17,gal,65,65,9,9,N,60,,Y,
2020-3342,2022,CLP,Florence,30003500,Isanti,1785,1553,Tribune,"Syngenta Crop Protection, LLC",,Lake Restoration,5/23/2022,5/23/2022,5,4.2,2,2,gal/acre-ft,10,gal,66,66,2,2,S,60,,Y,PAR 1/5
2020-3342,2022,CLP,Florence,30003500,Isanti,1785,1553,Tribune,"Syngenta Crop Protection, LLC",,Lake Restoration,5/23/2022,5/23/2022,1.7,5.6,2,2,gal/acre-ft,5.4,gal,64,64,2,2,S,60,,Y,PAR 2/5
2020-3342,2022,CLP,Florence,30003500,Isanti,1785,1553,Tribune,"Syngenta Crop Protection, LLC",,Lake Restoration,5/23/2022,5/23/2022,1.4,4.8,2,2,gal/acre-ft,2.8,gal,64,64,2,2,S,60,,Y,PAR 3/5
2020-3342,2022,CLP,Florence,30003500,Isanti,1785,1553,Tribune,"Syngenta Crop Protection, LLC",,Lake Restoration,5/23/2022,5/23/2022,3.53,6,2,2,gal/acre-ft,7.06,gal,63,63,2,2,S,60,,Y,PAR 4/5
2020-3342,2022,CLP,Florence,30003500,Isanti,1785,1553,Tribune,"Syngenta Crop Protection, LLC",,Lake Restoration,5/23/2022,5/23/2022,3.37,5.5,2,2,gal/acre-ft,6.74,gal,63,63,2,2,S,60,,Y,PAR 5/5
2018-0750,2022,CLP,Cedar,86022700,Wright,1849,2238,Tribune,"Syngenta Crop Protection, LLC",,PLM Lake and Land Management Corp.,5/23/2022,5/23/2022,7.6,5,2,2,gal/acre-ft,15.2,gal,61,61,0,5,SW,60,,Y,1.25 gal. Cide-Kick (2.5 gal) applied at 0.07 gallons per acre
2018-0750,2022,EWM,Cedar,86022700,Wright,1849,2238,Tribune,"Syngenta Crop Protection, LLC",,PLM Lake and Land Management Corp.,5/23/2022,5/23/2022,7.6,5,2,2,gal/acre-ft,15.2,gal,61,61,0,5,SW,60,,Y,1.25 gal. Cide-Kick (2.5 gal) applied at 0.07 gallons per acre
2017-365,2022,CLP,Long,47017700,Meeker,1717,1478,Tribune,"Syngenta Crop Protection, LLC",,Aquatic Solutions of Minnesota,5/22/2022,5/22/2022,7.2,4.3,0.25,0.25,gal/acre-ft,7.75,gal,,,7,8,NW,,55,Y,PAR 1/4
2017-365,2022,CLP,Long,47017700,Meeker,1717,1478,Tribune,"Syngenta Crop Protection, LLC",,Aquatic Solutions of Minnesota,5/22/2022,5/22/2022,13.68,4,0.25,0.25,gal/acre-ft,13,gal,,,7,8,NW,,55,Y,PAR 2/4
2022-0272,2022,CLP,Pioneer,13003400,Chisago,,,Diquat Herbicide,"Alligare, LLC",,"Lake Management, Inc.",5/23/2022,5/23/2022,4,4,2,2,gal/acre,8,gal,,,4,4,SW,61,,Y,PAR 1/3
2022-0272,2022,CLP,Pioneer,13003400,Chisago,,,Diquat Herbicide,"Alligare, LLC",,"Lake Management, Inc.",5/23/2022,5/23/2022,4.8,4,2,2,gal/acre,9.6,gal,,,4,4,SW,61,,Y,PAR 2/3
2022-0272,2022,CLP,Pioneer,13003400,Chisago,,,Diquat Herbicide,"Alligare, LLC",,"Lake Management, Inc.",5/23/2022,5/23/2022,2.2,4,2,2,gal/acre,4.4,gal,,,4,4,SW,61,,Y,PAR 3/3
2017-365,2022,CLP,Long,47017700,Meeker,1717,1478,Tribune,"Syngenta Crop Protection, LLC",,Aquatic Solutions of Minnesota,5/22/2022,5/22/2022,14.74,3.8,0.25,0.25,gal/acre-ft,14,gal,,,7,8,NW,,55,Y,PAR 3/4
2017-365,2022,CLP,Long,47017700,Meeker,1717,1478,Tribune,"Syngenta Crop Protection, LLC",,Aquatic Solutions of Minnesota,5/22/2022,5/22/2022,8,5,0.25,0.25,gal/acre-ft,10,gal,,,7,8,NW,,55,Y,PAR 4/4
2017-0663,2022,CLP,Brooks,86026400,Wright,,,Aquathol K,United Phosphorus Inc.,,Aquatic Solutions of Minnesota,5/22/2022,5/22/2022,2,7.5,1.5,1.5,ppm,14.36,gal,,,5,5,NW,,52,Y,PAR 1/2
2017-0663,2022,CLP,Brooks,86026400,Wright,,,Aquathol K,United Phosphorus Inc.,,Aquatic Solutions of Minnesota,5/22/2022,5/22/2022,3.12,7.5,1.5,1.5,ppm,22.4,gal,,,5,5,NW,,55,Y,PAR 2/2
2017-0109,2022,CLP,Upper Sakatah,40000200,Le Sueur,1795,2381,Aquathol K,United Phosphorus Inc.,,"Lake Improvement Consulting, LLC.",5/20/2022,5/20/2022,16.7,4,1,1,ppm,40,gal,,,9,11,WSW,,,Y,temp 58-64F
2017-1707,2022,CLP,Mayo,18040800,Crow Wing,444,2640,Aquathol K,United Phosphorus Inc.,,PLM Lake and Land Management Corp.,5/19/2022,5/19/2022,9.6,5,1.1,1.1,gal/acre-ft,53,gal,62,62,0,5,SW,52,,Y,
2018-0912,2022,CLP,Bass,86023400,Wright,,,Aquathol K,United Phosphorus Inc.,,Lake Restoration,5/19/2022,5/19/2022,1.7,6.7,3,3,ppm,20.5,gal,63,63,0,0,,60,,Y,"PAR 1/2, wind direction calm"
2019-1061,2022,CLP,Upper Prior,70007200,Scott,1811,1669,Tribune,"Syngenta Crop Protection, LLC",,PLM Lake and Land Management Corp.,5/19/2022,5/19/2022,7.28,7,2,2,gal/acre-ft,14.56,gal,67,67,5,5,E,55,,Y,
2018-0912,2022,CLP,Bass,86023400,Wright,,,Aquathol K,United Phosphorus Inc.,,Lake Restoration,5/19/2022,5/19/2022,0.8,2,3,3,ppm,2.88,gal,65,65,0,0,,60,,Y,"PAR 2/2, wind direction calm"
2022-0176,2022,CLP,Circle,66002700,Rice,1844,2233,Aquathol K,United Phosphorus Inc.,,"Lake Management, Inc.",5/18/2022,5/18/2022,17.2,5,5,5,gal/acre-ft,86,gal,,,3,3,SE,64,,Y,
2017-0512,2022,CLP,Jefferson,40009204,Le Sueur,1847,2236,Aquathol K,United Phosphorus Inc.,,"Lake Improvement Consulting, LLC.",5/18/2022,5/18/2022,27.6,4,1,2,ppm,75.2,gal,67,74,2,12,ENE,,,Y,
2022-0400,2022,CLP,Peltier,2000400,Anoka,1744,1508,Diquat Herbicide,"Alligare, LLC",,"Lake Management, Inc.",5/17/2022,5/17/2022,36.51,2,2,2,gal/acre-ft,72.88,gal,,,5,6,E,67,,Y,
2022-0400,2022,CLP,Peltier,2000400,Anoka,,,Tribune,"Syngenta Crop Protection, LLC",,"Lake Management, Inc.",5/16/2023,5/16/2023,13.66,5,2,2,gal/acre-ft,27.32,gal,,,4,4,SW,75,,Y,PAR 1/3
2022-0400,2022,CLP,Peltier,2000400,Anoka,,,Tribune,"Syngenta Crop Protection, LLC",,"Lake Management, Inc.",5/16/2023,5/16/2023,10.04,5,2,2,gal/acre-ft,20.08,gal,,,,,SW,76,,Y,PAR 2/3
2022-0400,2022,CLP,Peltier,2000400,Anoka,,,Tribune,"Syngenta Crop Protection, LLC",,"Lake Management, Inc.",5/16/2023,5/16/2023,9.08,5,2,2,gal/acre-ft,18.16,gal,,,3,3,SW,77,,Y,PAR 3/3
2017-0407,2022,CLP,Lucy,10000700,Carver,1769,1537,Tribune,"Syngenta Crop Protection, LLC",,"Midwest Aqua Care, Inc.",5/17/2022,5/17/2022,7.7,4,2,2,ppm,15.4,gal,60,60,1,9,NW,74,,Y,
2018-0670,2023,CLP,Briggs,71014600,Sherburne,287,2480,Aquathol K,United Phosphorus Inc.,,PLM Lake and Land Management Corp.,5/23/2023,5/23/2023,25.3,4,1.1561,1.1561,gal/acre-ft,117,gal,64,64,0,5,SSW,75,,Y,
,2023,CLP,Rush,71014700,Sherburne,288,2481,Aquathol K,United Phosphorus Inc.,,PLM Lake and Land Management Corp.,5/23/2023,5/23/2023,12.7,,0.6245,0.6245,gal/acre-ft,,,65,65,6,10,SSW,,,Y,
2021-0081,2022,CLP,Wilhelm,86002000,Wright,1782,1550,Aquathol K,United Phosphorus Inc.,,Aquatic Solutions of Minnesota,5/17/2022,5/17/2022,1.83,3.5,1.85,1.85,ppm,5.16,gal,,,5,5,NE,,74,Y,
2021-0081,2022,CLP,Wilhelm,86002000,Wright,1782,1550,Aquathol K,United Phosphorus Inc.,,Aquatic Solutions of Minnesota,5/17/2022,5/17/2022,1.14,3.5,1,1,ppm,2.64,gal,,,5,5,NE,,73,Y,
2021-0081,2022,CLP,Wilhelm,86002000,Wright,1782,1550,Aquathol K,United Phosphorus Inc.,,Aquatic Solutions of Minnesota,5/17/2022,5/17/2022,7.67,3,1,1,ppm,14.7,gal,,,5,5,NE,,73,Y,
2020-0903,2022,CLP,Centerville,2000600,Anoka,1846,2235,Diquat Herbicide,"Alligare, LLC",,"Lake Management, Inc.",5/17/2022,5/17/2022,40.76,2,2,2,gal/acre,81.4,gal,,,5,6,E,60,,Y,
,2023,EWM,Rush,13006902,Chisago,322,2515,Semera,"Atticus, LLC",,PLM Lake and Land Management Corp.,5/31/2023,5/31/2023,32.68,,0.7,0.7,lbs/acre-ft,,,74.2,74.2,0,5,SSW,,,Y,
2017-0892,2022,CLP,Beebe,86002300,Wright,,,Aquathol K,United Phosphorus Inc.,,Aquatic Solutions of Minnesota,5/17/2022,5/17/2022,3.46,6.5,1.75,1.75,ppm,25.11,gal,,,5,5,NE,,72,Y,PAR 1/3
2017-0892,2022,CLP,Beebe,86002300,Wright,,,Aquathol K,United Phosphorus Inc.,,Aquatic Solutions of Minnesota,5/17/2022,5/17/2022,0.8,7,2,2,ppm,7.2,gal,,,5,5,NE,,72,Y,PAR 2/3
2017-0892,2022,CLP,Beebe,86002300,Wright,,,Aquathol K,United Phosphorus Inc.,,Aquatic Solutions of Minnesota,5/17/2022,5/17/2022,10.13,7.5,1,1,ppm,48.5,gal,,,5,5,NE,,72,Y,PAR 3/3
,2023,CLP,Rush,13006902,Chisago,322,2515,Semera,"Atticus, LLC",,PLM Lake and Land Management Corp.,5/31/2023,5/31/2023,32.68,,0.7,0.7,lbs/acre-ft,,,74.2,74.2,0,5,SSW,,,Y,
2017-0857,2022,SSW,Medicine,27010400,Hennepin,445,2641,Tribune,"Syngenta Crop Protection, LLC",,PLM Lake and Land Management Corp.,5/16/2022,5/16/2022,119.5,7,1.22,1.22,gal/acre,146.28,gal,62,62,5,7,NNE,63,,Y,PAR 1/3
2017-0857,2022,SSW,Medicine,27010400,Hennepin,445,2641,Kammo Plus,"Helena Agri-Enterprises, LLC",,PLM Lake and Land Management Corp.,5/16/2022,5/16/2022,119.5,7,0.01,0.01,gal/acre,1,gal,62,62,5,7,NNE,63,,Y,PAR 2/3
2017-0857,2022,SSW,Medicine,27010400,Hennepin,445,2641,Galleon SC,SePro Corp.,,PLM Lake and Land Management Corp.,5/16/2022,5/16/2022,119.5,7,0.01,0.01,gal/acre-ft,6.43,gal,62,62,5,7,NNE,63,,Y,PAR 3/3
,2022,CLP,Cleary,70002200,Scott,740,2138,Sonar A.S.,SePro Corp.,,PLM Lake and Land Management Corp.,5/11/2022,5/11/2022,144.75,,,,,0.6,gal,55,55,10,10,W,,,Y,
2021-0483,2022,CLP,Martha,86000900,Wright,1759,1523,Aquathol K,United Phosphorus Inc.,,Aquatic Solutions of Minnesota,5/11/2022,5/11/2022,3,8,1.778,1.778,ppm,27.22,gal,,,6,6,NE,,60,Y,PAR 1/2
2021-0483,2022,CLP,Martha,86000900,Wright,1759,1523,Aquathol K,United Phosphorus Inc.,,Aquatic Solutions of Minnesota,5/11/2022,5/11/2022,7,7.5,1.778,1.778,ppm,59.55,gal,,,6,6,NE,,60,Y,PAR 2/2
2022-0385,2022,CLP,Staring,27007800,Hennepin,1806,1663,Sonar A.S.,SePro Corp.,,PLM Lake and Land Management Corp.,5/11/2022,5/11/2022,155,5,0.004,0.004,gal/acre-ft,3.2,gal,55,55,9,9,W,72,,Y,
2017-1043,2022,CLP,Minnetonka,27013304,Hennepin,1509,1685,Sonar A.S.,SePro Corp.,,PLM Lake and Land Management Corp.,5/11/2022,5/11/2022,160,4.8,0.01,0.01,gal/acre-ft,4.39,gal,58,58,3,3,E,74,,Y,
2018-0117,2022,CLP,Winsted,43001200,McLeod,1705,1394,Aquathol K,United Phosphorus Inc.,,Aquatic Solutions of Minnesota,5/10/2022,5/10/2022,1.4,2.5,2,2,ppm,4.5,gal,,,2,2,NW,,55,Y,PAR 1/3
2018-0117,2022,CLP,Winsted,43001200,McLeod,1705,1394,Aquathol K,United Phosphorus Inc.,,Aquatic Solutions of Minnesota,5/10/2022,5/10/2022,9.1,4.5,1,1,ppm,26.1,gal,,,,,,,55,Y,PAR 2/3
2018-0117,2022,CLP,Winsted,43001200,McLeod,1705,1394,Aquathol K,United Phosphorus Inc.,,Aquatic Solutions of Minnesota,5/10/2022,5/10/2022,2.3,5,1.5,1.5,ppm,11,gal,,,,,,,55,Y,PAR 3/3
2017-1306,2022,CLP,Cedar,66005200,Rice,,,Aquathol K,United Phosphorus Inc.,,Lakescapes LLC,5/10/2022,5/10/2022,13.2,5,0.75,0.75,ppm,29.7,gal,,,5,5,SE,,58,Y,PAR 1/3
2017-1306,2022,CLP,Cedar,66005200,Rice,,,Aquathol K,United Phosphorus Inc.,,Lakescapes LLC,5/10/2022,5/10/2022,13.2,4,0.75,0.75,ppm,23.76,gal,,,5,5,SE,,58,Y,PAR 2/3
,2023,EWM,Sarah,27019101,Hennepin,294,2487,Tribune,"Syngenta Crop Protection, LLC",,Aquatic Solutions of Minnesota,6/23/2023,6/23/2023,0.5,,0.25,0.25,gal/acre-ft,0.425,gal,,,0,0,,,,Y,PAR 2/6 in 2023.
,2023,EWM,Sarah,27019101,Hennepin,295,2488,Tribune,"Syngenta Crop Protection, LLC",,Aquatic Solutions of Minnesota,6/23/2023,6/23/2023,0.9,,0.5,0.5,gal/acre-ft,1.98,gal,,,0,0,,,,Y,PAR 3/6 in 2023.
,2023,EWM,Sarah,27019101,Hennepin,296,2489,Tribune,"Syngenta Crop Protection, LLC",,Aquatic Solutions of Minnesota,6/23/2023,6/23/2023,2.6,,0.5,0.5,gal/acre-ft,3.51,gal,,,0,0,,,,Y,PAR 4/6 in 2023.
,2023,EWM,Sarah,27019101,Hennepin,297,2490,Tribune,"Syngenta Crop Protection, LLC",,Aquatic Solutions of Minnesota,6/23/2023,6/23/2023,2,,0.5,0.5,gal/acre-ft,4.3,gal,,,0,0,,,,Y,PAR 5/6 in 2023.
,2023,EWM,Sarah,27019101,Hennepin,298,2491,Tribune,"Syngenta Crop Protection, LLC",,Aquatic Solutions of Minnesota,6/23/2023,6/23/2023,1.8,,0.5,0.5,gal/acre-ft,4.77,gal,,,0,0,,,,Y,PAR 6/6 in 2023.
,2023,EWM,Sarah,27019101,Hennepin,1420,1775,Tribune,"Syngenta Crop Protection, LLC",,Aquatic Solutions of Minnesota,6/23/2023,6/23/2023,2.6,,0.5,0.5,gal/acre-ft,3.38,gal,,,0,0,,,,Y,PAR 1/6 in 2023.
,2023,CLP,Sarah,27019101,Hennepin,294,2487,Tribune,"Syngenta Crop Protection, LLC",,Aquatic Solutions of Minnesota,6/23/2023,6/23/2023,0.5,,0.25,0.25,gal/acre-ft,0.425,gal,,,0,0,,,,Y,PAR 2/6 in 2023.
,2023,CLP,Sarah,27019101,Hennepin,295,2488,Tribune,"Syngenta Crop Protection, LLC",,Aquatic Solutions of Minnesota,6/23/2023,6/23/2023,0.9,,0.5,0.5,gal/acre-ft,1.98,gal,,,0,0,,,,Y,PAR 3/6 in 2023.
,2023,CLP,Sarah,27019101,Hennepin,296,2489,Tribune,"Syngenta Crop Protection, LLC",,Aquatic Solutions of Minnesota,6/23/2023,6/23/2023,2.6,,0.5,0.5,gal/acre-ft,3.51,gal,,,0,0,,,,Y,PAR 4/6 in 2023.
,2023,CLP,Sarah,27019101,Hennepin,297,2490,Tribune,"Syngenta Crop Protection, LLC",,Aquatic Solutions of Minnesota,6/23/2023,6/23/2023,2,,0.5,0.5,gal/acre-ft,4.3,gal,,,0,0,,,,Y,PAR 5/6 in 2023.
,2023,CLP,Sarah,27019101,Hennepin,298,2491,Tribune,"Syngenta Crop Protection, LLC",,Aquatic Solutions of Minnesota,6/23/2023,6/23/2023,1.8,,0.5,0.5,gal/acre-ft,4.77,gal,,,0,0,,,,Y,PAR 6/6 in 2023.
,2023,CLP,Sarah,27019101,Hennepin,1420,1775,Tribune,"Syngenta Crop Protection, LLC",,Aquatic Solutions of Minnesota,6/23/2023,6/23/2023,2.6,,0.5,0.5,gal/acre-ft,3.38,gal,,,0,0,,,,Y,PAR 1/6 in 2023.
2017-1500,2023,EWM,Ballantyne,7005400,Blue Earth,,,"2,4-D Amine","Alligare, LLC",,Lakescapes LLC,6/27/2023,6/27/2023,0.6,4,2,2,ppm,3.4,gal,,,0,0,,,75,Y,PAR 1/4
2017-1500,2023,EWM,Ballantyne,7005400,Blue Earth,,,"2,4-D Amine","Alligare, LLC",,Lakescapes LLC,6/27/2023,6/27/2023,4.3,5,2,2,ppm,30.53,gal,,,0,0,,,75,Y,PAR 2/4
2017-1500,2023,EWM,Ballantyne,7005400,Blue Earth,,,"2,4-D Amine","Alligare, LLC",,Lakescapes LLC,6/27/2023,6/27/2023,2.4,4,2,2,ppm,13.63,gal,,,0,0,,,75,Y,PAR 3/4
2017-1500,2023,EWM,Ballantyne,7005400,Blue Earth,,,"2,4-D Amine","Alligare, LLC",,Lakescapes LLC,6/27/2023,6/27/2023,3.3,4,2,2,ppm,18.74,gal,,,0,0,,,75,Y,PAR 4/4
2017-1032,2023,EWM,Charlotte,86001100,Wright,321,2514,ProcellaCOR EC,SePro Corp.,,PLM Lake and Land Management Corp.,6/28/2023,6/28/2023,11,5.175,17.1517,17.1517,oz/acre-ft,976.36,oz,76.6,76.6,8,8,S,72,,Y,
2017-1306,2022,CLP,Cedar,66005200,Rice,,,Aquathol K,United Phosphorus Inc.,,Lakescapes LLC,5/10/2022,5/10/2022,8.6,5,0.75,0.75,ppm,19.34,gal,,,5,5,SE,,58,Y,PAR 2/3
,2023,EWM,Pleasant,86025100,Wright,1418,1773,Mizzen,"Lake Restoration, Inc.",,Lake Restoration,7/21/2023,7/21/2023,1,,3.4,3.4,gal/acre-ft,10.2,gal,74,75,3,3,S,,,Y,
,2023,SSW,Pleasant,86025100,Wright,1418,1773,Mizzen,"Lake Restoration, Inc.",,Lake Restoration,7/21/2023,7/21/2023,1,,3.4,3.4,gal/acre-ft,10.2,gal,74,75,3,3,S,,,Y,
,2023,CLP,Pleasant,86025100,Wright,1418,1773,Mizzen,"Lake Restoration, Inc.",,Lake Restoration,7/21/2023,7/21/2023,1,,3.4,3.4,gal/acre-ft,10.2,gal,74,75,3,3,S,,,Y,
,2023,EWM,Rush,13006902,Chisago,323,2516,ProcellaCOR EC,SePro Corp.,,PLM Lake and Land Management Corp.,8/9/2023,8/9/2023,6.05,,12.9917,12.9917,oz/acre-ft,,,78.6,78.6,0,5,,,,Y,
,2023,CLP,Rush,13006902,Chisago,323,2516,ProcellaCOR EC,SePro Corp.,,PLM Lake and Land Management Corp.,8/9/2023,8/9/2023,6.05,,12.9917,12.9917,oz/acre-ft,,,78.6,78.6,0,5,,,,Y,
,2023,CLP,La,82009700,Washington,326,2519,Sonar A.S.,SePro Corp.,,PLM Lake and Land Management Corp.,11/2/2023,11/2/2023,45,,0.0167,0.0167,gal/acre-ft,,,35,35,0,0,,,,Y,
,2023,CLP,La,82009700,Washington,327,2520,Sonar A.S.,SePro Corp.,,PLM Lake and Land Management Corp.,4/2/2024,4/2/2024,45,,0.0042,0.0042,gal/acre-ft,,,43,43,0,5,S,,,Y,
2017-0522,2024,CLP,Hyland,27004800,Hennepin,,,Sonar A.S.,SePro Corp.,,PLM Lake and Land Management Corp.,4/2/2024,4/2/2024,37,4.35,0.005,0.005,gal/acre-ft,0.8,gal,40,40,6,10,N,35,,Y,PAR 1/2
,2023,CLP,Hadley,27010900,Hennepin,265,2457,Sonar A.S.,SePro Corp.,,PLM Lake and Land Management Corp.,4/3/2024,4/3/2024,37,,0.0032,0.0032,gal/acre-ft,,,42,42,19,19,N,,,Y,
,2024,CLP,Rice,2000800,Anoka,268,2460,Dibrox,"Lake Restoration, Inc.",,Lake Restoration,4/9/2024,4/9/2024,13.5,,1,1,gal/acre-ft,13.5,gal,48,48,7,7,SW,,,Y,
,2024,EWM,Minnewashta,10000900,Carver,226,2401,Dibrox,"Lake Restoration, Inc.",,Lake Restoration,4/10/2024,4/10/2024,2.47,,2,2,gal/acre-ft,4.94,gal,48,48,5,5,SW,,,Y,
,2024,EWM,Minnewashta,10000900,Carver,227,2402,Dibrox,"Lake Restoration, Inc.",,Lake Restoration,4/10/2024,4/10/2024,3.51,,2,2,gal/acre-ft,7.02,gal,47,47,4,4,SW,,,Y,
,2024,EWM,Minnewashta,10000900,Carver,228,2403,Dibrox,"Lake Restoration, Inc.",,Lake Restoration,4/10/2024,4/10/2024,8.84,,2,2,gal/acre-ft,17.68,gal,47,47,3,3,SW,,,Y,
,2024,EWM,Minnewashta,10000900,Carver,229,2404,Dibrox,"Lake Restoration, Inc.",,Lake Restoration,4/10/2024,4/10/2024,1,,2,2,gal/acre-ft,2,gal,47,47,2,2,SW,,,Y,
,2024,EWM,Minnewashta,10000900,Carver,230,2405,Dibrox,"Lake Restoration, Inc.",,Lake Restoration,4/10/2024,4/10/2024,9.46,,2,2,gal/acre-ft,18.92,gal,47,47,5,5,SW,,,Y,
,2024,EWM,Minnewashta,10000900,Carver,231,2406,Dibrox,"Lake Restoration, Inc.",,Lake Restoration,4/10/2024,4/10/2024,5.96,,2,2,gal/acre-ft,11.92,gal,47,47,5,5,SW,,,Y,
,2024,EWM,Minnewashta,10000900,Carver,232,2407,Dibrox,"Lake Restoration, Inc.",,Lake Restoration,4/10/2024,4/10/2024,5.71,,2,2,gal/acre-ft,11.42,gal,,,7,7,SW,,,Y,No water temp recorded at this site
,2024,EWM,Minnewashta,10000900,Carver,233,2408,Dibrox,"Lake Restoration, Inc.",,Lake Restoration,4/10/2024,4/10/2024,2.29,,2,2,gal/acre-ft,4.58,gal,47,47,5,5,SW,,,Y,
,2024,CLP,Minnewashta,10000900,Carver,226,2401,Dibrox,"Lake Restoration, Inc.",,Lake Restoration,4/10/2024,4/10/2024,2.47,,2,2,gal/acre-ft,4.94,gal,48,48,5,5,SW,,,Y,
,2024,CLP,Minnewashta,10000900,Carver,227,2402,Dibrox,"Lake Restoration, Inc.",,Lake Restoration,4/10/2024,4/10/2024,3.51,,2,2,gal/acre-ft,7.02,gal,47,47,4,4,SW,,,Y,
,2024,CLP,Minnewashta,10000900,Carver,228,2403,Dibrox,"Lake Restoration, Inc.",,Lake Restoration,4/10/2024,4/10/2024,8.84,,2,2,gal/acre-ft,17.68,gal,47,47,3,3,SW,,,Y,
,2024,CLP,Minnewashta,10000900,Carver,229,2404,Dibrox,"Lake Restoration, Inc.",,Lake Restoration,4/10/2024,4/10/2024,1,,2,2,gal/acre-ft,2,gal,47,47,2,2,SW,,,Y,
,2024,CLP,Minnewashta,10000900,Carver,230,2405,Dibrox,"Lake Restoration, Inc.",,Lake Restoration,4/10/2024,4/10/2024,9.46,,2,2,gal/acre-ft,18.92,gal,47,47,5,5,SW,,,Y,
,2024,CLP,Minnewashta,10000900,Carver,231,2406,Dibrox,"Lake Restoration, Inc.",,Lake Restoration,4/10/2024,4/10/2024,5.96,,2,2,gal/acre-ft,11.92,gal,47,47,5,5,SW,,,Y,
,2024,CLP,Minnewashta,10000900,Carver,232,2407,Dibrox,"Lake Restoration, Inc.",,Lake Restoration,4/10/2024,4/10/2024,5.71,,2,2,gal/acre-ft,11.42,gal,,,7,7,SW,,,Y,No water temp recorded at this site
,2024,CLP,Minnewashta,10000900,Carver,233,2408,Dibrox,"Lake Restoration, Inc.",,Lake Restoration,4/10/2024,4/10/2024,2.29,,2,2,gal/acre-ft,4.58,gal,47,47,5,5,SW,,,Y,
,2024,CLP,Minnewashta,10000900,Carver,1918,2399,Dibrox,"Lake Restoration, Inc.",,Lake Restoration,4/10/2024,4/10/2024,2.19,,2,2,gal/acre-ft,4.38,gal,48,48,4,4,SW,,,Y,Cost includes 10 application sites; all sites have the same date (this record is 1/10).
,2024,CLP,Minnewashta,10000900,Carver,1919,2400,Dibrox,"Lake Restoration, Inc.",,Lake Restoration,4/10/2024,4/10/2024,0.87,,2,2,gal/acre-ft,1.74,gal,48,48,4,4,SW,,,Y,
,2024,EWM,Minnewashta,10000900,Carver,1918,2399,Dibrox,"Lake Restoration, Inc.",,Lake Restoration,4/10/2024,4/10/2024,2.19,,2,2,gal/acre-ft,4.38,gal,48,48,4,4,SW,,,Y,Cost includes 10 application sites; all sites have the same date (this record is 1/10).
,2024,EWM,Minnewashta,10000900,Carver,1919,2400,Dibrox,"Lake Restoration, Inc.",,Lake Restoration,4/10/2024,4/10/2024,0.87,,2,2,gal/acre-ft,1.74,gal,48,48,4,4,SW,,,Y,
2018-3528,2024,EWM,Crooked,2008400,Anoka,,,Sonar A.S.,SePro Corp.,,PLM Lake and Land Management Corp.,4/11/2024,4/11/2024,115,5.53,0.001,0.001,gal/acre-ft,0.65,gal,51.3,51.3,7,7,NW,51,,Y,Initial treatment; followed by bump treatment.
,2024,CLP,Wilhelm,86002000,Wright,290,2483,Aquathol K,United Phosphorus Inc.,,Aquatic Solutions of Minnesota,4/14/2024,4/14/2024,1.14,,1,1,ppm,2.64,gal,,,8,8,NW,,,Y,PAR 1/3
,2024,CLP,Wilhelm,86002000,Wright,291,2484,Aquathol K,United Phosphorus Inc.,,Aquatic Solutions of Minnesota,4/14/2024,4/14/2024,1.8,,1.8,1.8,ppm,5.16,gal,,,8,8,NW,,,Y,PAR 2/3
,2024,CLP,Wilhelm,86002000,Wright,292,2485,Aquathol K,United Phosphorus Inc.,,Aquatic Solutions of Minnesota,4/14/2024,4/14/2024,7.67,,1,1,ppm,14.7,gal,,,8,8,NW,,,Y,PAR 3/3
2020-0903,2024,CLP,Centerville,2000600,Anoka,308,2501,Diquat Herbicide,"Alligare, LLC",,"Lake Management, Inc.",4/15/2024,4/15/2024,26.83,4,2,2,gal/acre,53.66,gal,,,9,9,ENE,58,,Y,PAR 1/2.
2020-0903,2024,CLP,Centerville,2000600,Anoka,309,2502,Diquat Herbicide,"Alligare, LLC",,"Lake Management, Inc.",4/15/2024,4/15/2024,15.66,4,2,2,gal/acre,31.32,gal,,,9,9,ENE,60,,Y,PAR 2/2
,2024,EWM,North Center,13003200,Chisago,251,2446,Aquathol K,United Phosphorus Inc.,,"Lake Management, Inc.",4/24/2024,4/24/2024,1.87,,3.2,3.2,gal/acre-ft,5.9,gal,,,6,6,S,,,Y,PAR 1/5
,2024,EWM,North Center,13003200,Chisago,252,2447,Aquathol K,United Phosphorus Inc.,,"Lake Management, Inc.",4/24/2024,4/24/2024,8.89,,3.2,3.2,gal/acre-ft,28.4,gal,,,5,5,S,,,Y,PAR 2/5
,2024,EWM,North Center,13003200,Chisago,253,2448,Aquathol K,United Phosphorus Inc.,,"Lake Management, Inc.",4/24/2024,4/24/2024,2.51,,3.2,3.2,gal/acre-ft,8,gal,,,6,6,S,,,Y,PAR 3/5
,2024,EWM,North Center,13003200,Chisago,254,2449,Aquathol K,United Phosphorus Inc.,,"Lake Management, Inc.",4/24/2024,4/24/2024,2.55,,3.2,3.2,gal/acre-ft,8.1,gal,,,5,5,S,,,Y,PAR 4/5
,2024,EWM,North Center,13003200,Chisago,255,2450,Aquathol K,United Phosphorus Inc.,,"Lake Management, Inc.",4/24/2024,4/24/2024,5.43,,3.2,3.2,gal/acre-ft,17.3,gal,,,6,6,S,,,Y,PAR 5/5
,2024,CLP,North Brown's,73014700,Stearns,234,2409,Semera,"Atticus, LLC",,Lake Restoration,4/24/2024,4/24/2024,11.6,,10.6,10.6,oz/acre-ft,676.28,oz,49,49,6,6,E,,,Y,
,2024,CLP,North Brown's,73014700,Stearns,235,2410,Semera,"Atticus, LLC",,Lake Restoration,4/24/2024,4/24/2024,2.4,,12.72,12.72,oz/acre-ft,183.168,oz,49,49,5,5,W,,,Y,
,2024,CLP,North Brown's,73014700,Stearns,236,2411,Semera,"Atticus, LLC",,Lake Restoration,4/24/2024,4/24/2024,4,,12.72,12.72,oz/acre-ft,305.28,oz,49,49,5,5,W,,,Y,
2017-0742,2024,CLP,Diamond,27012500,Hennepin,,,Tribune,"Syngenta Crop Protection, LLC",,PLM Lake and Land Management Corp.,4/24/2024,4/24/2024,59.7,4.1175,1.8866,1.8866,gal/acre-ft,112.63,gal,54.3,54.3,0,5,ESE,52,,Y,
,2024,CLP,North Center,13003200,Chisago,251,2446,Aquathol K,United Phosphorus Inc.,,"Lake Management, Inc.",4/24/2024,4/24/2024,1.87,,3.2,3.2,gal/acre-ft,5.9,gal,,,6,6,S,,,Y,PAR 1/5
,2024,CLP,North Center,13003200,Chisago,252,2447,Aquathol K,United Phosphorus Inc.,,"Lake Management, Inc.",4/24/2024,4/24/2024,8.89,,3.2,3.2,gal/acre-ft,28.4,gal,,,5,5,S,,,Y,PAR 2/5
,2024,CLP,North Center,13003200,Chisago,253,2448,Aquathol K,United Phosphorus Inc.,,"Lake Management, Inc.",4/24/2024,4/24/2024,2.51,,3.2,3.2,gal/acre-ft,8,gal,,,6,6,S,,,Y,PAR 3/5
,2024,CLP,North Center,13003200,Chisago,254,2449,Aquathol K,United Phosphorus Inc.,,"Lake Management, Inc.",4/24/2024,4/24/2024,2.55,,3.2,3.2,gal/acre-ft,8.1,gal,,,5,5,S,,,Y,PAR 4/5
,2024,CLP,North Center,13003200,Chisago,255,2450,Aquathol K,United Phosphorus Inc.,,"Lake Management, Inc.",4/24/2024,4/24/2024,5.43,,3.2,3.2,gal/acre-ft,17.3,gal,,,6,6,S,,,Y,PAR 5/5
2017-0663,2024,CLP,Brooks,86026400,Wright,,,Aquathol K,United Phosphorus Inc.,,Aquatic Solutions of Minnesota,4/24/2024,4/24/2024,3.12,7.5,1.5,1.5,ppm,22.4,gal,,,5,5,SE,,37,Y,PAR 1/3
2017-0663,2024,CLP,Brooks,86026400,Wright,,,Aquathol K,United Phosphorus Inc.,,Aquatic Solutions of Minnesota,4/24/2024,4/24/2024,2,7.5,1.5,1.5,ppm,14.36,gal,,,4,4,SE,,37,Y,PAR 2/3
2017-0663,2024,CLP,Brooks,86026400,Wright,,,Aquathol K,United Phosphorus Inc.,,Aquatic Solutions of Minnesota,4/24/2024,4/24/2024,2,8,1.5,1.5,ppm,15.31,gal,,,5,5,SE,,37,Y,PAR 3/3
2018-0668,2024,CLP,Grand,73005500,Stearns,,,Aquathol K,United Phosphorus Inc.,,Aquatic Solutions of Minnesota,4/24/2024,4/24/2024,2.3,8,1.5,1.5,ppm,17.6088,gal,,,5,5,SW,,61,Y,PAR 1/7
2018-0668,2024,CLP,Grand,73005500,Stearns,,,Aquathol K,United Phosphorus Inc.,,Aquatic Solutions of Minnesota,4/24/2024,4/24/2024,3.5,6.5,1.5,1.5,ppm,21.77,gal,,,5,5,SW,,61,Y,PAR 2/7
2018-0668,2024,CLP,Grand,73005500,Stearns,,,Aquathol K,United Phosphorus Inc.,,Aquatic Solutions of Minnesota,4/24/2024,4/24/2024,4.7,8,1,1,ppm,23.99,gal,,,5,5,SW,,61,Y,PAR 3/7
2018-0668,2024,CLP,Grand,73005500,Stearns,,,Aquathol K,United Phosphorus Inc.,,Aquatic Solutions of Minnesota,4/24/2024,4/24/2024,8,9,1,1,ppm,45.936,gal,,,5,5,SW,,61,Y,PAR 4/7
2018-0668,2024,CLP,Grand,73005500,Stearns,,,Aquathol K,United Phosphorus Inc.,,Aquatic Solutions of Minnesota,4/24/2024,4/24/2024,7,9.5,1,1,ppm,42.427,gal,,,5,5,SW,,61,Y,PAR 5/7
2018-0668,2024,CLP,Grand,73005500,Stearns,,,Aquathol K,United Phosphorus Inc.,,Aquatic Solutions of Minnesota,4/24/2024,4/24/2024,3,9,1.5,1.5,ppm,25.839,gal,,,5,5,SW,,61,Y,PAR 6/7
2018-0668,2024,CLP,Grand,73005500,Stearns,,,Aquathol K,United Phosphorus Inc.,,Aquatic Solutions of Minnesota,4/24/2024,4/24/2024,4.5,9.5,1,1,ppm,27.2745,gal,,,5,5,SW,,61,Y,PAR 7/7
,2024,CLP,Louisa,86028200,Wright,513,2710,FlumigardSC,"Alligare, LLC",,PLM Lake and Land Management Corp.,4/24/2024,4/24/2024,15,,0.1037,0.1037,gal/acre-ft,,,51,51,0,5,SE,,,Y,
,2024,EWM,Louisa,86028200,Wright,513,2710,FlumigardSC,"Alligare, LLC",,PLM Lake and Land Management Corp.,4/24/2024,4/24/2024,15,,0.1037,0.1037,gal/acre-ft,,,51,51,0,5,SE,,,Y,
,2024,EWM,Lotus,10000600,Carver,272,2464,Sonar A.S.,SePro Corp.,,PLM Lake and Land Management Corp.,4/29/2024,4/29/2024,245,,0.0042,0.0042,gal/acre-ft,,,52,52,0,5,E,,,Y,
,2024,EWM,Sugar,86023300,Wright,311,2504,Aquathol K,United Phosphorus Inc.,,Lake Restoration,4/29/2024,4/29/2024,1,3.5,1.3,1.3,gal/acre-ft,4.55,gal,48,48,2,2,NE,42,,Y,PAR 1/4.
,2024,EWM,Sugar,86023300,Wright,312,2505,Aquathol K,United Phosphorus Inc.,,Lake Restoration,4/29/2024,4/29/2024,2,,1.3,1.3,gal/acre-ft,11.7,gal,48,48,2,2,NE,,,Y,PAR 2/4.
,2024,EWM,Sugar,86023300,Wright,313,2506,Aquathol K,United Phosphorus Inc.,,Lake Restoration,4/29/2024,4/29/2024,1,,1.3,1.3,gal/acre-ft,7.15,gal,48,48,3,3,NE,,,Y,PAR 3/4.
,2024,EWM,Sugar,86023300,Wright,314,2507,Aquathol K,United Phosphorus Inc.,,Lake Restoration,4/29/2024,4/29/2024,2,,1.3,1.3,gal/acre-ft,14.3,gal,48,48,5,5,NE,,,Y,PAR 4/4.
,2024,CLP,Pierz,49002400,Morrison,256,2451,Semera,"Atticus, LLC",,PLM Lake and Land Management Corp.,4/29/2024,4/29/2024,7.3,,0.5796,0.5796,lbs/acre-ft,,,50,50,0,5,N,,,Y,
,2024,CLP,Lotus,10000600,Carver,272,2464,Sonar A.S.,SePro Corp.,,PLM Lake and Land Management Corp.,4/29/2024,4/29/2024,245,,0.0042,0.0042,gal/acre-ft,,,52,52,0,5,E,,,Y,
,2024,CLP,Sugar,86023300,Wright,311,2504,Aquathol K,United Phosphorus Inc.,,Lake Restoration,4/29/2024,4/29/2024,1,3.5,1.3,1.3,gal/acre-ft,4.55,gal,48,48,2,2,NE,42,,Y,PAR 1/4.
,2024,CLP,Sugar,86023300,Wright,312,2505,Aquathol K,United Phosphorus Inc.,,Lake Restoration,4/29/2024,4/29/2024,2,,1.3,1.3,gal/acre-ft,11.7,gal,48,48,2,2,NE,,,Y,PAR 2/4.
,2024,CLP,Sugar,86023300,Wright,313,2506,Aquathol K,United Phosphorus Inc.,,Lake Restoration,4/29/2024,4/29/2024,1,,1.3,1.3,gal/acre-ft,7.15,gal,48,48,3,3,NE,,,Y,PAR 3/4.
,2024,CLP,Sugar,86023300,Wright,314,2507,Aquathol K,United Phosphorus Inc.,,Lake Restoration,4/29/2024,4/29/2024,2,,1.3,1.3,gal/acre-ft,14.3,gal,48,48,5,5,NE,,,Y,PAR 4/4.
,2024,CLP,Cedar,01020900,Aitkin,462,2658,Semera,"Atticus, LLC",,PLM Lake and Land Management Corp.,4/29/2024,4/29/2024,0.7,,0.7026,0.7026,lbs/acre-ft,,,50,50,0,5,NE,,,Y,Additional mechanical treatment.
2017-0522,2024,CLP,Hyland,27004800,Hennepin,,,Sonar A.S.,SePro Corp.,,PLM Lake and Land Management Corp.,4/29/2024,4/29/2024,37,4.35,0.0025,0.0025,gal/acre-ft,0.4,gal,52,52,10,10,W,50,,Y,"PAR 2/2 Wind ""10+"""
,2024,CLP,Long,49001500,Morrison,1891,2414,FlumigardSC,"Alligare, LLC",,PLM Lake and Land Management Corp.,4/29/2024,4/29/2024,1.4,,0.1116,0.1116,gal/acre-ft,0.5,gal,50,50,0,5,NE,,,Y,
2018-0910,2024,CLP,Constance,86005100,Wright,,,Tribune,"Syngenta Crop Protection, LLC",,"Midwest Aqua Care, Inc.",4/29/2024,4/29/2024,8.2,4,2,2,gal/acre,16.4,gal,55,55,4,7,NW,65,,Y,rate assumed based on other values
2020-3343,2024,CLP,Elms,30003600,Isanti,,,Diquat Herbicide,"Alligare, LLC",,Lake Restoration,4/29/2024,4/29/2024,1,4.3,1.5,1.5,gal/acre,1.5,gal,48,48,7,7,E,49,,Y,PAR 1/2
2020-3343,2024,CLP,Elms,30003600,Isanti,,,Diquat Herbicide,"Alligare, LLC",,Lake Restoration,4/29/2024,4/29/2024,4,4.1,1.5,1.5,gal/acre,6,gal,48,48,6,6,E,49,,Y,PAR 2/2. Cost included with cost of 1 acre treatment (same date)
,2024,CLP,Skogman,30002200,Isanti,1933,2757,Dibrox,"Lake Restoration, Inc.",,Lake Restoration,4/29/2024,4/29/2024,2.38,,2,2,gal/acre,4.76,gal,50,50,8,8,S,,,Y,
,2024,CLP,Skogman,30002200,Isanti,1934,2758,Dibrox,"Lake Restoration, Inc.",,Lake Restoration,4/29/2024,4/29/2024,4.3,,2,2,gal/acre,8.6,gal,50,50,5,5,S,,,Y,
,2024,CLP,Skogman,30002200,Isanti,1935,2759,Dibrox,"Lake Restoration, Inc.",,Lake Restoration,4/29/2024,4/29/2024,3.32,,2,2,gal/acre-ft,6.64,gal,49,49,1,1,N,,,Y,
,2024,EWM,Skogman,30002200,Isanti,1934,2758,Dibrox,"Lake Restoration, Inc.",,Lake Restoration,4/29/2024,4/29/2024,4.3,,2,2,gal/acre,8.6,gal,50,50,5,5,S,,,Y,
,2024,EWM,Skogman,30002200,Isanti,1935,2759,Dibrox,"Lake Restoration, Inc.",,Lake Restoration,4/29/2024,4/29/2024,3.32,,2,2,gal/acre-ft,6.64,gal,49,49,1,1,N,,,Y,
,2023,EWM,Minnetonka,27013314,Hennepin,1457,1821,Tribune,"Syngenta Crop Protection, LLC",,PLM Lake and Land Management Corp.,4/30/2024,4/30/2024,42.5,,2,2,gal/acre-ft,,,53.7,53.7,0,5,NNE,,,Y,
,2023,CLP,Minnetonka,27013314,Hennepin,1457,1821,Tribune,"Syngenta Crop Protection, LLC",,PLM Lake and Land Management Corp.,4/30/2024,4/30/2024,42.5,,2,2,gal/acre-ft,,,53.7,53.7,0,5,NNE,,,Y,
,2024,CLP,Rice,73019600,Stearns,237,2412,FlumigardSC,"Alligare, LLC",,PLM Lake and Land Management Corp.,4/30/2024,4/30/2024,15.6,,0.0957,0.0957,gal/acre-ft,11.8,gal,50,50,10,15,SE,,,Y,
2020-0120,2024,CLP,Knaus,73008600,Stearns,,,Schooner 51.0% WDG,"Atticus, LLC",,"TIGRIS Aquatic Services, LLC",4/30/2024,4/30/2024,11,7.2,7.6,7.6,lbs/acre,83.8,lbs,51,51,1,1,W,48,,Y,200 ppb
2019-1068,2024,CLP,Green Prairie Fish,49003500,Morrison,,,Aquathol K,United Phosphorus Inc.,,Lake Restoration,4/30/2024,4/30/2024,5.5,6,1,1,gal/acre-ft,33,gal,49,49,1,1,N,58,,Y,
,2024,CLP,Mitchell,27007000,Hennepin,271,2463,FlumigardSC,"Alligare, LLC",,PLM Lake and Land Management Corp.,5/1/2024,5/1/2024,13.9,,0.0844,0.0844,gal/acre-ft,,,55,55,6,10,NE,,,Y,
2017-0512,2024,CLP,Jefferson,40009204,Le Sueur,,,Aquathol K,United Phosphorus Inc.,,"Lake Improvement Consulting, LLC.",5/3/2024,5/3/2024,0.69,4,1,2,ppm,3.58,gal,,,8,8,SW,,66,Y,PAR 1/4
2017-0512,2024,CLP,Jefferson,40009204,Le Sueur,,,Aquathol K,United Phosphorus Inc.,,"Lake Improvement Consulting, LLC.",5/3/2024,5/3/2024,3.31,4,1,1,ppm,7.94,gal,,,7,7,SW,,66,Y,PAR 2/4
2017-0512,2024,CLP,Jefferson,40009204,Le Sueur,,,Aquathol K,United Phosphorus Inc.,,"Lake Improvement Consulting, LLC.",5/3/2024,5/3/2024,8.79,4,1,1,ppm,21.09,gal,,,7,7,SW,,65,Y,PAR 3/4
2017-0512,2024,CLP,Jefferson,40009204,Le Sueur,,,Aquathol K,United Phosphorus Inc.,,"Lake Improvement Consulting, LLC.",5/3/2024,5/3/2024,5.9,4,1,1,ppm,14.16,gal,,,7,7,SW,,65,Y,PAR 4/4
,2024,CLP,Long,56078400,Otter Tail,248,2443,Propeller,"Alligare, LLC",,Aquatic Solutions of Minnesota,5/5/2024,5/5/2024,1.4,,200,200,ppm,13.44,lbs,,,6,6,S,,,Y,PAR 1/3
,2024,CLP,Long,56078400,Otter Tail,249,2444,Propeller,"Alligare, LLC",,Aquatic Solutions of Minnesota,5/5/2024,5/5/2024,2,,200,200,ppm,19.2,lbs,,,6,6,S,,,Y,PAR 2/3
,2024,CLP,Long,56078400,Otter Tail,250,2445,Aquathol K,United Phosphorus Inc.,,Aquatic Solutions of Minnesota,5/5/2024,5/5/2024,3.1,,1.5,1.5,ppm,26.7,gal,,,6,6,S,,,Y,PAR 3/3
2018-0833,2024,CLP,Ann,33004000,Kanabec,,,Aquathol K,United Phosphorus Inc.,,Aquatic Solutions of Minnesota,5/5/2024,5/5/2024,5,5.25,1.714,1.714,ppm,28.71,gal,,,0,0,,,57,Y,PAR 1/2
2018-0833,2024,CLP,Ann,33004000,Kanabec,,,Aquathol K,United Phosphorus Inc.,,Aquatic Solutions of Minnesota,5/5/2024,5/5/2024,6,5.25,1.5,1.5,ppm,30.15,gal,,,0,0,,,57,Y,PAR 2/2
2018-1159,2024,CLP,Fish,33003600,Kanabec,,,Aquathol K,United Phosphorus Inc.,,Aquatic Solutions of Minnesota,5/5/2024,5/5/2024,16,4,1,1,ppm,40.83,gal,,,6,6,SW,,62,Y,
,2023,EWM,Sarah,27019101,Hennepin,299,2492,Tribune,"Syngenta Crop Protection, LLC",,Aquatic Solutions of Minnesota,5/8/2024,5/8/2024,2.4,,1,1,ppm,4.26,gal,,,0,0,S,,,Y,PAR 1/8 in 2024.
,2023,EWM,Sarah,27019101,Hennepin,300,2493,Tribune,"Syngenta Crop Protection, LLC",,Aquatic Solutions of Minnesota,5/8/2024,5/8/2024,2.4,,1,1,ppm,1.14,gal,,,0,0,S,,,Y,PAR 2/8 in 2024.
,2023,EWM,Sarah,27019101,Hennepin,301,2494,Tribune,"Syngenta Crop Protection, LLC",,Aquatic Solutions of Minnesota,5/8/2024,5/8/2024,0.9,,1,1,ppm,0.4275,gal,,,0,0,S,,,Y,PAR 3/8 in 2024.
,2023,EWM,Sarah,27019101,Hennepin,302,2495,Tribune,"Syngenta Crop Protection, LLC",,Aquatic Solutions of Minnesota,5/8/2024,5/8/2024,1.9,,1,1,ppm,2.138,gal,,,0,0,S,,,Y,PAR 4/8 in 2024.
,2023,EWM,Sarah,27019101,Hennepin,303,2496,Tribune,"Syngenta Crop Protection, LLC",,Aquatic Solutions of Minnesota,5/8/2024,5/8/2024,0.6,,1,1,ppm,0.435,gal,,,0,0,S,,,Y,PAR 5/8 in 2024.
,2023,EWM,Sarah,27019101,Hennepin,304,2497,Tribune,"Syngenta Crop Protection, LLC",,Aquatic Solutions of Minnesota,5/8/2024,5/8/2024,1.6,,1,1,ppm,1.72,gal,,,0,0,S,,,Y,PAR 6/8 in 2024.
,2023,EWM,Sarah,27019101,Hennepin,305,2498,Tribune,"Syngenta Crop Protection, LLC",,Aquatic Solutions of Minnesota,5/8/2024,5/8/2024,1.4,,1,1,ppm,2.555,gal,,,0,0,S,,,Y,PAR 7/8 in 2024.
,2023,EWM,Sarah,27019101,Hennepin,306,2499,Tribune,"Syngenta Crop Protection, LLC",,Aquatic Solutions of Minnesota,5/8/2024,5/8/2024,1.3,,1,1,ppm,1.398,gal,,,0,0,S,,,Y,PAR 8/8 in 2024.
,2023,CLP,Sarah,27019101,Hennepin,299,2492,Tribune,"Syngenta Crop Protection, LLC",,Aquatic Solutions of Minnesota,5/8/2024,5/8/2024,2.4,,1,1,ppm,4.26,gal,,,0,0,S,,,Y,PAR 1/8 in 2024.
,2023,CLP,Sarah,27019101,Hennepin,300,2493,Tribune,"Syngenta Crop Protection, LLC",,Aquatic Solutions of Minnesota,5/8/2024,5/8/2024,2.4,,1,1,ppm,1.14,gal,,,0,0,S,,,Y,PAR 2/8 in 2024.
,2023,CLP,Sarah,27019101,Hennepin,301,2494,Tribune,"Syngenta Crop Protection, LLC",,Aquatic Solutions of Minnesota,5/8/2024,5/8/2024,0.9,,1,1,ppm,0.4275,gal,,,0,0,S,,,Y,PAR 3/8 in 2024.
,2023,CLP,Sarah,27019101,Hennepin,302,2495,Tribune,"Syngenta Crop Protection, LLC",,Aquatic Solutions of Minnesota,5/8/2024,5/8/2024,1.9,,1,1,ppm,2.138,gal,,,0,0,S,,,Y,PAR 4/8 in 2024.
,2023,CLP,Sarah,27019101,Hennepin,303,2496,Tribune,"Syngenta Crop Protection, LLC",,Aquatic Solutions of Minnesota,5/8/2024,5/8/2024,0.6,,1,1,ppm,0.435,gal,,,0,0,S,,,Y,PAR 5/8 in 2024.
,2023,CLP,Sarah,27019101,Hennepin,304,2497,Tribune,"Syngenta Crop Protection, LLC",,Aquatic Solutions of Minnesota,5/8/2024,5/8/2024,1.6,,1,1,ppm,1.72,gal,,,0,0,S,,,Y,PAR 6/8 in 2024.
,2023,CLP,Sarah,27019101,Hennepin,305,2498,Tribune,"Syngenta Crop Protection, LLC",,Aquatic Solutions of Minnesota,5/8/2024,5/8/2024,1.4,,1,1,ppm,2.555,gal,,,0,0,S,,,Y,PAR 7/8 in 2024.
,2023,CLP,Sarah,27019101,Hennepin,306,2499,Tribune,"Syngenta Crop Protection, LLC",,Aquatic Solutions of Minnesota,5/8/2024,5/8/2024,1.3,,1,1,ppm,1.398,gal,,,0,0,S,,,Y,PAR 8/8 in 2024.
,2024,CLP,Crow Wing,18015500,Crow Wing,,,Aquathol K,United Phosphorus Inc.,,"Central Minnesota Aquatics, Inc.",5/8/2024,5/8/2024,24,7,0.952,0.952,gal/acre-ft,160,gal,,,0,1,,,48,Y,"wind direction ""variable"""
2023-0301,2024,CLP,Andrew,21008500,Douglas,,,Semera,"Atticus, LLC",,Lake Restoration,5/8/2024,5/8/2024,24.5,11,10.6,10.6,oz/acre-ft,2856.7,oz,53,53,7,7,N,55,,Y,PAR 1/5
2023-0301,2024,CLP,Andrew,21008500,Douglas,,,Semera,"Atticus, LLC",,Lake Restoration,5/8/2024,5/8/2024,4,8.9,12.72,12.72,oz/acre-ft,452.832,oz,55,55,3,3,N,60,,Y,PAR 2/5
2023-0301,2024,CLP,Andrew,21008500,Douglas,,,Semera,"Atticus, LLC",,Lake Restoration,5/8/2024,5/8/2024,1.6,12.2,16.96,16.96,oz/acre-ft,331.059,oz,54,54,3,3,N,60,,Y,PAR 3/5
2023-0301,2024,CLP,Andrew,21008500,Douglas,,,Semera,"Atticus, LLC",,Lake Restoration,5/8/2024,5/8/2024,5.4,11.1,12.72,12.72,oz/acre-ft,762.437,oz,53,53,6,6,N,55,,Y,PAR 4/5
2023-0301,2024,CLP,Andrew,21008500,Douglas,,,Semera,"Atticus, LLC",,Lake Restoration,5/8/2024,5/8/2024,4.3,12.9,12.72,12.72,oz/acre-ft,705.578,oz,53,53,6,6,N,55,,Y,PAR 5/5
2018-0543,2024,CLP,Fish Trap,49013700,Morrison,,,Aquathol K,United Phosphorus Inc.,,Lake Restoration,5/8/2024,5/8/2024,13.8,7.5,0.6,0.6,gal/acre-ft,62.1,gal,55,55,4,4,SE,58,,Y,PAR 1/6
2018-0543,2024,CLP,Fish Trap,49013700,Morrison,,,Aquathol K,United Phosphorus Inc.,,Lake Restoration,5/8/2024,5/8/2024,7,10,0.6,0.6,gal/acre-ft,42,gal,54,54,3,3,E,54,,Y,PAR 2/6
2018-0543,2024,CLP,Fish Trap,49013700,Morrison,,,Aquathol K,United Phosphorus Inc.,,Lake Restoration,5/8/2024,5/8/2024,5,10,0.6,0.6,gal/acre-ft,30,gal,54,54,2,2,E,56,,Y,PAR 3/6
2018-0543,2024,CLP,Fish Trap,49013700,Morrison,,,Aquathol K,United Phosphorus Inc.,,Lake Restoration,5/8/2024,5/8/2024,6,7.5,0.6,0.6,gal/acre-ft,27,gal,54,54,1,1,E,57,,Y,PAR 4/6
2018-0543,2024,CLP,Fish Trap,49013700,Morrison,,,Aquathol K,United Phosphorus Inc.,,Lake Restoration,5/8/2024,5/8/2024,3.9,7,0.6,0.6,gal/acre-ft,16.38,gal,55,55,1,1,E,59,,Y,PAR 5/6
2018-0543,2024,CLP,Fish Trap,49013700,Morrison,,,Aquathol K,United Phosphorus Inc.,,Lake Restoration,5/8/2024,5/8/2024,3.3,5.1,1,1,gal/acre-ft,16.83,gal,55,55,2,2,E,58,,Y,PAR 6/6
2017-0365,2024,CLP,Long,47017700,Meeker,,,Tribune,"Syngenta Crop Protection, LLC",,Aquatic Solutions of Minnesota,5/8/2024,5/8/2024,5.2,4,1,1,ppm,5.2,gal,,,8,8,E,,70,Y,PAR 1/5. 5 areas treated this day; all 5 treatments were covered by this treatment cost.
2017-0365,2024,CLP,Long,47017700,Meeker,,,Tribune,"Syngenta Crop Protection, LLC",,Aquatic Solutions of Minnesota,5/8/2024,5/8/2024,13.6,4.25,1,1,ppm,14.45,gal,,,8,8,E,,70,Y,PAR 2/5
2017-0365,2024,CLP,Long,47017700,Meeker,,,Tribune,"Syngenta Crop Protection, LLC",,Aquatic Solutions of Minnesota,5/8/2024,5/8/2024,7.4,4,1,1,ppm,7.4,gal,,,8,8,SE,,70,Y,PAR 3/5
2017-0365,2024,CLP,Long,47017700,Meeker,,,Tribune,"Syngenta Crop Protection, LLC",,Aquatic Solutions of Minnesota,5/8/2024,5/8/2024,5.1,5,1,1,ppm,6.375,gal,,,8,8,SE,,70,Y,PAR 4/5
2017-0365,2024,CLP,Long,47017700,Meeker,,,Tribune,"Syngenta Crop Protection, LLC",,Aquatic Solutions of Minnesota,5/8/2024,5/8/2024,17.5,4,1,1,ppm,17.5,gal,,,8,8,SE,,70,Y,PAR 5/5
,2024,EWM,Tetonka,40003100,Le Sueur,341,2535,FlumigardSC,"Alligare, LLC",,PLM Lake and Land Management Corp.,5/9/2024,5/9/2024,60,,0.0941,0.0941,gal/acre-ft,,,60.9,60.9,11,11,NE,,,Y,
,2024,CLP,Tetonka,40003100,Le Sueur,341,2535,FlumigardSC,"Alligare, LLC",,PLM Lake and Land Management Corp.,5/9/2024,5/9/2024,60,,0.0941,0.0941,gal/acre-ft,,,60.9,60.9,11,11,NE,,,Y,
2018-0293,2024,CLP,Fannie,30004300,Isanti,,,Flumioxazin 51WDG Prime,"Tigris, LLC.",,Aquatic Conservation Services,5/9/2024,5/9/2024,4.75,4.75,200,200,ppb,,,57.32,57.32,6,6,NE,63,,Y,PAR 1/6.
2018-0293,2024,CLP,Fannie,30004300,Isanti,,,Flumioxazin 51WDG Prime,"Tigris, LLC.",,Aquatic Conservation Services,5/9/2024,5/9/2024,5,4.5,200,200,ppb,,,57.45,57.45,7,7,NE,63,,Y,PAR 2/6
2018-0293,2024,CLP,Fannie,30004300,Isanti,,,Flumioxazin 51WDG Prime,"Tigris, LLC.",,Aquatic Conservation Services,5/9/2024,5/9/2024,1.32,5,200,200,ppb,,,58.21,58.21,7,7,NE,64,,Y,PAR 3/6
2018-0293,2024,CLP,Fannie,30004300,Isanti,,,Flumioxazin 51WDG Prime,"Tigris, LLC.",,Aquatic Conservation Services,5/9/2024,5/9/2024,1.64,3.5,200,200,ppb,,,58.43,58.43,8,8,NE,65,,Y,PAR 4/6
2018-0293,2024,CLP,Fannie,30004300,Isanti,,,Flumioxazin 51WDG Prime,"Tigris, LLC.",,Aquatic Conservation Services,5/9/2024,5/9/2024,2.37,4.25,200,200,ppb,,,57.91,57.91,8,8,N,66,,Y,PAR 5/6
2018-0293,2024,CLP,Fannie,30004300,Isanti,,,Flumioxazin 51WDG Prime,"Tigris, LLC.",,Aquatic Conservation Services,5/9/2024,5/9/2024,3.88,5.25,200,200,ppb,,,58.31,58.31,8,8,N,67,,Y,PAR 6/6
2023-0167,2024,CLP,Jennie,47001500,Meeker,,,Aquathol K,United Phosphorus Inc.,,"Midwest Aqua Care, Inc.",5/9/2024,5/9/2024,32.2,6,,,,154,gal,60,60,8.2,8.2,N,70,,Y,No rate listed. 
,2024,EWM,Preston,65000200,Renville,293,2486,Flumigard,"Alligare, LLC",,PLM Lake and Land Management Corp.,5/13/2024,5/13/2024,31.9,,0.0675,0.0675,gal/acre-ft,,,64,64,10,10,NE,,,Y,
,2024,CLP,Preston,65000200,Renville,293,2486,Flumigard,"Alligare, LLC",,PLM Lake and Land Management Corp.,5/13/2024,5/13/2024,31.9,,0.0675,0.0675,gal/acre-ft,,,64,64,10,10,NE,,,Y,
,2024,CLP,Mary,21009200,Douglas,1917,2398,Aquathol K,United Phosphorus Inc.,,"Limnopro Aquatic Science, Inc.",5/14/2024,5/14/2024,32,,1.6,1.6,ppm,500.506,gal,60,60,10,10,SE,,,Y,
,2024,CLP,O'Dowd,70009500,Scott,474,2670,FlumigardSC,"Alligare, LLC",,PLM Lake and Land Management Corp.,5/15/2024,5/15/2024,40.43,,0.0276,0.0276,gal/acre-ft,,,66,66,6,10,SE,,,Y,
2017-1028,2024,EWM,George,2009100,Anoka,,,Dibrox,"Lake Restoration, Inc.",,Lake Restoration,5/20/2024,5/20/2024,15.1,5,2,2,gal/acre,30.2,gal,67,67,4,4,E,57,,Y,PAR 1/5.
2017-1028,2024,EWM,George,2009100,Anoka,,,Dibrox,"Lake Restoration, Inc.",,Lake Restoration,5/20/2024,5/20/2024,7.9,5,2,2,gal/acre,15.8,gal,67,67,3,3,SE,58,,Y,PAR 2/5.
2017-1028,2024,EWM,George,2009100,Anoka,,,Dibrox,"Lake Restoration, Inc.",,Lake Restoration,5/20/2024,5/20/2024,3.1,5,2,2,gal/acre,6.2,gal,67,67,3,3,SE,57,,Y,PAR 3/5.
2017-1028,2024,EWM,George,2009100,Anoka,,,Dibrox,"Lake Restoration, Inc.",,Lake Restoration,5/20/2024,5/20/2024,7.9,5,2,2,gal/acre,15.8,gal,67,67,2,2,SE,64,,Y,PAR 4/5.
2017-1028,2024,EWM,George,2009100,Anoka,,,Dibrox,"Lake Restoration, Inc.",,Lake Restoration,5/20/2024,5/20/2024,3.1,5,2,2,gal/acre,6.2,gal,67,67,1,1,SE,64,,Y,PAR 5/5.
,2023,CLP,Melissa,3047500,Becker,266,2458,Semera,"Atticus, LLC",,PLM Lake and Land Management Corp.,5/20/2024,5/20/2024,11.3,,0.7915,0.7915,lbs/acre-ft,,,61,61,0,5,W,,,Y,
,2024,CLP,Sallie,3035900,Becker,267,2459,Semera,"Atticus, LLC",,PLM Lake and Land Management Corp.,5/20/2024,5/20/2024,26.2,,0.6772,0.6772,lbs/acre-ft,,,60,60,6,10,NW,,,Y,
,2024,CLP,George,2009100,Anoka,1926,2750,Dibrox,"Lake Restoration, Inc.",,Lake Restoration,5/20/2024,5/20/2024,15.1,,2,2,gal/acre-ft,30.2,gal,67,67,4,4,E,,,Y,PAR 1/5.
,2024,CLP,George,2009100,Anoka,1927,2751,Dibrox,"Lake Restoration, Inc.",,Lake Restoration,5/20/2024,5/20/2024,7.9,,2,2,gal/acre-ft,15.8,gal,67,67,3,3,SE,,,Y,PAR 2/5.
,2024,CLP,George,2009100,Anoka,1928,2752,Dibrox,"Lake Restoration, Inc.",,Lake Restoration,5/20/2024,5/20/2024,3.1,,2,2,gal/acre-ft,6.2,gal,67,67,3,3,SE,,,Y,PAR 3/5.
,2024,CLP,George,2009100,Anoka,1929,2753,Dibrox,"Lake Restoration, Inc.",,Lake Restoration,5/20/2024,5/20/2024,7.9,,2,2,gal/acre-ft,15.8,gal,67,67,2,2,SE,,,Y,PAR 4/5.
,2024,CLP,George,2009100,Anoka,1930,2754,Dibrox,"Lake Restoration, Inc.",,Lake Restoration,5/20/2024,5/20/2024,3.1,,2,2,gal/acre-ft,6.2,gal,67,67,1,1,SE,,,Y,PAR 5/5.
2018-3528,2024,EWM,Crooked,2008400,Anoka,,,Sonar A.S.,SePro Corp.,,PLM Lake and Land Management Corp.,5/22/2024,5/22/2024,115,15,0.0008,0.0008,gal/acre-ft,1.3,gal,67,67,10,10,S,63,,Y,"Wind speed marked as ""10+"". Bump treatment that followed initial treatment."
2018-0334,2024,CLP,Ida,21012300,Douglas,,,Semera,"Atticus, LLC",,PLM Lake and Land Management Corp.,5/23/2024,5/23/2024,12.7,10.7,0.3679,0.3679,lbs/acre-ft,50,lbs,61,61,0,5,SE,60,,Y,
,2024,CLP,Upper Cormorant,3058800,Becker,429,2625,Semera,"Atticus, LLC",,PLM Lake and Land Management Corp.,5/23/2024,5/23/2024,20.1,,0.5771,0.5771,lbs/acre-ft,,,60,60,0,5,S,,,Y,
2017-1297,2022,CLP,Farquar,19002300,Dakota,1796,1650,Aquathol K,United Phosphorus Inc.,,"Midwest Aqua Care, Inc.",5/10/2022,5/10/2022,5.74,7.5,1.5,1.5,ppm,41,gal,59,59,5,5,NW,78,,Y,PAR 1/2
,2024,EWM,Minnetonka,27013312,Hennepin,477,2673,Tribune,"Syngenta Crop Protection, LLC",,PLM Lake and Land Management Corp.,5/28/2024,5/28/2024,16.68,,1.7194,1.7194,gal/acre-ft,,,66.9,66.9,6,10,N,,,Y,
,2024,CLP,Minnetonka,27013312,Hennepin,477,2673,Tribune,"Syngenta Crop Protection, LLC",,PLM Lake and Land Management Corp.,5/28/2024,5/28/2024,16.68,,1.7194,1.7194,gal/acre-ft,,,66.9,66.9,6,10,N,,,Y,
,2024,CLP,Toad,3010700,Becker,275,2467,Diquat Herbicide,"Alligare, LLC",,"Lake Management, Inc.",5/29/2024,5/29/2024,7.5,,2,2,gal/acre-ft,15,gal,,,4,4,S,,,Y,PAR 1/5
,2024,CLP,Toad,3010700,Becker,276,2468,Diquat Herbicide,"Alligare, LLC",,"Lake Management, Inc.",5/29/2024,5/29/2024,13.5,,2,2,gal/acre-ft,27,gal,,,4,4,S,,,Y,PAR 2/5
,2024,CLP,Toad,3010700,Becker,277,2469,Diquat Herbicide,"Alligare, LLC",,"Lake Management, Inc.",5/29/2024,5/29/2024,8.4,,2,2,gal/acre-ft,16.8,gal,,,4,4,S,,,Y,PAR 3/5
,2024,CLP,Toad,3010700,Becker,278,2470,Diquat Herbicide,"Alligare, LLC",,"Lake Management, Inc.",5/29/2024,5/29/2024,5.1,,2,2,gal/acre-ft,10.2,gal,,,2,2,S,,,Y,PAR 4/5
,2024,CLP,Toad,3010700,Becker,279,2471,Diquat Herbicide,"Alligare, LLC",,"Lake Management, Inc.",5/29/2024,5/29/2024,39.9,,2,2,gal/acre-ft,79.8,gal,,,5,5,S,,,Y,PAR 5/5
2017-0666,2024,EWM,Clear,82016300,Washington,,,Sonar A.S.,SePro Corp.,,"Lake Management, Inc.",5/30/2024,5/30/2024,428.9,9.8,4,4,ppb,10.4,gal,,,9,9,SSE,68,,Y,"4.0 ppb. PAR 1/4. Cost reported on PAR 1/4. whole lake treatment. The area, depth, amount suggest a 3.67 ppm rate"
,2023,EWM,Granite,86021700,Wright,260,2455,ProcellaCOR EC,SePro Corp.,,PLM Lake and Land Management Corp.,6/21/2024,6/21/2024,3.86,,11.8431,11.8431,oz/acre-ft,,,77,77,0,5,SE,,,Y,
,2023,FR,Granite,86021700,Wright,260,2455,ProcellaCOR EC,SePro Corp.,,PLM Lake and Land Management Corp.,6/21/2024,6/21/2024,3.86,,11.8431,11.8431,oz/acre-ft,,,77,77,0,5,SE,,,Y,
,2023,EWM,Granite,86021700,Wright,264,2456,Habitat,SePro Corp.,,PLM Lake and Land Management Corp.,6/21/2024,6/21/2024,0.77,,0.0649,0.0649,gal/acre-ft,,,77,77,0,5,SE,,,Y,with Cide-Kick as surfactant
,2023,FR,Granite,86021700,Wright,264,2456,Habitat,SePro Corp.,,PLM Lake and Land Management Corp.,6/21/2024,6/21/2024,0.77,,0.0649,0.0649,gal/acre-ft,,,77,77,0,5,SE,,,Y,with Cide-Kick as surfactant
2018-1459,2024,EWM,Goose,13008302,Chisago,,,"2,4-D Amine","Alligare, LLC",,Aquatic Conservation Services,7/8/2024,7/8/2024,5,4.9,9,9,gal/acre,45,gal,82.75,82.75,6,6,NE,83,,Y,PAR 1/5. surfactant applied at 1 gal/acre rate
2018-1459,2024,EWM,Goose,13008302,Chisago,,,"2,4-D Amine","Alligare, LLC",,Aquatic Conservation Services,7/8/2024,7/8/2024,12.8,4.9,9,9,gal/acre,115.2,gal,82.65,82.65,4,4,NE,78,,Y,PAR 2/5. surfactant applied at 1 gal/acre rate
2018-1459,2024,EWM,Goose,13008302,Chisago,,,"2,4-D Amine","Alligare, LLC",,Aquatic Conservation Services,7/8/2024,7/8/2024,16.3,4.9,9,9,gal/acre,146.7,gal,81,81,3,3,NE,77,,Y,PAR 3/5. surfactant applied at 1 gal/acre rate
2018-1459,2024,EWM,Goose,13008302,Chisago,,,"2,4-D Amine","Alligare, LLC",,Aquatic Conservation Services,7/8/2024,7/8/2024,3.6,5.1,9,9,gal/acre,32.4,gal,83.7,83.7,5,5,NE,82,,Y,PAR 4/5. surfactant applied at 1 gal/acre rate
2018-1459,2024,EWM,Goose,13008302,Chisago,,,"2,4-D Amine","Alligare, LLC",,Aquatic Conservation Services,7/8/2024,7/8/2024,13.4,5,9,9,gal/acre,120.6,gal,83.2,83.2,4,4,NE,83,,Y,PAR 5/5. surfactant applied at 1 gal/acre rate
2018-0182,2024,SSW,Koronis,73020002,Stearns,,,Mizzen,"Lake Restoration, Inc.",,Lake Restoration,7/8/2024,7/8/2024,10.93,6.2,3.4,3.4,gal/acre-ft,230.404,gal,75,75,1,1,N,78,,Y,Total cost on PAR 1. Site 215. PAR 2/20.
2018-0182,2024,SSW,Koronis,73020002,Stearns,,,Mizzen,"Lake Restoration, Inc.",,Lake Restoration,7/8/2024,7/8/2024,2.4,6,3.4,3.4,gal/acre-ft,48.96,gal,75,75,1,1,N,73,,Y,Total cost on PAR 1. Site 1N. PAR 6/20.
2018-0182,2024,SSW,Koronis,73020002,Stearns,,,Mizzen,"Lake Restoration, Inc.",,Lake Restoration,7/8/2024,7/8/2024,7.63,7,3.4,3.4,gal/acre-ft,181.594,gal,75,75,1,1,N,73,,Y,Total cost on PAR 1. Site 2B. PAR 7/20.
2018-0182,2024,SSW,Koronis,73020002,Stearns,,,Mizzen,"Lake Restoration, Inc.",,Lake Restoration,7/8/2024,7/8/2024,2.18,6,3.4,3.4,gal/acre-ft,44.472,gal,75,75,1,1,W,75,,Y,Total cost on PAR 1. Site 2N. PAR 8/20.
2018-0182,2024,SSW,Koronis,73020002,Stearns,,,Mizzen,"Lake Restoration, Inc.",,Lake Restoration,7/8/2024,7/8/2024,12.16,5.4,3.4,3.4,gal/acre-ft,223.258,gal,74,74,1,1,N,68,,Y,Total cost on PAR 1. Site 5 expanded. PAR 11/20.
2018-0182,2024,SSW,Koronis,73020002,Stearns,,,Mizzen,"Lake Restoration, Inc.",,Lake Restoration,7/8/2024,7/8/2024,12.24,6.2,3.4,3.4,gal/acre-ft,258.019,gal,75,75,1,1,N,70,,Y,Total cost on PAR 1. Site 6. PAR 13/20.
2018-0182,2024,SSW,Koronis,73020002,Stearns,,,Mizzen,"Lake Restoration, Inc.",,Lake Restoration,7/8/2024,7/8/2024,8.47,6.5,3.4,3.4,gal/acre-ft,187.187,gal,75,75,1,1,N,70,,Y,Total cost on PAR 1. Site 7B. PAR 16/20.
2017-0666,2024,EWM,Clear,82016300,Washington,,,Sonar A.S.,SePro Corp.,,"Lake Management, Inc.",7/9/2024,7/9/2024,428.9,9.8,1.4,1.4,ppb,3.95,gal,,,5,5,NW,77,,Y,"1.4 ppb. PAR 2/4. Cost reported on PAR 1/4. whole lake treatment, bump. ppb rate calculated"
2018-0182,2024,SSW,Koronis,73020002,Stearns,,,Mizzen,"Lake Restoration, Inc.",,Lake Restoration,7/9/2024,7/9/2024,9.44,6.8,3.4,3.4,gal/acre-ft,218.253,gal,76,76,1,1,W,75,,Y,Total cost reflected here for 7/9/2024-7/10/2024 treatments; includes all sites plus cooling cost ($2198.76). Site 213. PAR 1/20.
2018-0182,2024,SSW,Koronis,73020002,Stearns,,,Mizzen,"Lake Restoration, Inc.",,Lake Restoration,7/9/2024,7/9/2024,2,7,3.4,3.4,gal/acre-ft,47.6,gal,77,77,2,2,W,75,,Y,Total cost on PAR 1. Site 232. PAR 4/20.
2018-0182,2024,SSW,Koronis,73020002,Stearns,,,Mizzen,"Lake Restoration, Inc.",,Lake Restoration,7/9/2024,7/9/2024,3.35,10.2,3.4,3.4,gal/acre-ft,116.178,gal,77,77,1,1,W,75,,Y,Total cost on PAR 1. Site 241. PAR 5/20.
2018-0182,2024,SSW,Koronis,73020002,Stearns,,,Mizzen,"Lake Restoration, Inc.",,Lake Restoration,7/9/2024,7/9/2024,7.78,6.2,3.4,3.4,gal/acre-ft,164.002,gal,77,77,1,1,W,82,,Y,Total cost on PAR 1. Site 4B. PAR 9/20.
2018-0182,2024,SSW,Koronis,73020002,Stearns,,,Mizzen,"Lake Restoration, Inc.",,Lake Restoration,7/9/2024,7/9/2024,0.78,5.5,3.4,3.4,gal/acre-ft,14.586,gal,78,78,0,0,W,85,,Y,Total cost on PAR 1. Site 5B. PAR 10/20.
2018-0182,2024,SSW,Koronis,73020002,Stearns,,,Mizzen,"Lake Restoration, Inc.",,Lake Restoration,7/9/2024,7/9/2024,4.13,7.2,3.4,3.4,gal/acre-ft,101.102,gal,78,78,1,1,W,85,,Y,Total cost on PAR 1. Site 6B. PAR 14/20.
2018-0182,2024,SSW,Koronis,73020002,Stearns,,,Mizzen,"Lake Restoration, Inc.",,Lake Restoration,7/9/2024,7/9/2024,5.14,7.4,3.4,3.4,gal/acre-ft,129.322,gal,78,78,0,0,W,85,,Y,Total cost on PAR 1. Site 6N. PAR 15/20.
2018-0182,2024,SSW,Koronis,73020002,Stearns,,,Mizzen,"Lake Restoration, Inc.",,Lake Restoration,7/9/2024,7/9/2024,3.12,6,3.4,3.4,gal/acre-ft,63.648,gal,77,77,0,0,NW,70,,Y,Total cost on PAR 1. Site 211. PAR 19/20.
2018-0182,2024,SSW,Koronis,73020002,Stearns,,,Mizzen,"Lake Restoration, Inc.",,Lake Restoration,7/9/2024,7/9/2024,5.89,6.2,3.4,3.4,gal/acre-ft,124.161,gal,77,77,0,0,NW,70,,Y,Total cost on PAR 1. Site 212. PAR 20/20.
2018-0182,2024,SSW,Koronis,73020002,Stearns,,,Mizzen,"Lake Restoration, Inc.",,Lake Restoration,7/10/2024,7/10/2024,25.13,6.3,3.4,3.4,gal/acre-ft,538.285,gal,78,78,2,2,N,75,,Y,Total cost on PAR 1. Site 231. PAR 3/20.
2018-0182,2024,SSW,Koronis,73020002,Stearns,,,Mizzen,"Lake Restoration, Inc.",,Lake Restoration,7/10/2024,7/10/2024,1.95,5.5,3.4,3.4,gal/acre-ft,36.465,gal,78,78,0,0,N,66,,Y,Total cost on PAR 1. Site 5N. PAR 12/20.
2018-0182,2024,SSW,Koronis,73020002,Stearns,,,Mizzen,"Lake Restoration, Inc.",,Lake Restoration,7/10/2024,7/10/2024,8.09,6.1,3.4,3.4,gal/acre-ft,167.787,gal,78,78,2,2,N,68,,Y,Total cost on PAR 1. Site 7N. PAR 17/20.
2018-0182,2024,SSW,Koronis,73020002,Stearns,,,Mizzen,"Lake Restoration, Inc.",,Lake Restoration,7/10/2024,7/10/2024,5.3,6.5,3.4,3.4,gal/acre-ft,117.13,gal,78,78,1,1,N,68,,Y,Total cost on PAR 1. Site 10. PAR 18/20.
2017-0600,2024,CLP,Fish,86018300,Wright,,,ProcellaCOR EC,SePro Corp.,,PLM Lake and Land Management Corp.,7/12/2024,7/12/2024,7.9,2.7,13.2021,13.2021,oz/acre-ft,281.6,oz,82,82,6,10,S,85,,Y,
,2024,EWM,Minnewaska,61013000,Pope,491,2687,Cutrine-Plus,Applied Biochemists,,"TIGRIS Aquatic Services, LLC",7/15/2024,7/15/2024,1.7,,14.8,14.8,gal/acre,25.2,gal,73,73,4,4,S,,,Y,1.0 PPM. PAR 1/1 for SSW
,2024,SSW,Minnewaska,61013000,Pope,491,2687,Cutrine-Plus,Applied Biochemists,,"TIGRIS Aquatic Services, LLC",7/15/2024,7/15/2024,1.7,,14.8,14.8,gal/acre,25.2,gal,73,73,4,4,S,,,Y,1.0 PPM. PAR 1/1 for SSW
,2024,EWM,Minnewaska,61013000,Pope,486,2682,ProcellaCOR EC,SePro Corp.,,"TIGRIS Aquatic Services, LLC",7/17/2024,7/17/2024,0.8,,26.4,26.4,PDU/acre-ft,21.1,PDU,73,73,4,4,N,,,Y,PDU rate = 6. PAR 1/5 for EWM.
,2024,SSW,Minnewaska,61013000,Pope,486,2682,ProcellaCOR EC,SePro Corp.,,"TIGRIS Aquatic Services, LLC",7/17/2024,7/17/2024,0.8,,26.4,26.4,PDU/acre-ft,21.1,PDU,73,73,4,4,N,,,Y,PDU rate = 6. PAR 1/5 for EWM.
,2024,EWM,Minnewaska,61013000,Pope,487,2683,ProcellaCOR EC,SePro Corp.,,"TIGRIS Aquatic Services, LLC",7/17/2024,7/17/2024,1.3,,39.6,39.6,PDU/acre-ft,51.5,PDU,73,73,4,4,N,,,Y,PDU rate = 6. PAR 2/5 for EWM.
,2024,SSW,Minnewaska,61013000,Pope,487,2683,ProcellaCOR EC,SePro Corp.,,"TIGRIS Aquatic Services, LLC",7/17/2024,7/17/2024,1.3,,39.6,39.6,PDU/acre-ft,51.5,PDU,73,73,4,4,N,,,Y,PDU rate = 6. PAR 2/5 for EWM.
,2024,EWM,Minnewaska,61013000,Pope,488,2684,"2,4-D Amine","Alligare, LLC",,"TIGRIS Aquatic Services, LLC",7/17/2024,7/17/2024,1,,22.7,22.7,gal/acre-ft,22.7,gal,73,73,4,4,N,,,Y,4 ppm. PAR 3/5 for EWM.
,2024,SSW,Minnewaska,61013000,Pope,488,2684,"2,4-D Amine","Alligare, LLC",,"TIGRIS Aquatic Services, LLC",7/17/2024,7/17/2024,1,,22.7,22.7,gal/acre-ft,22.7,gal,73,73,4,4,N,,,Y,4 ppm. PAR 3/5 for EWM.
,2024,EWM,Minnewaska,61013000,Pope,489,2685,"2,4-D Amine","Alligare, LLC",,"TIGRIS Aquatic Services, LLC",7/17/2024,7/17/2024,4.3,,28.4,28.4,gal/acre-ft,122.2,gal,73,73,4,4,N,,,Y,4 ppm. PAR 4/5 for EWM.
,2024,SSW,Minnewaska,61013000,Pope,489,2685,"2,4-D Amine","Alligare, LLC",,"TIGRIS Aquatic Services, LLC",7/17/2024,7/17/2024,4.3,,28.4,28.4,gal/acre-ft,122.2,gal,73,73,4,4,N,,,Y,4 ppm. PAR 4/5 for EWM.
,2024,EWM,Minnewaska,61013000,Pope,490,2686,"2,4-D Amine","Alligare, LLC",,"TIGRIS Aquatic Services, LLC",7/17/2024,7/17/2024,1,,24.4,24.4,gal/acre-ft,24.4,,73,73,4,4,N,,,Y,4 ppm. PAR 5/5 for EWM.
,2024,SSW,Minnewaska,61013000,Pope,490,2686,"2,4-D Amine","Alligare, LLC",,"TIGRIS Aquatic Services, LLC",7/17/2024,7/17/2024,1,,24.4,24.4,gal/acre-ft,24.4,,73,73,4,4,N,,,Y,4 ppm. PAR 5/5 for EWM.
,2024,EWM,White Sand,18037900,Crow Wing,480,2676,ProcellaCOR EC,SePro Corp.,,PLM Lake and Land Management Corp.,7/19/2024,7/19/2024,14,6.2,10.8018,10.8018,oz/acre-ft,937.6,oz,76,76,0,5,S,62,,Y,
,2024,EWM,Mandall,13007400,Chisago,476,2672,ProcellaCOR EC,SePro Corp.,,Aquatic Conservation Services,7/26/2024,7/26/2024,0.5,,8,8,oz/acre-ft,,,75.85,75.85,7,7,NE,,,Y,Spot treatment
2023-2720,2024,SSW,Clearwater,86025200,Wright,,,Mizzen,"Lake Restoration, Inc.",,Lake Restoration,7/26/2024,7/26/2024,4.4,5,3.4,3.4,gal/acre-ft,74.8,gal,77,77,5,5,SE,70,,Y,PAR 1/4
2023-2655,2024,SSW,Long,29016100,Hubbard,,,Hydrothol 191,United Phosphorus Inc.,,PLM Lake and Land Management Corp.,8/6/2024,8/6/2024,0.5,6,0.3333,0.3333,gal/acre-ft,1,gal,72,72,0,5,SE,70,,Y,PAR 1/3. Hydrothol in combination with Channel Copper Swimmers Itch (Chem One)
2023-2342,2024,SSW,Long,34006600,Kandiyohi,,,Komeen Descend,SePro Corp.,,PLM Lake and Land Management Corp.,8/7/2024,8/7/2024,0.51,8,3.3088,3.3088,gal/acre-ft,13.5,gal,76,76,0,5,S,70,,Y,
2023-2720,2024,SSW,Clearwater,86025200,Wright,,,Mizzen,"Lake Restoration, Inc.",,Lake Restoration,8/9/2024,8/9/2024,4.4,5,3.4,3.4,gal/acre-ft,74.8,gal,68,68,7,7,NW,65,,Y,PAR 2/4. No cost to lake association. Applicator did not notify lake and thus did not charge lake.
2017-0666,2024,EWM,Clear,82016300,Washington,,,Sonar A.S.,SePro Corp.,,"Lake Management, Inc.",8/14/2024,8/14/2024,428.9,9.8,0.97,0.97,ppb,2.74,gal,,,6,6,SE,,,Y,"PAR 3/4. Cost reported on PAR 1/4. whole lake treatment, bump. ppb rate calculated."
2018-0182,2024,SSW,Koronis,73020002,Stearns,,,Mizzen,"Lake Restoration, Inc.",,Lake Restoration,8/19/2024,8/19/2024,6.31,7.2,3.4,3.4,gal/acre-ft,154.469,gal,75,75,4,4,S,72,,Y,Total cost on this PAR; reflects cost of all treatments on 8/19/2024. PAR 1/12. Site A2.
2018-0182,2024,SSW,Koronis,73020002,Stearns,,,Mizzen,"Lake Restoration, Inc.",,Lake Restoration,8/19/2024,8/19/2024,9.45,6.1,3.4,3.4,gal/acre-ft,195.993,gal,75,75,4,4,S,72,,Y,Total cost reflect on PAR 1. PAR 2/12. Site 1D.
2018-0182,2024,SSW,Koronis,73020002,Stearns,,,Mizzen,"Lake Restoration, Inc.",,Lake Restoration,8/19/2024,8/19/2024,7.63,6.4,3.4,3.4,gal/acre-ft,166.029,gal,74,74,0,0,S,68,,Y,Total cost reflect on PAR 1. PAR 3/12. Site 2B.
2018-0182,2024,SSW,Koronis,73020002,Stearns,,,Mizzen,"Lake Restoration, Inc.",,Lake Restoration,8/19/2024,8/19/2024,2.18,6.2,3.14,3.14,gal/acre-ft,42.44,gal,74,74,0,0,S,68,,Y,Total cost reflect on PAR 1. PAR 4/12. Site 2N.
2018-0182,2024,SSW,Koronis,73020002,Stearns,,,Mizzen,"Lake Restoration, Inc.",,Lake Restoration,8/19/2024,8/19/2024,4.13,7.8,3.4,3.4,gal/acre-ft,109.528,gal,,,5,5,S,72,,Y,Total cost reflect on PAR 1. PAR 5/12. Site 6B.
2018-0182,2024,SSW,Koronis,73020002,Stearns,,,Mizzen,"Lake Restoration, Inc.",,Lake Restoration,8/19/2024,8/19/2024,5.14,8.4,3.4,3.4,gal/acre-ft,146.798,gal,75,75,5,5,S,72,,Y,Total cost reflect on PAR 1. PAR 6/12. Site 6N.
2018-0182,2024,SSW,Koronis,73020002,Stearns,,,Mizzen,"Lake Restoration, Inc.",,Lake Restoration,8/19/2024,8/19/2024,3.35,8.2,3.4,3.4,gal/acre-ft,93.398,gal,76,76,0,0,S,70,,Y,Total cost reflect on PAR 1. PAR 7/12. Site 241.
2018-0182,2024,SSW,Koronis,73020002,Stearns,,,Mizzen,"Lake Restoration, Inc.",,Lake Restoration,8/19/2024,8/19/2024,2.76,5.4,3.4,3.4,gal/acre-ft,50.674,gal,76,76,4,4,S,70,,Y,Total cost reflect on PAR 1. PAR 8/12. Site A4.
2018-0182,2024,SSW,Koronis,73020002,Stearns,,,Mizzen,"Lake Restoration, Inc.",,Lake Restoration,8/19/2024,8/19/2024,6.21,6.3,3.4,3.4,gal/acre-ft,133.018,gal,74,74,0,0,S,70,,Y,Total cost reflect on PAR 1. PAR 9/12. Site 7.
2018-0182,2024,SSW,Koronis,73020002,Stearns,,,Mizzen,"Lake Restoration, Inc.",,Lake Restoration,8/19/2024,8/19/2024,2.85,9.4,3.4,3.4,gal/acre-ft,91.086,gal,75,75,4,4,S,72,,Y,Total cost reflect on PAR 1. PAR 10/12. Site 11.
2018-0182,2024,SSW,Koronis,73020002,Stearns,,,Mizzen,"Lake Restoration, Inc.",,Lake Restoration,8/19/2024,8/19/2024,25.13,6.6,3.4,3.4,gal/acre-ft,563.917,gal,75,75,4,4,S,75,,Y,Total cost reflect on PAR 1. PAR 11/12. Site 231.
2018-0182,2024,SSW,Koronis,73020002,Stearns,,,Mizzen,"Lake Restoration, Inc.",,Lake Restoration,8/19/2024,8/19/2024,2.15,6.7,3.4,3.4,gal/acre-ft,48.977,gal,75,75,0,0,S,70,,Y,Total cost reflect on PAR 1. PAR 12/12. Site 233.
,2024,FR,Minnetonka,27013300,Hennepin,629,2713,Tribune,"Syngenta Crop Protection, LLC",,PLM Lake and Land Management Corp.,8/20/2024,8/20/2024,20.86,,2,2,gal/acre-ft,,,76,76,0,5,S,,,Y,
2017-0823,2024,EWM,Linwood,2002600,Anoka,,,Platoon,Nufarm Americas Inc.,,Lake Restoration,8/26/2024,8/26/2024,4.7,6.6,2.84,2.84,gal/acre-ft,88.097,gal,80,80,0,0,N,80,,Y,PAR 1/3.
2017-0823,2024,EWM,Linwood,2002600,Anoka,,,Platoon,Nufarm Americas Inc.,,Lake Restoration,8/26/2024,8/26/2024,6.3,5.8,2.84,2.84,gal/acre-ft,103.774,gal,80,80,0,0,N,80,,Y,PAR 2/3
2017-0823,2024,EWM,Linwood,2002600,Anoka,,,Platoon,Nufarm Americas Inc.,,Lake Restoration,8/26/2024,8/26/2024,17.8,5.5,2.84,2.84,gal/acre-ft,278.036,gal,78,78,0,0,N,80,,Y,PAR 3/3
2023-2720,2024,SSW,Clearwater,86025200,Wright,,,Mizzen,"Lake Restoration, Inc.",,Lake Restoration,8/30/2024,8/30/2024,4.4,5,3.4,3.4,gal/acre-ft,74.8,gal,75,75,6,6,W,62,,Y,PAR 3/4
2017-0666,2024,EWM,Clear,82016300,Washington,,,Sonar A.S.,SePro Corp.,,"Lake Management, Inc.",9/10/2024,9/10/2024,428.9,9.8,1.34,1.34,ppb,3.8,gal,,,8,8,SE,,,Y,"PAR 4/4. Cost reported on PAR 1/4. whole lake treatment, bump. ppb rate calculated. "
,2024,EWM,Union,60021700,Polk,1995,2778,Platoon,Nufarm Americas Inc.,,Lake Restoration,9/11/2024,9/11/2024,5,4.5,2.84,2.84,gal/acre-ft,63.9,gal,,,6,6,N,70,,Y,
,2024,EWM,Union,60021700,Polk,1995,2778,Platoon,Nufarm Americas Inc.,,Lake Restoration,9/11/2024,9/11/2024,5,4.5,2.84,2.84,gal/acre-ft,63.9,gal,,,6,6,N,70,,Y,
,2024,EWM,Union,60021700,Polk,1995,2778,Platoon,Nufarm Americas Inc.,,Lake Restoration,9/11/2024,9/11/2024,5,4.5,2.84,2.84,gal/acre-ft,63.9,gal,,,6,6,N,70,,Y,
,2024,EWM,Union,60021700,Polk,1996,2778,Platoon,Nufarm Americas Inc.,,Lake Restoration,9/11/2024,9/11/2024,3.78,5.5,2.84,2.84,gal/acre-ft,59.044,gal,,,6,6,N,70,,Y,
,2024,EWM,Union,60021700,Polk,1996,2778,Platoon,Nufarm Americas Inc.,,Lake Restoration,9/11/2024,9/11/2024,3.78,5.5,2.84,2.84,gal/acre-ft,59.044,gal,,,6,6,N,70,,Y,
,2024,EWM,Union,60021700,Polk,1996,2778,Platoon,Nufarm Americas Inc.,,Lake Restoration,9/11/2024,9/11/2024,3.78,5.5,2.84,2.84,gal/acre-ft,59.044,gal,,,6,6,N,70,,Y,
,2024,EWM,Union,60021700,Polk,1997,2778,Platoon,Nufarm Americas Inc.,,Lake Restoration,9/11/2024,9/11/2024,5.17,5.5,2.84,2.84,gal/acre-ft,80.755,gal,,,5,5,N,70,,Y,
,2024,EWM,Union,60021700,Polk,1997,2778,Platoon,Nufarm Americas Inc.,,Lake Restoration,9/11/2024,9/11/2024,5.17,5.5,2.84,2.84,gal/acre-ft,80.755,gal,,,5,5,N,70,,Y,
,2024,EWM,Union,60021700,Polk,1997,2778,Platoon,Nufarm Americas Inc.,,Lake Restoration,9/11/2024,9/11/2024,5.17,5.5,2.84,2.84,gal/acre-ft,80.755,gal,,,5,5,N,70,,Y,
,2024,EWM,Union,60021700,Polk,1998,2778,Platoon,Nufarm Americas Inc.,,Lake Restoration,9/11/2024,9/11/2024,40.5,5.5,2.84,2.84,gal/acre-ft,632.61,gal,,,8,8,S,75,,Y,
,2024,EWM,Union,60021700,Polk,1998,2778,Platoon,Nufarm Americas Inc.,,Lake Restoration,9/11/2024,9/11/2024,40.5,5.5,2.84,2.84,gal/acre-ft,632.61,gal,,,8,8,S,75,,Y,
,2024,EWM,Union,60021700,Polk,1998,2778,Platoon,Nufarm Americas Inc.,,Lake Restoration,9/11/2024,9/11/2024,40.5,5.5,2.84,2.84,gal/acre-ft,632.61,gal,,,8,8,S,75,,Y,
,2024,EWM,Sand,58008100,Pine,492,2688,ProcellaCOR EC,SePro Corp.,,PLM Lake and Land Management Corp.,9/18/2024,9/18/2024,2.04,,16.732,16.732,oz/acre-ft,307.2,oz,77,77,0,5,S,,,Y,
,2023,FR,Sauk River,73072300,Stearns,493,2689,Tribune,"Syngenta Crop Protection, LLC",,"TIGRIS Aquatic Services, LLC",9/19/2024,9/19/2024,,,2,2,gal/acre-ft,0.01,gal,73,73,4,4,S,,,Y,0.005 acres treated
,2024,EWM,Ruth,18021200,Crow Wing,508,2705,ProcellaCOR EC,SePro Corp.,,PLM Lake and Land Management Corp.,9/23/2024,9/23/2024,8.9,,11.9064,11.9064,oz/acre-ft,,,70,70,0,5,SW,,,Y,
,2024,EWM,Silver,86014000,Wright,494,2690,Weedar 64,Nufarm Americas Inc.,,Aquatic Solutions of Minnesota,9/25/2024,9/25/2024,2.76,,4,4,ppm,39.2,gal,,,,,,,,Y,Wind: calm. PAR 1/3
,2024,EWM,Silver,86014000,Wright,495,2691,Weedar 64,Nufarm Americas Inc.,,Aquatic Solutions of Minnesota,9/25/2024,9/25/2024,1.41,,4,4,ppm,21.2,gal,,,,,,,,Y,Wind: calm. PAR 2/3
,2024,EWM,Silver,86014000,Wright,496,2692,Weedar 64,Nufarm Americas Inc.,,Aquatic Solutions of Minnesota,9/25/2024,9/25/2024,0.46,,4,4,ppm,6.53,gal,,,,,,,,Y,Wind: calm. PAR 3/3
2023-2342,2024,SSW,Long,34006600,Kandiyohi,,,Komeen Descend,SePro Corp.,,PLM Lake and Land Management Corp.,10/1/2024,10/1/2024,0.51,8,3.3088,3.3088,gal/acre-ft,13.5,gal,66,66,0,5,W,53,,Y,
2023-2655,2024,SSW,Long,29016100,Hubbard,,,Komeen Descend,SePro Corp.,,PLM Lake and Land Management Corp.,10/2/2024,10/2/2024,0.25,6,3.3333,3.3333,gal/acre-ft,5,gal,63,63,0,5,SSW,60,,Y,PAR 2/3
,2024,EWM,Mary,18018500,Crow Wing,485,2681,ProcellaCOR EC,SePro Corp.,,PLM Lake and Land Management Corp.,10/3/2024,10/3/2024,1.2,,15.7576,15.7576,oz/acre-ft,,,63,63,0,5,SW,,,Y,
2017-1985,2024,EWM,Bay,18003400,Crow Wing,,,Platoon,Nufarm Americas Inc.,,Lake Restoration,10/8/2024,10/8/2024,3.73,7,2.84,2.84,gal/acre-ft,74.152,gal,60,60,0,0,SE,63,,Y,PAR 2/37
2017-1985,2024,EWM,Bay,18003400,Crow Wing,,,Platoon,Nufarm Americas Inc.,,Lake Restoration,10/8/2024,10/8/2024,0.8,10,2.84,2.84,gal/acre-ft,22.72,gal,,,1,1,SE,63,,Y,PAR 3/37
2017-1985,2024,EWM,Bay,18003400,Crow Wing,,,Platoon,Nufarm Americas Inc.,,Lake Restoration,10/8/2024,10/1/8024,0.16,8,2.84,2.84,gal/acre-ft,3.635,gal,63,63,1,1,S,65,,Y,PAR 4/37
2017-1985,2024,EWM,Bay,18003400,Crow Wing,,,Platoon,Nufarm Americas Inc.,,Lake Restoration,10/8/2024,10/8/2024,1.17,8,2.84,2.84,gal/acre-ft,26.582,gal,,,0,0,SE,63,,Y,PAR 5/37
2017-1985,2024,EWM,Bay,18003400,Crow Wing,,,Platoon,Nufarm Americas Inc.,,Lake Restoration,10/8/2024,10/8/2024,0.43,6,2.84,2.84,gal/acre-ft,7.327,gal,60,60,0,0,SE,63,,Y,PAR 6/37
2017-1985,2024,EWM,Bay,18003400,Crow Wing,,,Platoon,Nufarm Americas Inc.,,Lake Restoration,10/8/2024,10/8/2024,0.46,8,2.84,2.84,gal/acre-ft,10.451,gal,63,63,1,1,S,65,,Y,PAR 7/37
2017-1985,2024,EWM,Bay,18003400,Crow Wing,,,Platoon,Nufarm Americas Inc.,,Lake Restoration,10/8/2024,10/8/2024,0.62,6,2.84,2.84,gal/acre-ft,10.565,gal,59,59,1,1,SE,57,,Y,PAR 8/37
2017-1985,2024,EWM,Bay,18003400,Crow Wing,,,Platoon,Nufarm Americas Inc.,,Lake Restoration,10/8/2024,10/8/2024,3.1,6,2.84,2.84,gal/acre-ft,52.824,gal,62,62,0,0,N,65,,Y,PAR 9/37
2017-1985,2024,EWM,Bay,18003400,Crow Wing,,,Platoon,Nufarm Americas Inc.,,Lake Restoration,10/8/2024,10/8/2024,1.85,10,2.84,2.84,gal/acre-ft,52.54,gal,57,57,0,0,N,65,,Y,PAR 11/37
2017-1985,2024,EWM,Bay,18003400,Crow Wing,,,Platoon,Nufarm Americas Inc.,,Lake Restoration,10/8/2024,10/8/2024,2.31,8,2.84,2.84,gal/acre-ft,52.483,gal,57,57,0,0,N,65,,Y,PAR 12/37
2017-1985,2024,EWM,Bay,18003400,Crow Wing,,,Platoon,Nufarm Americas Inc.,,Lake Restoration,10/8/2024,10/8/2024,1.27,6,2.84,2.84,gal/acre-ft,21.641,gal,59,59,0,0,N,65,,Y,PAR 13/37
2017-1985,2024,EWM,Bay,18003400,Crow Wing,,,Platoon,Nufarm Americas Inc.,,Lake Restoration,10/8/2024,10/8/2024,1.61,6,2.84,2.84,gal/acre-ft,27.434,gal,59,59,0,0,N,65,,Y,PAR 14/37
2017-1985,2024,EWM,Bay,18003400,Crow Wing,,,Platoon,Nufarm Americas Inc.,,Lake Restoration,10/8/2024,10/8/2024,0.48,7,2.84,2.84,gal/acre-ft,9.542,gal,59,59,0,0,N,65,,Y,PAR 15/37
2017-1985,2024,EWM,Bay,18003400,Crow Wing,,,Platoon,Nufarm Americas Inc.,,Lake Restoration,10/8/2024,10/8/2024,0.51,10,2.84,2.84,gal/acre-ft,14.484,gal,60,60,0,0,N,65,,Y,PAR 17/37
2017-1985,2024,EWM,Bay,18003400,Crow Wing,,,Platoon,Nufarm Americas Inc.,,Lake Restoration,10/8/2024,10/8/2024,0.51,10,2.84,2.84,gal/acre-ft,14.484,gal,60,60,0,0,N,65,,Y,PAR 23/37
2017-1985,2024,EWM,Bay,18003400,Crow Wing,,,Platoon,Nufarm Americas Inc.,,Lake Restoration,10/8/2024,10/8/2024,0.5,10,2.84,2.84,gal/acre-ft,14.2,gal,60,60,0,0,N,65,,Y,PAR 24/37
2017-1985,2024,EWM,Bay,18003400,Crow Wing,,,Platoon,Nufarm Americas Inc.,,Lake Restoration,10/8/2024,10/8/2024,1.95,8,2.84,2.84,gal/acre-ft,44.304,gal,62,62,0,0,N,70,,Y,PAR 25/37
2017-1985,2024,EWM,Bay,18003400,Crow Wing,,,Platoon,Nufarm Americas Inc.,,Lake Restoration,10/8/2024,10/8/2024,0.98,8,2.84,2.84,gal/acre-ft,22.266,gal,59,59,2,2,SE,54,,Y,PAR 26/37
2017-1985,2024,EWM,Bay,18003400,Crow Wing,,,Platoon,Nufarm Americas Inc.,,Lake Restoration,10/8/2024,10/8/2024,2.98,8,2.84,2.84,gal/acre-ft,67.706,gal,60,60,0,0,N,65,,Y,PAR 37/37
2017-1985,2024,EWM,Bay,18003400,Crow Wing,,,Platoon,Nufarm Americas Inc.,,Lake Restoration,10/9/2024,10/9/2024,0.3,7,2.84,2.84,gal/acre-ft,5.964,gal,59,59,3,3,E,40,,Y,PAR 1/37
2017-1985,2024,EWM,Bay,18003400,Crow Wing,,,Platoon,Nufarm Americas Inc.,,Lake Restoration,10/9/2024,10/9/2024,2.02,6,2.84,2.84,gal/acre-ft,34.421,gal,60,60,4,4,SE,65,,Y,PAR 10/37
2017-1985,2024,EWM,Bay,18003400,Crow Wing,,,Platoon,Nufarm Americas Inc.,,Lake Restoration,10/9/2024,10/9/2024,0.78,5,2.84,2.84,gal/acre-ft,11.076,gal,59,59,3,3,E,40,,Y,PAR 16/37
2017-1985,2024,EWM,Bay,18003400,Crow Wing,,,Platoon,Nufarm Americas Inc.,,Lake Restoration,10/9/2024,10/9/2024,0.17,5,2.84,2.84,gal/acre-ft,2.414,gal,59,59,3,3,E,40,,Y,PAR 18/37
2017-1985,2024,EWM,Bay,18003400,Crow Wing,,,Platoon,Nufarm Americas Inc.,,Lake Restoration,10/9/2024,10/9/2024,3.47,8,2.84,2.84,gal/acre-ft,78.838,gal,60,60,3,3,S,60,,Y,PAR 19/37
2017-1985,2024,EWM,Bay,18003400,Crow Wing,,,Platoon,Nufarm Americas Inc.,,Lake Restoration,10/9/2024,10/9/2024,0.95,10,2.84,2.84,gal/acre-ft,26.98,gal,60,60,3,3,S,65,,Y,PAR 20/37
2017-1985,2024,EWM,Bay,18003400,Crow Wing,,,Platoon,Nufarm Americas Inc.,,Lake Restoration,10/9/2024,10/9/2024,0.4,8,2.84,2.84,gal/acre-ft,9.088,gal,59,59,4,4,SE,50,,Y,PAR 21/37
2017-1985,2024,EWM,Bay,18003400,Crow Wing,,,Platoon,Nufarm Americas Inc.,,Lake Restoration,10/9/2024,10/9/2024,0.17,8,2.84,2.84,gal/acre-ft,3.862,gal,59,59,4,4,SE,50,,Y,PAR 22/37
2017-1984,2024,EWM,Bay,18003400,Crow Wing,,,Platoon,Nufarm Americas Inc.,,Lake Restoration,10/9/2024,10/9/2024,0.34,10,2.84,2.84,gal/acre-ft,9.656,gal,60,60,3,3,S,65,,Y,PAR 27/37
2017-1984,2024,EWM,Bay,18003400,Crow Wing,,,Platoon,Nufarm Americas Inc.,,Lake Restoration,10/9/2024,10/9/2024,0.3,5,2.84,2.84,gal/acre-ft,4.26,gal,60,60,3,3,S,65,,Y,PAR 28/37
2017-1984,2024,EWM,Bay,18003400,Crow Wing,,,Platoon,Nufarm Americas Inc.,,Lake Restoration,10/9/2024,10/9/2024,1.52,6,2.84,2.84,gal/acre-ft,25.901,gal,60,60,3,3,S,65,,Y,PAR 29/37
2017-1984,2024,EWM,Bay,18003400,Crow Wing,,,Platoon,Nufarm Americas Inc.,,Lake Restoration,10/9/2024,10/9/2024,0.47,8,2.84,2.84,gal/acre-ft,10.678,gal,,,3,3,SE,45,,Y,PAR 30/37
2017-1984,2024,EWM,Bay,18003400,Crow Wing,,,Platoon,Nufarm Americas Inc.,,Lake Restoration,10/9/2024,10/9/2024,0.22,8,2.84,2.84,gal/acre-ft,4.998,gal,59,59,1,1,SE,45,,Y,PAR 31/37
2017-1984,2024,EWM,Bay,18003400,Crow Wing,,,Platoon,Nufarm Americas Inc.,,Lake Restoration,10/9/2024,10/9/2024,0.21,8,2.84,2.84,gal/acre-ft,4.771,gal,60,60,3,3,SE,65,,Y,PAR 32/37
2017-1984,2024,EWM,Bay,18003400,Crow Wing,,,Platoon,Nufarm Americas Inc.,,Lake Restoration,10/9/2024,10/9/2024,0.26,6,2.84,2.84,gal/acre-ft,4.43,gal,59,59,3,3,SE,47,,Y,PAR 33/37
2017-1984,2024,EWM,Bay,18003400,Crow Wing,,,Platoon,Nufarm Americas Inc.,,Lake Restoration,10/9/2024,10/9/2024,0.45,6,2.84,2.84,gal/acre-ft,7.668,gal,59,59,3,3,SE,47,,Y,PAR 34/37
2017-1984,2024,EWM,Bay,18003400,Crow Wing,,,Platoon,Nufarm Americas Inc.,,Lake Restoration,10/9/2024,10/9/2024,0.32,6,2.84,2.84,gal/acre-ft,5.453,gal,59,59,3,3,SE,47,,Y,PAR 35/37
2017-1984,2024,EWM,Bay,18003400,Crow Wing,,,Platoon,Nufarm Americas Inc.,,Lake Restoration,10/9/2024,10/9/2024,0.32,6,2.84,2.84,gal/acre-ft,5.453,gal,59,59,3,3,SE,47,,Y,PAR 36/37
2023-2720,2024,SSW,Clearwater,86025200,Wright,,,Mizzen,"Lake Restoration, Inc.",,Lake Restoration,10/10/2024,10/10/2024,4.4,5,3.4,3.4,gal/acre-ft,74.8,gal,59,59,3,3,N,65,,Y,PAR 4/4
2020-1556,2025,EWM,Oak,10009300,Carver,,,Sonar A.S.,SePro Corp.,,PLM Lake and Land Management Corp.,4/16/2025,4/16/2025,360,5,0.0025,0.0025,gal/acre-ft,4.75,gal,50,50,6,10,SW,41,,Y,
2017-0365,2024,CLP,Long,47017700,Meeker,,,Tribune,"Syngenta Crop Protection, LLC",,Aquatic Solutions of Minnesota,4/26/2025,4/26/2025,7.4,4,1,1,ppm,7.4,gal,,,6,6,SE,,55,Y,
2017-0365,2024,CLP,Long,47017700,Meeker,,,Tribune,"Syngenta Crop Protection, LLC",,Aquatic Solutions of Minnesota,4/26/2025,4/26/2025,5.1,5,1,1,ppm,6.38,gal,,,6,6,SE,,55,Y,
2017-0365,2024,CLP,Long,47017700,Meeker,,,Tribune,"Syngenta Crop Protection, LLC",,Aquatic Solutions of Minnesota,4/26/2025,4/26/2025,17.5,4,1,1,ppm,17.5,gal,,,6,6,SE,,55,Y,
2017-0365,2024,CLP,Long,47017700,Meeker,,,Tribune,"Syngenta Crop Protection, LLC",,Aquatic Solutions of Minnesota,4/26/2025,4/26/2025,5.2,4,1,1,ppm,5.2,gal,,,5,5,SE,,55,Y,
2017-0365,2024,CLP,Long,47017700,Meeker,,,Tribune,"Syngenta Crop Protection, LLC",,Aquatic Solutions of Minnesota,4/26/2025,4/26/2025,13.6,4.25,1,1,ppm,14.45,gal,,,6,6,SE,,55,Y,
2017-0830,2024,CLP,Lewis,33003200,Kanabec,,,Propeller,"Alligare, LLC",,Aquatic Solutions of Minnesota,4/29/2025,4/29/2025,1.1,4.5,200,200,ppm,5.25,lbs,,,0,0,,,52,Y,PAR 2/5
2017-0830,2024,CLP,Lewis,33003200,Kanabec,,,Propeller,"Alligare, LLC",,Aquatic Solutions of Minnesota,4/29/2025,4/29/2025,0.68,3,200,200,ppm,2.16,lbs,,,0,0,,,52,Y,PAR 3/5
2017-0830,2024,CLP,Lewis,33003200,Kanabec,,,Propeller,"Alligare, LLC",,Aquatic Solutions of Minnesota,4/29/2025,4/29/2025,0.4,3.5,200,200,ppm,1.48,lbs,,,0,0,,,52,Y,PAR 4/5
2017-0830,2024,CLP,Lewis,33003200,Kanabec,,,Propeller,"Alligare, LLC",,Aquatic Solutions of Minnesota,4/29/2025,4/29/2025,2.48,4,200,200,ppm,10.52,lbs,,,0,0,,,52,Y,PAR 5/5
2017-0830,2024,CLP,Lewis,33003200,Kanabec,,,Propeller,"Alligare, LLC",,Aquatic Solutions of Minnesota,4/29/2025,4/29/2025,0.47,5,200,200,ppm,2.49,lbs,,,1,2,NW,,53,Y,PAR 1/5
2024-0113,2025,CLP,Games,34022400,Kandiyohi,,,FlumigardSC,"Alligare, LLC",,Lake Restoration,4/29/2025,4/29/2025,6.8,6.5,13.2,13.2,oz/acre-ft,583.44,oz,55,55,6,6,NW,65,,Y,"PAR 1/2 Site 1. ""Norway Games Lake"""
2024-0113,2025,CLP,Games,34022400,Kandiyohi,,,FlumigardSC,"Alligare, LLC",,Lake Restoration,4/29/2025,4/29/2025,21.5,7,13.2,13.2,oz/acre-ft,1986.6,oz,55,55,8,8,NW,65,,Y,"PAR 2/2 Site 2. ""Norway Games Lake"""
2024-0112,2025,CLP,Norway,34025100,Kandiyohi,,,FlumigardSC,"Alligare, LLC",,Lake Restoration,4/29/2025,4/29/2025,7.9,6,13.2,13.2,oz/acre-ft,625.68,oz,57,57,6,6,NW,65,,Y,PAR 1/3
2024-0112,2025,CLP,Norway,34025100,Kandiyohi,,,FlumigardSC,"Alligare, LLC",,Lake Restoration,4/29/2025,4/29/2025,4.5,6,13.2,13.2,oz/acre-ft,356.4,oz,57,57,2,2,NW,65,,Y,PAR 2/3
2024-0112,2025,CLP,Norway,34025100,Kandiyohi,,,FlumigardSC,"Alligare, LLC",,Lake Restoration,4/29/2025,4/29/2025,3.2,5,17.1,17.1,oz/acre-ft,273.6,oz,57,57,2,2,NW,65,,Y,PAR 3/3
2017-1038,2025,CLP,Minnetonka,27013303,Hennepin,,,Sonar A.S.,SePro Corp.,,PLM Lake and Land Management Corp. ,4/29/2025,4/29/2025,115,5.7,0.0048,0.0048,gal/acre-ft,3.17,gal,53,53,6,10,N,47,,Y,Carsons Bay
,2024,EWM,Spring,70005400,Scott,320,2513,Tribune,"Syngenta Crop Protection, LLC",,PLM Lake and Land Management Corp.,4/30/2025,4/30/2025,16.87,4,0.2584,0.2584,gal/acre,4.36,gal,56,56,10,10,S,57,,Y,
,2024,CLP,Rush,71014700,Sherburne,289,2482,FlumigardSC,"Alligare, LLC",,PLM Lake and Land Management Corp.,4/30/2025,4/30/2025,22.5,5.4,0.0798,0.0798,gal/acre-ft,9.7,gal,58,58,8,8,S,45,,Y,
,2024,CLP,Spring,70005400,Scott,320,2513,Tribune,"Syngenta Crop Protection, LLC",,PLM Lake and Land Management Corp.,4/30/2025,4/30/2025,16.87,4,0.2584,0.2584,gal/acre,4.36,gal,56,56,10,10,S,57,,Y,
2018-0670,2025,CLP,Briggs,71014600,Sherburne,,,FlumigardSC,"Alligare, LLC",,PLM Lake and Land Management Corp.,4/30/2025,4/30/2025,27.8,4.3,0.0912,0.0912,gal/acre-ft,10.9,gal,56,56,6,6,S,50,,Y,
2024-0169,2025,CLP,Holiday,27009000,Hennepin,,,Galleon SC,SePro Corp.,,PLM Lake and Land Management Corp.,4/30/2025,4/30/2025,4.2,4.5,0.0124,0.0124,gal/acre-ft,0.234,gal,56,56,6,10,S,67,,Y,
2025-1371,2025,CLP,Gorman,40003200,Le Sueur,,,Aquathol K,United Phosphorus Inc.,,Lakescapes LLC,5/2/2025,5/2/2025,4.9,6,0.75,0.75,ppm,13.23,gal,,,10,10,N,,57,Y,PAR 1/4
2025-1371,2025,CLP,Gorman,40003200,Le Sueur,,,Aquathol K,United Phosphorus Inc.,,Lakescapes LLC,5/2/2025,5/2/2025,5.2,5,0.75,0.75,ppm,11.7,gal,,,10,10,N,,57,Y,PAR 2/4
2025-1371,2025,CLP,Gorman,40003200,Le Sueur,,,Aquathol K,United Phosphorus Inc.,,Lakescapes LLC,5/2/2025,5/2/2025,6.3,5,0.75,0.75,ppm,14.17,gal,,,10,10,N,,57,Y,PAR 3/4
2025-1371,2025,CLP,Gorman,40003200,Le Sueur,,,Aquathol K,United Phosphorus Inc.,,Lakescapes LLC,5/2/2025,5/2/2025,19.8,5,0.75,0.75,ppm,44.55,gal,,,7,7,N,,57,Y,PAR 4/4
,2025,CLP,Clear,81001401,Waseca,,,Aquathol K,United Phosphorus Inc.,,Lavish Lakefronts LLC,5/5/2025,5/6/2025,38,7,0.75,0.75,ppm,,,58,60,6,10,NW,76,,Y,
2017-1826,2025,CLP,Grave,18011000,Crow Wing,,,FlumigardSC,"Alligare, LLC",,PLM Lake and Land Management Corp.,5/5/2025,5/5/2025,5.5,3.8,0.1244,0.1244,gal/acre-ft,2.6,gal,59,59,5,5,S,55,,Y,pesticide rate and quantity split into 2 rows so combined them into one. 
,2024,CLP,Long,49001500,Morrison,1988,2772,FlumigardSC,"Alligare, LLC",,PLM Lake and Land Management Corp.,5/6/2025,5/6/2025,1.4,3.2,0.1116,0.1116,gal/acre-ft,0.5,gal,60,60,0,0,,52,,Y,
2017-0040,2025,CLP,Cedar Island,73013300,Stearns,,,FlumigardSC,"Alligare, LLC",,"TIGRIS Aquatic Services, LLC",5/6/2025,5/6/2025,6,4,200,200,ppb,3.2,gal,66,66,1,1,SE,70,,Y,PAR 1/6
2017-0040,2025,CLP,Cedar Island,73013300,Stearns,,,FlumigardSC,"Alligare, LLC",,"TIGRIS Aquatic Services, LLC",5/6/2025,5/6/2025,2,3.5,200,200,ppb,0.9,gal,66,66,1,1,SE,70,,Y,PAR 2/6
2017-0040,2025,CLP,Cedar Island,73013300,Stearns,,,FlumigardSC,"Alligare, LLC",,"TIGRIS Aquatic Services, LLC",5/6/2025,5/6/2025,1,5,300,300,ppb,1,gal,66,66,1,1,SE,70,,Y,PAR 3/6
2017-0040,2025,CLP,Cedar Island,73013300,Stearns,,,FlumigardSC,"Alligare, LLC",,"TIGRIS Aquatic Services, LLC",5/6/2025,5/6/2025,2,4,200,200,ppb,1.1,gal,66,66,1,1,SE,70,,Y,PAR 4/6
2017-0040,2025,CLP,Cedar Island,73013300,Stearns,,,FlumigardSC,"Alligare, LLC",,"TIGRIS Aquatic Services, LLC",5/6/2025,5/6/2025,2,3.5,200,200,ppb,0.9,gal,66,66,1,1,SE,70,,Y,PAR 5/6
2017-0040,2025,CLP,Cedar Island,73013300,Stearns,,,FlumigardSC,"Alligare, LLC",,"TIGRIS Aquatic Services, LLC",5/6/2025,5/6/2025,1,4,300,300,ppb,0.8,gal,66,66,1,1,SE,70,,Y,PAR 6/6
2019-1617,2025,CLP,Minnetonka,27013300,Hennepin,,,Tribune,"Syngenta Crop Protection, LLC",,PLM Lake and Land Management Corp. ,5/6/2025,5/6/2025,45.9,6.5286,2,2,gal/acre,91.8,gal,55,55,0,5,NW,60,,Y,Gideons Bay
2025-0025,2025,CLP,Island,3015300,Becker,,,FlumigardSC,"Alligare, LLC",,PLM Lake and Land Management Corp.,5/7/2025,5/7/2025,6.85,8.7,0.1376,0.1376,gal/acre-ft,8.2,gal,56,56,8,8,NE,61,,Y,
2017-1044,2025,CLP,Minnetonka,27013313,Hennepin,,,Tribune,"Syngenta Crop Protection, LLC",,PLM Lake and Land Management Corp. ,5/7/2025,5/7/2025,53.62,6.0286,2,2,gal/acre,107.24,gal,62,52,0,0,,61,,Y,North Bay. Wind direction calm
2022-1832,2025,CLP,Bass,22007400,Faribault,,,FlumigardSC,"Alligare, LLC",,PLM Lake and Land Management Corp. ,5/8/2025,5/8/2025,17.3,6.4,0.0844,0.0844,gal/acre-ft,9.342,gal,63.8,63.8,9,9,E,57,,Y,
2019-1068,2025,CLP,Green Prairie Fish,49003500,Morrison,,,FlumigardSC,"Alligare, LLC",,Lake Restoration,5/8/2025,5/8/2025,0.63,6,,,oz/acre-ft,64.1,oz,,,6,6,E,46,,Y,PAR 1/4. water temp left blank. dosage rate incorrectly listed as 0. 
2019-1068,2025,CLP,Green Prairie Fish,49003500,Morrison,,,FlumigardSC,"Alligare, LLC",,Lake Restoration,5/8/2025,5/8/2025,3.12,6,,,oz/acre-ft,238.1,oz,57,57,6,6,E,46,,Y,PAR 2/4. dosage rate incorrectly listed as 0. 
2019-1068,2025,CLP,Green Prairie Fish,49003500,Morrison,,,FlumigardSC,"Alligare, LLC",,Lake Restoration,5/8/2025,5/8/2025,1.48,6,,,oz/acre-ft,94.1,oz,57,57,6,6,E,,,Y,PAR 3/4. air temp left blank. dosage rate incorrectly  listed as 0. 
2019-1068,2025,CLP,Green Prairie Fish,49003500,Morrison,,,FlumigardSC,"Alligare, LLC",,Lake Restoration,5/8/2025,5/8/2025,0.58,6,,,oz/acre-ft,49.2,oz,57,57,6,6,E,46,,Y,PAR 4/4. air temp left blank. dosage rate incorrectly  listed as 0. 
2018-0371,2025,CLP,Alexander,49007900,Morrison,,,FlumigardSC,"Alligare, LLC",,Lake Restoration,5/8/2025,5/8/2025,1.35,10,17,17,oz/acre-ft,229.5,oz,57,57,5,5,SE,61,,Y,PAR 1/8   Site 11
2018-0371,2025,CLP,Alexander,49007900,Morrison,,,FlumigardSC,"Alligare, LLC",,Lake Restoration,5/8/2025,5/8/2025,2.9,8,17,17,oz/acre-ft,394.4,oz,57,57,5,5,SE,61,,Y,PAR 2/8  Site 12
2018-0371,2025,CLP,Alexander,49007900,Morrison,,,FlumigardSC,"Alligare, LLC",,Lake Restoration,5/8/2025,5/8/2025,1.4,11,17,17,oz/acre-ft,261.8,oz,57,57,3,3,SE,63,,Y,PAR 3/8  Site 13
2018-0371,2025,CLP,Alexander,49007900,Morrison,,,FlumigardSC,"Alligare, LLC",,Lake Restoration,5/8/2025,5/8/2025,1.87,11,listed as 0.000,listed as 0.000,oz/acre-ft,348.9,oz,57,57,5,5,SE,61,,Y,PAR 4/8  Site 14
2018-0371,2025,CLP,Alexander,49007900,Morrison,,,FlumigardSC,"Alligare, LLC",,Lake Restoration,5/8/2025,5/8/2025,1.96,11,listed as 0.000,listed as 0.000,oz/acre-ft,365.7,oz,58,58,6,6,E,55,,Y,PAR 5/8  Site 15
2018-0371,2025,CLP,Alexander,49007900,Morrison,,,FlumigardSC,"Alligare, LLC",,Lake Restoration,5/8/2025,5/8/2025,5,11,listed as 0.000,listed as 0.000,oz/acre-ft,699.6,oz,58,58,6,6,E,55,,Y,PAR 6/8  Site 16
2018-0371,2025,CLP,Alexander,49007900,Morrison,,,FlumigardSC,"Alligare, LLC",,Lake Restoration,5/8/2025,5/8/2025,0.87,12,17,17,oz/acre-ft,177.48,oz,57,57,4,4,SE,65,,Y,PAR 7/8  Site 17
2018-0371,2025,CLP,Alexander,49007900,Morrison,,,FlumigardSC,"Alligare, LLC",,Lake Restoration,5/8/2025,5/8/2025,1.1,10,17,17,oz/acre-ft,187,oz,57,57,4,4,SE,67,,Y,PAR 8/8  Site 18
2017-0389,2025,CLP,Sarah,27019100,Hennepin,,,FlumigardSC,"Alligare, LLC",,PLM Lake and Land Management Corp.,5/8/2025,5/8/2025,26.7,4.7333,0.0971,0.0971,gal/acre-ft,12.27,gal,63,63,0,0,,56,,Y,wind speed calm
2020-1556,2025,EWM,Oak,10009300,Carver,,,Sonar A.S.,SePro Corp.,,PLM Lake and Land Management Corp.,5/8/2025,5/8/2025,380,5,0.0016,0.0016,gal/acre-ft,3,gal,62,62,0,5,E,48,,Y,Bump treatment
2020-0191,2025,CLP,Rice,2000800,Anoka,,,Diquat Herbicide,"Alligare, LLC",,Lake Restoration,5/9/2025,5/9/2025,30,4,1,1,gal/acre,30,gal,55,55,7,7,S,57,,Y,
2025-1273,2025,CLP,Thompson,71009600,Sherburne,,,Tribune,"Syngenta Crop Protection, LLC",,"TIGRIS Aquatic Services, LLC",5/9/2025,5/9/2025,0.58,10,2,2,gal/acre,1.16,gal,64,64,7,7,S,67,,Y,PAR 1/4
2025-1273,2025,CLP,Thompson,71009600,Sherburne,,,Tribune,"Syngenta Crop Protection, LLC",,"TIGRIS Aquatic Services, LLC",5/9/2025,5/9/2025,1.56,10,2,2,gal/acre,3.12,gal,64,64,7,7,S,67,,Y,PAR 2/4
2025-1273,2025,CLP,Thompson,71009600,Sherburne,,,Tribune,"Syngenta Crop Protection, LLC",,"TIGRIS Aquatic Services, LLC",5/9/2025,5/9/2025,1.25,9.5,2,2,gal/acre,2.5,gal,64,64,7,7,S,67,,Y,PAR 3/4
2025-1273,2025,CLP,Thompson,71009600,Sherburne,,,Tribune,"Syngenta Crop Protection, LLC",,"TIGRIS Aquatic Services, LLC",5/9/2025,5/9/2025,1.7,10,2,2,gal/acre,3.4,gal,64,64,7,7,S,67,,Y,PAR 4/4
2018-0293,2025,CLP,Fannie,30004300,Isanti,,,Flumioxazin 51WDG Prime,"Tigris, LLC.",,Aquatic Conservation Services,5/12/2025,5/12/2025,5.2,4.7,225,225,ppb,,,57.12,57.12,4,4,NE,65,,Y,PAR 1/6
2018-0293,2025,CLP,Fannie,30004300,Isanti,,,Flumioxazin 51WDG Prime,"Tigris, LLC.",,Aquatic Conservation Services,5/12/2025,5/12/2025,3.8,5.75,225,225,ppb,,,57.8,57.8,4,4,NE,65,,Y,PAR 2/6
2018-0293,2025,CLP,Fannie,30004300,Isanti,,,Flumioxazin 51WDG Prime,"Tigris, LLC.",,Aquatic Conservation Services,5/12/2025,5/12/2025,6.1,4.8,225,225,ppb,,,58.2,58.2,5,5,NE,66,,Y,PAR 3/6
2018-0293,2025,CLP,Fannie,30004300,Isanti,,,Flumioxazin 51WDG Prime,"Tigris, LLC.",,Aquatic Conservation Services,5/12/2025,5/12/2025,2.67,5,225,225,ppb,,,58.9,58.9,6,6,NE,67,,Y,PAR 4/6
2018-0293,2025,CLP,Fannie,30004300,Isanti,,,Flumioxazin 51WDG Prime,"Tigris, LLC.",,Aquatic Conservation Services,5/12/2025,5/12/2025,3.58,4,225,225,ppb,,,58.7,58.7,5,5,NE,68,,Y,PAR 5/6
2018-0293,2025,CLP,Fannie,30004300,Isanti,,,Flumioxazin 51WDG Prime,"Tigris, LLC.",,Aquatic Conservation Services,5/12/2025,5/12/2025,16.8,4.5,225,225,ppb,,,59.2,59.2,6,6,NE,68,,Y,PAR 6/6
2020-0924,2025,CLP,Little Birch,77008900,Todd,,,FlumigardSC,"Alligare, LLC",,"TIGRIS Aquatic Services, LLC",5/13/2025,5/13/2025,2,5,300,300,ppb,2,gal,70,70,8,8,SE,68,,Y,PAR 1/2
2020-0924,2025,CLP,Little Birch,77008900,Todd,,,FlumigardSC,"Alligare, LLC",,"TIGRIS Aquatic Services, LLC",5/13/2025,5/13/2025,0.7,5,300,300,ppb,0.7,gal,70,70,8,8,SE,68,,Y,PAR 2/2
2021-1772,2025,CLP,Minnetonka,27013301,Hennepin,,,Tribune,"Syngenta Crop Protection, LLC",,PLM Lake and Land Management Corp. ,5/13/2025,5/13/2025,27,4,2,2,gal/acre,54,gal,62,62,0,5,SE,61,,Y,Grays Bay
2017-1028,2025,EWM,George,2009100,Anoka,,,Diquat Herbicide,"Alligare, LLC",,Lake Restoration,5/14/2025,5/14/2025,4.38,6,2,2,gal/acre,8.76,gal,66,66,3,3,S,70,,Y,PAR 1/4
2017-1028,2025,EWM,George,2009100,Anoka,,,Diquat Herbicide,"Alligare, LLC",,Lake Restoration,5/14/2025,5/14/2025,15.15,6,2,2,gal/acre,30.3,gal,66,66,2,2,S,65,,Y,PAR 2/4
2017-1028,2025,EWM,George,2009100,Anoka,,,Diquat Herbicide,"Alligare, LLC",,Lake Restoration,5/14/2025,5/14/2025,7.63,5,2,2,gal/acre,15.26,gal,66,66,3,3,S,65,,Y,PAR 3/4
2017-1028,2025,EWM,George,2009100,Anoka,,,Diquat Herbicide,"Alligare, LLC",,Lake Restoration,5/14/2025,5/14/2025,5.07,6,2,2,gal/acre,10.14,gal,66,66,3,3,S,65,,Y,PAR 4/4
2020-0141,2025,CLP,Upper Cullen,18037600,Crow Wing,,,FlumigardSC,"Alligare, LLC",,"TIGRIS Aquatic Services, LLC",5/14/2025,5/14/2025,0.7,5.7,300,300,ppb,0.7,gal,67,67,3,3,SE,65,,Y,PAR 1/5
2020-0141,2025,CLP,Upper Cullen,18037600,Crow Wing,,,FlumigardSC,"Alligare, LLC",,"TIGRIS Aquatic Services, LLC",5/14/2025,5/14/2025,0.6,6.6,300,300,ppb,0.7,gal,67,67,3,3,SE,65,,Y,PAR 2/5
2020-0141,2025,CLP,Upper Cullen,18037600,Crow Wing,,,FlumigardSC,"Alligare, LLC",,"TIGRIS Aquatic Services, LLC",5/14/2025,5/14/2025,1.8,5.1,200,200,ppb,1.2,gal,67,67,3,3,SE,65,,Y,PAR 3/5
2020-0141,2025,CLP,Upper Cullen,18037600,Crow Wing,,,FlumigardSC,"Alligare, LLC",,"TIGRIS Aquatic Services, LLC",5/14/2025,5/14/2025,1.1,3.8,200,200,ppb,0.5,gal,67,67,3,3,SE,65,,Y,PAR 4/5
2020-0141,2025,CLP,Upper Cullen,18037600,Crow Wing,,,FlumigardSC,"Alligare, LLC",,"TIGRIS Aquatic Services, LLC",5/14/2025,5/14/2025,4.4,6.2,200,200,ppb,3.6,gal,67,67,3,3,SE,65,,Y,PAR 5/5
2020-0139,2025,CLP,Lower Cullen,18040300,Crow Wing,,,FlumigardSC,"Alligare, LLC",,"TIGRIS Aquatic Services, LLC",5/14/2025,5/14/2025,1.5,6.4,200,200,ppb,1.3,gal,65,65,3,3,SE,62,,Y,PAR 1/5
2020-0139,2025,CLP,Lower Cullen,18040300,Crow Wing,,,FlumigardSC,"Alligare, LLC",,"TIGRIS Aquatic Services, LLC",5/14/2025,5/14/2025,5,7.1,200,200,ppb,4.7,gal,65,65,3,3,SE,62,,Y,PAR 2/5
2020-0139,2025,CLP,Lower Cullen,18040300,Crow Wing,,,FlumigardSC,"Alligare, LLC",,"TIGRIS Aquatic Services, LLC",5/14/2025,5/14/2025,0.3,6.4,200,200,ppb,0.3,gal,65,65,3,3,SE,62,,Y,PAR 3/5
2020-0139,2025,CLP,Lower Cullen,18040300,Crow Wing,,,FlumigardSC,"Alligare, LLC",,"TIGRIS Aquatic Services, LLC",5/14/2025,5/14/2025,0.9,7.8,200,200,ppb,1.4,gal,65,65,3,3,SE,62,,Y,PAR 4/5
2020-0139,2025,CLP,Lower Cullen,18040300,Crow Wing,,,FlumigardSC,"Alligare, LLC",,"TIGRIS Aquatic Services, LLC",5/14/2025,5/14/2025,0.9,7.8,200,200,ppb,0.9,gal,65,65,3,3,SE,62,,Y,PAR 5/5
2020-0140,2025,CLP,Middle Cullen,18037700,Crow Wing,,,FlumigardSC,"Alligare, LLC",,"TIGRIS Aquatic Services, LLC",5/14/2025,5/14/2025,1.1,7.6,200,200,ppb,1.1,gal,67,67,3,3,SE,78,,Y,PAR 1/4
2020-0140,2025,CLP,Middle Cullen,18037700,Crow Wing,,,FlumigardSC,"Alligare, LLC",,"TIGRIS Aquatic Services, LLC",5/14/2025,5/14/2025,0.5,4.1,300,300,ppb,0.4,gal,67,67,3,3,SE,78,,Y,PAR 2/4
2020-0140,2025,CLP,Middle Cullen,18037700,Crow Wing,,,FlumigardSC,"Alligare, LLC",,"TIGRIS Aquatic Services, LLC",5/14/2025,5/14/2025,1.2,9.3,200,200,ppb,1.5,gal,67,67,3,3,SE,78,,Y,PAR 3/4
2020-0140,2025,CLP,Middle Cullen,18037700,Crow Wing,,,FlumigardSC,"Alligare, LLC",,"TIGRIS Aquatic Services, LLC",5/14/2025,5/14/2025,0.8,4.7,300,300,ppb,0.7,gal,67,67,3,3,SE,78,,Y,PAR 4/4
2018-0118,2025,CLP,Pearl,73003700,Stearns,,,Diquat Herbicide,"Alligare, LLC",,"Lake Management, Inc.",5/14/2025,5/14/2025,10.02,4,2,2,gal/acre,20.04,gal,,,0,0,,80,,Y,"PAR 1/4. slash through wind speed and direction, assume calm. "
2018-0118,2025,CLP,Pearl,73003700,Stearns,,,Diquat Herbicide,"Alligare, LLC",,"Lake Management, Inc.",5/14/2025,5/14/2025,8.83,4,2,2,gal/acre,17.66,gal,,,2,2,S,81,,Y,PAR 2/4
2018-0118,2025,CLP,Pearl,73003700,Stearns,,,Diquat Herbicide,"Alligare, LLC",,"Lake Management, Inc.",5/14/2025,5/14/2025,9.25,4,2,2,gal/acre,18.5,gal,,,2,4,SE,82,,Y,PAR 3/4
2018-0118,2025,CLP,Pearl,73003700,Stearns,,,Diquat Herbicide,"Alligare, LLC",,"Lake Management, Inc.",5/14/2025,5/14/2025,11.48,4,2,2,gal/acre,22.96,gal,,,4,4,SE,82,,Y,PAR 4/4
2023-0301,2025,CLP,Andrew,21008500,Douglas,,,Flumigard,"Alligare, LLC",,Lake Restoration,5/22/2025,5/22/2025,22,11,17,17,oz/acre-ft,4114,oz,55,55,0,0,N,70,,Y,PAR 1/4
2023-0301,2025,CLP,Andrew,21008500,Douglas,,,Flumigard,"Alligare, LLC",,Lake Restoration,5/22/2025,5/22/2025,1.5,5,17,17,oz/acre-ft,127.5,oz,55,55,0,0,N,65,,Y,PAR 2/4
2023-0301,2025,CLP,Andrew,21008500,Douglas,,,Flumigard,"Alligare, LLC",,Lake Restoration,5/22/2025,5/22/2025,4.8,9,17,17,oz/acre-ft,734.4,oz,55,55,0,0,N,65,,Y,PAR 3/4
2023-0301,2025,CLP,Andrew,21008500,Douglas,,,Flumigard,"Alligare, LLC",,Lake Restoration,5/22/2025,5/22/2025,4,11,17,17,oz/acre-ft,748,oz,55,55,0,0,N,60,,Y,PAR 4/4
2025-0088,2025,CLP,Cowdry,,Douglas,,,FlumigardSC,"Alligare, LLC",,PLM Lake and Land Management Corp. ,5/22/2025,5/22/2025,8.4,5,0.1357,0.1357,gal/acre-ft,5.7,gal,57,57,3,3,W,62,,Y,
2019-0258,2025,CLP,South Lida,56074702,Otter Tail,,,FlumigardSC,"Alligare, LLC",,PLM Lake and Land Management Corp.,5/22/2025,5/22/2025,22.4,8,0.0971,0.0971,gal/acre-ft,17.4,gal,56,56,4,4,N,64,,Y,
2022-0338,2025,CLP,Lobster,21014400,Douglas,,,Diquat Herbicide,"Alligare, LLC",,"Limnopro Aquatic Science, Inc.",5/25/2025,5/25/2025,5.6,8.9,0.37,0.37,ppm,,,64,64,8,8,ESE,60,,Y,5 application sites. The total diquat applied is not listed. 
2021-0413,2025,CLP,Byllesby,19000600,Dakota,,,FlumigardSC,"Alligare, LLC",,PLM Lake and Land Management Corp.,5/30/2025,5/30/2025,29.06,5.5,0.0909,0.0909,gal/acre-ft,14.53,gal,63.8,63.8,8,8,NW,65,,Y,
2025-0951,2025,SSW,Middle Cullen,18037700,Crow Wing,,,Komeen Descend,SePro Corp.,,"TIGRIS Aquatic Services, LLC",6/9/2025,6/9/2025,3,10,33.4,33.4,gal/acre,100,gal,68,68,7,7,NW,55,,Y,1ppm
2023-2655,2024,SSW,Long,29016100,Hubbard,,,Komeen Descend,SePro Corp.,,PLM Lake and Land Management Corp.,6/20/2025,6/20/2025,0.5,6,3.3333,3.3333,gal/acre-ft,10,gal,70,70,3,3,SE,70,,Y,PAR 3/3
,2024,FR,Minnetonka,27013300,Hennepin,1993,2777,Tribune,"Syngenta Crop Protection, LLC",,PLM Lake and Land Management Corp.,6/23/2025,6/23/2025,17,,2,2,gal/acre,34,gal,,,,,,,,Y,
2017-0653,2025,EWM,Long,62006700,Ramsey,,,ProcellaCOR EC,SePro Corp.,,"Lake Management, Inc.",7/2/2025,7/2/2025,0.61,4,16,16,PDU/acre,9.76,PDU,,,,,,82,,Y,No wind. PAR 5/7
2017-0653,2025,EWM,Long,62006700,Ramsey,,,ProcellaCOR EC,SePro Corp.,,"Lake Management, Inc.",7/2/2025,7/2/2025,0.85,4,16,16,PDU/acre,13.6,PDU,,,,,,80,,Y,No wind. PAR 6/7
2017-0653,2025,EWM,Long,62006700,Ramsey,,,ProcellaCOR EC,SePro Corp.,,"Lake Management, Inc.",7/2/2025,7/2/2025,0.97,4,16,16,PDU/acre,15.52,PDU,,,,,,80,,Y,No wind. PAR 3/7
2017-0653,2025,EWM,Long,62006700,Ramsey,,,ProcellaCOR EC,SePro Corp.,,"Lake Management, Inc.",7/2/2025,7/2/2025,1.02,4,16,16,PDU/acre,16.3,PDU,,,,,,80,,Y,No wind. PAR 4/7
2017-0653,2025,EWM,Long,62006700,Ramsey,,,ProcellaCOR EC,SePro Corp.,,"Lake Management, Inc.",7/2/2025,7/2/2025,1.09,4,16,16,PDU/acre,17.44,PDU,,,,,,80,,Y,No wind. PAR 2/7
2017-0653,2025,EWM,Long,62006700,Ramsey,,,ProcellaCOR EC,SePro Corp.,,"Lake Management, Inc.",7/2/2025,7/2/2025,1.95,4,16,16,PDU/acre,31.2,PDU,,,,,,80,,Y,No wind. PAR 7/7
2017-0653,2025,EWM,Long,62006700,Ramsey,,,ProcellaCOR EC,SePro Corp.,,"Lake Management, Inc.",7/2/2025,7/2/2025,2.3,4,16,16,PDU/acre,36.8,PDU,,,,,,80,,Y,No wind. PAR 1/7
2023-1190,2025,EWM,Mandall,13007400,Chisago,,,ProcellaCOR EC,SePro Corp. ,,Aquatic Conservation Services,7/10/2025,7/10/2025,0.5,3,,,,10,oz,77.64,77.64,3,3,S,79,,Y,"Spot treatment - rate not listed. TOC for this file in sharepoint makes it seem like there may be more sites for this treatment, but we confirmed with applicator. "
2018-1459,2025,EWM,Goose,13008300,Chisago,,,Weedar 64,Nufarm Americas Inc.,,Aquatic Conservation Services,7/10/2025,7/10/2025,5,4.9,7,7,gal/acre,,,81,81,3,3,SW,84,,Y,PAR 1/5
2018-1459,2025,EWM,Goose,13008300,Chisago,,,Weedar 64,Nufarm Americas Inc.,,Aquatic Conservation Services,7/10/2025,7/10/2025,12.8,4.9,9,9,gal/acre,,,82,82,5,5,S,83,,Y,PAR 2/5
2018-1459,2025,EWM,Goose,13008300,Chisago,,,Weedar 64,Nufarm Americas Inc.,,Aquatic Conservation Services,7/10/2025,7/10/2025,16.3,5,5,5,gal/acre,,,78,78,4.4,4.4,S,82,,Y,PAR 3/5
2018-1459,2025,EWM,Goose,13008300,Chisago,,,Weedar 64,Nufarm Americas Inc.,,Aquatic Conservation Services,7/10/2025,7/10/2025,3.6,5,9,9,gal/acre,,,82,82,6,6,SW,85,,Y,PAR 4/5
2018-1459,2025,EWM,Goose,13008300,Chisago,,,Weedar 64,Nufarm Americas Inc.,,Aquatic Conservation Services,7/10/2025,7/10/2025,13.4,5,9,9,gal/acre,,,83.8,83.8,5,5,S,85,,Y,PAR 5/5
2017-0729,2025,EWM,Scandinavian,61004100,Pope,,,"2,4-D Amine","Alligare, LLC",,Lake Restoration,7/17/2025,7/17/2025,10.2,4,1.42,1.42,gal/acre-ft,57.936,gal,74,74,0,0,N,75,,Y,PAR 1/16
2017-0729,2025,EWM,Scandinavian,61004100,Pope,,,"2,4-D Amine","Alligare, LLC",,Lake Restoration,7/17/2025,7/17/2025,10.1,7.2,2.84,2.84,gal/acre-ft,206.525,gal,77,77,0,0,N,75,,Y,PAR 2/16
2017-0729,2025,EWM,Scandinavian,61004100,Pope,,,"2,4-D Amine","Alligare, LLC",,Lake Restoration,7/17/2025,7/17/2025,0.9,9.5,2.84,2.84,gal/acre-ft,24.282,gal,74,74,0,0,N,75,,Y,PAR 3/16 
2017-0729,2025,EWM,Scandinavian,61004100,Pope,,,"2,4-D Amine","Alligare, LLC",,Lake Restoration,7/17/2025,7/17/2025,4.9,4,2.84,2.84,gal/acre-ft,55.664,gal,74,74,0,0,N,75,,Y,PAR 4/16 
2017-0729,2025,EWM,Scandinavian,61004100,Pope,,,"2,4-D Amine","Alligare, LLC",,Lake Restoration,7/17/2025,7/17/2025,3.5,4,2.84,2.84,gal/acre-ft,39.76,gal,74,74,0,0,N,75,,Y,PAR 5/16 
2017-0729,2025,EWM,Scandinavian,61004100,Pope,,,"2,4-D Amine","Alligare, LLC",,Lake Restoration,7/17/2025,7/17/2025,3,4,2.84,2.84,gal/acre-ft,34.08,gal,77,77,0,0,N,75,,Y,PAR 6/16 
2017-0729,2025,EWM,Scandinavian,61004100,Pope,,,"2,4-D Amine","Alligare, LLC",,Lake Restoration,7/17/2025,7/17/2025,2.2,15.7,2.84,2.84,gal/acre-ft,98.094,gal,74,74,2,2,N,75,,Y,PAR 7/16 
2017-0729,2025,EWM,Scandinavian,61004100,Pope,,,"2,4-D Amine","Alligare, LLC",,Lake Restoration,7/17/2025,7/17/2025,1.8,8.5,2.84,2.84,gal/acre-ft,43.452,gal,74,74,0,0,N,75,,Y,PAR 8/16 
2017-0729,2025,EWM,Scandinavian,61004100,Pope,,,"2,4-D Amine","Alligare, LLC",,Lake Restoration,7/17/2025,7/17/2025,1.4,7,2.84,2.84,gal/acre-ft,27.832,gal,77,77,0,0,N,75,,Y,PAR 9/16 
2017-0729,2025,EWM,Scandinavian,61004100,Pope,,,"2,4-D Amine","Alligare, LLC",,Lake Restoration,7/17/2025,7/17/2025,1.4,4,2.84,2.84,gal/acre-ft,17.892,gal,74,74,0,0,N,75,,Y,PAR 10/16 
2017-0729,2025,EWM,Scandinavian,61004100,Pope,,,"2,4-D Amine","Alligare, LLC",,Lake Restoration,7/17/2025,7/17/2025,0.9,9.5,2.84,2.84,gal/acre-ft,24.282,gal,74,74,0,0,N,75,,Y,PAR 11/16 
2017-0729,2025,EWM,Scandinavian,61004100,Pope,,,"2,4-D Amine","Alligare, LLC",,Lake Restoration,7/17/2025,7/17/2025,0.7,9.5,2.84,2.84,gal/acre-ft,18.886,gal,74,74,0,0,N,75,,Y,PAR 12/16 
2017-0729,2025,EWM,Scandinavian,61004100,Pope,,,"2,4-D Amine","Alligare, LLC",,Lake Restoration,7/17/2025,7/17/2025,0.6,9.4,2.84,2.84,gal/acre-ft,16.018,gal,74,74,0,0,N,75,,Y,PAR 13/16 
2017-0729,2025,EWM,Scandinavian,61004100,Pope,,,"2,4-D Amine","Alligare, LLC",,Lake Restoration,7/17/2025,7/17/2025,0.4,5,2.84,2.84,gal/acre-ft,5.68,gal,74,74,0,0,N,75,,Y,PAR 14/16 
2017-0729,2025,EWM,Scandinavian,61004100,Pope,,,"2,4-D Amine","Alligare, LLC",,Lake Restoration,7/17/2025,7/17/2025,0.3,4,2.84,2.84,gal/acre-ft,3.408,gal,74,74,0,0,N,75,,Y,PAR 15/16 
2017-0729,2025,EWM,Scandinavian,61004100,Pope,,,"2,4-D Amine","Alligare, LLC",,Lake Restoration,7/17/2025,7/17/2025,0.2,4,2.84,2.84,gal/acre-ft,2.272,gal,74,74,0,0,N,75,,Y,PAR 16/16 
2018-0332,2025,EWM,Bad Axe,29020800,Hubbard,,,ProcellaCOR EC,SePro Corp.,,PLM Lake and Land Management Corp.,7/24/2025,7/24/2025,2,9,18.6678,18.6678,oz/acre-ft,336.02,oz,62,62,3,3,N,62,,Y,
2022-1986,2025,EWM,Owasso,62005600,Ramsey,,,Triclopyr 3,"Alligare, LLC",,"Lake Management, Inc.",8/11/2025,8/11/2025,1.61,3,1.4,1.4,gal/acre-ft,6.7,gal,,,6,6,SW,80,,Y,"PAR 3/3, Site C"
2022-1986,2025,EWM,Owasso,62005600,Ramsey,,,Triclopyr 3,"Alligare, LLC",,"Lake Management, Inc.",8/11/2025,8/11/2025,2.8,3,1.4,1.4,gal/acre-ft,11.7,gal,,,6,6,SW,80,,Y,"PAR 2/3, Site B"
2022-1986,2025,EWM,Owasso,62005600,Ramsey,,,Triclopyr 3,"Alligare, LLC",,"Lake Management, Inc.",8/11/2025,8/11/2025,4.54,3,1.4,1.4,gal/acre-ft,19,gal,,,6,6,SW,80,,Y,"PAR 1/3, Site A"
2017-0434,2025,EWM,Sturgeon,58006700,Pine,,,ProcellaCOR EC,SePro Corp. ,,PLM Lake and Land Management Corp. ,8/20/2025,8/20/2025,5.92,7,19.124,19.124,oz/acre-ft,792.5,oz,72,72,3,3,E,65,,Y,
2025-2868,2025,FR,Byllesby,19000600,Dakota,,,Tribune,"Syngenta Crop Protection, LLC",,PLM Lake and Land Management Corp.,8/26/2025,8/26/2025,2,3,1.5,1.5,gal/acre,3,gal,73,73,0,5,SW,61,,Y,Cidekick II surfactant used (1 gal @ .5 gal/acre)
2021-2453,2025,EWM,Crooked,18004100,Crow Wing,,,ProcellaCOR EC,SePro Corp.,,PLM Lake and Land Management Corp.,9/17/2025,9/17/2025,1.17,5.8,17.2856,17.2856,oz/acre-ft,117.3,oz,71,71,4,4,N,65,,Y,
2017-1034,2025,EWM,Granite,86021700,Wright,,,ProcellaCOR EC,SePro Corp.,,PLM Lake and Land Management Corp.,9/22/2025,9/22/2025,6.5,4.07,14.8584,14.8584,oz/acre-ft,393.08,oz,71.5,71.5,4,4,NE,66,,Y,
2017-0892,2023,CLP,Beebe,86002300,Wright,,,Aquathol K,United Phosphorus Inc.,,Aquatic Solutions of Minnesota,5/7/2023,5/7/2023,10.13,7.5,1,1,ppm,48.5,gal,,,0,0,,,70,Y,PAR 1/3
2017-0892,2023,CLP,Beebe,86002300,Wright,,,Aquathol K,United Phosphorus Inc.,,Aquatic Solutions of Minnesota,5/7/2023,5/7/2023,0.8,7,2,2,ppm,7.2,gal,,,0,0,,,70,Y,PAR 2/3
2017-0892,2023,CLP,Beebe,86002300,Wright,,,Aquathol K,United Phosphorus Inc.,,Aquatic Solutions of Minnesota,5/7/2023,5/7/2023,3.46,6.5,1.75,1.75,ppm,25.11,gal,,,0,0,,,70,Y,PAR 3/3
2017-1297,2022,CLP,Farquar,19002300,Dakota,1796,1650,Aquathol K,United Phosphorus Inc.,,"Midwest Aqua Care, Inc.",5/10/2022,5/10/2022,3.53,7,1.5,1.5,ppm,23.6,gal,59,59,5,5,NW,78,,Y,PAR 2/2
2017-0663,2023,CLP,Brooks,86026400,Wright,,,Aquathol K,United Phosphorus Inc.,,Aquatic Solutions of Minnesota,5/15/2022,5/15/2022,2,8,1.5,1.5,ppm,15.31,gal,,,4,4,W,,75,Y,PAR 1/2
2017-0663,2023,CLP,Brooks,86026400,Wright,,,Aquathol K,United Phosphorus Inc.,,Aquatic Solutions of Minnesota,5/15/2023,5/15/2023,3.12,7.5,1.5,1.5,ppm,22.4,gal,,,6,6,W,,75,Y,PAR 2/2
2021-0311,2021,CLP,Allie,65000600,Renville,,,Aquathol K,United Phosphorus Inc.,,PLM Lake and Land Management Corp.,5/16/2023,5/16/2023,3.762,6.1,0.6101,0.6101,gal/acre-ft,14,gal,65,65,8,8,NW,,,Y,
2017-1779,2023,CLP,Smith,21008500,Douglas,,,Aquathol K,United Phosphorus Inc. ,,Solitude Lake Management,5/30/2023,5/30/2023,23.4,10.4,6.7,6.7,gal/acre,156.2,gal,64,64,8,8,S,65,,Y,PAR 1/4
2017-1779,2023,CLP,Smith,21008500,Douglas,,,Aquathol K,United Phosphorus Inc. ,,Solitude Lake Management,5/30/2023,5/30/2023,4,9.3,9,9,gal/acre,35.8,gal,64,64,8,8,S,65,,Y,PAR 2/4
2017-1779,2023,CLP,Smith,21008500,Douglas,,,Aquathol K,United Phosphorus Inc. ,,Solitude Lake Management,5/30/2023,5/30/2023,2.7,10,9.6,9.6,gal/acre,26,gal,64,64,8,8,S,65,,Y,PAR 3/4
2017-1779,2023,CLP,Smith,21008500,Douglas,,,Aquathol K,United Phosphorus Inc. ,,Solitude Lake Management,5/30/2023,5/30/2023,12.5,10.1,6.5,6.5,gal/acre,81.1,gal,64,64,8,8,S,65,,Y,PAR 4/4
2022-1832,2023,CLP,Bass,22007400,Faribault,,,Semera,"Atticus, LLC",,PLM Lake and Land Management Corp.,5/26/2023,5/26/2023,6.67,6.4,0.7731,0.7731,lb/acre-ft,33,lbs,67.9,67.9,12,12,SW,63,,Y,
2017-0442,2023,EWM,Big,71008200,Sherburne,,,ProcellaCOR EC,SePro Corp.,,PLM Lake and Land Management Corp. ,7/21/2023,7/21/2023,4.5,5.5,15.7539,15.7539,oz/acre-ft,389.91,oz,77.1,77.1,6,10,N,75,,Y,
2018-0898,2023,CLP,Blue,30010700,Isanti,,,Tribune,"Syngenta Crop Protection, LLC",,"Lake Management, Inc.",5/23/2023,5/23/2023,2.5,,2,2,gal/acre,5,gal,,,5,5,S,72,,Y,PAR 1/6
2018-0898,2023,CLP,Blue,30010700,Isanti,,,Tribune,"Syngenta Crop Protection, LLC",,"Lake Management, Inc.",5/23/2023,5/23/2023,5,,2,2,gal/acre,10,gal,,,6,6,S,72,,Y,PAR 2/6
2018-0898,2023,CLP,Blue,30010700,Isanti,,,Tribune,"Syngenta Crop Protection, LLC",,"Lake Management, Inc.",5/23/2023,5/23/2023,2.6,,2,2,gal/acre,5,gal,,,6,6,S,74,,Y,PAR 3/6
2018-0898,2023,CLP,Blue,30010700,Isanti,,,Tribune,"Syngenta Crop Protection, LLC",,"Lake Management, Inc.",5/23/2023,5/23/2023,4.5,,2,2,gal/acre,9,gal,,,6,6,S,74,,Y,PAR 4/6
2018-0898,2023,CLP,Blue,30010700,Isanti,,,Tribune,"Syngenta Crop Protection, LLC",,"Lake Management, Inc.",5/23/2023,5/23/2023,0.7,3,1.5,1.5,gal/acre,1,gal,,,6,6,S,74,,Y,PAR 5/6
2018-0898,2023,CLP,Blue,30010700,Isanti,,,Tribune,"Syngenta Crop Protection, LLC",,"Lake Management, Inc.",5/23/2023,5/23/2023,0.7,2.5,1.25,1.25,gal/acre,0.875,gal,,,0.7,0.7,S,74,,Y,PAR 6/6
2021-0413,2023,CLP,Byllesby,19000600,Dakota,,,Tribune,"Syngenta Crop Protection, LLC",,PLM Lake and Land Management Corp.,5/31/2023,5/31/2023,30.23,5.5,1.6989,1.6989,gal/acre-ft,51.3575,gal,70.7,70.7,6,10,S,77,,Y,
2017-1306,2023,CLP,Cedar,66005200,Rice,,,Aquathol K,United Phosphorus Inc.,,Lakescapes LLC,5/11/2023,5/11/2023,11.7,5,0.75,0.75,ppm,21.06,gal,,,0,0,,,58,Y,PAR 1/4
2017-1306,2023,CLP,Cedar,66005200,Rice,,,Aquathol K,United Phosphorus Inc.,,Lakescapes LLC,5/11/2023,5/11/2023,12,5,0.75,0.75,ppm,27,gal,,,0,0,,,58,Y,PAR 2/4 The rate on this seems to be different than the other PARs for this lake-treatment despite listing 0.75 ppm
2017-1306,2023,CLP,Cedar,66005200,Rice,,,Aquathol K,United Phosphorus Inc.,,Lakescapes LLC,5/11/2023,5/11/2023,10.2,6,0.75,0.75,ppm,27.54,gal,,,0,0,,,58,Y,PAR 3/4
2017-1306,2023,CLP,Cedar,66005200,Rice,,,Aquathol K,United Phosphorus Inc.,,Lakescapes LLC,5/11/2023,5/11/2023,16.1,6,0.75,0.75,ppm,16.1,gal,,,0,0,,,58,Y,PAR 4/4
2023-0468,2023,CLP,Clear,81001401,Waseca,,,Aquathol K,United Phosphorus Inc.,,Lakescapes LLC,5/9/2023,5/9/2023,74.4,7,0.75,0.75,ppm,234.36,gal,,,10,10,SE,,58,Y,
2021-2453,2023,EWM,Crooked,18004100,Crow Wing,,,ProcellaCOR EC,SePro Corp.,,PLM Lake and Land Management Corp.,10/10/2023,10/10/2023,1.8,15.2,9.3567,9.3567,oz/acre-ft,256,oz,58,58,0,5,NW,50,,Y,
2022-2614,2023,EWM,Hanks,18004400,Crow Wing,,,ProcellaCOR EC,SePro Corp.,,PLM Lake and Land Management Corp. ,10/11/2023,10/11/2023,0.5,5.5,13.9636,13.9636,oz/acre-ft,38.4,oz,58,58,0,5,NW,50,,Y,
2022-2615,2023,EWM,Portage,18005000,Crow Wing,,,ProcellaCOR EC,SePro Corp.,,PLM Lake and Land Management Corp. ,10/10/2023,10/10/2023,1.5,15,10.8089,10.8089,oz/acre-ft,243.2,oz,58,58,0,5,NW,50,,Y,
2017-0525,2023,EWM,Demontreville,82010100,Washington,,,Sonar A.S.,SePro Corp.,,PLM Lake and Land Management Corp. ,5/2/2023,5/2/2023,157.06,7.65,0.0014,0.0014,gal/acre-ft,1.63,gal,48,48,18,18,NNW,45,,Y,
2017-0742,2023,CLP,Diamond,27012500,Hennepin,,,Tribune,"Syngenta Crop Protection, LLC",,PLM Lake and Land Management Corp.,5/15/2023,5/15/2023,45.1,5.5,2,2,gal/acre,90.2,gal,63,63,0,5,NW,64,,Y,
2017-0511,2023,CLP,East Jefferson,40009201,Le Sueur,,,Aquathol K,United Phosphorus Inc.,,"Lake Improvement Consulting, LLC.",5/9/2023,5/9/2023,6.2,6,1,1,ppm,22.32,gal,,,4,6,NW,,68,Y,PAR 1/2
2017-0511,2023,CLP,East Jefferson,40009201,Le Sueur,,,Aquathol K,United Phosphorus Inc.,,"Lake Improvement Consulting, LLC.",5/9/2023,5/9/2023,0.38,6,1,1,ppm,1.36,gal,,,4,6,NW,,68,Y,PAR 2/2
2017-0389,2023,CLP,Sarah,27019100,Hennepin,,,Tribune,"Syngenta Crop Protection, LLC",,Aquatic Solutions of Minnesota,5/23/2023,5/23/2023,4.4,3.2,0.25,0.25,gal/acre-ft,3.52,gal,,,,,,,58,Y,"wind speed calm, rate listed as ""1 gal rate"" so calculated a placeholder rate. "
2017-2726,2023,EWM,Sarah,27019100,Hennepin,,,Tribune,"Syngenta Crop Protection, LLC",,Aquatic Solutions of Minnesota,6/23/2023,6/23/2023,2.8,4.2,0.5,0.5,gal/acre-ft,5.88,gal,,,3,3,NE,,81,Y,
2017-2726,2023,EWM,Sarah,27019100,Hennepin,,,ProcellaCOR EC,SePro Corp.,,PLM Lake and Land Management Corp. ,10/2/2023,10/2/2023,23.12,5,9.5429,9.5429,oz/acre-ft,1103.16,oz,68,68,10,10,S,74,,Y,
2017-2067,2023,EWM,Elmo,82010600,Washington,,,ProcellaCOR EC,SePro Corp.,,PLM Lake and Land Management Corp.,6/16/2023,6/16/2023,12,7,5.8219,5.8219,oz/acre-ft,489.04,oz,71.9,71.9,0,5,,54,,Y,"wind direction listed as ""calm"""
2018-1159,2023,CLP,Fish,33003600,Kanabec,,,Aquathol K,United Phosphorus Inc.,,Aquatic Solutions of Minnesota,5/21/2023,5/21/2023,17.2,4,1,1,ppm,44.4,gal,,,5,5,SW,,75,Y,
2018-0333,2023,EWM,French,86027300,Wright,,,ProcellaCOR,SePro Corp.,,PLM Lake and Land Management Corp.,9/26/2023,9/26/2023,7.8,3.5,11.6044,11.6044,oz/acre-ft,316.8,oz,67,67,0,5,NE,62,,Y,
2020-0108,2020,CLP,Jennie,47001500,Meeker,,,Aquathol K,United Phosphorus Inc.,,"Limnopro Aquatic Science, Inc.",6/2/2020,6/2/2020,1.9,4.3,3,3,ppm,,,65,65,17,17,ENE,88,,Y,"Site 2/4. Chemical herbicide $12827.10, labor $1100. Chemical herbicide treatment of same using Aquathol K at 1.5 ppm for areas greater than 2 acres and 3.0 ppm for areas less than 2 acres."
2020-0108,2020,CLP,Jennie,47001500,Meeker,,,Aquathol K,United Phosphorus Inc.,,"Limnopro Aquatic Science, Inc.",6/2/2020,6/2/2020,1.1,3.8,3,3,ppm,,,65,65,17,17,ENE,88,,Y,"Site 3/4. Chemical herbicide $12827.10, labor $1100. Chemical herbicide treatment of same using Aquathol K at 1.5 ppm for areas greater than 2 acres and 3.0 ppm for areas less than 2 acres."
2020-0108,2020,CLP,Jennie,47001500,Meeker,,,Aquathol K,United Phosphorus Inc.,,"Limnopro Aquatic Science, Inc.",6/2/2020,6/2/2020,1.6,1.7,3,3,ppm,,,65,65,17,17,ENE,88,,Y,"Site 4/4. Chemical herbicide $12827.10, labor $1100. Chemical herbicide treatment of same using Aquathol K at 1.5 ppm for areas greater than 2 acres and 3.0 ppm for areas less than 2 acres."
2018-1664,2023,CLP,West Sylvia,86027900,Wright,,,Aquathol K,United Phosphorus Inc. ,,Lake Restoration,5/26/2023,5/26/2023,0.6,5,3.2,3.2,gal/acre-ft,9.6,gal,66,66,3,3,S,60,,Y,PAR 1/11 
2018-1664,2023,CLP,West Sylvia,86027900,Wright,,,Aquathol K,United Phosphorus Inc. ,,Lake Restoration,5/26/2023,5/26/2023,0.78,3.5,3.2,3.2,gal/acre-ft,8.735,gal,65,65,3,3,S,58,,Y,PAR 2/11
2018-1664,2023,CLP,West Sylvia,86027900,Wright,,,Aquathol K,United Phosphorus Inc. ,,Lake Restoration,5/26/2023,5/26/2023,1.3,4.5,3.2,3.2,gal/acre-ft,18.72,gal,65,65,2,2,S,58,,Y,PAR 3/11
2018-1664,2023,CLP,West Sylvia,86027900,Wright,,,Aquathol K,United Phosphorus Inc. ,,Lake Restoration,5/26/2023,5/26/2023,0.89,4,3.2,3.2,gal/acre-ft,11.392,gal,66,66,4,4,S,57,,Y,PAR 4/11
2018-2165,2023,EWM,West Sylvia,86027900,Wright,,,Platoon,Nufarm Americas Inc.,,Lake Restoration,8/25/2023,8/25/2023,1.79,9.5,2.84,2.84,gal/acre-ft,48.294,gal,78,78,0,0,N,70,,Y,PAR 5/11
2017-1367,2023,EWM,East Sylvia,86028900,Wright,,,Platoon,Nufarm Americas Inc.,,Lake Restoration,8/25/2023,8/25/2023,1.1,9.3,2.84,2.84,gal/acre-ft,29.053,gal,78,78,3,3,NE,70,,Y,PAR 6/11
2017-1367,2023,EWM,East Sylvia,86028900,Wright,,,Platoon,Nufarm Americas Inc.,,Lake Restoration,8/25/2023,8/25/2023,0.63,9,2.84,2.84,gal/acre-ft,16.103,gal,78,78,1,1,NE,72,,Y,PAR 7/11
2017-1367,2023,EWM,East Sylvia,86028900,Wright,,,Platoon,Nufarm Americas Inc.,,Lake Restoration,8/25/2023,8/25/2023,0.54,6,2.84,2.84,gal/acre-ft,9.202,gal,78,78,2,2,N,74,,Y,PAR 8/11
2017-1367,2023,EWM,East Sylvia,86028900,Wright,,,Platoon,Nufarm Americas Inc.,,Lake Restoration,8/25/2023,8/25/2023,0.79,8.5,2.84,2.84,gal/acre-ft,19.071,gal,78,78,1,1,N,74,,Y,PAR 9/11
2017-2060,2023,SSW,West Sylvia,86027900,Wright,,,Cutrine-Plus,Applied Biochemists,,Lake Restoration,7/21/2023,7/21/2023,1.44,3.5,2.1,2.1,gal/acre-ft,10.29,gal,73,73,3,3,S,72,,Y,PAR 10/11
2017-2060,2023,SSW,West Sylvia,86027900,Wright,,,Cutrine-Plus,Applied Biochemists,,Lake Restoration,7/21/2023,7/21/2023,0.26,3.5,2.1,2.1,gal/acre-ft,1.911,gal,74,74,3,3,S,72,,Y,PAR 11/11
2019-3016,2023,EWM,Frances,40005700,Le Sueur,,,"2,4-D Amine","Alligare, LLC",,Aquacare,8/24/2023,8/24/2023,8.1,4,1.78,1.78,gal/acre-ft,57.67,gal,74,74,4.8,4.8,NW,78,,Y,"PAR 1/3. Rate calculated based on total amount, area, and depth. "
2019-3016,2023,EWM,Frances,40005700,Le Sueur,,,"2,4-D Amine","Alligare, LLC",,Aquacare,8/24/2023,8/24/2023,2.4,10,1.78,1.78,gal/acre-ft,57.67,gal,74,74,4.8,4.8,NW,78,,Y,"PAR 2/3. Rate calculated based on total amount, area, and depth. "
2019-3016,2023,EWM,Frances,40005700,Le Sueur,,,"2,4-D Amine","Alligare, LLC",,Aquacare,8/24/2023,8/24/2023,0.5,10,1.96,1.96,gal/acre-ft,9.8,gal,74,74,4.8,4.8,NW,78,,Y,"PAR 3/3. Rate calculated based on total amount, area, and depth. "
2018-1459,2023,EWM,Goose,13008300,Chisago,,,"2,4-D Amine","Alligare, LLC",,Aquatic Conservation Services,7/6/2023,7/6/2023,12.8,4.8,9,9,gal/acre,,,76.3,76.3,2.5,2.5,NE,79,,Y,PAR 1/5
2018-1459,2023,EWM,Goose,13008300,Chisago,,,"2,4-D Amine","Alligare, LLC",,Aquatic Conservation Services,7/7/2023,7/7/2023,5,4.6,9,9,gal/acre,,,75,75,4,4,NE,78,,Y,PAR 2/5
2018-1459,2023,EWM,Goose,13008300,Chisago,,,"2,4-D Amine","Alligare, LLC",,Aquatic Conservation Services,7/7/2023,7/7/2023,16.3,4.5,9,9,gal/acre,,,74,74,4,4,E,76,,Y,PAR 3/5
2018-1459,2023,EWM,Goose,13008300,Chisago,,,"2,4-D Amine","Alligare, LLC",,Aquatic Conservation Services,7/6/2023,7/6/2023,3.6,4.8,9,9,gal/acre,,,76.7,76.7,3,3,NE,75,,Y,PAR 4/5
2018-1459,2023,EWM,Goose,13008300,Chisago,,,"2,4-D Amine","Alligare, LLC",,Aquatic Conservation Services,7/6/2023,7/6/2023,13.4,4.7,9,9,gal/acre,,,76.2,76.2,3.5,3.5,NE,77,,Y,PAR 5/5
2018-0668,2023,CLP,Grand,73005500,Stearns,,,Aquathol K,United Phosphorus Inc.,,Aquatic Solutions of Minnesota,5/20/2023,5/20/2023,3.8,9,1,1,ppm,21.82,gal,,,5,5,SW,,75,Y,PAR 1/5
2018-0668,2023,CLP,Grand,73005500,Stearns,,,Aquathol K,United Phosphorus Inc.,,Aquatic Solutions of Minnesota,5/20/2023,5/20/2023,8,9.5,0.927,0.927,ppm,44.9,gal,,,,,SW,,75,Y,"PAR 2/5. wind speed ""calm"""
2018-0668,2023,CLP,Grand,73005500,Stearns,,,Aquathol K,United Phosphorus Inc.,,Aquatic Solutions of Minnesota,5/20/2023,5/20/2023,4.1,9.5,1,1,ppm,24.9,gal,,,5,5,SW,,75,Y,PAR 3/5
2018-0668,2023,CLP,Grand,73005500,Stearns,,,Aquathol K,United Phosphorus Inc.,,Aquatic Solutions of Minnesota,5/20/2023,5/20/2023,5,6.5,1,1,ppm,20.7,gal,,,6,6,SW,,75,Y,PAR 4/5
2018-0668,2023,CLP,Grand,73005500,Stearns,,,Aquathol K,United Phosphorus Inc.,,Aquatic Solutions of Minnesota,5/20/2023,5/20/2023,9,9.5,0.927,0.927,ppm,50.6,gal,,,7,7,SW,,75,Y,PAR 5/5
2023-1190,2023,EWM,Mandall,13007400,Chisago,,,ProcellaCOR EC,SePro Corp. ,,Aquatic Conservation Services,7/24/2023,7/24/2023,0.5,3,,,,23.6,oz,82.79,82.79,3,3,NE,89,,Y,Unsure if 23.6 is the rate or the amount but I assume it's the amount. 
2023-0381,2023,EWM,Rabour,13007900,Chisago,,,ProcellaCOR EC,SePro Corp. ,,Aquatic Conservation Services,7/27/2023,7/27/2023,1.9,3,,,,1.65,quarts,80.62,80.62,2,2,NE,88,,Y,Unsure if 1.65 is the rate or the amount but I assume it's the amount. 
2017-0447,2024,CLP,Ann,86019000,Wright,,,Aquathol K,United Phosphorus Inc.,,,5/14/2024,5/14/2024,11.9,,,,,60,gal,60,62,5,5,,67,,Y,"no depth, rate or wind direction listed. "
2022-0175,2024,EWM,Chisago,13001200,Chisago,,,Weedar 64,Nufarm Americas Inc.,,"Emmons & Olivier Resources, Inc.",6/24/2024,6/24/2024,0.4,7.3,1.54,1.54,gal/acre-ft,4.5,gal,,,5,5,S,75,,Y,PAR 1/21. Air temp 70-80. Rate calculated because no rate provided. 
2022-0175,2024,EWM,Chisago,13001200,Chisago,,,Weedar 64,Nufarm Americas Inc.,,"Emmons & Olivier Resources, Inc.",6/24/2024,6/24/2024,0.9,6.5,1.45,1.45,gal/acre-ft,8.5,gal,,,5,5,S,75,,Y,PAR 2/21. Air temp 70-80. Rate calculated because no rate provided. 
2022-0175,2024,EWM,Chisago,13001200,Chisago,,,Weedar 64,Nufarm Americas Inc.,,"Emmons & Olivier Resources, Inc.",6/24/2024,6/24/2024,0.4,7.5,1.33,1.33,gal/acre-ft,4,gal,,,5,5,S,75,,Y,PAR 3/21. Air temp 70-80. Rate calculated because no rate provided. 
2022-0175,2024,EWM,Chisago,13001200,Chisago,,,Weedar 64,Nufarm Americas Inc.,,"Emmons & Olivier Resources, Inc.",6/24/2024,6/24/2024,1.9,6.3,1.42,1.42,gal/acre-ft,17,gal,,,5,5,S,75,,Y,PAR 4/21. Air temp 70-80. Rate calculated because no rate provided. 
2022-0175,2024,EWM,Chisago,13001200,Chisago,,,Weedar 64,Nufarm Americas Inc.,,"Emmons & Olivier Resources, Inc.",6/24/2024,6/24/2024,0.6,8.5,1.57,1.57,gal/acre-ft,8,gal,,,5,5,S,75,,Y,PAR 5/21. Air temp 70-80. Rate calculated because no rate provided. 
2022-0175,2024,EWM,Chisago,13001200,Chisago,,,Weedar 64,Nufarm Americas Inc.,,"Emmons & Olivier Resources, Inc.",6/24/2024,6/24/2024,0.5,2,2,2,gal/acre-ft,2,gal,,,5,5,S,75,,Y,PAR 6/21. Air temp 70-80. Rate calculated because no rate provided. 
2022-0175,2024,EWM,Chisago,13001200,Chisago,,,Weedar 64,Nufarm Americas Inc.,,"Emmons & Olivier Resources, Inc.",6/24/2024,6/24/2024,8,4.7,1.46,1.46,gal/acre-ft,55,gal,,,5,5,S,75,,Y,PAR 7/21. Air temp 70-80. Rate calculated because no rate provided. 
2022-0175,2024,EWM,Chisago,13001200,Chisago,,,Weedar 64,Nufarm Americas Inc.,,"Emmons & Olivier Resources, Inc.",6/24/2024,6/24/2024,0.8,3.5,1.43,1.43,gal/acre-ft,4,gal,,,5,5,S,75,,Y,PAR 8/21. Air temp 70-80. Rate calculated because no rate provided. 
2022-0175,2024,EWM,Chisago,13001200,Chisago,,,Weedar 64,Nufarm Americas Inc.,,"Emmons & Olivier Resources, Inc.",6/24/2024,6/24/2024,0.8,2.6,1.44,1.44,gal/acre-ft,3,gal,,,5,5,S,75,,Y,PAR 9/21. Air temp 70-80. Rate calculated because no rate provided. 
2022-0175,2024,EWM,Chisago,13001200,Chisago,,,Weedar 64,Nufarm Americas Inc.,,"Emmons & Olivier Resources, Inc.",6/24/2024,6/24/2024,0.6,3,1.67,1.67,gal/acre-ft,3,gal,,,5,5,S,75,,Y,PAR 10/21. Air temp 70-80. Rate calculated because no rate provided. 
2022-0175,2024,EWM,Chisago,13001200,Chisago,,,Weedar 64,Nufarm Americas Inc.,,"Emmons & Olivier Resources, Inc.",6/24/2024,6/24/2024,8.2,4.1,1.43,1.43,gal/acre-ft,48,gal,,,5,5,S,75,,Y,PAR 11/21. Air temp 70-80. Rate calculated because no rate provided. 
2022-0175,2024,EWM,Chisago,13001200,Chisago,,,Weedar 64,Nufarm Americas Inc.,,"Emmons & Olivier Resources, Inc.",6/24/2024,6/24/2024,2.5,4,1.5,1.5,gal/acre-ft,15,gal,,,5,5,S,75,,Y,PAR 12/21. Air temp 70-80. Rate calculated because no rate provided. 
2022-0175,2024,EWM,Chisago,13001200,Chisago,,,Weedar 64,Nufarm Americas Inc.,,"Emmons & Olivier Resources, Inc.",6/24/2024,6/24/2024,6.1,3.9,1.43,1.43,gal/acre-ft,34,gal,,,5,5,S,75,,Y,PAR 13/21. Air temp 70-80. Rate calculated because no rate provided. 
2022-0175,2024,EWM,Chisago,13001200,Chisago,,,Weedar 64,Nufarm Americas Inc.,,"Emmons & Olivier Resources, Inc.",6/24/2024,6/24/2024,4.8,4.4,1.42,1.42,gal/acre-ft,30,gal,,,5,5,S,75,,Y,PAR 14/21. Air temp 70-80. Rate calculated because no rate provided. 
2022-0175,2024,EWM,Chisago,13001200,Chisago,,,Weedar 64,Nufarm Americas Inc.,,"Emmons & Olivier Resources, Inc.",6/24/2024,6/24/2024,1,3.8,1.58,1.58,gal/acre-ft,6,gal,,,5,5,S,75,,Y,PAR 15/21. Air temp 70-80. Rate calculated because no rate provided. 
2022-0175,2024,EWM,Chisago,13001200,Chisago,,,Weedar 64,Nufarm Americas Inc.,,"Emmons & Olivier Resources, Inc.",6/24/2024,6/24/2024,1.1,3.1,1.47,1.47,gal/acre-ft,5,gal,,,5,5,S,75,,Y,PAR 16/21. Air temp 70-80. Rate calculated because no rate provided. 
2022-0175,2024,EWM,Chisago,13001200,Chisago,,,Weedar 64,Nufarm Americas Inc.,,"Emmons & Olivier Resources, Inc.",6/24/2024,6/24/2024,5.3,4.4,0.729,0.729,gal/acre-ft,17,gal,,,5,5,S,75,,Y,PAR 17/21. Air temp 70-80. Rate calculated because no rate provided. 
2022-0175,2024,EWM,Chisago,13001200,Chisago,,,Weedar 64,Nufarm Americas Inc.,,"Emmons & Olivier Resources, Inc.",6/24/2024,6/24/2024,0.9,2,1.67,1.67,gal/acre-ft,3,gal,,,5,5,S,75,,Y,PAR 18/21. Air temp 70-80. Rate calculated because no rate provided. 
2022-0175,2024,EWM,Chisago,13001200,Chisago,,,Weedar 64,Nufarm Americas Inc.,,"Emmons & Olivier Resources, Inc.",6/24/2024,6/24/2024,24,6.3,1.33,1.33,gal/acre-ft,201,gal,,,5,5,S,75,,Y,PAR 19/21. Air temp 70-80. Rate calculated because no rate provided. 
2022-0175,2024,EWM,Chisago,13001200,Chisago,,,Weedar 64,Nufarm Americas Inc.,,"Emmons & Olivier Resources, Inc.",6/24/2024,6/24/2024,5.5,5,1.45,1.45,gal/acre-ft,40,gal,,,5,5,S,75,,Y,PAR 20/21. Air temp 70-80. Rate calculated because no rate provided. 
2022-0175,2024,EWM,Chisago,13001200,Chisago,,,Weedar 64,Nufarm Americas Inc.,,"Emmons & Olivier Resources, Inc.",6/24/2024,6/24/2024,14.5,4.3,1.41,1.41,gal/acre-ft,88,gal,,,5,5,S,75,,Y,PAR 21/21. Air temp 70-80. Rate calculated because no rate provided. 
2019-1554,2024,CLP,Josephine,62005700,Ramsey,,,Flumigard SC,"Alligare, LLC",,"Lake Management, Inc.",4/15/2024,4/15/2024,6.93,6,108,108,oz/acre,748.44,oz,,,9,9,E,64,,Y,PAR 1/2
2019-1554,2024,CLP,Josephine,62005700,Ramsey,,,Flumigard SC,"Alligare, LLC",,"Lake Management, Inc.",4/15/2024,4/15/2024,1.22,5,108,108,oz/acre,131.76,oz,,,9,9,E,64,,Y,PAR 1/2
2022-0173,2024,EWM,Kroon,13001300,Chisago,,,Weedar 64,Nufarm Americas Inc.,,,6/3/2024,6/3/2024,7.9,7,1.91,1.91,ppm,75,gal,,,5,5,N,,60,Y,PAR 1/4. Rate calculated based on other data. 
2022-0173,2024,EWM,Kroon,13001300,Chisago,,,Weedar 64,Nufarm Americas Inc.,,,6/3/2024,6/3/2024,5.9,7,2.05,2.05,ppm,60,gal,,,5,5,N,,60,Y,PAR 2/4. Rate calculated based on other data. 
2022-0173,2024,EWM,Kroon,13001300,Chisago,,,Weedar 64,Nufarm Americas Inc.,,,6/3/2024,6/3/2024,4.9,6,1.77,1.77,ppm,37,gal,,,5,5,N,,60,Y,PAR 3/4. Rate calculated based on other data. 
2022-0173,2024,EWM,Kroon,13001300,Chisago,,,Weedar 64,Nufarm Americas Inc.,,,6/3/2024,6/3/2024,1.4,6,2.01,2.01,ppm,12,gal,,,5,5,N,,60,Y,PAR 3/4. Rate calculated based on other data. 
,2024,EWM,Skogman,30002200,Isanti,1933,2757,Dibrox,"Lake Restoration, Inc.",,Lake Restoration,4/29/2024,4/29/2024,2.38,,2,2,gal/acre,4.76,gal,50,50,8,8,S,,,Y,
2022-1986,2024,CLP,Owasso,62005600,Ramsey,,,Sonar A.S.,SePro Corp.,,"Lake Management, Inc.",3/21/2024,3/21/2024,374.9,9.9,3.421,3.421,oz/acre,10,gal,,,4,4,NE,31,,Y,PAR 1/4 4ppb target
2022-1986,2024,CLP,Owasso,62005600,Ramsey,,,Sonar A.S.,SePro Corp.,,"Lake Management, Inc.",4/29/2024,4/29/2024,374.9,9.9,1.16,1.16,oz/acre,3.4,gal,,,10,10,SW,47,,Y,"PAR 2/4. bump with 4ppb target, application rate calculated because it wasn't listed. "
2022-1986,2024,CLP,Owasso,62005600,Ramsey,,,Sonar A.S.,SePro Corp.,,"Lake Management, Inc.",6/24/2024,6/24/2024,374.9,9.9,2.1,2.1,ppb,3.1,gal,,,8,8,SE,75,,Y,PAR 3/4. bump with 4ppb target
2022-1986,2024,CLP,Owasso,62005600,Ramsey,,,Sonar A.S.,SePro Corp.,,"Lake Management, Inc.",8/14/2024,8/14/2024,374.9,9.9,0.87,0.87,oz/acre,2.56,gal,,,6,6,SE,72,,Y,PAR 4/4. bump with 4ppb target
2017-0742,2022,CLP,Diamond,27012500,Hennepin,1708,1398,Sonar A.S.,SePro Corp.,,PLM Lake and Land Management Corp.,4/20/2022,4/20/2022,405,4,0.01,0.01,gal/acre,5,gal,39.5,39.5,5,5,SE,45,,Y,
2019-0880,2022,CLP,Cleary,70002200,Scott,1792,1646,Sonar A.S.,SePro Corp.,,PLM Lake and Land Management Corp.,4/20/2022,4/20/2022,145,5,0.003,0.003,gal/acre-ft,2,gal,40,40,4,4,SE,46,,Y,
2017-0873,2022,EWM,Indian,86022300,Wright,,,"2,4-D Amine","Alligare, LLC",,Aquatic Solutions of Minnesota,6/27/2023,6/27/2023,1.6,6,4,4,ppm,27.26,gal,,,6,8,SSE,,82,Y,PAR 1/4
2017-0873,2022,EWM,Indian,86022300,Wright,,,"2,4-D Amine","Alligare, LLC",,Aquatic Solutions of Minnesota,6/27/2023,6/27/2023,2.4,5,4,4,ppm,34.08,gal,,,6,8,SSE,,82,Y,PAR 2/4
2017-0873,2022,EWM,Indian,86022300,Wright,,,"2,4-D Amine","Alligare, LLC",,Aquatic Solutions of Minnesota,6/27/2023,6/27/2023,2,5.7,4,4,ppm,32.37,gal,,,6,8,SSE,,82,Y,PAR 3/4
2017-0873,2022,EWM,Indian,86022300,Wright,,,"2,4-D Amine","Alligare, LLC",,Aquatic Solutions of Minnesota,6/27/2023,6/27/2023,2,6,4,4,ppm,34.08,gal,,,6,8,SSE,,82,Y,PAR 4/4
2017-2870,2022,EWM,White Bear,82016700,Washington,,,Triclopyr 3,"Alligare, LLC",,"Lake Management, Inc.",7/13/2022,7/13/2022,6.36,8,10.9,10.9,gal/acre,69.32,gal,,,5,5,NE,76,,Y,PAR 1/10. 1.5 ppm rate
2017-2870,2022,EWM,White Bear,82016700,Washington,,,Triclopyr 3,"Alligare, LLC",,"Lake Management, Inc.",7/13/2022,7/13/2022,10.64,8,10.9,10.9,gal/acre,115.9,gal,,,4,4,NNE,70,,Y,PAR 2/10. 1.5 ppm rate
2017-2870,2022,EWM,White Bear,82016700,Washington,,,Triclopyr 3,"Alligare, LLC",,"Lake Management, Inc.",7/13/2022,7/13/2022,2.38,8,10.9,10.9,gal/acre,25.9,gal,,,4,4,N,74,,Y,PAR 3/10. 1.5 ppm rate
2017-2870,2022,EWM,White Bear,82016700,Washington,,,Triclopyr 3,"Alligare, LLC",,"Lake Management, Inc.",7/13/2022,7/13/2022,1.17,8,10.9,10.9,gal/acre,12.75,gal,,,4,4,N,74,,Y,PAR 4/10. 1.5 ppm rate
2017-2870,2022,EWM,White Bear,82016700,Washington,,,Triclopyr 3,"Alligare, LLC",,"Lake Management, Inc.",7/13/2022,7/13/2022,1.65,8,10.9,10.9,gal/acre,17.98,gal,,,6,6,E,76,,Y,PAR 5/10. 1.5 ppm rate
2017-2870,2022,EWM,White Bear,82016700,Washington,,,Triclopyr 3,"Alligare, LLC",,"Lake Management, Inc.",7/13/2022,7/13/2022,0.72,8,10.9,10.9,gal/acre,7.84,gal,,,6,6,N,76,,Y,PAR 6/10. 1.5 ppm rate
2017-2870,2022,EWM,White Bear,82016700,Washington,,,Triclopyr 3,"Alligare, LLC",,"Lake Management, Inc.",7/13/2022,7/13/2022,2.63,8,10.9,10.9,gal/acre,28.66,gal,,,5,5,NW,76,,Y,PAR 7/10. 1.5 ppm rate
2017-2870,2022,EWM,White Bear,82016700,Washington,,,Triclopyr 3,"Alligare, LLC",,"Lake Management, Inc.",7/13/2022,7/13/2022,3.75,8,10.9,10.9,gal/acre,40.87,gal,,,6,6,E,71,,Y,PAR 8/10. 1.5 ppm rate
2017-2870,2022,EWM,White Bear,82016700,Washington,,,Triclopyr 3,"Alligare, LLC",,"Lake Management, Inc.",7/13/2022,7/13/2022,2.55,8,10.9,10.9,gal/acre,27.79,gal,,,5,5,NNE,71,,Y,PAR 9/10. 1.5 ppm rate
2017-2870,2022,EWM,White Bear,82016700,Washington,,,Triclopyr 3,"Alligare, LLC",,"Lake Management, Inc.",7/13/2022,7/13/2022,0.85,8,10.9,10.9,gal/acre,9.26,gal,,,6,6,E,75,,Y,PAR 10/10. 1.5 ppm rate
2017-0417,2023,EWM,Lower Prior,70002600,Scott,,,Tribune,"Syngenta Crop Protection, LLC",,Aquatic Solutions of Minnesota,6/19/2023,6/19/2023,0.3,4.3,0.5,0.5,gal/acre-ft,0.645,gal,,,0,0,,,70,Y,PAR 2/5. wind speed calm
2017-0417,2023,EWM,Lower Prior,70002600,Scott,,,Tribune,"Syngenta Crop Protection, LLC",,Aquatic Solutions of Minnesota,6/19/2023,6/19/2023,2.3,4.4,0.5,0.5,gal/acre-ft,5.06,gal,,,0,0,,,70,Y,PAR 3/5. wind speed calm
2017-0417,2023,EWM,Lower Prior,70002600,Scott,,,Tribune,"Syngenta Crop Protection, LLC",,Aquatic Solutions of Minnesota,6/19/2023,6/19/2023,0.3,4.6,0.5,0.5,gal/acre-ft,0.69,gal,,,0,0,,,70,Y,PAR 4/5. wind speed calm
2017-0417,2023,EWM,Lower Prior,70002600,Scott,,,Tribune,"Syngenta Crop Protection, LLC",,Aquatic Solutions of Minnesota,6/19/2023,6/19/2023,1.4,4.1,0.5,0.5,gal/acre-ft,2.87,gal,,,0,0,,,70,Y,PAR 5/5. wind speed calm
