"datemv","datasourcemv","lknamemv","Lake.ID","taxon","litfoc","rd","maxdep","totfoc","tnsamp","lnsamp","lslsamp","lslfoc"
"2001-06-12","sblood","kohlman","62000600","ceratophyllum.demersum",0.642335766423358,1,3.048,0.642335766423358,137,137,136,0.647058823529412
"2001-06-12","sblood","kohlman","62000600","potamogeton.crispus",0.0145985401459854,1,2.4384,0.0145985401459854,137,137,136,0.0147058823529412
"2001-06-12","sblood","kohlman","62000600","myriophyllum.spicatum",0.496350364963504,1,3.048,0.496350364963504,137,137,136,0.5
"2001-06-12","sblood","kohlman","62000600","stuckenia.pectinata",0.0437956204379562,1,2.1336,0.0437956204379562,137,137,136,0.0441176470588235
"2001-06-12","sblood","kohlman","62000600","lemna.minor",0.0218978102189781,1,1.2192,0.0218978102189781,137,137,136,0.0220588235294118
"2001-06-12","sblood","kohlman","62000600","potamogeton.zosteriformis",0.072992700729927,1,2.37744,0.072992700729927,137,137,136,0.0735294117647059
"2001-06-12","sblood","kohlman","62000600","elodea.spp",0.0875912408759124,1,2.1336,0.0875912408759124,137,137,136,0.0882352941176471
"2001-06-12","sblood","kohlman","62000600","wolffia.spp",0.0145985401459854,1,1.12776,0.0145985401459854,137,137,136,0.0147058823529412
"2001-06-12","sblood","kohlman","62000600","unk.p.cf.pusillus",0.0948905109489051,1,1.8288,0.0948905109489051,137,137,136,0.0955882352941177
"2001-06-12","sblood","kohlman","62000600","nymphaea.spp",0.116788321167883,1,1.9812,0.116788321167883,137,137,136,0.117647058823529
"2001-06-12","sblood","kohlman","62000600","nuphar.spp",0.0145985401459854,1,1.524,0.0145985401459854,137,137,136,0.0147058823529412
"2001-06-12","sblood","kohlman","62000600","eleocharis.spp",0.0072992700729927,1,0.6096,0.0072992700729927,137,137,136,0.00735294117647059
"2001-06-12","sblood","kohlman","62000600","typha.spp",0.0072992700729927,1,0.70104,0.0072992700729927,137,137,136,0.00735294117647059
"2001-06-12","sblood","kohlman","62000600","zannichellia.palustris",0.0072992700729927,1,1.0668,0.0072992700729927,137,137,136,0.00735294117647059
"2001-06-12","sblood","kohlman","62000600","poaceae",0.0072992700729927,1,0.6096,0.0072992700729927,137,137,136,0.00735294117647059
"2001-08-16","sblood","kohlman","62000600","ceratophyllum.demersum",0.698529411764706,1,2.4384,0.698529411764706,136,136,136,0.698529411764706
"2001-08-16","sblood","kohlman","62000600","potamogeton.crispus",0.0147058823529412,1,0.6096,0.0147058823529412,136,136,136,0.0147058823529412
"2001-08-16","sblood","kohlman","62000600","myriophyllum.spicatum",0.573529411764706,1,2.4384,0.573529411764706,136,136,136,0.573529411764706
"2001-08-16","sblood","kohlman","62000600","spirodela.polyrhiza",0.0588235294117647,1,0.94488,0.0588235294117647,136,136,136,0.0588235294117647
"2001-08-16","sblood","kohlman","62000600","chara.spp",0.00735294117647059,1,0.762,0.00735294117647059,136,136,136,0.00735294117647059
"2001-08-16","sblood","kohlman","62000600","stuckenia.pectinata",0.0735294117647059,1,2.286,0.0735294117647059,136,136,136,0.0735294117647059
"2001-08-16","sblood","kohlman","62000600","najas.spp",0.0147058823529412,1,0.6096,0.0147058823529412,136,136,136,0.0147058823529412
"2001-08-16","sblood","kohlman","62000600","lemna.minor",0.191176470588235,1,1.0668,0.191176470588235,136,136,136,0.191176470588235
"2001-08-16","sblood","kohlman","62000600","potamogeton.zosteriformis",0.227941176470588,1,1.524,0.227941176470588,136,136,136,0.227941176470588
"2001-08-16","sblood","kohlman","62000600","elodea.spp",0.154411764705882,1,1.0668,0.154411764705882,136,136,136,0.154411764705882
"2001-08-16","sblood","kohlman","62000600","wolffia.spp",0.0735294117647059,1,0.94488,0.0735294117647059,136,136,136,0.0735294117647059
"2001-08-16","sblood","kohlman","62000600","unk.p.cf.pusillus",0.176470588235294,1,0.94488,0.176470588235294,136,136,136,0.176470588235294
"2001-08-16","sblood","kohlman","62000600","nymphaea.spp",0.183823529411765,1,1.524,0.183823529411765,136,136,136,0.183823529411765
"2001-08-16","sblood","kohlman","62000600","nuphar.spp",0.0147058823529412,1,0.9144,0.0147058823529412,136,136,136,0.0147058823529412
"2001-08-16","sblood","kohlman","62000600","typha.spp",0.0147058823529412,1,0.3048,0.0147058823529412,136,136,136,0.0147058823529412
"2001-08-16","sblood","kohlman","62000600","nitella.spp",0.00735294117647059,1,0.3048,0.00735294117647059,136,136,136,0.00735294117647059
"2002-06-26","sblood","kohlman","62000600","ceratophyllum.demersum",0.792857142857143,1,2.98704,0.792857142857143,140,140,137,0.81021897810219
"2002-06-26","sblood","kohlman","62000600","potamogeton.crispus",0.271428571428571,1,2.68224,0.271428571428571,140,140,137,0.277372262773723
"2002-06-26","sblood","kohlman","62000600","myriophyllum.spicatum",0.6,1,2.4384,0.6,140,140,137,0.613138686131387
"2002-06-26","sblood","kohlman","62000600","spirodela.polyrhiza",0.0428571428571429,1,0.9144,0.0428571428571429,140,140,137,0.0437956204379562
"2002-06-26","sblood","kohlman","62000600","chara.spp",0.00714285714285714,1,0.762,0.00714285714285714,140,140,137,0.0072992700729927
"2002-06-26","sblood","kohlman","62000600","stuckenia.pectinata",0.0285714285714286,1,2.1336,0.0285714285714286,140,140,137,0.0291970802919708
"2002-06-26","sblood","kohlman","62000600","lemna.minor",0.0928571428571429,1,1.8288,0.0928571428571429,140,140,137,0.0948905109489051
"2002-06-26","sblood","kohlman","62000600","potamogeton.zosteriformis",0.114285714285714,1,1.8288,0.114285714285714,140,140,137,0.116788321167883
"2002-06-26","sblood","kohlman","62000600","elodea.spp",0.1,1,2.19456,0.1,140,140,137,0.102189781021898
"2002-06-26","sblood","kohlman","62000600","unk.p.cf.pusillus",0.0571428571428571,1,1.524,0.0571428571428571,140,140,137,0.0583941605839416
"2002-06-26","sblood","kohlman","62000600","nymphaea.spp",0.25,1,1.8288,0.25,140,140,137,0.255474452554745
"2002-06-26","sblood","kohlman","62000600","nuphar.spp",0.0214285714285714,1,1.2192,0.0214285714285714,140,140,137,0.0218978102189781
"2002-06-26","sblood","kohlman","62000600","typha.spp",0.0214285714285714,1,0.6096,0.0214285714285714,140,140,137,0.0218978102189781
"2002-06-26","sblood","kohlman","62000600","phalaris.arundinacea",0.0142857142857143,1,0.6096,0.0142857142857143,140,140,137,0.0145985401459854
"2002-06-26","sblood","kohlman","62000600","zannichellia.palustris",0.0357142857142857,1,1.2192,0.0357142857142857,140,140,137,0.0364963503649635
"2002-08-26","sblood","kohlman","62000600","ceratophyllum.demersum",0.771428571428571,1,3.07848,0.771428571428571,140,140,136,0.794117647058823
"2002-08-26","sblood","kohlman","62000600","potamogeton.crispus",0.0285714285714286,1,2.04216,0.0285714285714286,140,140,136,0.0294117647058824
"2002-08-26","sblood","kohlman","62000600","myriophyllum.spicatum",0.585714285714286,1,2.56032,0.585714285714286,140,140,136,0.602941176470588
"2002-08-26","sblood","kohlman","62000600","najas.flexilis",0.00714285714285714,1,0.9144,0.00714285714285714,140,140,136,0.00735294117647059
"2002-08-26","sblood","kohlman","62000600","stuckenia.pectinata",0.0142857142857143,1,1.8288,0.0142857142857143,140,140,136,0.0147058823529412
"2002-08-26","sblood","kohlman","62000600","lemna.minor",0.3,1,1.8288,0.3,140,140,136,0.308823529411765
"2002-08-26","sblood","kohlman","62000600","potamogeton.zosteriformis",0.157142857142857,1,1.8288,0.157142857142857,140,140,136,0.161764705882353
"2002-08-26","sblood","kohlman","62000600","elodea.spp",0.128571428571429,1,1.92024,0.128571428571429,140,140,136,0.132352941176471
"2002-08-26","sblood","kohlman","62000600","wolffia.spp",0.257142857142857,1,1.8288,0.257142857142857,140,140,136,0.264705882352941
"2002-08-26","sblood","kohlman","62000600","unk.p.cf.pusillus",0.0214285714285714,1,1.6764,0.0214285714285714,140,140,136,0.0220588235294118
"2002-08-26","sblood","kohlman","62000600","nymphaea.spp",0.271428571428571,1,1.524,0.271428571428571,140,140,136,0.279411764705882
"2002-08-26","sblood","kohlman","62000600","nuphar.spp",0.00714285714285714,1,1.18872,0.00714285714285714,140,140,136,0.00735294117647059
"2002-08-26","sblood","kohlman","62000600","eleocharis.spp",0.00714285714285714,1,0.3048,0.00714285714285714,140,140,136,0.00735294117647059
"2002-08-26","sblood","kohlman","62000600","typha.spp",0.0214285714285714,1,0.79248,0.0214285714285714,140,140,136,0.0220588235294118
"2002-08-26","sblood","kohlman","62000600","phalaris.arundinacea",0.00714285714285714,1,0.36576,0.00714285714285714,140,140,136,0.00735294117647059
"2003-06-16","sblood","kohlman","62000600","ceratophyllum.demersum",0.820143884892086,1,2.40792,0.820143884892086,139,139,139,0.820143884892086
"2003-06-16","sblood","kohlman","62000600","potamogeton.crispus",0.158273381294964,1,1.8288,0.158273381294964,139,139,139,0.158273381294964
"2003-06-16","sblood","kohlman","62000600","myriophyllum.spicatum",0.366906474820144,1,2.40792,0.366906474820144,139,139,139,0.366906474820144
"2003-06-16","sblood","kohlman","62000600","spirodela.polyrhiza",0.0719424460431655,1,2.40792,0.0719424460431655,139,139,139,0.0719424460431655
"2003-06-16","sblood","kohlman","62000600","stuckenia.pectinata",0.100719424460432,1,1.31064,0.100719424460432,139,139,139,0.100719424460432
"2003-06-16","sblood","kohlman","62000600","lemna.minor",0.237410071942446,1,2.40792,0.237410071942446,139,139,139,0.237410071942446
"2003-06-16","sblood","kohlman","62000600","potamogeton.zosteriformis",0.201438848920863,1,1.3716,0.201438848920863,139,139,139,0.201438848920863
"2003-06-16","sblood","kohlman","62000600","elodea.spp",0.0215827338129496,1,1.8288,0.0215827338129496,139,139,139,0.0215827338129496
"2003-06-16","sblood","kohlman","62000600","wolffia.spp",0.143884892086331,1,2.40792,0.143884892086331,139,139,139,0.143884892086331
"2003-06-16","sblood","kohlman","62000600","unk.p.cf.pusillus",0.0647482014388489,1,1.31064,0.0647482014388489,139,139,139,0.0647482014388489
"2003-06-16","sblood","kohlman","62000600","nymphaea.spp",0.20863309352518,1,1.3716,0.20863309352518,139,139,139,0.20863309352518
"2003-06-16","sblood","kohlman","62000600","nuphar.spp",0.0287769784172662,1,1.03632,0.0287769784172662,139,139,139,0.0287769784172662
"2003-06-16","sblood","kohlman","62000600","typha.spp",0.00719424460431655,1,0.3048,0.00719424460431655,139,139,139,0.00719424460431655
"2003-06-16","sblood","kohlman","62000600","phalaris.arundinacea",0.00719424460431655,1,0.94488,0.00719424460431655,139,139,139,0.00719424460431655
"2003-06-16","sblood","kohlman","62000600","eleocharis.acicularis",0.00719424460431655,1,1.31064,0.00719424460431655,139,139,139,0.00719424460431655
"2003-08-25","sblood","kohlman","62000600","ceratophyllum.demersum",0.82089552238806,2.58181818181818,2.86512,0.82089552238806,134,134,134,0.82089552238806
"2003-08-25","sblood","kohlman","62000600","myriophyllum.spicatum",0.194029850746269,1.15384615384615,1.8288,0.194029850746269,134,134,134,0.194029850746269
"2003-08-25","sblood","kohlman","62000600","najas.flexilis",0.0149253731343284,1,0.6096,0.0149253731343284,134,134,134,0.0149253731343284
"2003-08-25","sblood","kohlman","62000600","lemna.minor",0.00746268656716418,1,0.1524,0.00746268656716418,134,134,134,0.00746268656716418
"2003-08-25","sblood","kohlman","62000600","potamogeton.zosteriformis",0.201492537313433,1.14814814814815,1.524,0.201492537313433,134,134,134,0.201492537313433
"2003-08-25","sblood","kohlman","62000600","elodea.spp",0.0223880597014925,1,1.524,0.0223880597014925,134,134,134,0.0223880597014925
"2003-08-25","sblood","kohlman","62000600","unk.p.cf.pusillus",0.0298507462686567,1,0.6096,0.0298507462686567,134,134,134,0.0298507462686567
"2003-08-25","sblood","kohlman","62000600","nymphaea.spp",0.164179104477612,1.18181818181818,1.0668,0.164179104477612,134,134,134,0.164179104477612
"2003-08-25","sblood","kohlman","62000600","nuphar.spp",0.0223880597014925,1.33333333333333,0.73152,0.0223880597014925,134,134,134,0.0223880597014925
"2003-08-25","sblood","kohlman","62000600","eleocharis.spp",0.00746268656716418,1,0.6096,0.00746268656716418,134,134,134,0.00746268656716418
"2003-08-25","sblood","kohlman","62000600","typha.spp",0.00746268656716418,1,0.1524,0.00746268656716418,134,134,134,0.00746268656716418
"2004-05-04","johnson","julia","71014500","ceratophyllum.demersum",0.0660377358490566,1.42857142857143,2.194787,0.0660377358490566,106,106,11,0.0909090909090909
"2004-05-04","johnson","julia","71014500","chara.spp",0.132075471698113,1.42857142857143,3.444597,0.132075471698113,106,106,11,0.545454545454545
"2004-05-04","johnson","julia","71014500","heteranthera.dubia",0.00943396226415094,1,0.9144947,0.00943396226415094,106,106,11,0.0909090909090909
"2004-05-04","johnson","julia","71014500","zannichellia.palustris",0.0283018867924528,1,1.615607,0.0283018867924528,106,106,11,0.181818181818182
"2004-07-07","sblood","kohlman","62000600","ceratophyllum.demersum",0.841726618705036,2.03418803418803,3.13944,0.841726618705036,139,139,137,0.854014598540146
"2004-07-07","sblood","kohlman","62000600","potamogeton.crispus",0.338129496402878,1.25531914893617,2.286,0.338129496402878,139,139,137,0.343065693430657
"2004-07-07","sblood","kohlman","62000600","myriophyllum.spicatum",0.359712230215827,1.5,2.286,0.359712230215827,139,139,137,0.364963503649635
"2004-07-07","sblood","kohlman","62000600","elodea.canadensis",0.0215827338129496,1,1.3716,0.0215827338129496,139,139,137,0.0218978102189781
"2004-07-07","sblood","kohlman","62000600","lemna.minor",0.0143884892086331,1,0.762,0.0143884892086331,139,139,137,0.0145985401459854
"2004-07-07","sblood","kohlman","62000600","potamogeton.zosteriformis",0.136690647482014,1.05263157894737,1.524,0.136690647482014,139,139,137,0.138686131386861
"2004-07-07","sblood","kohlman","62000600","potamogeton.pusillus",0.179856115107914,1,1.524,0.179856115107914,139,139,137,0.182481751824818
"2004-07-07","sblood","kohlman","62000600","nymphaea.spp",0.266187050359712,1.10810810810811,1.6764,0.266187050359712,139,139,137,0.27007299270073
"2004-07-07","sblood","kohlman","62000600","nuphar.spp",0.0143884892086331,1.5,1.0668,0.0143884892086331,139,139,137,0.0145985401459854
"2004-08-24","sblood","kohlman","62000600","ceratophyllum.demersum",0.77536231884058,2.47663551401869,2.83464,0.77536231884058,138,138,138,0.77536231884058
"2004-08-24","sblood","kohlman","62000600","potamogeton.crispus",0.036231884057971,1,1.24968,0.036231884057971,138,138,138,0.036231884057971
"2004-08-24","sblood","kohlman","62000600","myriophyllum.spicatum",0.318840579710145,1.36363636363636,1.70688,0.318840579710145,138,138,138,0.318840579710145
"2004-08-24","sblood","kohlman","62000600","najas.flexilis",0.0072463768115942,2,0.85344,0.0072463768115942,138,138,138,0.0072463768115942
"2004-08-24","sblood","kohlman","62000600","spirodela.polyrhiza",0.166666666666667,1,1.24968,0.166666666666667,138,138,138,0.166666666666667
"2004-08-24","sblood","kohlman","62000600","stuckenia.pectinata",0.036231884057971,1,0.762,0.036231884057971,138,138,138,0.036231884057971
"2004-08-24","sblood","kohlman","62000600","lemna.minor",0.311594202898551,1,1.24968,0.311594202898551,138,138,138,0.311594202898551
"2004-08-24","sblood","kohlman","62000600","lemna.trisulca",0.0072463768115942,1,0.762,0.0072463768115942,138,138,138,0.0072463768115942
"2004-08-24","sblood","kohlman","62000600","potamogeton.zosteriformis",0.253623188405797,1.08571428571429,1.43256,0.253623188405797,138,138,138,0.253623188405797
"2004-08-24","sblood","kohlman","62000600","elodea.spp",0.101449275362319,1.5,1.3716,0.101449275362319,138,138,138,0.101449275362319
"2004-08-24","sblood","kohlman","62000600","wolffia.spp",0.123188405797101,1,1.15824,0.123188405797101,138,138,138,0.123188405797101
"2004-08-24","sblood","kohlman","62000600","unk.p.cf.pusillus",0.0217391304347826,1,0.6096,0.0217391304347826,138,138,138,0.0217391304347826
"2004-08-24","sblood","kohlman","62000600","nymphaea.spp",0.347826086956522,1.77083333333333,1.28016,0.347826086956522,138,138,138,0.347826086956522
"2004-08-24","sblood","kohlman","62000600","nuphar.spp",0.0144927536231884,2,0.762,0.0144927536231884,138,138,138,0.0144927536231884
"2005-05-04","johnson","julia","71014500","ceratophyllum.demersum",0.0660377358490566,1,2.713001,0.0660377358490566,106,106,11,0.272727272727273
"2005-05-04","johnson","julia","71014500","potamogeton.crispus",0.433962264150943,1.5,3.139765,0.433962264150943,106,106,11,0.181818181818182
"2005-05-04","johnson","julia","71014500","elodea.canadensis",0.0377358490566038,1,1.554641,0.0377358490566038,106,106,11,0.181818181818182
"2005-05-04","johnson","julia","71014500","chara.spp",0.150943396226415,1.3125,1.981405,0.150943396226415,106,106,11,0.727272727272727
"2005-06-17","johnson","weaver","27011700","ceratophyllum.demersum",0.796116504854369,1.39285714285714,5.243103,0.763636363636364,110,103,107,0.785046728971963
"2005-06-17","johnson","weaver","27011700","potamogeton.crispus",0.194174757281553,1.0952380952381,5.243103,0.190909090909091,110,103,107,0.196261682242991
"2005-06-17","johnson","weaver","27011700","vallisneria.americana",0.12621359223301,1.23076923076923,1.859473,0.118181818181818,110,103,107,0.121495327102804
"2005-06-17","johnson","weaver","27011700","spirodela.polyrhiza",0.0776699029126214,1,2.133821,0.0727272727272727,110,103,107,0.0747663551401869
"2005-06-17","johnson","weaver","27011700","nymphaea.odorata",0.135922330097087,1,1.219326,0.127272727272727,110,103,107,0.130841121495327
"2005-06-17","johnson","weaver","27011700","chara.spp",0.0194174757281553,1,1.15836,0.0181818181818182,110,103,107,0.0186915887850467
"2005-06-17","johnson","weaver","27011700","stuckenia.pectinata",0.0485436893203883,1,1.859473,0.0454545454545455,110,103,107,0.0467289719626168
"2005-06-17","johnson","weaver","27011700","lemna.minor",0.0485436893203883,1,2.133821,0.0454545454545455,110,103,107,0.0467289719626168
"2005-06-17","johnson","weaver","27011700","lemna.trisulca",0.145631067961165,1.06666666666667,4.572474,0.136363636363636,110,103,107,0.14018691588785
"2005-06-17","johnson","weaver","27011700","ranunculus.aquatilis",0.0388349514563107,1,1.859473,0.0363636363636364,110,103,107,0.0373831775700935
"2005-06-17","johnson","weaver","27011700","potamogeton.pusillus",0.058252427184466,1,5.7918,0.0636363636363636,110,103,107,0.0560747663551402
"2005-06-17","johnson","weaver","27011700","zannichellia.palustris",0.145631067961165,1.33333333333333,2.408169,0.136363636363636,110,103,107,0.14018691588785
"2005-06-17","johnson","weaver","27011700","nuphar.variegata",0.087378640776699,1,2.8959,0.0818181818181818,110,103,107,0.0841121495327103
"2005-06-17","johnson","weaver","27011700","potamogeton.praelongus",0.087378640776699,1.11111111111111,4.572474,0.0818181818181818,110,103,107,0.0841121495327103
"2005-06-17","johnson","weaver","27011700","potamogeton.zosterifomis",0.0194174757281553,1,1.219326,0.0181818181818182,110,103,107,0.0186915887850467
"2005-08-19","johnson","weaver","27011700","ceratophyllum.demersum",0.372549019607843,1.21428571428571,7.011126,0.375,112,102,107,0.383177570093458
"2005-08-19","johnson","weaver","27011700","potamogeton.crispus",0.382352941176471,1,7.011126,0.401785714285714,112,102,107,0.383177570093458
"2005-08-19","johnson","weaver","27011700","vallisneria.americana",0.166666666666667,1.42105263157895,5.852766,0.169642857142857,112,102,107,0.168224299065421
"2005-08-19","johnson","weaver","27011700","nymphaea.odorata",0.107843137254902,1,4.572474,0.0982142857142857,112,102,107,0.102803738317757
"2005-08-19","johnson","weaver","27011700","chara.spp",0.0294117647058823,1,1.981405,0.0267857142857143,112,102,107,0.0280373831775701
"2005-08-19","johnson","weaver","27011700","stuckenia.pectinata",0.0686274509803922,1.85714285714286,2.743484,0.0625,112,102,107,0.0654205607476635
"2005-08-19","johnson","weaver","27011700","lemna.minor",0.0588235294117647,1,4.572474,0.0535714285714286,112,102,107,0.0560747663551402
"2005-08-19","johnson","weaver","27011700","lemna.trisulca",0.107843137254902,1.16666666666667,6.706295,0.107142857142857,112,102,107,0.102803738317757
"2005-08-19","johnson","weaver","27011700","potamogeton.pusillus",0.00980392156862745,1,1.981405,0.00892857142857143,112,102,107,0.00934579439252336
"2005-08-19","johnson","weaver","27011700","heteranthera.dubia",0.0686274509803922,1,4.602957,0.0714285714285714,112,102,107,0.0747663551401869
"2005-08-19","johnson","weaver","27011700","zannichellia.palustris",0.0882352941176471,1,4.602957,0.0892857142857143,112,102,107,0.0934579439252336
"2005-08-19","johnson","weaver","27011700","nuphar.variegata",0.0588235294117647,1,4.572474,0.0535714285714286,112,102,107,0.0560747663551402
"2005-08-19","johnson","weaver","27011700","potamogeton.praelongus",0.0196078431372549,1,4.267642,0.0178571428571429,112,102,107,0.0186915887850467
"2005-08-19","johnson","weaver","27011700","potamogeton.zosterifomis",0.0490196078431373,1.33333333333333,4.602957,0.0535714285714286,112,102,107,0.0560747663551402
"2006-04-25","johnson","fish","70006900","ceratophyllum.demersum",0.517857142857143,1.59016393442623,5.1,0.4765625,128,112,83,0.650602409638554
"2006-04-25","johnson","fish","70006900","potamogeton.crispus",0.5625,1,4.1,0.4921875,128,112,83,0.710843373493976
"2006-04-25","johnson","fish","70006900","myriophyllum.sibiricum",0.00892857142857143,1,1.6,0.0078125,128,112,83,0.0120481927710843
"2006-04-25","johnson","fish","70006900","heteranthera.dubia",0.0357142857142857,1.25,3,0.03125,128,112,83,0.0481927710843374
"2006-04-25","johnson","fish","70006900","nuphar.variegata",0.00892857142857143,1,1.3,0.0078125,128,112,83,0.0120481927710843
"2006-04-26","johnson","weaver","27011700","ceratophyllum.demersum",0.278846153846154,1.33333333333333,5.6,0.260869565217391,115,104,106,0.273584905660377
"2006-04-26","johnson","weaver","27011700","potamogeton.crispus",0.721153846153846,1.14102564102564,5.5,0.678260869565217,115,104,106,0.716981132075472
"2006-04-26","johnson","weaver","27011700","nymphaea.odorata",0.144230769230769,1,5.5,0.139130434782609,115,104,106,0.141509433962264
"2006-04-26","johnson","weaver","27011700","chara.spp",0.0384615384615385,1,1.5,0.0347826086956522,115,104,106,0.0377358490566038
"2006-04-26","johnson","weaver","27011700","lemna.trisulca",0.144230769230769,1,5.5,0.139130434782609,115,104,106,0.141509433962264
"2006-04-26","johnson","weaver","27011700","heteranthera.dubia",0.0384615384615385,1,2.2,0.0347826086956522,115,104,106,0.0377358490566038
"2006-04-26","johnson","weaver","27011700","zannichellia.palustris",0.0480769230769231,1,1,0.0434782608695652,115,104,106,0.0471698113207547
"2006-04-26","johnson","weaver","27011700","nuphar.variegata",0.00961538461538462,1,1.9,0.00869565217391304,115,104,106,0.00943396226415094
"2006-04-26","johnson","weaver","27011700","potamogeton.zosterifomis",0.00961538461538462,1,0.9,0.00869565217391304,115,104,106,0.00943396226415094
"2006-05-02","johnson","julia","71014500","elodea.canadensis",0.358490566037736,1.26315789473684,4,0.358490566037736,106,106,7,0.142857142857143
"2006-05-02","johnson","julia","71014500","chara.spp",0.169811320754717,1.16666666666667,3.5,0.169811320754717,106,106,7,0.142857142857143
"2006-05-02","johnson","julia","71014500","zannichellia.palustris",0.0566037735849057,1,3.1,0.0566037735849057,106,106,7,0.428571428571429
"2006-05-02","johnson","rush","71014700","ceratophyllum.demersum",0.107142857142857,1.25,2.8,0.107142857142857,112,112,6,0.166666666666667
"2006-05-04","johnson","crookneck","49013300","ceratophyllum.demersum",0.842696629213483,1.82741116751269,6.3,0.763565891472868,258,178,203,0.852216748768473
"2006-05-04","johnson","crookneck","49013300","potamogeton.crispus",0.365168539325843,1.02173913043478,6.2,0.356589147286822,258,178,203,0.399014778325123
"2006-05-04","johnson","crookneck","49013300","elodea.canadensis",0.0280898876404494,1,2.1,0.0193798449612403,258,178,203,0.0246305418719212
"2006-05-04","johnson","crookneck","49013300","nymphaea.odorata",0.00561797752808989,1,1.6,0.00387596899224806,258,178,203,0.00492610837438424
"2006-05-04","johnson","crookneck","49013300","chara.spp",0.0393258426966292,1.14285714285714,2,0.0271317829457364,258,178,203,0.0344827586206897
"2006-05-04","johnson","crookneck","49013300","lemna.trisulca",0.382022471910112,1.05747126436782,6.3,0.337209302325581,258,178,203,0.38423645320197
"2006-05-04","johnson","crookneck","49013300","ranunculus.aquatilis",0.0112359550561798,1,2,0.00775193798449612,258,178,203,0.00985221674876847
"2006-05-04","johnson","crookneck","49013300","myriophyllum.sibiricum",0.050561797752809,1.11111111111111,2.1,0.0348837209302326,258,178,203,0.0443349753694581
"2006-05-04","johnson","crookneck","49013300","heteranthera.dubia",0.0224719101123595,1,1.3,0.0155038759689922,258,178,203,0.0197044334975369
"2006-05-04","johnson","crookneck","49013300","nitella.spp",0.0112359550561798,1,4.8,0.0116279069767442,258,178,203,0.0147783251231527
"2006-05-04","johnson","crookneck","49013300","eleocharis.acicularis",0.0224719101123595,1,1.5,0.0155038759689922,258,178,203,0.0197044334975369
"2006-05-04","johnson","crookneck","49013300","nuphar.variegata",0.0168539325842697,1,2,0.0116279069767442,258,178,203,0.0147783251231527
"2006-05-04","johnson","crookneck","49013300","potamogeton.amplifolius",0.0393258426966292,1,2.1,0.0271317829457364,258,178,203,0.0344827586206897
"2006-05-04","johnson","crookneck","49013300","potamogeton.illinoensis",0.112359550561798,1,2.8,0.0775193798449612,258,178,203,0.0985221674876847
"2006-05-04","johnson","crookneck","49013300","potamogeton.praelongus",0.0730337078651685,1,3.8,0.0503875968992248,258,178,203,0.0640394088669951
"2006-05-04","johnson","crookneck","49013300","potamogeton.zosterifomis",0.00561797752808989,1,3.6,0.00387596899224806,258,178,203,0.00492610837438424
"2006-05-04","johnson","crookneck","49013300","najas.guadalupensis",0.764044943820225,1.77922077922078,5.9,0.596899224806202,258,178,203,0.719211822660099
"2006-05-05","johnson","lowermission","18024300","ceratophyllum.demersum",0.724489795918367,1.48780487804878,6.6,0.643137254901961,255,196,118,0.813559322033898
"2006-05-05","johnson","lowermission","18024300","potamogeton.crispus",0.545918367346939,1.203125,5.9,0.501960784313725,255,196,118,0.296610169491525
"2006-05-05","johnson","lowermission","18024300","elodea.canadensis",0.362244897959184,1.05555555555556,4.6,0.282352941176471,255,196,118,0.457627118644068
"2006-05-05","johnson","lowermission","18024300","nymphaea.odorata",0.0408163265306122,1,1,0.0313725490196078,255,196,118,0.0677966101694915
"2006-05-05","johnson","lowermission","18024300","chara.spp",0.107142857142857,1.19047619047619,4.5,0.0823529411764706,255,196,118,0.161016949152542
"2006-05-05","johnson","lowermission","18024300","lemna.trisulca",0.637755102040816,1.08,6.6,0.588235294117647,255,196,118,0.677966101694915
"2006-05-05","johnson","lowermission","18024300","ranunculus.aquatilis",0.0102040816326531,1,1,0.00784313725490196,255,196,118,0.0169491525423729
"2006-05-05","johnson","lowermission","18024300","myriophyllum.sibiricum",0.0357142857142857,1,3.3,0.0274509803921569,255,196,118,0.0423728813559322
"2006-05-05","johnson","lowermission","18024300","heteranthera.dubia",0.0561224489795918,1,2.3,0.0431372549019608,255,196,118,0.0932203389830508
"2006-05-05","johnson","lowermission","18024300","nitella.spp",0.0714285714285714,1.07142857142857,3.6,0.0549019607843137,255,196,118,0.0847457627118644
"2006-05-05","johnson","lowermission","18024300","eleocharis.acicularis",0.0204081632653061,1,0.9,0.0156862745098039,255,196,118,0.0338983050847458
"2006-05-05","johnson","lowermission","18024300","nuphar.variegata",0.0969387755102041,1,1.5,0.0745098039215686,255,196,118,0.161016949152542
"2006-05-05","johnson","lowermission","18024300","potamogeton.praelongus",0.0816326530612245,1,4.5,0.0627450980392157,255,196,118,0.101694915254237
"2006-05-05","johnson","lowermission","18024300","potamogeton.zosterifomis",0.0153061224489796,1,2.3,0.0117647058823529,255,196,118,0.0254237288135593
"2006-05-05","johnson","lowermission","18024300","utricularia.vulgaris",0.0357142857142857,1,0.9,0.0274509803921569,255,196,118,0.0593220338983051
"2006-05-05","johnson","lowermission","18024300","fontinalis.antipyretica",0.00510204081632653,1,1.2,0.00392156862745098,255,196,118,0.00847457627118644
"2006-05-05","johnson","lowermission","18024300","potamogeton.narrow",0.0306122448979592,1,3.5,0.0235294117647059,255,196,118,0.0423728813559322
"2006-05-09","johnson","rebecca","27019200","ceratophyllum.demersum",0.174242424242424,1.91666666666667,4.9,0.134078212290503,179,132,111,0.198198198198198
"2006-05-09","johnson","rebecca","27019200","potamogeton.crispus",0.96969696969697,1.96078431372549,6.5,0.854748603351955,179,132,111,0.963963963963964
"2006-05-09","johnson","rebecca","27019200","myriophyllum.spicatum",0.386363636363636,1.2037037037037,5.2,0.301675977653631,179,132,111,0.45045045045045
"2006-05-09","johnson","rebecca","27019200","nymphaea.odorata",0.00757575757575758,1,1.3,0.00558659217877095,179,132,111,0.00900900900900901
"2006-05-09","johnson","rebecca","27019200","nuphar.variegata",0.00757575757575758,1,1.6,0.00558659217877095,179,132,111,0.00900900900900901
"2006-05-16","johnson","vails","73015100","ceratophyllum.demersum",0.472222222222222,1.05194805194805,5.3,0.425414364640884,181,144,23,0.608695652173913
"2006-05-16","johnson","vails","73015100","potamogeton.crispus",0.784722222222222,2.37606837606838,4.9,0.646408839779006,181,144,23,0.826086956521739
"2006-05-16","johnson","vails","73015100","elodea.canadensis",0.291666666666667,1.04347826086957,5,0.25414364640884,181,144,23,0.391304347826087
"2006-05-16","johnson","vails","73015100","stuckenia.pectinata",0.0208333333333333,1,1,0.0165745856353591,181,144,23,0.0869565217391304
"2006-05-16","johnson","vails","73015100","ranunculus.aquatilis",0.00694444444444444,1,0.8,0.00552486187845304,181,144,23,0.0434782608695652
"2006-05-16","johnson","vails","73015100","typha.spp",0.00694444444444444,1,0.6,0.00552486187845304,181,144,23,0.0434782608695652
"2006-05-16","johnson","vails","73015100","zannichellia.palustris",0.0138888888888889,1,1.3,0.0110497237569061,181,144,23,0.0434782608695652
"2006-05-26","johnson","coal","77004600","ceratophyllum.demersum",0.402597402597403,1.0625,4.8,0.222222222222222,144,77,100,0.32
"2006-05-26","johnson","coal","77004600","potamogeton.crispus",0.38961038961039,1.33333333333333,6.7,0.25,144,77,100,0.35
"2006-05-26","johnson","coal","77004600","potamogeton.foliosus",0.038961038961039,1,3.6,0.0208333333333333,144,77,100,0.03
"2006-05-26","johnson","coal","77004600","brasenia.schreberi",0.0909090909090909,1.14285714285714,3.6,0.0486111111111111,144,77,100,0.07
"2006-05-26","johnson","coal","77004600","elodea.canadensis",0.220779220779221,1.05263157894737,6.1,0.131944444444444,144,77,100,0.18
"2006-05-26","johnson","coal","77004600","nymphaea.odorata",0.051948051948052,1,1.5,0.0277777777777778,144,77,100,0.04
"2006-05-26","johnson","coal","77004600","chara.spp",0.012987012987013,1,0.8,0.00694444444444444,144,77,100,0.01
"2006-05-26","johnson","coal","77004600","lemna.trisulca",0.0649350649350649,1,6.3,0.0416666666666667,144,77,100,0.05
"2006-05-26","johnson","coal","77004600","myriophyllum.sibiricum",0.12987012987013,1,6.1,0.0763888888888889,144,77,100,0.1
"2006-05-26","johnson","coal","77004600","heteranthera.dubia",0.051948051948052,1,0.9,0.0277777777777778,144,77,100,0.04
"2006-05-26","johnson","coal","77004600","eleocharis.acicularis",0.012987012987013,1,0.3,0.00694444444444444,144,77,100,0.01
"2006-05-26","johnson","coal","77004600","nuphar.variegata",0.0779220779220779,1,1.1,0.0416666666666667,144,77,100,0.06
"2006-05-26","johnson","coal","77004600","potamogeton.amplifolius",0.311688311688312,1,3.5,0.166666666666667,144,77,100,0.24
"2006-05-26","johnson","coal","77004600","potamogeton.illinoensis",0.0779220779220779,1.16666666666667,1.9,0.0416666666666667,144,77,100,0.06
"2006-05-26","johnson","coal","77004600","potamogeton.praelongus",0.207792207792208,1.0625,3.4,0.111111111111111,144,77,100,0.16
"2006-05-26","johnson","coal","77004600","potamogeton.zosterifomis",0.220779220779221,1,6.7,0.145833333333333,144,77,100,0.19
"2006-05-26","johnson","coal","77004600","utricularia.vulgaris",0.012987012987013,1,0.9,0.00694444444444444,144,77,100,0.01
"2006-05-26","johnson","coal","77004600","bidens.beckii",0.0649350649350649,1.2,2,0.0347222222222222,144,77,100,0.05
"2006-05-26","johnson","coal","77004600","zizania.spp",0.025974025974026,1,0.8,0.0138888888888889,144,77,100,0.02
"2006-05-26","johnson","coal","77004600","schoenoplectus.acutus",0.012987012987013,2,0.9,0.00694444444444444,144,77,100,0.01
"2006-05-26","johnson","coal","77004600","potamogeton.robbinsii",0.766233766233766,2.13846153846154,6.7,0.451388888888889,144,77,100,0.62
"2006-05-26","johnson","coal","77004600","fontinalis.antipyretica",0.025974025974026,1,4.6,0.0208333333333333,144,77,100,0.03
"2006-05-26","johnson","coal","77004600","equisetum.fluviatile",0.025974025974026,1,1,0.0138888888888889,144,77,100,0.02
"2006-06-05","johnson","fish","70006900","ceratophyllum.demersum",0.629032258064516,2.25301204819277,6.8,0.485380116959064,171,124,88,0.829545454545455
"2006-06-05","johnson","fish","70006900","potamogeton.crispus",0.379032258064516,1.25531914893617,3.3,0.274853801169591,171,124,88,0.522727272727273
"2006-06-05","johnson","fish","70006900","vallisneria.americana",0.0806451612903226,1,1.2,0.0584795321637427,171,124,88,0.113636363636364
"2006-06-05","johnson","fish","70006900","nymphaea.odorata",0.0403225806451613,1,1,0.0292397660818713,171,124,88,0.0568181818181818
"2006-06-05","johnson","fish","70006900","chara.spp",0.00806451612903226,1,1.5,0.00584795321637427,171,124,88,0.0113636363636364
"2006-06-05","johnson","fish","70006900","stuckenia.pectinata",0.032258064516129,1,1.5,0.0233918128654971,171,124,88,0.0454545454545455
"2006-06-05","johnson","fish","70006900","myriophyllum.sibiricum",0.0725806451612903,1,3,0.0526315789473684,171,124,88,0.102272727272727
"2006-06-05","johnson","fish","70006900","heteranthera.dubia",0.0403225806451613,1,1.1,0.0292397660818713,171,124,88,0.0568181818181818
"2006-06-05","johnson","fish","70006900","typha.spp",0.0161290322580645,1,0.8,0.0116959064327485,171,124,88,0.0227272727272727
"2006-06-05","johnson","fish","70006900","nuphar.variegata",0.0806451612903226,1,2.3,0.0584795321637427,171,124,88,0.113636363636364
"2006-06-06","johnson","weaver","27011700","ceratophyllum.demersum",0.481481481481481,1.53333333333333,5.8,0.48,125,108,116,0.491379310344828
"2006-06-06","johnson","weaver","27011700","potamogeton.crispus",0.324074074074074,1,6.2,0.312,125,108,116,0.318965517241379
"2006-06-06","johnson","weaver","27011700","vallisneria.americana",0.101851851851852,1.09090909090909,1.2,0.088,125,108,116,0.0948275862068966
"2006-06-06","johnson","weaver","27011700","spirodela.polyrhiza",0.0277777777777778,1,1.1,0.024,125,108,116,0.0258620689655172
"2006-06-06","johnson","weaver","27011700","nymphaea.odorata",0.101851851851852,1.09090909090909,1.2,0.088,125,108,116,0.0948275862068966
"2006-06-06","johnson","weaver","27011700","chara.spp",0.0462962962962963,1.4,0.8,0.04,125,108,116,0.0431034482758621
"2006-06-06","johnson","weaver","27011700","stuckenia.pectinata",0.0555555555555556,1,1.4,0.048,125,108,116,0.0517241379310345
"2006-06-06","johnson","weaver","27011700","lemna.minor",0.037037037037037,1,1.1,0.032,125,108,116,0.0344827586206897
"2006-06-06","johnson","weaver","27011700","lemna.trisulca",0.287037037037037,1,5.8,0.288,125,108,116,0.293103448275862
"2006-06-06","johnson","weaver","27011700","ranunculus.aquatilis",0.00925925925925926,1,0.3,0.008,125,108,116,0.00862068965517241
"2006-06-06","johnson","weaver","27011700","potamogeton.pusillus",0.00925925925925926,1,0.9,0.008,125,108,116,0.00862068965517241
"2006-06-06","johnson","weaver","27011700","heteranthera.dubia",0.101851851851852,1,2.1,0.088,125,108,116,0.0948275862068966
"2006-06-06","johnson","weaver","27011700","zannichellia.palustris",0.0925925925925926,1.3,4,0.08,125,108,116,0.0862068965517241
"2006-06-06","johnson","weaver","27011700","nuphar.variegata",0.0555555555555556,1,1.6,0.048,125,108,116,0.0517241379310345
"2006-06-06","johnson","weaver","27011700","potamogeton.zosterifomis",0.0648148148148148,1.14285714285714,2.1,0.056,125,108,116,0.0603448275862069
"2006-06-07","johnson","rebecca","27019200","ceratophyllum.demersum",0.251798561151079,2.13888888888889,5.4,0.2,180,139,110,0.3
"2006-06-07","johnson","rebecca","27019200","potamogeton.crispus",0.863309352517986,2.4921875,6,0.711111111111111,180,139,110,0.936363636363636
"2006-06-07","johnson","rebecca","27019200","myriophyllum.spicatum",0.517985611510791,1.91666666666667,3.8,0.4,180,139,110,0.645454545454546
"2006-06-07","johnson","rebecca","27019200","spirodela.polyrhiza",0.0863309352517986,1,1.6,0.0666666666666667,180,139,110,0.109090909090909
"2006-06-07","johnson","rebecca","27019200","nymphaea.odorata",0.0647482014388489,1.11111111111111,1.5,0.05,180,139,110,0.0818181818181818
"2006-06-07","johnson","rebecca","27019200","stuckenia.pectinata",0.0575539568345324,1,1.2,0.0444444444444444,180,139,110,0.0727272727272727
"2006-06-07","johnson","rebecca","27019200","lemna.minor",0.0935251798561151,1,1.8,0.0722222222222222,180,139,110,0.118181818181818
"2006-06-07","johnson","rebecca","27019200","nuphar.variegata",0.0287769784172662,1.5,1.7,0.0222222222222222,180,139,110,0.0363636363636364
"2006-06-07","johnson","rebecca","27019200","potamogeton.narrow",0.00719424460431655,1,0.9,0.00555555555555556,180,139,110,0.00909090909090909
"2006-06-08","brasch","sarahw","27019101","ceratophyllum.demersum",0.125,1.6,1,0.113636363636364,44,40,27,0.185185185185185
"2006-06-08","brasch","sarahw","27019101","potamogeton.crispus",0.9,3.83333333333333,2.9,0.818181818181818,44,40,27,0.962962962962963
"2006-06-08","brasch","sarahw","27019101","myriophyllum.spicatum",0.125,3.2,1,0.113636363636364,44,40,27,0.185185185185185
"2006-06-08","johnson","julia","71014500","vallisneria.americana",0.0188679245283019,1,1.1,0.0188679245283019,106,106,13,0.0769230769230769
"2006-06-08","johnson","julia","71014500","elodea.canadensis",0.745283018867924,1.43037974683544,3.6,0.745283018867924,106,106,13,0.923076923076923
"2006-06-08","johnson","julia","71014500","nymphaea.odorata",0.0283018867924528,1,1.9,0.0283018867924528,106,106,13,0.153846153846154
"2006-06-08","johnson","julia","71014500","chara.spp",0.19811320754717,1.85714285714286,1.8,0.19811320754717,106,106,13,0.923076923076923
"2006-06-08","johnson","julia","71014500","stuckenia.pectinata",0.00943396226415094,1,0.7,0.00943396226415094,106,106,13,0.0769230769230769
"2006-06-08","johnson","julia","71014500","heteranthera.dubia",0.0188679245283019,1,1.7,0.0188679245283019,106,106,13,0.0769230769230769
"2006-06-08","johnson","julia","71014500","zannichellia.palustris",0.0566037735849057,1,1.2,0.0566037735849057,106,106,13,0.153846153846154
"2006-06-08","johnson","julia","71014500","eleocharis.acicularis",0.00943396226415094,1,0.6,0.00943396226415094,106,106,13,0.0769230769230769
"2006-06-08","johnson","rush","71014700","ceratophyllum.demersum",0.160714285714286,1.22222222222222,2.7,0.160714285714286,112,112,12,0.333333333333333
"2006-06-08","johnson","rush","71014700","elodea.canadensis",0.428571428571429,1.125,3,0.428571428571429,112,112,12,0.666666666666667
"2006-06-08","johnson","rush","71014700","nymphaea.odorata",0.107142857142857,1,3,0.107142857142857,112,112,12,0.5
"2006-06-08","johnson","rush","71014700","heteranthera.dubia",0.0446428571428571,1.2,1.3,0.0446428571428571,112,112,12,0.333333333333333
"2006-06-08","johnson","rush","71014700","zannichellia.palustris",0.214285714285714,1.04166666666667,2.4,0.214285714285714,112,112,12,0.416666666666667
"2006-06-12","johnson","vails","73015100","ceratophyllum.demersum",0.588235294117647,1.65346534653465,4.6,0.548913043478261,184,170,54,0.833333333333333
"2006-06-12","johnson","vails","73015100","potamogeton.crispus",0.647058823529412,2.23636363636364,4.5,0.597826086956522,184,170,54,0.981481481481482
"2006-06-12","johnson","vails","73015100","potamogeton.richardsonii",0.0882352941176471,1.26666666666667,1,0.0815217391304348,184,170,54,0.259259259259259
"2006-06-12","johnson","vails","73015100","elodea.canadensis",0.323529411764706,1.15789473684211,4.7,0.309782608695652,184,170,54,0.481481481481481
"2006-06-12","johnson","vails","73015100","stuckenia.pectinata",0.129411764705882,1,0.9,0.119565217391304,184,170,54,0.407407407407407
"2006-06-12","johnson","vails","73015100","lemna.minor",0.0117647058823529,1,0.6,0.0108695652173913,184,170,54,0.037037037037037
"2006-06-12","johnson","vails","73015100","ranunculus.aquatilis",0.0294117647058824,1,0.8,0.0271739130434783,184,170,54,0.0925925925925926
"2006-06-12","johnson","vails","73015100","heteranthera.dubia",0.0294117647058824,1,0.9,0.0271739130434783,184,170,54,0.0925925925925926
"2006-06-12","johnson","vails","73015100","potamogeton.narrow",0.00588235294117647,1,0.4,0.00543478260869565,184,170,54,0.0185185185185185
"2006-06-13","sblood","kohlman","62000600","algae.filamentous",0.0921985815602837,2.07692307692308,3.048,0.0921985815602837,141,141,141,0.0921985815602837
"2006-06-13","sblood","kohlman","62000600","ceratophyllum.demersum",0.75177304964539,2.56603773584906,3.048,0.75177304964539,141,141,141,0.75177304964539
"2006-06-13","sblood","kohlman","62000600","potamogeton.crispus",0.716312056737589,2.42574257425743,2.25552,0.716312056737589,141,141,141,0.716312056737589
"2006-06-13","sblood","kohlman","62000600","myriophyllum.spicatum",0.340425531914894,1.75,2.01168,0.340425531914894,141,141,141,0.340425531914894
"2006-06-13","sblood","kohlman","62000600","spirodela.polyrhiza",0.0425531914893617,1.16666666666667,0.79248,0.0425531914893617,141,141,141,0.0425531914893617
"2006-06-13","sblood","kohlman","62000600","nymphaea.odorata",0.390070921985816,2.8,1.34112,0.390070921985816,141,141,141,0.390070921985816
"2006-06-13","sblood","kohlman","62000600","stuckenia.pectinata",0.184397163120567,2.53846153846154,0.82296,0.184397163120567,141,141,141,0.184397163120567
"2006-06-13","sblood","kohlman","62000600","lemna.minor",0.219858156028369,1.2258064516129,1.49352,0.219858156028369,141,141,141,0.219858156028369
"2006-06-13","sblood","kohlman","62000600","potamogeton.zosteriformis",0.397163120567376,1.64285714285714,2.52984,0.397163120567376,141,141,141,0.397163120567376
"2006-06-13","sblood","kohlman","62000600","wolffia.columbiana",0.0141843971631206,1,1.00584,0.0141843971631206,141,141,141,0.0141843971631206
"2006-06-13","sblood","kohlman","62000600","algae",0.0212765957446809,3,1.55448,0.0212765957446809,141,141,141,0.0212765957446809
"2006-06-13","sblood","kohlman","62000600","nelumbo.lutea",0.0283687943262411,3.75,0.82296,0.0283687943262411,141,141,141,0.0283687943262411
"2006-06-15","johnson","coal","77004600","ceratophyllum.demersum",0.469879518072289,1.41463414634146,5.2,0.303703703703704,135,83,101,0.405940594059406
"2006-06-15","johnson","coal","77004600","potamogeton.crispus",0.457831325301205,1.81818181818182,6.6,0.325925925925926,135,83,101,0.425742574257426
"2006-06-15","johnson","coal","77004600","potamogeton.foliosus",0.072289156626506,1,5.4,0.0518518518518519,135,83,101,0.0693069306930693
"2006-06-15","johnson","coal","77004600","najas.flexilis",0.0120481927710843,1,0.3,0.00740740740740741,135,83,101,0.0099009900990099
"2006-06-15","johnson","coal","77004600","brasenia.schreberi",0.156626506024096,1.07692307692308,2.2,0.0962962962962963,135,83,101,0.128712871287129
"2006-06-15","johnson","coal","77004600","elodea.canadensis",0.289156626506024,1.11538461538462,6.1,0.192592592592593,135,83,101,0.237623762376238
"2006-06-15","johnson","coal","77004600","nymphaea.odorata",0.216867469879518,1,2.2,0.133333333333333,135,83,101,0.178217821782178
"2006-06-15","johnson","coal","77004600","lemna.trisulca",0.0481927710843374,1,1.4,0.0296296296296296,135,83,101,0.0396039603960396
"2006-06-15","johnson","coal","77004600","myriophyllum.sibiricum",0.27710843373494,1,5.1,0.177777777777778,135,83,101,0.237623762376238
"2006-06-15","johnson","coal","77004600","heteranthera.dubia",0.0481927710843374,1,0.8,0.0296296296296296,135,83,101,0.0396039603960396
"2006-06-15","johnson","coal","77004600","nitella.spp",0.0481927710843374,1,4,0.0296296296296296,135,83,101,0.0396039603960396
"2006-06-15","johnson","coal","77004600","nuphar.variegata",0.253012048192771,1.04761904761905,1.7,0.155555555555556,135,83,101,0.207920792079208
"2006-06-15","johnson","coal","77004600","potamogeton.amplifolius",0.385542168674699,1.25,3.1,0.237037037037037,135,83,101,0.316831683168317
"2006-06-15","johnson","coal","77004600","potamogeton.illinoensis",0.108433734939759,1.33333333333333,1.8,0.0666666666666667,135,83,101,0.0891089108910891
"2006-06-15","johnson","coal","77004600","potamogeton.praelongus",0.253012048192771,1.0952380952381,3.4,0.155555555555556,135,83,101,0.207920792079208
"2006-06-15","johnson","coal","77004600","potamogeton.zosterifomis",0.469879518072289,1.07142857142857,5.3,0.311111111111111,135,83,101,0.415841584158416
"2006-06-15","johnson","coal","77004600","utricularia.vulgaris",0.0120481927710843,1,0.8,0.00740740740740741,135,83,101,0.0099009900990099
"2006-06-15","johnson","coal","77004600","bidens.beckii",0.144578313253012,1,2.1,0.0888888888888889,135,83,101,0.118811881188119
"2006-06-15","johnson","coal","77004600","zizania.spp",0.036144578313253,1,0.8,0.0222222222222222,135,83,101,0.0297029702970297
"2006-06-15","johnson","coal","77004600","schoenoplectus.acutus",0.036144578313253,1,1.8,0.0222222222222222,135,83,101,0.0297029702970297
"2006-06-15","johnson","coal","77004600","potamogeton.robbinsii",0.795180722891566,2.27536231884058,6.1,0.511111111111111,135,83,101,0.663366336633663
"2006-06-15","johnson","coal","77004600","fontinalis.antipyretica",0.0602409638554217,1,4.4,0.037037037037037,135,83,101,0.0495049504950495
"2006-06-15","johnson","coal","77004600","equisetum.fluviatile",0.0240963855421687,1,1.7,0.0148148148148148,135,83,101,0.0198019801980198
"2006-06-16","johnson","crookneck","49013300","ceratophyllum.demersum",0.789473684210526,2.26811594202899,6.5,0.704081632653061,196,133,146,0.808219178082192
"2006-06-16","johnson","crookneck","49013300","potamogeton.crispus",0.18796992481203,1.07407407407407,5,0.137755102040816,196,133,146,0.184931506849315
"2006-06-16","johnson","crookneck","49013300","vallisneria.americana",0.18796992481203,1.08,2.2,0.127551020408163,196,133,146,0.171232876712329
"2006-06-16","johnson","crookneck","49013300","elodea.canadensis",0.0601503759398496,1,3,0.0408163265306122,196,133,146,0.0547945205479452
"2006-06-16","johnson","crookneck","49013300","nymphaea.odorata",0.0526315789473684,1,1.9,0.0357142857142857,196,133,146,0.0479452054794521
"2006-06-16","johnson","crookneck","49013300","chara.spp",0.0977443609022556,1.15384615384615,2.2,0.0663265306122449,196,133,146,0.089041095890411
"2006-06-16","johnson","crookneck","49013300","lemna.trisulca",0.43609022556391,1.03076923076923,6.4,0.331632653061224,196,133,146,0.424657534246575
"2006-06-16","johnson","crookneck","49013300","ranunculus.aquatilis",0.0075187969924812,1,2.5,0.00510204081632653,196,133,146,0.00684931506849315
"2006-06-16","johnson","crookneck","49013300","myriophyllum.sibiricum",0.037593984962406,1,3,0.0255102040816327,196,133,146,0.0342465753424658
"2006-06-16","johnson","crookneck","49013300","heteranthera.dubia",0.0225563909774436,1,1.9,0.0153061224489796,196,133,146,0.0205479452054795
"2006-06-16","johnson","crookneck","49013300","eleocharis.acicularis",0.0150375939849624,1,1,0.0102040816326531,196,133,146,0.0136986301369863
"2006-06-16","johnson","crookneck","49013300","nuphar.variegata",0.037593984962406,1,2.4,0.0255102040816327,196,133,146,0.0342465753424658
"2006-06-16","johnson","crookneck","49013300","potamogeton.amplifolius",0.0075187969924812,1,2.1,0.00510204081632653,196,133,146,0.00684931506849315
"2006-06-16","johnson","crookneck","49013300","potamogeton.illinoensis",0.112781954887218,1,2.6,0.076530612244898,196,133,146,0.102739726027397
"2006-06-16","johnson","crookneck","49013300","potamogeton.praelongus",0.037593984962406,1,2.4,0.0255102040816327,196,133,146,0.0342465753424658
"2006-06-16","johnson","crookneck","49013300","najas.guadalupensis",0.827067669172932,2.16806722689076,6.4,0.607142857142857,196,133,146,0.787671232876712
"2006-06-20","johnson","lowermission","18024300","ceratophyllum.demersum",0.746268656716418,1.55029585798817,6.4,0.662745098039216,255,201,115,0.71304347826087
"2006-06-20","johnson","lowermission","18024300","potamogeton.crispus",0.283582089552239,1,4.3,0.223529411764706,255,201,115,0.121739130434783
"2006-06-20","johnson","lowermission","18024300","najas.flexilis",0.0398009950248756,1,2.7,0.0313725490196078,255,201,115,0.0608695652173913
"2006-06-20","johnson","lowermission","18024300","vallisneria.americana",0.0199004975124378,1,1,0.0156862745098039,255,201,115,0.0347826086956522
"2006-06-20","johnson","lowermission","18024300","brasenia.schreberi",0.00497512437810945,1,0.7,0.00392156862745098,255,201,115,0.00869565217391304
"2006-06-20","johnson","lowermission","18024300","potamogeton.richardsonii",0.00995024875621891,1,0.5,0.00784313725490196,255,201,115,0.0173913043478261
"2006-06-20","johnson","lowermission","18024300","spirodela.polyrhiza",0.00995024875621891,1,0.6,0.00784313725490196,255,201,115,0.0173913043478261
"2006-06-20","johnson","lowermission","18024300","elodea.canadensis",0.393034825870647,1.03703703703704,4.7,0.317647058823529,255,201,115,0.452173913043478
"2006-06-20","johnson","lowermission","18024300","nymphaea.odorata",0.189054726368159,1.15789473684211,1.5,0.149019607843137,255,201,115,0.330434782608696
"2006-06-20","johnson","lowermission","18024300","chara.spp",0.293532338308458,1.72881355932203,3.6,0.231372549019608,255,201,115,0.478260869565217
"2006-06-20","johnson","lowermission","18024300","stuckenia.pectinata",0.0149253731343284,1,2,0.0117647058823529,255,201,115,0.0260869565217391
"2006-06-20","johnson","lowermission","18024300","lemna.minor",0.00497512437810945,1,0.4,0.00392156862745098,255,201,115,0.00869565217391304
"2006-06-20","johnson","lowermission","18024300","lemna.trisulca",0.716417910447761,1.05,7,0.627450980392157,255,201,115,0.756521739130435
"2006-06-20","johnson","lowermission","18024300","ranunculus.aquatilis",0.0149253731343284,1,0.6,0.0117647058823529,255,201,115,0.0260869565217391
"2006-06-20","johnson","lowermission","18024300","myriophyllum.sibiricum",0.0646766169154229,1.14285714285714,4.6,0.0549019607843137,255,201,115,0.0956521739130435
"2006-06-20","johnson","lowermission","18024300","heteranthera.dubia",0.0597014925373134,1,5.1,0.0509803921568627,255,201,115,0.0869565217391304
"2006-06-20","johnson","lowermission","18024300","typha.spp",0.00497512437810945,1,0.7,0.00392156862745098,255,201,115,0.00869565217391304
"2006-06-20","johnson","lowermission","18024300","nitella.spp",0.054726368159204,1.27272727272727,3.5,0.0431372549019608,255,201,115,0.0260869565217391
"2006-06-20","johnson","lowermission","18024300","eleocharis.acicularis",0.00995024875621891,1,0.7,0.00784313725490196,255,201,115,0.0173913043478261
"2006-06-20","johnson","lowermission","18024300","nuphar.variegata",0.238805970149254,1,4,0.188235294117647,255,201,115,0.391304347826087
"2006-06-20","johnson","lowermission","18024300","potamogeton.praelongus",0.0497512437810945,1,3,0.0392156862745098,255,201,115,0.0782608695652174
"2006-06-20","johnson","lowermission","18024300","potamogeton.zosterifomis",0.00497512437810945,1,0.8,0.00392156862745098,255,201,115,0.00869565217391304
"2006-06-20","johnson","lowermission","18024300","utricularia.vulgaris",0.0597014925373134,1.08333333333333,4.2,0.0470588235294118,255,201,115,0.0956521739130435
"2006-06-20","johnson","lowermission","18024300","zizania.spp",0.154228855721393,1.16129032258065,1.5,0.12156862745098,255,201,115,0.269565217391304
"2006-06-20","johnson","lowermission","18024300","schoenoplectus.acutus",0.199004975124378,1.025,1.9,0.156862745098039,255,201,115,0.347826086956522
"2006-06-20","johnson","lowermission","18024300","potamogeton.narrow",0.00497512437810945,1,1.1,0.00392156862745098,255,201,115,0.00869565217391304
"2006-06-20","johnson","lowermission","18024300","equisetum.fluviatile",0.00497512437810945,1,0.5,0.00392156862745098,255,201,115,0.00869565217391304
"2006-08-01","johnson","weaver","27011700","ceratophyllum.demersum",0.324324324324324,1.51282051282051,5.6,0.312,125,111,117,0.324786324786325
"2006-08-01","johnson","weaver","27011700","potamogeton.crispus",0.126126126126126,1,4.4,0.112,125,111,117,0.11965811965812
"2006-08-01","johnson","weaver","27011700","vallisneria.americana",0.243243243243243,2.25925925925926,1.6,0.216,125,111,117,0.230769230769231
"2006-08-01","johnson","weaver","27011700","nymphaea.odorata",0.126126126126126,1,1.2,0.112,125,111,117,0.11965811965812
"2006-08-01","johnson","weaver","27011700","chara.spp",0.045045045045045,1.2,1.6,0.04,125,111,117,0.0427350427350427
"2006-08-01","johnson","weaver","27011700","stuckenia.pectinata",0.189189189189189,1.04761904761905,1.6,0.168,125,111,117,0.179487179487179
"2006-08-01","johnson","weaver","27011700","lemna.minor",0.036036036036036,1,1.5,0.032,125,111,117,0.0341880341880342
"2006-08-01","johnson","weaver","27011700","lemna.trisulca",0.279279279279279,1,4.4,0.248,125,111,117,0.264957264957265
"2006-08-01","johnson","weaver","27011700","potamogeton.pusillus",0.00900900900900901,1,0.3,0.008,125,111,117,0.00854700854700855
"2006-08-01","johnson","weaver","27011700","heteranthera.dubia",0.198198198198198,1.08695652173913,5.1,0.184,125,111,117,0.196581196581197
"2006-08-01","johnson","weaver","27011700","zannichellia.palustris",0.0720720720720721,1,1.1,0.064,125,111,117,0.0683760683760684
"2006-08-01","johnson","weaver","27011700","nuphar.variegata",0.0540540540540541,1,1.4,0.048,125,111,117,0.0512820512820513
"2006-08-01","johnson","weaver","27011700","sagittaria.graminea",0.00900900900900901,2,0.4,0.008,125,111,117,0.00854700854700855
"2006-08-01","johnson","weaver","27011700","potamogeton.zosterifomis",0.135135135135135,1,1.6,0.12,125,111,117,0.128205128205128
"2006-08-01","johnson","weaver","27011700","fontinalis.antipyretica",0.027027027027027,1,1.7,0.024,125,111,117,0.0256410256410256
"2006-08-02","johnson","fish","70006900","ceratophyllum.demersum",0.7734375,2.5,5.6,0.588888888888889,180,128,91,0.879120879120879
"2006-08-02","johnson","fish","70006900","potamogeton.crispus",0.0703125,1,2.9,0.05,180,128,91,0.0989010989010989
"2006-08-02","johnson","fish","70006900","najas.flexilis",0.046875,1.16666666666667,1.2,0.0333333333333333,180,128,91,0.0659340659340659
"2006-08-02","johnson","fish","70006900","vallisneria.americana",0.171875,1.59090909090909,1.8,0.122222222222222,180,128,91,0.241758241758242
"2006-08-02","johnson","fish","70006900","spirodela.polyrhiza",0.03125,1,0.9,0.0222222222222222,180,128,91,0.043956043956044
"2006-08-02","johnson","fish","70006900","nymphaea.odorata",0.078125,1,1.8,0.0555555555555556,180,128,91,0.10989010989011
"2006-08-02","johnson","fish","70006900","chara.spp",0.03125,1,1.6,0.0222222222222222,180,128,91,0.043956043956044
"2006-08-02","johnson","fish","70006900","stuckenia.pectinata",0.125,1.125,1.5,0.0888888888888889,180,128,91,0.175824175824176
"2006-08-02","johnson","fish","70006900","myriophyllum.sibiricum",0.109375,1.14285714285714,1.8,0.0777777777777778,180,128,91,0.153846153846154
"2006-08-02","johnson","fish","70006900","heteranthera.dubia",0.0390625,1.4,1.1,0.0277777777777778,180,128,91,0.054945054945055
"2006-08-02","johnson","fish","70006900","zannichellia.palustris",0.015625,1,1.1,0.0111111111111111,180,128,91,0.021978021978022
"2006-08-02","johnson","fish","70006900","nuphar.variegata",0.0703125,1,1.2,0.05,180,128,91,0.0989010989010989
"2006-08-02","johnson","fish","70006900","potamogeton.nodosus",0.0078125,1,0.8,0.00555555555555556,180,128,91,0.010989010989011
"2006-08-02","johnson","fish","70006900","schoenoplectus.acutus",0.0078125,1,0.6,0.00555555555555556,180,128,91,0.010989010989011
"2006-08-02","johnson","fish","70006900","potamogeton.narrow",0.0078125,1,1.1,0.00555555555555556,180,128,91,0.010989010989011
"2006-08-04","johnson","rebecca","27019200","ceratophyllum.demersum",0.360544217687075,2.15094339622642,4.2,0.291208791208791,182,147,115,0.443478260869565
"2006-08-04","johnson","rebecca","27019200","potamogeton.crispus",0.115646258503401,1,4.6,0.0989010989010989,182,147,115,0.147826086956522
"2006-08-04","johnson","rebecca","27019200","myriophyllum.spicatum",0.476190476190476,2.37142857142857,3.3,0.384615384615385,182,147,115,0.608695652173913
"2006-08-04","johnson","rebecca","27019200","spirodela.polyrhiza",0.0204081632653061,1,1.2,0.0164835164835165,182,147,115,0.0260869565217391
"2006-08-04","johnson","rebecca","27019200","nymphaea.odorata",0.122448979591837,1,1.4,0.0989010989010989,182,147,115,0.156521739130435
"2006-08-04","johnson","rebecca","27019200","stuckenia.pectinata",0.0476190476190476,1,1.1,0.0384615384615385,182,147,115,0.0608695652173913
"2006-08-04","johnson","rebecca","27019200","wolffia.columbiana",0.0136054421768707,1,1.2,0.010989010989011,182,147,115,0.0173913043478261
"2006-08-04","johnson","rebecca","27019200","nuphar.variegata",0.0340136054421769,1,1.6,0.0274725274725275,182,147,115,0.0434782608695652
"2006-08-08","johnson","coal","77004600","ceratophyllum.demersum",0.523255813953488,1.38297872340426,5.9,0.398305084745763,118,86,111,0.423423423423423
"2006-08-08","johnson","coal","77004600","potamogeton.crispus",0.22093023255814,1.04761904761905,5.1,0.177966101694915,118,86,111,0.189189189189189
"2006-08-08","johnson","coal","77004600","potamogeton.foliosus",0.13953488372093,1.25,1.7,0.101694915254237,118,86,111,0.108108108108108
"2006-08-08","johnson","coal","77004600","najas.flexilis",0.0581395348837209,1,0.8,0.0423728813559322,118,86,111,0.045045045045045
"2006-08-08","johnson","coal","77004600","vallisneria.americana",0.0116279069767442,1,1.1,0.00847457627118644,118,86,111,0.00900900900900901
"2006-08-08","johnson","coal","77004600","brasenia.schreberi",0.127906976744186,1.18181818181818,1.3,0.0932203389830508,118,86,111,0.0990990990990991
"2006-08-08","johnson","coal","77004600","potamogeton.richardsonii",0.0116279069767442,1,0.9,0.00847457627118644,118,86,111,0.00900900900900901
"2006-08-08","johnson","coal","77004600","elodea.canadensis",0.337209302325581,1.17241379310345,3.8,0.245762711864407,118,86,111,0.261261261261261
"2006-08-08","johnson","coal","77004600","nymphaea.odorata",0.27906976744186,1,1.4,0.203389830508475,118,86,111,0.216216216216216
"2006-08-08","johnson","coal","77004600","chara.spp",0.0465116279069767,1,1.2,0.0338983050847458,118,86,111,0.036036036036036
"2006-08-08","johnson","coal","77004600","lemna.trisulca",0.0348837209302326,1,4.8,0.0338983050847458,118,86,111,0.036036036036036
"2006-08-08","johnson","coal","77004600","myriophyllum.sibiricum",0.197674418604651,1.23529411764706,1.9,0.144067796610169,118,86,111,0.153153153153153
"2006-08-08","johnson","coal","77004600","heteranthera.dubia",0.0930232558139535,1,1.9,0.0677966101694915,118,86,111,0.0720720720720721
"2006-08-08","johnson","coal","77004600","eleocharis.acicularis",0.0116279069767442,1,0.5,0.00847457627118644,118,86,111,0.00900900900900901
"2006-08-08","johnson","coal","77004600","nuphar.variegata",0.209302325581395,1,1.6,0.152542372881356,118,86,111,0.162162162162162
"2006-08-08","johnson","coal","77004600","sagittaria.graminea",0.0116279069767442,1,1.9,0.00847457627118644,118,86,111,0.00900900900900901
"2006-08-08","johnson","coal","77004600","potamogeton.amplifolius",0.372093023255814,1.625,2.9,0.271186440677966,118,86,111,0.288288288288288
"2006-08-08","johnson","coal","77004600","potamogeton.illinoensis",0.27906976744186,1.54166666666667,1.7,0.203389830508475,118,86,111,0.216216216216216
"2006-08-08","johnson","coal","77004600","potamogeton.praelongus",0.22093023255814,1.42105263157895,2.8,0.161016949152542,118,86,111,0.171171171171171
"2006-08-08","johnson","coal","77004600","potamogeton.zosterifomis",0.511627906976744,1.15555555555556,4.8,0.38135593220339,118,86,111,0.405405405405405
"2006-08-08","johnson","coal","77004600","utricularia.vulgaris",0.0348837209302326,1,1.1,0.0254237288135593,118,86,111,0.027027027027027
"2006-08-08","johnson","coal","77004600","bidens.beckii",0.186046511627907,1,1.2,0.135593220338983,118,86,111,0.144144144144144
"2006-08-08","johnson","coal","77004600","zizania.spp",0.0465116279069767,1,0.8,0.0338983050847458,118,86,111,0.036036036036036
"2006-08-08","johnson","coal","77004600","schoenoplectus.acutus",0.0232558139534884,1,1.9,0.0169491525423729,118,86,111,0.018018018018018
"2006-08-08","johnson","coal","77004600","potamogeton.robbinsii",0.732558139534884,2.52238805970149,6.3,0.567796610169492,118,86,111,0.585585585585586
"2006-08-08","johnson","coal","77004600","fontinalis.antipyretica",0.0348837209302326,1,5.3,0.0338983050847458,118,86,111,0.036036036036036
"2006-08-08","johnson","coal","77004600","equisetum.fluviatile",0.0232558139534884,1,1.1,0.0169491525423729,118,86,111,0.018018018018018
"2006-08-08","johnson","coal","77004600","potamogeton.gramineus",0.0116279069767442,1,0.9,0.00847457627118644,118,86,111,0.00900900900900901
"2006-08-08","johnson","coal","77004600","potamogeton.strictifolius",0.0116279069767442,1,1.1,0.00847457627118644,118,86,111,0.00900900900900901
"2006-08-08","johnson","coal","77004600","sparganium.eurycarpum",0.0348837209302326,1,0.7,0.0254237288135593,118,86,111,0.027027027027027
"2006-08-09","johnson","lowermission","18024300","ceratophyllum.demersum",0.829145728643216,1.75141242937853,5.8,0.722448979591837,245,199,112,0.919642857142857
"2006-08-09","johnson","lowermission","18024300","potamogeton.crispus",0.0703517587939698,1,4.2,0.0571428571428571,245,199,112,0.0535714285714286
"2006-08-09","johnson","lowermission","18024300","najas.flexilis",0.0804020100502513,1,2.9,0.0653061224489796,245,199,112,0.133928571428571
"2006-08-09","johnson","lowermission","18024300","vallisneria.americana",0.0351758793969849,1.28571428571429,1.2,0.0285714285714286,245,199,112,0.0625
"2006-08-09","johnson","lowermission","18024300","potamogeton.richardsonii",0.0100502512562814,1,1.3,0.00816326530612245,245,199,112,0.0178571428571429
"2006-08-09","johnson","lowermission","18024300","elodea.canadensis",0.185929648241206,1.15384615384615,5.6,0.159183673469388,245,199,112,0.303571428571429
"2006-08-09","johnson","lowermission","18024300","nymphaea.odorata",0.165829145728643,1,1.9,0.13469387755102,245,199,112,0.294642857142857
"2006-08-09","johnson","lowermission","18024300","chara.spp",0.291457286432161,1.58620689655172,3.3,0.236734693877551,245,199,112,0.446428571428571
"2006-08-09","johnson","lowermission","18024300","stuckenia.pectinata",0.0452261306532663,1,2,0.036734693877551,245,199,112,0.0803571428571429
"2006-08-09","johnson","lowermission","18024300","lemna.trisulca",0.608040201005025,1.2,5.7,0.510204081632653,245,199,112,0.705357142857143
"2006-08-09","johnson","lowermission","18024300","ranunculus.aquatilis",0.0100502512562814,1,1.2,0.00816326530612245,245,199,112,0.0178571428571429
"2006-08-09","johnson","lowermission","18024300","myriophyllum.sibiricum",0.0402010050251256,1,4.9,0.036734693877551,245,199,112,0.0714285714285714
"2006-08-09","johnson","lowermission","18024300","heteranthera.dubia",0.0954773869346734,1,1.2,0.0775510204081633,245,199,112,0.169642857142857
"2006-08-09","johnson","lowermission","18024300","typha.spp",0.0050251256281407,1,0.5,0.00408163265306122,245,199,112,0.00892857142857143
"2006-08-09","johnson","lowermission","18024300","nitella.spp",0.0050251256281407,1,1.9,0.00408163265306122,245,199,112,0.00892857142857143
"2006-08-09","johnson","lowermission","18024300","eleocharis.acicularis",0.0251256281407035,1,0.5,0.0204081632653061,245,199,112,0.0446428571428571
"2006-08-09","johnson","lowermission","18024300","nuphar.variegata",0.261306532663317,1,3.1,0.212244897959184,245,199,112,0.446428571428571
"2006-08-09","johnson","lowermission","18024300","potamogeton.praelongus",0.0603015075376884,1.08333333333333,2.9,0.0489795918367347,245,199,112,0.0982142857142857
"2006-08-09","johnson","lowermission","18024300","potamogeton.zosterifomis",0.0100502512562814,1,1.4,0.00816326530612245,245,199,112,0.0178571428571429
"2006-08-09","johnson","lowermission","18024300","utricularia.vulgaris",0.0452261306532663,1,2.1,0.036734693877551,245,199,112,0.0803571428571429
"2006-08-09","johnson","lowermission","18024300","zizania.spp",0.115577889447236,1,1.1,0.0938775510204082,245,199,112,0.205357142857143
"2006-08-09","johnson","lowermission","18024300","schoenoplectus.acutus",0.206030150753769,1,1.5,0.16734693877551,245,199,112,0.366071428571429
"2006-08-09","johnson","lowermission","18024300","fontinalis.antipyretica",0.0251256281407035,1,4.1,0.0204081632653061,245,199,112,0.0357142857142857
"2006-08-09","johnson","lowermission","18024300","potamogeton.narrow",0.0150753768844221,1,2.3,0.0122448979591837,245,199,112,0.0267857142857143
"2006-08-09","johnson","lowermission","18024300","phragmites.australis",0.0150753768844221,1,0.9,0.0122448979591837,245,199,112,0.0267857142857143
"2006-08-09","johnson","lowermission","18024300","sparganium.eurycarpum",0.0050251256281407,1,0.5,0.00408163265306122,245,199,112,0.00892857142857143
"2006-08-10","johnson","crookneck","49013300","ceratophyllum.demersum",0.781021897810219,2.06060606060606,6.1,0.673469387755102,196,137,156,0.769230769230769
"2006-08-10","johnson","crookneck","49013300","potamogeton.crispus",0.072992700729927,1,4.5,0.0510204081632653,196,137,156,0.0641025641025641
"2006-08-10","johnson","crookneck","49013300","najas.flexilis",0.0291970802919708,1,0.9,0.0204081632653061,196,137,156,0.0256410256410256
"2006-08-10","johnson","crookneck","49013300","vallisneria.americana",0.226277372262774,1.2258064516129,2.6,0.158163265306122,196,137,156,0.198717948717949
"2006-08-10","johnson","crookneck","49013300","elodea.canadensis",0.0291970802919708,1,2.5,0.0204081632653061,196,137,156,0.0256410256410256
"2006-08-10","johnson","crookneck","49013300","nymphaea.odorata",0.131386861313869,1,4.5,0.0918367346938776,196,137,156,0.115384615384615
"2006-08-10","johnson","crookneck","49013300","chara.spp",0.0948905109489051,1.15384615384615,1.7,0.0663265306122449,196,137,156,0.0833333333333333
"2006-08-10","johnson","crookneck","49013300","lemna.trisulca",0.211678832116788,1.06896551724138,4.5,0.147959183673469,196,137,156,0.185897435897436
"2006-08-10","johnson","crookneck","49013300","myriophyllum.sibiricum",0.0291970802919708,1,1.5,0.0204081632653061,196,137,156,0.0256410256410256
"2006-08-10","johnson","crookneck","49013300","heteranthera.dubia",0.0218978102189781,1,1,0.0153061224489796,196,137,156,0.0192307692307692
"2006-08-10","johnson","crookneck","49013300","eleocharis.acicularis",0.0364963503649635,1,0.7,0.0255102040816327,196,137,156,0.032051282051282
"2006-08-10","johnson","crookneck","49013300","nuphar.variegata",0.0510948905109489,1,2.2,0.0357142857142857,196,137,156,0.0448717948717949
"2006-08-10","johnson","crookneck","49013300","sagittaria.graminea",0.0583941605839416,1,0.8,0.0408163265306122,196,137,156,0.0512820512820513
"2006-08-10","johnson","crookneck","49013300","potamogeton.illinoensis",0.204379562043796,1.07142857142857,3,0.142857142857143,196,137,156,0.179487179487179
"2006-08-10","johnson","crookneck","49013300","potamogeton.praelongus",0.0072992700729927,1,1.7,0.00510204081632653,196,137,156,0.00641025641025641
"2006-08-10","johnson","crookneck","49013300","najas.guadalupensis",0.861313868613139,3.12698412698413,5.5,0.642857142857143,196,137,156,0.794871794871795
"2006-08-10","johnson","crookneck","49013300","fontinalis.antipyretica",0.0072992700729927,1,1.5,0.00510204081632653,196,137,156,0.00641025641025641
"2006-08-13","mccomas","keller","19002500","ceratophyllum.demersum",1,2.80555555555556,2.4384,1,36,36,36,1
"2006-08-13","mccomas","keller","19002500","myriophyllum.spicatum",0.472222222222222,1.11764705882353,2.4384,0.472222222222222,36,36,36,0.472222222222222
"2006-08-13","mccomas","keller","19002500","elodea.spp",0.5,1.33333333333333,2.4384,0.5,36,36,36,0.5
"2006-08-13","mccomas","keller","19002500","potamogeton.narrow",0.0277777777777778,1,2.4384,0.0277777777777778,36,36,36,0.0277777777777778
"2006-08-15","johnson","julia","71014500","ceratophyllum.demersum",0.0660377358490566,1,2.5,0.0660377358490566,106,106,14,0.0714285714285714
"2006-08-15","johnson","julia","71014500","vallisneria.americana",0.0471698113207547,1,1,0.0471698113207547,106,106,14,0.285714285714286
"2006-08-15","johnson","julia","71014500","elodea.canadensis",0.39622641509434,1.80952380952381,3.8,0.39622641509434,106,106,14,0.5
"2006-08-15","johnson","julia","71014500","nymphaea.odorata",0.00943396226415094,1,0.5,0.00943396226415094,106,106,14,0.0714285714285714
"2006-08-15","johnson","julia","71014500","chara.spp",0.132075471698113,1.5,2.7,0.132075471698113,106,106,14,0.571428571428571
"2006-08-15","johnson","julia","71014500","stuckenia.pectinata",0.0188679245283019,1,0.8,0.0188679245283019,106,106,14,0.142857142857143
"2006-08-15","johnson","julia","71014500","heteranthera.dubia",0.0188679245283019,1,1,0.0188679245283019,106,106,14,0.0714285714285714
"2006-08-15","johnson","julia","71014500","zannichellia.palustris",0.0188679245283019,1,1,0.0188679245283019,106,106,14,0.0714285714285714
"2006-08-15","johnson","julia","71014500","eleocharis.acicularis",0.00943396226415094,1,0.4,0.00943396226415094,106,106,14,0.0714285714285714
"2006-08-15","johnson","julia","71014500","potamogeton.illinoensis",0.00943396226415094,1,0.4,0.00943396226415094,106,106,14,0.0714285714285714
"2006-08-15","johnson","julia","71014500","najas.guadalupensis",0.179245283018868,2.15789473684211,2.9,0.179245283018868,106,106,14,0.714285714285714
"2006-08-15","johnson","julia","71014500","potamogeton.narrow",0.00943396226415094,1,0.5,0.00943396226415094,106,106,14,0.0714285714285714
"2006-08-15","johnson","rush","71014700","ceratophyllum.demersum",0.0803571428571429,1.11111111111111,1.4,0.0803571428571429,112,112,12,0.166666666666667
"2006-08-15","johnson","rush","71014700","potamogeton.crispus",0.0357142857142857,1,1.4,0.0357142857142857,112,112,12,0.0833333333333333
"2006-08-15","johnson","rush","71014700","najas.flexilis",0.0535714285714286,1,1.3,0.0535714285714286,112,112,12,0.0833333333333333
"2006-08-15","johnson","rush","71014700","elodea.canadensis",0.160714285714286,1.5,1.8,0.160714285714286,112,112,12,0.333333333333333
"2006-08-15","johnson","rush","71014700","nymphaea.odorata",0.133928571428571,1,2,0.133928571428571,112,112,12,0.5
"2006-08-15","johnson","rush","71014700","stuckenia.pectinata",0.0357142857142857,1,1.2,0.0357142857142857,112,112,12,0.0833333333333333
"2006-08-15","johnson","rush","71014700","lemna.minor",0.00892857142857143,1,0.7,0.00892857142857143,112,112,12,0.0833333333333333
"2006-08-15","johnson","rush","71014700","heteranthera.dubia",0.0267857142857143,1.33333333333333,0.9,0.0267857142857143,112,112,12,0.166666666666667
"2006-08-18","johnson","vails","73015100","ceratophyllum.demersum",0.361581920903955,2.546875,2.5,0.351648351648352,182,177,58,0.810344827586207
"2006-08-18","johnson","vails","73015100","potamogeton.crispus",0.141242937853107,1.04,1.7,0.137362637362637,182,177,58,0.344827586206897
"2006-08-18","johnson","vails","73015100","potamogeton.richardsonii",0.0790960451977401,1.07142857142857,0.8,0.0769230769230769,182,177,58,0.241379310344828
"2006-08-18","johnson","vails","73015100","elodea.canadensis",0.129943502824859,1.08695652173913,1.1,0.126373626373626,182,177,58,0.379310344827586
"2006-08-18","johnson","vails","73015100","stuckenia.pectinata",0.096045197740113,1.05882352941176,0.7,0.0934065934065934,182,177,58,0.293103448275862
"2006-08-18","johnson","vails","73015100","lemna.minor",0.0338983050847458,1,0.6,0.032967032967033,182,177,58,0.103448275862069
"2006-08-18","johnson","vails","73015100","heteranthera.dubia",0.0734463276836158,1.07692307692308,1.1,0.0714285714285714,182,177,58,0.189655172413793
"2006-09-09","sblood","kohlman","62000600","algae.filamentous",0.186567164179104,2.84,1.70688,0.186567164179104,134,134,132,0.189393939393939
"2006-09-09","sblood","kohlman","62000600","ceratophyllum.demersum",0.783582089552239,2.61904761904762,2.71272,0.783582089552239,134,134,132,0.795454545454545
"2006-09-09","sblood","kohlman","62000600","myriophyllum.spicatum",0.58955223880597,2.13924050632911,2.10312,0.58955223880597,134,134,132,0.598484848484849
"2006-09-09","sblood","kohlman","62000600","spirodela.polyrhiza",0.0447761194029851,1,0.85344,0.0447761194029851,134,134,132,0.0454545454545454
"2006-09-09","sblood","kohlman","62000600","elodea.canadensis",0.00746268656716418,1,0.54864,0.00746268656716418,134,134,132,0.00757575757575758
"2006-09-09","sblood","kohlman","62000600","nymphaea.odorata",0.41044776119403,3.43636363636364,1.46304,0.41044776119403,134,134,132,0.416666666666667
"2006-09-09","sblood","kohlman","62000600","lemna.minor",0.373134328358209,1.5,1.70688,0.373134328358209,134,134,132,0.378787878787879
"2006-09-09","sblood","kohlman","62000600","potamogeton.zosteriformis",0.402985074626866,1.57407407407407,1.85928,0.402985074626866,134,134,132,0.409090909090909
"2006-09-09","sblood","kohlman","62000600","wolffia.columbiana",0.0522388059701493,1.71428571428571,1.46304,0.0522388059701493,134,134,132,0.053030303030303
"2006-09-09","sblood","kohlman","62000600","potamogeton.spp",0.0298507462686567,1.75,0.64008,0.0298507462686567,134,134,132,0.0303030303030303
"2006-09-14","brasch","sarahw","27019101","ceratophyllum.demersum",0.225,1.88888888888889,1.7,0.204545454545455,44,40,27,0.333333333333333
"2006-09-14","brasch","sarahw","27019101","potamogeton.crispus",0.15,1,3.2,0.136363636363636,44,40,27,0.148148148148148
"2006-09-14","brasch","sarahw","27019101","myriophyllum.spicatum",0.25,2.7,1.7,0.227272727272727,44,40,27,0.37037037037037
"2006-09-14","brasch","sarahw","27019101","stuckenia.pectinata",0.025,1,1.2,0.0227272727272727,44,40,27,0.037037037037037
"2006-09-14","brasch","sarahw","27019101","lemna.trisulca",0.025,1,1.7,0.0227272727272727,44,40,27,0.037037037037037
"2006-09-14","brasch","sarahw","27019101","nymphaea.spp",0.05,4,1,0.0454545454545455,44,40,27,0.0740740740740741
"2007-04-23","johnson","weaver","27011700","ceratophyllum.demersum",0.158878504672897,1.5,5.6,0.144,125,107,112,0.151785714285714
"2007-04-23","johnson","weaver","27011700","potamogeton.crispus",0.485981308411215,1.07017543859649,6.6,0.456,125,107,112,0.482142857142857
"2007-04-23","johnson","weaver","27011700","chara.spp",0.0373831775700935,1,1.5,0.032,125,107,112,0.0357142857142857
"2007-04-23","johnson","weaver","27011700","lemna.trisulca",0.0747663551401869,1,2.3,0.064,125,107,112,0.0714285714285714
"2007-04-23","johnson","weaver","27011700","potamogeton.pusillus",0.00934579439252336,1,0.5,0.008,125,107,112,0.00892857142857143
"2007-04-23","johnson","weaver","27011700","heteranthera.dubia",0.0747663551401869,1,1.9,0.064,125,107,112,0.0714285714285714
"2007-04-23","johnson","weaver","27011700","zannichellia.palustris",0.0560747663551402,1,2.9,0.048,125,107,112,0.0535714285714286
"2007-04-23","johnson","weaver","27011700","fontinalis.antipyretica",0.00934579439252336,1,2.1,0.008,125,107,112,0.00892857142857143
"2007-04-24","mccomas","gleason","27009500","algae.filamentous",0.1328125,1.11764705882353,1.8288,0.1328125,128,128,91,0.186813186813187
"2007-04-24","mccomas","gleason","27009500","ceratophyllum.demersum",0.390625,1.7,3.048,0.390625,128,128,91,0.527472527472527
"2007-04-24","mccomas","gleason","27009500","potamogeton.crispus",0.7890625,2.2970297029703,3.9624,0.7890625,128,128,91,0.813186813186813
"2007-04-24","mccomas","gleason","27009500","typha.spp",0.0078125,2,0.9144,0.0078125,128,128,91,0.010989010989011
"2007-04-30","johnson","julia","71014500","potamogeton.crispus",0.471698113207547,1.06,3.6,0.471698113207547,106,106,12,0.0833333333333333
"2007-04-30","johnson","julia","71014500","elodea.canadensis",0.358490566037736,1.52631578947368,3.2,0.358490566037736,106,106,12,0.583333333333333
"2007-04-30","johnson","julia","71014500","chara.spp",0.122641509433962,1,1.5,0.122641509433962,106,106,12,0.416666666666667
"2007-04-30","johnson","julia","71014500","najas.guadalupensis",0.235849056603774,1.28,3.9,0.235849056603774,106,106,12,0.75
"2007-04-30","johnson","rush","71014700","ceratophyllum.demersum",0.0714285714285714,1.25,2.5,0.0714285714285714,112,112,9,0.111111111111111
"2007-04-30","johnson","rush","71014700","elodea.canadensis",0.321428571428571,1.13888888888889,3,0.321428571428571,112,112,9,0.444444444444444
"2007-04-30","johnson","rush","71014700","chara.spp",0.0446428571428571,1,2,0.0446428571428571,112,112,9,0.222222222222222
"2007-04-30","johnson","rush","71014700","heteranthera.dubia",0.00892857142857143,1,0.6,0.00892857142857143,112,112,9,0.111111111111111
"2007-05-01","johnson","fish","70006900","ceratophyllum.demersum",0.721739130434783,2.10714285714286,4.8,0.466666666666667,180,115,84,0.869047619047619
"2007-05-01","johnson","fish","70006900","potamogeton.crispus",0.365217391304348,1.04545454545455,5.7,0.244444444444444,180,115,84,0.44047619047619
"2007-05-01","johnson","fish","70006900","chara.spp",0.0347826086956522,1,2,0.0222222222222222,180,115,84,0.0476190476190476
"2007-05-01","johnson","fish","70006900","myriophyllum.sibiricum",0.139130434782609,1,4.6,0.0944444444444444,180,115,84,0.178571428571429
"2007-05-01","johnson","fish","70006900","heteranthera.dubia",0.0434782608695652,1.4,3.2,0.0277777777777778,180,115,84,0.0476190476190476
"2007-05-08","johnson","crookneck","49013300","ceratophyllum.demersum",0.72992700729927,1.77586206896552,6.2,0.591836734693878,196,137,156,0.692307692307692
"2007-05-08","johnson","crookneck","49013300","potamogeton.crispus",0.343065693430657,1.32203389830508,6.2,0.301020408163265,196,137,156,0.365384615384615
"2007-05-08","johnson","crookneck","49013300","elodea.canadensis",0.0218978102189781,1,1.8,0.0153061224489796,196,137,156,0.0192307692307692
"2007-05-08","johnson","crookneck","49013300","nymphaea.odorata",0.0072992700729927,1,3.4,0.00510204081632653,196,137,156,0.00641025641025641
"2007-05-08","johnson","crookneck","49013300","chara.spp",0.0656934306569343,1.11111111111111,1.7,0.0459183673469388,196,137,156,0.0576923076923077
"2007-05-08","johnson","crookneck","49013300","lemna.trisulca",0.372262773722628,1.05882352941176,4.4,0.260204081632653,196,137,156,0.326923076923077
"2007-05-08","johnson","crookneck","49013300","heteranthera.dubia",0.0656934306569343,1,1.3,0.0459183673469388,196,137,156,0.0576923076923077
"2007-05-08","johnson","crookneck","49013300","zannichellia.palustris",0.0072992700729927,1,1.2,0.00510204081632653,196,137,156,0.00641025641025641
"2007-05-08","johnson","crookneck","49013300","eleocharis.acicularis",0.0291970802919708,1,0.8,0.0204081632653061,196,137,156,0.0256410256410256
"2007-05-08","johnson","crookneck","49013300","nuphar.variegata",0.0364963503649635,1,2,0.0255102040816327,196,137,156,0.032051282051282
"2007-05-08","johnson","crookneck","49013300","potamogeton.illinoensis",0.0145985401459854,1,1.5,0.0102040816326531,196,137,156,0.0128205128205128
"2007-05-08","johnson","crookneck","49013300","potamogeton.praelongus",0.0364963503649635,1,2.8,0.0255102040816327,196,137,156,0.032051282051282
"2007-05-08","johnson","crookneck","49013300","najas.guadalupensis",0.759124087591241,2.86111111111111,5.2,0.551020408163265,196,137,156,0.685897435897436
"2007-05-09","johnson","lowermission","18024300","ceratophyllum.demersum",0.605911330049261,1.24242424242424,6.2,0.517647058823529,255,203,114,0.675438596491228
"2007-05-09","johnson","lowermission","18024300","potamogeton.crispus",0.561576354679803,1.87096774193548,5.5,0.486274509803922,255,203,114,0.298245614035088
"2007-05-09","johnson","lowermission","18024300","elodea.canadensis",0.157635467980296,1,4.5,0.125490196078431,255,203,114,0.201754385964912
"2007-05-09","johnson","lowermission","18024300","nymphaea.odorata",0.0344827586206897,1,1.1,0.0274509803921569,255,203,114,0.0614035087719298
"2007-05-09","johnson","lowermission","18024300","chara.spp",0.118226600985222,1.16666666666667,4.2,0.0941176470588235,255,203,114,0.201754385964912
"2007-05-09","johnson","lowermission","18024300","stuckenia.pectinata",0.00492610837438424,1,1.4,0.00392156862745098,255,203,114,0.0087719298245614
"2007-05-09","johnson","lowermission","18024300","lemna.trisulca",0.522167487684729,1.03305785123967,5.7,0.474509803921569,255,203,114,0.62280701754386
"2007-05-09","johnson","lowermission","18024300","myriophyllum.sibiricum",0.00985221674876847,1,3.8,0.00784313725490196,255,203,114,0.0087719298245614
"2007-05-09","johnson","lowermission","18024300","heteranthera.dubia",0.083743842364532,1,1.4,0.0666666666666667,255,203,114,0.149122807017544
"2007-05-09","johnson","lowermission","18024300","nitella.spp",0.0640394088669951,1.07142857142857,4.9,0.0549019607843137,255,203,114,0.0964912280701754
"2007-05-09","johnson","lowermission","18024300","eleocharis.acicularis",0.0147783251231527,1,0.8,0.0117647058823529,255,203,114,0.0263157894736842
"2007-05-09","johnson","lowermission","18024300","nuphar.variegata",0.123152709359606,1,2.9,0.0980392156862745,255,203,114,0.201754385964912
"2007-05-09","johnson","lowermission","18024300","potamogeton.praelongus",0.0443349753694581,1,2.1,0.0352941176470588,255,203,114,0.0789473684210526
"2007-05-09","johnson","lowermission","18024300","utricularia.vulgaris",0.0344827586206897,1.28571428571429,2.1,0.0274509803921569,255,203,114,0.0614035087719298
"2007-05-09","johnson","lowermission","18024300","zizania.spp",0.12807881773399,1,3,0.101960784313725,255,203,114,0.219298245614035
"2007-05-09","johnson","lowermission","18024300","schoenoplectus.acutus",0.00492610837438424,1,1.3,0.00392156862745098,255,203,114,0.0087719298245614
"2007-05-09","johnson","lowermission","18024300","fontinalis.antipyretica",0.0246305418719212,1,3.2,0.0196078431372549,255,203,114,0.0350877192982456
"2007-05-09","johnson","lowermission","18024300","potamogeton.narrow",0.00492610837438424,1,0.5,0.00392156862745098,255,203,114,0.0087719298245614
"2007-05-11","johnson","rebecca","27019200","ceratophyllum.demersum",0.191489361702128,1.75,5.7,0.144329896907216,194,141,113,0.238938053097345
"2007-05-11","johnson","rebecca","27019200","potamogeton.crispus",0.957446808510638,2.31847133757962,6.7,0.809278350515464,194,141,113,0.955752212389381
"2007-05-11","johnson","rebecca","27019200","myriophyllum.spicatum",0.361702127659574,1.35185185185185,6.1,0.278350515463918,194,141,113,0.442477876106195
"2007-05-11","johnson","rebecca","27019200","nymphaea.odorata",0.0212765957446809,1,1.7,0.0154639175257732,194,141,113,0.0265486725663717
"2007-05-11","johnson","rebecca","27019200","nuphar.variegata",0.00709219858156028,1,1.7,0.00515463917525773,194,141,113,0.00884955752212389
"2007-05-15","johnson","coal","77004600","ceratophyllum.demersum",0.282051282051282,1.04347826086957,4.8,0.194915254237288,118,78,100,0.23
"2007-05-15","johnson","coal","77004600","potamogeton.crispus",0.461538461538462,1.90196078431373,6.5,0.432203389830508,118,78,100,0.46
"2007-05-15","johnson","coal","77004600","elodea.canadensis",0.115384615384615,1.11111111111111,2.4,0.076271186440678,118,78,100,0.09
"2007-05-15","johnson","coal","77004600","nymphaea.odorata",0.0384615384615385,1,0.9,0.0254237288135593,118,78,100,0.03
"2007-05-15","johnson","coal","77004600","lemna.trisulca",0.0256410256410256,1,1.1,0.0169491525423729,118,78,100,0.02
"2007-05-15","johnson","coal","77004600","myriophyllum.sibiricum",0.0897435897435897,1,2.9,0.0593220338983051,118,78,100,0.07
"2007-05-15","johnson","coal","77004600","heteranthera.dubia",0.0128205128205128,1,1.1,0.00847457627118644,118,78,100,0.01
"2007-05-15","johnson","coal","77004600","nuphar.variegata",0.0512820512820513,1,1.2,0.0338983050847458,118,78,100,0.04
"2007-05-15","johnson","coal","77004600","potamogeton.amplifolius",0.166666666666667,1.07692307692308,3,0.110169491525424,118,78,100,0.13
"2007-05-15","johnson","coal","77004600","potamogeton.illinoensis",0.0641025641025641,1,3.9,0.0423728813559322,118,78,100,0.05
"2007-05-15","johnson","coal","77004600","potamogeton.praelongus",0.205128205128205,1.0625,2.4,0.135593220338983,118,78,100,0.16
"2007-05-15","johnson","coal","77004600","potamogeton.zosterifomis",0.179487179487179,1,6.3,0.144067796610169,118,78,100,0.16
"2007-05-15","johnson","coal","77004600","utricularia.vulgaris",0.0384615384615385,1,2.6,0.0254237288135593,118,78,100,0.03
"2007-05-15","johnson","coal","77004600","bidens.beckii",0.0256410256410256,1,1.5,0.0169491525423729,118,78,100,0.02
"2007-05-15","johnson","coal","77004600","zizania.spp",0.0128205128205128,1,0.8,0.00847457627118644,118,78,100,0.01
"2007-05-15","johnson","coal","77004600","potamogeton.robbinsii",0.756410256410256,2.64516129032258,5.7,0.525423728813559,118,78,100,0.62
"2007-05-16","johnson","vails","73015100","ceratophyllum.demersum",0.152542372881356,1.14814814814815,4.4,0.147540983606557,183,177,57,0.385964912280702
"2007-05-16","johnson","vails","73015100","potamogeton.crispus",0.446327683615819,3.24050632911392,4.5,0.431693989071038,183,177,57,0.701754385964912
"2007-05-16","johnson","vails","73015100","stuckenia.pectinata",0.0677966101694915,1,0.7,0.0655737704918033,183,177,57,0.210526315789474
"2007-05-16","johnson","vails","73015100","zannichellia.palustris",0.0112994350282486,1,0.6,0.0109289617486339,183,177,57,0.0350877192982456
"2007-05-28","mccomas","keller","19002500","algae.filamentous",0.184210526315789,2,1.524,0.184210526315789,38,38,38,0.184210526315789
"2007-05-28","mccomas","keller","19002500","ceratophyllum.demersum",0.526315789473684,2.1,2.5908,0.526315789473684,38,38,38,0.526315789473684
"2007-05-28","mccomas","keller","19002500","potamogeton.crispus",1,3.94736842105263,2.5908,1,38,38,38,1
"2007-05-28","mccomas","keller","19002500","myriophyllum.spicatum",0.710526315789474,1.92592592592593,2.4384,0.710526315789474,38,38,38,0.710526315789474
"2007-05-28","mccomas","keller","19002500","elodea.spp",0.0263157894736842,1,2.1336,0.0263157894736842,38,38,38,0.0263157894736842
"2007-06-04","johnson","rebecca","27019200","ceratophyllum.demersum",0.281879194630872,1.61904761904762,4.2,0.217616580310881,193,149,117,0.35042735042735
"2007-06-04","johnson","rebecca","27019200","potamogeton.crispus",0.76510067114094,3.01754385964912,4.4,0.590673575129534,193,149,117,0.905982905982906
"2007-06-04","johnson","rebecca","27019200","myriophyllum.spicatum",0.308724832214765,1.91304347826087,4.4,0.238341968911917,193,149,117,0.376068376068376
"2007-06-04","johnson","rebecca","27019200","spirodela.polyrhiza",0.0268456375838926,1,1.7,0.0207253886010363,193,149,117,0.0341880341880342
"2007-06-04","johnson","rebecca","27019200","nymphaea.odorata",0.0536912751677852,1,1.3,0.0414507772020725,193,149,117,0.0683760683760684
"2007-06-04","johnson","rebecca","27019200","stuckenia.pectinata",0.00671140939597315,1,1,0.00518134715025907,193,149,117,0.00854700854700855
"2007-06-04","johnson","rebecca","27019200","lemna.trisulca",0.0335570469798658,1,1.7,0.0259067357512953,193,149,117,0.0427350427350427
"2007-06-04","johnson","rebecca","27019200","potamogeton.pusillus",0.00671140939597315,1,0.8,0.00518134715025907,193,149,117,0.00854700854700855
"2007-06-04","johnson","rebecca","27019200","wolffia.columbiana",0.0335570469798658,1,1.6,0.0259067357512953,193,149,117,0.0427350427350427
"2007-06-04","johnson","rebecca","27019200","zannichellia.palustris",0.0134228187919463,1,1.3,0.0103626943005181,193,149,117,0.0170940170940171
"2007-06-04","johnson","rebecca","27019200","nuphar.variegata",0.0134228187919463,1,1.6,0.0103626943005181,193,149,117,0.0170940170940171
"2007-06-05","johnson","vails","73015100","ceratophyllum.demersum",0.196531791907514,1.20588235294118,1.4,0.185792349726776,183,173,52,0.557692307692308
"2007-06-05","johnson","vails","73015100","potamogeton.crispus",0.416184971098266,3.15277777777778,2.1,0.39344262295082,183,173,52,0.730769230769231
"2007-06-05","johnson","vails","73015100","potamogeton.richardsonii",0.0115606936416185,1,0.5,0.0109289617486339,183,173,52,0.0384615384615385
"2007-06-05","johnson","vails","73015100","stuckenia.pectinata",0.0520231213872832,1,0.7,0.0491803278688525,183,173,52,0.173076923076923
"2007-06-05","johnson","vails","73015100","lemna.minor",0.104046242774566,1,1.2,0.0983606557377049,183,173,52,0.269230769230769
"2007-06-05","johnson","vails","73015100","ranunculus.aquatilis",0.00578034682080925,1,0.6,0.00546448087431694,183,173,52,0.0192307692307692
"2007-06-05","johnson","vails","73015100","potamogeton.pusillus",0.0289017341040462,1,0.6,0.0273224043715847,183,173,52,0.0961538461538462
"2007-06-05","johnson","vails","73015100","heteranthera.dubia",0.00578034682080925,1,0.2,0.00546448087431694,183,173,52,0.0192307692307692
"2007-06-05","johnson","vails","73015100","zannichellia.palustris",0.0346820809248555,1,0.7,0.0327868852459016,183,173,52,0.115384615384615
"2007-06-06","mccomas","gleason","27009500","algae.filamentous",0.551282051282051,1.95348837209302,2.4384,0.551282051282051,78,78,77,0.558441558441558
"2007-06-06","mccomas","gleason","27009500","ceratophyllum.demersum",0.41025641025641,1.4375,2.1336,0.41025641025641,78,78,77,0.415584415584416
"2007-06-06","mccomas","gleason","27009500","potamogeton.crispus",0.0128205128205128,3,1.524,0.0128205128205128,78,78,77,0.012987012987013
"2007-06-06","mccomas","gleason","27009500","nymphaea.odorata",0.474358974358974,2.32432432432432,2.1336,0.474358974358974,78,78,77,0.480519480519481
"2007-06-06","mccomas","gleason","27009500","elodea.spp",0.0256410256410256,1,1.8288,0.0256410256410256,78,78,77,0.025974025974026
"2007-06-06","mccomas","gleason","27009500","typha.spp",0.0512820512820513,4,1.524,0.0512820512820513,78,78,77,0.051948051948052
"2007-06-06","mccomas","gleason","27009500","nuphar.variegata",0.0128205128205128,1,0.6096,0.0128205128205128,78,78,77,0.012987012987013
"2007-06-06","mccomas","gleason","27009500","lemnaceae",0.256410256410256,1.2,2.4384,0.256410256410256,78,78,77,0.25974025974026
"2007-06-08","johnson","coal","77004600","ceratophyllum.demersum",0.3125,1.04,3.2,0.211864406779661,118,80,99,0.252525252525253
"2007-06-08","johnson","coal","77004600","potamogeton.crispus",0.625,2.14545454545455,6,0.466101694915254,118,80,99,0.545454545454545
"2007-06-08","johnson","coal","77004600","brasenia.schreberi",0.075,1,1.5,0.0508474576271186,118,80,99,0.0606060606060606
"2007-06-08","johnson","coal","77004600","potamogeton.richardsonii",0.025,1,1.2,0.0169491525423729,118,80,99,0.0202020202020202
"2007-06-08","johnson","coal","77004600","elodea.canadensis",0.0625,1,5.9,0.0508474576271186,118,80,99,0.0606060606060606
"2007-06-08","johnson","coal","77004600","nymphaea.odorata",0.1375,1,1.6,0.0932203389830508,118,80,99,0.111111111111111
"2007-06-08","johnson","coal","77004600","myriophyllum.sibiricum",0.1,1.125,2.5,0.0677966101694915,118,80,99,0.0808080808080808
"2007-06-08","johnson","coal","77004600","potamogeton.pusillus",0.1,1,2.4,0.0677966101694915,118,80,99,0.0808080808080808
"2007-06-08","johnson","coal","77004600","eleocharis.acicularis",0.0125,1,0.5,0.00847457627118644,118,80,99,0.0101010101010101
"2007-06-08","johnson","coal","77004600","nuphar.variegata",0.125,1,2,0.0847457627118644,118,80,99,0.101010101010101
"2007-06-08","johnson","coal","77004600","sagittaria.graminea",0.025,1,0.9,0.0169491525423729,118,80,99,0.0202020202020202
"2007-06-08","johnson","coal","77004600","potamogeton.amplifolius",0.1625,1.07692307692308,2.8,0.110169491525424,118,80,99,0.131313131313131
"2007-06-08","johnson","coal","77004600","potamogeton.illinoensis",0.1125,1.11111111111111,2.6,0.076271186440678,118,80,99,0.0909090909090909
"2007-06-08","johnson","coal","77004600","potamogeton.praelongus",0.1625,1.15384615384615,3.1,0.110169491525424,118,80,99,0.131313131313131
"2007-06-08","johnson","coal","77004600","potamogeton.zosterifomis",0.45,1.02777777777778,3.7,0.305084745762712,118,80,99,0.363636363636364
"2007-06-08","johnson","coal","77004600","utricularia.vulgaris",0.0625,1,1.3,0.0423728813559322,118,80,99,0.0505050505050505
"2007-06-08","johnson","coal","77004600","bidens.beckii",0.025,1,1.3,0.0169491525423729,118,80,99,0.0202020202020202
"2007-06-08","johnson","coal","77004600","zizania.spp",0.05,1.25,1.1,0.0338983050847458,118,80,99,0.0404040404040404
"2007-06-08","johnson","coal","77004600","schoenoplectus.acutus",0.0125,1,0.9,0.00847457627118644,118,80,99,0.0101010101010101
"2007-06-08","johnson","coal","77004600","potamogeton.robbinsii",0.6125,1.92307692307692,5.9,0.440677966101695,118,80,99,0.525252525252525
"2007-06-08","johnson","coal","77004600","fontinalis.antipyretica",0.025,1,4.4,0.0169491525423729,118,80,99,0.0202020202020202
"2007-06-08","johnson","coal","77004600","equisetum.fluviatile",0.0125,1,1.3,0.00847457627118644,118,80,99,0.0101010101010101
"2007-06-09","johnson","weaver","27011700","ceratophyllum.demersum",0.188679245283019,1.3,3.7,0.16,125,106,116,0.172413793103448
"2007-06-09","johnson","weaver","27011700","potamogeton.crispus",0.0188679245283019,1,3,0.016,125,106,116,0.0172413793103448
"2007-06-09","johnson","weaver","27011700","vallisneria.americana",0.0943396226415094,1.2,1.1,0.08,125,106,116,0.0862068965517241
"2007-06-09","johnson","weaver","27011700","spirodela.polyrhiza",0.0283018867924528,1,1.1,0.024,125,106,116,0.0258620689655172
"2007-06-09","johnson","weaver","27011700","nymphaea.odorata",0.122641509433962,1,1.2,0.104,125,106,116,0.112068965517241
"2007-06-09","johnson","weaver","27011700","chara.spp",0.0754716981132075,1.33333333333333,4.9,0.072,125,106,116,0.0775862068965517
"2007-06-09","johnson","weaver","27011700","stuckenia.pectinata",0.0377358490566038,1,1,0.032,125,106,116,0.0344827586206897
"2007-06-09","johnson","weaver","27011700","lemna.minor",0.0283018867924528,1,1.1,0.024,125,106,116,0.0258620689655172
"2007-06-09","johnson","weaver","27011700","lemna.trisulca",0.0566037735849057,1,1.8,0.048,125,106,116,0.0517241379310345
"2007-06-09","johnson","weaver","27011700","heteranthera.dubia",0.132075471698113,1,3,0.112,125,106,116,0.120689655172414
"2007-06-09","johnson","weaver","27011700","zannichellia.palustris",0.150943396226415,1.0625,2.7,0.128,125,106,116,0.137931034482759
"2007-06-09","johnson","weaver","27011700","nuphar.variegata",0.0566037735849057,1.16666666666667,1.5,0.048,125,106,116,0.0517241379310345
"2007-06-09","johnson","weaver","27011700","potamogeton.zosterifomis",0.122641509433962,1.07692307692308,2,0.104,125,106,116,0.112068965517241
"2007-06-09","johnson","weaver","27011700","fontinalis.antipyretica",0.00943396226415094,1,1.8,0.008,125,106,116,0.00862068965517241
"2007-06-11","johnson","fish","70006900","ceratophyllum.demersum",0.691056910569106,2.90588235294118,4.2,0.6640625,128,123,87,0.931034482758621
"2007-06-11","johnson","fish","70006900","potamogeton.crispus",0.195121951219512,1,3,0.1875,128,123,87,0.275862068965517
"2007-06-11","johnson","fish","70006900","vallisneria.americana",0.0975609756097561,1,1.3,0.09375,128,123,87,0.137931034482759
"2007-06-11","johnson","fish","70006900","spirodela.polyrhiza",0.00813008130081301,1,0.8,0.0078125,128,123,87,0.0114942528735632
"2007-06-11","johnson","fish","70006900","nymphaea.odorata",0.0487804878048781,1,1.2,0.046875,128,123,87,0.0689655172413793
"2007-06-11","johnson","fish","70006900","chara.spp",0.016260162601626,2,1.8,0.015625,128,123,87,0.0229885057471264
"2007-06-11","johnson","fish","70006900","stuckenia.pectinata",0.0487804878048781,1,1.7,0.046875,128,123,87,0.0689655172413793
"2007-06-11","johnson","fish","70006900","myriophyllum.sibiricum",0.0975609756097561,1.16666666666667,3.9,0.09375,128,123,87,0.126436781609195
"2007-06-11","johnson","fish","70006900","potamogeton.pusillus",0.00813008130081301,1,1,0.0078125,128,123,87,0.0114942528735632
"2007-06-11","johnson","fish","70006900","heteranthera.dubia",0.0894308943089431,1,1.4,0.0859375,128,123,87,0.126436781609195
"2007-06-11","johnson","fish","70006900","typha.spp",0.00813008130081301,1,0.8,0.0078125,128,123,87,0.0114942528735632
"2007-06-11","johnson","fish","70006900","nitella.spp",0.00813008130081301,1,1.5,0.0078125,128,123,87,0.0114942528735632
"2007-06-11","johnson","fish","70006900","zannichellia.palustris",0.00813008130081301,1,0.2,0.0078125,128,123,87,0.0114942528735632
"2007-06-11","johnson","fish","70006900","nuphar.variegata",0.040650406504065,1,1.3,0.0390625,128,123,87,0.0574712643678161
"2007-06-11","johnson","fish","70006900","schoenoplectus.acutus",0.00813008130081301,1,0.6,0.0078125,128,123,87,0.0114942528735632
"2007-06-12","johnson","crookneck","49013300","ceratophyllum.demersum",0.76056338028169,1.73684210526316,6,0.678571428571429,196,142,154,0.753246753246753
"2007-06-12","johnson","crookneck","49013300","potamogeton.crispus",0.26056338028169,1.16666666666667,5.5,0.214285714285714,196,142,154,0.266233766233766
"2007-06-12","johnson","crookneck","49013300","najas.flexilis",0.0211267605633803,1,0.9,0.0153061224489796,196,142,154,0.0194805194805195
"2007-06-12","johnson","crookneck","49013300","vallisneria.americana",0.183098591549296,1,2.1,0.13265306122449,196,142,154,0.168831168831169
"2007-06-12","johnson","crookneck","49013300","elodea.canadensis",0.0352112676056338,1,2.5,0.0255102040816327,196,142,154,0.0324675324675325
"2007-06-12","johnson","crookneck","49013300","nymphaea.odorata",0.0492957746478873,1,2.2,0.0357142857142857,196,142,154,0.0454545454545455
"2007-06-12","johnson","crookneck","49013300","chara.spp",0.0985915492957746,1.21428571428571,1.4,0.0714285714285714,196,142,154,0.0909090909090909
"2007-06-12","johnson","crookneck","49013300","stuckenia.pectinata",0.00704225352112676,1,0.7,0.00510204081632653,196,142,154,0.00649350649350649
"2007-06-12","johnson","crookneck","49013300","lemna.trisulca",0.464788732394366,1.09090909090909,4.1,0.336734693877551,196,142,154,0.428571428571429
"2007-06-12","johnson","crookneck","49013300","myriophyllum.sibiricum",0.0422535211267606,1,4.5,0.0306122448979592,196,142,154,0.038961038961039
"2007-06-12","johnson","crookneck","49013300","heteranthera.dubia",0.0492957746478873,1,1.8,0.0357142857142857,196,142,154,0.0454545454545455
"2007-06-12","johnson","crookneck","49013300","eleocharis.acicularis",0.028169014084507,1,1.1,0.0204081632653061,196,142,154,0.025974025974026
"2007-06-12","johnson","crookneck","49013300","nuphar.variegata",0.0352112676056338,1,2.2,0.0255102040816327,196,142,154,0.0324675324675325
"2007-06-12","johnson","crookneck","49013300","sagittaria.graminea",0.0140845070422535,1,1.4,0.0102040816326531,196,142,154,0.012987012987013
"2007-06-12","johnson","crookneck","49013300","potamogeton.illinoensis",0.0492957746478873,1,2.3,0.0357142857142857,196,142,154,0.0454545454545455
"2007-06-12","johnson","crookneck","49013300","potamogeton.praelongus",0.028169014084507,1,2,0.0204081632653061,196,142,154,0.025974025974026
"2007-06-12","johnson","crookneck","49013300","najas.guadalupensis",0.767605633802817,2.49565217391304,5.5,0.586734693877551,196,142,154,0.733766233766234
"2007-06-12","johnson","crookneck","49013300","fontinalis.antipyretica",0.00704225352112676,1,1.5,0.00510204081632653,196,142,154,0.00649350649350649
"2007-06-13","johnson","lowermission","18024300","ceratophyllum.demersum",0.489690721649485,1.20909090909091,5.6,0.431372549019608,255,194,109,0.532110091743119
"2007-06-13","johnson","lowermission","18024300","potamogeton.crispus",0.324742268041237,1.2,4.8,0.254901960784314,255,194,109,0.128440366972477
"2007-06-13","johnson","lowermission","18024300","najas.flexilis",0.00515463917525773,1,1,0.00392156862745098,255,194,109,0.00917431192660551
"2007-06-13","johnson","lowermission","18024300","vallisneria.americana",0.0103092783505155,1,0.6,0.00784313725490196,255,194,109,0.018348623853211
"2007-06-13","johnson","lowermission","18024300","elodea.canadensis",0.149484536082474,1.06451612903226,4.7,0.12156862745098,255,194,109,0.18348623853211
"2007-06-13","johnson","lowermission","18024300","nymphaea.odorata",0.118556701030928,1.04347826086957,1.2,0.0901960784313726,255,194,109,0.211009174311927
"2007-06-13","johnson","lowermission","18024300","chara.spp",0.278350515463918,1.09259259259259,4.5,0.211764705882353,255,194,109,0.458715596330275
"2007-06-13","johnson","lowermission","18024300","stuckenia.pectinata",0.0103092783505155,1,1.1,0.00784313725490196,255,194,109,0.018348623853211
"2007-06-13","johnson","lowermission","18024300","lemna.minor",0.0103092783505155,1,1,0.00784313725490196,255,194,109,0.018348623853211
"2007-06-13","johnson","lowermission","18024300","lemna.trisulca",0.582474226804124,1.00793650793651,5.6,0.494117647058824,255,194,109,0.605504587155963
"2007-06-13","johnson","lowermission","18024300","myriophyllum.sibiricum",0.0309278350515464,1,1.5,0.0235294117647059,255,194,109,0.055045871559633
"2007-06-13","johnson","lowermission","18024300","potamogeton.pusillus",0.00515463917525773,1,0.8,0.00392156862745098,255,194,109,0.00917431192660551
"2007-06-13","johnson","lowermission","18024300","heteranthera.dubia",0.0670103092783505,1,5.2,0.0549019607843137,255,194,109,0.119266055045872
"2007-06-13","johnson","lowermission","18024300","nuphar.variegata",0.15979381443299,1,1.6,0.12156862745098,255,194,109,0.284403669724771
"2007-06-13","johnson","lowermission","18024300","sagittaria.graminea",0.00515463917525773,1,1.5,0.00392156862745098,255,194,109,0.00917431192660551
"2007-06-13","johnson","lowermission","18024300","potamogeton.illinoensis",0.0103092783505155,1,0.8,0.00784313725490196,255,194,109,0.018348623853211
"2007-06-13","johnson","lowermission","18024300","potamogeton.praelongus",0.0257731958762887,1,2.3,0.0196078431372549,255,194,109,0.0458715596330275
"2007-06-13","johnson","lowermission","18024300","utricularia.vulgaris",0.0154639175257732,1,3.9,0.0117647058823529,255,194,109,0.018348623853211
"2007-06-13","johnson","lowermission","18024300","zizania.spp",0.195876288659794,1.28947368421053,2,0.149019607843137,255,194,109,0.348623853211009
"2007-06-13","johnson","lowermission","18024300","schoenoplectus.acutus",0.175257731958763,1.02941176470588,2,0.133333333333333,255,194,109,0.311926605504587
"2007-06-13","johnson","lowermission","18024300","equisetum.fluviatile",0.00515463917525773,1,0.8,0.00392156862745098,255,194,109,0.00917431192660551
"2007-06-13","johnson","lowermission","18024300","phragmites.australis",0.0103092783505155,1,2,0.00784313725490196,255,194,109,0.018348623853211
"2007-06-15","johnson","julia","71014500","najas.flexilis",0.0283018867924528,1,3,0.0283018867924528,106,106,12,0.0833333333333333
"2007-06-15","johnson","julia","71014500","elodea.canadensis",0.518867924528302,1.83636363636364,3.8,0.518867924528302,106,106,12,0.416666666666667
"2007-06-15","johnson","julia","71014500","chara.spp",0.226415094339623,1.625,3,0.226415094339623,106,106,12,0.833333333333333
"2007-06-15","johnson","julia","71014500","zannichellia.palustris",0.0471698113207547,1.2,1,0.0471698113207547,106,106,12,0.333333333333333
"2007-06-15","johnson","julia","71014500","eleocharis.acicularis",0.00943396226415094,1,0.6,0.00943396226415094,106,106,12,0.0833333333333333
"2007-06-15","johnson","julia","71014500","najas.guadalupensis",0.207547169811321,1.22727272727273,3.3,0.207547169811321,106,106,12,0.5
"2007-06-15","johnson","rush","71014700","potamogeton.crispus",0.0267857142857143,1,2.3,0.0267857142857143,112,112,8,0.125
"2007-06-15","johnson","rush","71014700","elodea.canadensis",0.848214285714286,1.46315789473684,3.6,0.848214285714286,112,112,8,0.75
"2007-06-15","johnson","rush","71014700","nymphaea.odorata",0.0446428571428571,1,1,0.0446428571428571,112,112,8,0.25
"2007-06-15","johnson","rush","71014700","chara.spp",0.107142857142857,1.16666666666667,3.6,0.107142857142857,112,112,8,0.25
"2007-06-15","johnson","rush","71014700","heteranthera.dubia",0.0267857142857143,1,1,0.0267857142857143,112,112,8,0.125
"2007-06-15","johnson","rush","71014700","zannichellia.palustris",0.142857142857143,1.1875,2.2,0.142857142857143,112,112,8,0.5
"2007-08-01","johnson","rebecca","27019200","ceratophyllum.demersum",0.333333333333333,2.11538461538462,2.5,0.304093567251462,171,156,124,0.419354838709677
"2007-08-01","johnson","rebecca","27019200","potamogeton.crispus",0.0641025641025641,1,1.6,0.0584795321637427,171,156,124,0.0806451612903226
"2007-08-01","johnson","rebecca","27019200","myriophyllum.spicatum",0.33974358974359,2.05660377358491,2.5,0.309941520467836,171,156,124,0.42741935483871
"2007-08-01","johnson","rebecca","27019200","spirodela.polyrhiza",0.0256410256410256,1,1.4,0.0233918128654971,171,156,124,0.032258064516129
"2007-08-01","johnson","rebecca","27019200","nymphaea.odorata",0.0641025641025641,1,1.3,0.0584795321637427,171,156,124,0.0806451612903226
"2007-08-01","johnson","rebecca","27019200","stuckenia.pectinata",0.0192307692307692,1,0.8,0.0175438596491228,171,156,124,0.0241935483870968
"2007-08-01","johnson","rebecca","27019200","lemna.minor",0.0833333333333333,1,1.4,0.0760233918128655,171,156,124,0.104838709677419
"2007-08-01","johnson","rebecca","27019200","potamogeton.pusillus",0.00641025641025641,1,0.7,0.00584795321637427,171,156,124,0.00806451612903226
"2007-08-01","johnson","rebecca","27019200","wolffia.columbiana",0.0641025641025641,1,1.4,0.0584795321637427,171,156,124,0.0806451612903226
"2007-08-01","johnson","rebecca","27019200","nuphar.variegata",0.0384615384615385,1,1.3,0.0350877192982456,171,156,124,0.0483870967741935
"2007-08-01","johnson","rebecca","27019200","fontinalis.antipyretica",0.00641025641025641,1,1.9,0.00584795321637427,171,156,124,0.00806451612903226
"2007-08-02","johnson","crookneck","49013300","ceratophyllum.demersum",0.763888888888889,2.02238805970149,6,0.683673469387755,196,144,165,0.739393939393939
"2007-08-02","johnson","crookneck","49013300","potamogeton.crispus",0.00694444444444444,1,5.1,0.0102040816326531,196,144,165,0.0121212121212121
"2007-08-02","johnson","crookneck","49013300","najas.flexilis",0.0208333333333333,1.33333333333333,0.9,0.0153061224489796,196,144,165,0.0181818181818182
"2007-08-02","johnson","crookneck","49013300","vallisneria.americana",0.159722222222222,1.04347826086957,1.9,0.11734693877551,196,144,165,0.139393939393939
"2007-08-02","johnson","crookneck","49013300","elodea.canadensis",0.0208333333333333,1,1.9,0.0153061224489796,196,144,165,0.0181818181818182
"2007-08-02","johnson","crookneck","49013300","nymphaea.odorata",0.0694444444444444,1,1.6,0.0510204081632653,196,144,165,0.0606060606060606
"2007-08-02","johnson","crookneck","49013300","chara.spp",0.0763888888888889,1.45454545454545,1.9,0.0561224489795918,196,144,165,0.0666666666666667
"2007-08-02","johnson","crookneck","49013300","lemna.trisulca",0.319444444444444,1.06521739130435,4.3,0.23469387755102,196,144,165,0.278787878787879
"2007-08-02","johnson","crookneck","49013300","heteranthera.dubia",0.00694444444444444,1,0.8,0.00510204081632653,196,144,165,0.00606060606060606
"2007-08-02","johnson","crookneck","49013300","nuphar.variegata",0.0277777777777778,1,1.6,0.0204081632653061,196,144,165,0.0242424242424242
"2007-08-02","johnson","crookneck","49013300","sagittaria.graminea",0.0277777777777778,1,1.3,0.0204081632653061,196,144,165,0.0242424242424242
"2007-08-02","johnson","crookneck","49013300","potamogeton.illinoensis",0.159722222222222,1.08695652173913,2.6,0.11734693877551,196,144,165,0.139393939393939
"2007-08-02","johnson","crookneck","49013300","najas.guadalupensis",0.840277777777778,2.734375,5.8,0.653061224489796,196,144,165,0.763636363636364
"2007-08-02","johnson","crookneck","49013300","fontinalis.antipyretica",0.00694444444444444,1,1.4,0.00510204081632653,196,144,165,0.00606060606060606
"2007-08-02","johnson","crookneck","49013300","potamogeton.gramineus",0.0138888888888889,1,1.6,0.0102040816326531,196,144,165,0.0121212121212121
"2007-08-03","johnson","lowermission","18024300","ceratophyllum.demersum",0.646766169154229,1.43382352941176,5.8,0.533333333333333,255,201,118,0.669491525423729
"2007-08-03","johnson","lowermission","18024300","potamogeton.crispus",0.174129353233831,1,4.8,0.141176470588235,255,201,118,0.135593220338983
"2007-08-03","johnson","lowermission","18024300","najas.flexilis",0.134328358208955,1.11111111111111,2.5,0.105882352941176,255,201,118,0.228813559322034
"2007-08-03","johnson","lowermission","18024300","vallisneria.americana",0.0199004975124378,1,1,0.0156862745098039,255,201,118,0.0338983050847458
"2007-08-03","johnson","lowermission","18024300","spirodela.polyrhiza",0.0149253731343284,1,1,0.0117647058823529,255,201,118,0.0254237288135593
"2007-08-03","johnson","lowermission","18024300","elodea.canadensis",0.194029850746269,1.25641025641026,3.3,0.152941176470588,255,201,118,0.26271186440678
"2007-08-03","johnson","lowermission","18024300","nymphaea.odorata",0.154228855721393,1.25806451612903,1.4,0.12156862745098,255,201,118,0.26271186440678
"2007-08-03","johnson","lowermission","18024300","chara.spp",0.26865671641791,1.72222222222222,4.1,0.211764705882353,255,201,118,0.432203389830508
"2007-08-03","johnson","lowermission","18024300","stuckenia.pectinata",0.114427860696517,1.08695652173913,2.5,0.0901960784313726,255,201,118,0.194915254237288
"2007-08-03","johnson","lowermission","18024300","lemna.minor",0.00995024875621891,2,1,0.00784313725490196,255,201,118,0.0169491525423729
"2007-08-03","johnson","lowermission","18024300","lemna.trisulca",0.557213930348259,1,6.1,0.450980392156863,255,201,118,0.610169491525424
"2007-08-03","johnson","lowermission","18024300","ranunculus.aquatilis",0.00497512437810945,1,0.9,0.00392156862745098,255,201,118,0.00847457627118644
"2007-08-03","johnson","lowermission","18024300","myriophyllum.sibiricum",0.00497512437810945,1,0.8,0.00392156862745098,255,201,118,0.00847457627118644
"2007-08-03","johnson","lowermission","18024300","potamogeton.pusillus",0.00995024875621891,1,1.2,0.00784313725490196,255,201,118,0.0169491525423729
"2007-08-03","johnson","lowermission","18024300","heteranthera.dubia",0.0696517412935323,1,2.3,0.0549019607843137,255,201,118,0.11864406779661
"2007-08-03","johnson","lowermission","18024300","nuphar.variegata",0.248756218905473,1,3,0.196078431372549,255,201,118,0.415254237288136
"2007-08-03","johnson","lowermission","18024300","sagittaria.graminea",0.00497512437810945,1,0.4,0.00392156862745098,255,201,118,0.00847457627118644
"2007-08-03","johnson","lowermission","18024300","potamogeton.illinoensis",0.0298507462686567,1,1,0.0235294117647059,255,201,118,0.0508474576271186
"2007-08-03","johnson","lowermission","18024300","potamogeton.praelongus",0.0447761194029851,1,2.3,0.0352941176470588,255,201,118,0.076271186440678
"2007-08-03","johnson","lowermission","18024300","utricularia.vulgaris",0.0696517412935323,1,1.6,0.0549019607843137,255,201,118,0.11864406779661
"2007-08-03","johnson","lowermission","18024300","najas.guadalupensis",0.00995024875621891,1,0.9,0.00784313725490196,255,201,118,0.0169491525423729
"2007-08-03","johnson","lowermission","18024300","zizania.spp",0.124378109452736,1.68,1.4,0.0980392156862745,255,201,118,0.211864406779661
"2007-08-03","johnson","lowermission","18024300","schoenoplectus.acutus",0.18407960199005,1,1.7,0.145098039215686,255,201,118,0.313559322033898
"2007-08-03","johnson","lowermission","18024300","fontinalis.antipyretica",0.00995024875621891,1,0.8,0.00784313725490196,255,201,118,0.0169491525423729
"2007-08-03","johnson","lowermission","18024300","phragmites.australis",0.0149253731343284,1,1,0.0117647058823529,255,201,118,0.0254237288135593
"2007-08-03","johnson","lowermission","18024300","potamogeton.gramineus",0.00995024875621891,1,0.5,0.00784313725490196,255,201,118,0.0169491525423729
"2007-08-03","johnson","lowermission","18024300","sparganium.eurycarpum",0.00497512437810945,1,0.5,0.00392156862745098,255,201,118,0.00847457627118644
"2007-08-07","johnson","coal","77004600","ceratophyllum.demersum",0.404761904761905,1.22857142857143,4.8,0.296610169491525,118,84,109,0.321100917431193
"2007-08-07","johnson","coal","77004600","potamogeton.crispus",0.119047619047619,1.08333333333333,4.8,0.101694915254237,118,84,109,0.110091743119266
"2007-08-07","johnson","coal","77004600","potamogeton.foliosus",0.130952380952381,1,3,0.0932203389830508,118,84,109,0.100917431192661
"2007-08-07","johnson","coal","77004600","najas.flexilis",0.130952380952381,1.18181818181818,1.3,0.0932203389830508,118,84,109,0.100917431192661
"2007-08-07","johnson","coal","77004600","brasenia.schreberi",0.0952380952380952,1,1.3,0.0677966101694915,118,84,109,0.073394495412844
"2007-08-07","johnson","coal","77004600","potamogeton.richardsonii",0.0119047619047619,1,1.9,0.00847457627118644,118,84,109,0.00917431192660551
"2007-08-07","johnson","coal","77004600","elodea.canadensis",0.19047619047619,1.23529411764706,4.8,0.144067796610169,118,84,109,0.155963302752294
"2007-08-07","johnson","coal","77004600","nymphaea.odorata",0.154761904761905,1,1.3,0.110169491525424,118,84,109,0.119266055045872
"2007-08-07","johnson","coal","77004600","chara.spp",0.0357142857142857,1.33333333333333,0.7,0.0254237288135593,118,84,109,0.0275229357798165
"2007-08-07","johnson","coal","77004600","lemna.trisulca",0.0119047619047619,1,1.3,0.00847457627118644,118,84,109,0.00917431192660551
"2007-08-07","johnson","coal","77004600","myriophyllum.sibiricum",0.119047619047619,1,2.8,0.0847457627118644,118,84,109,0.0917431192660551
"2007-08-07","johnson","coal","77004600","nuphar.variegata",0.154761904761905,1,3.6,0.110169491525424,118,84,109,0.119266055045872
"2007-08-07","johnson","coal","77004600","sagittaria.graminea",0.0357142857142857,1,1.2,0.0254237288135593,118,84,109,0.0275229357798165
"2007-08-07","johnson","coal","77004600","potamogeton.amplifolius",0.238095238095238,1.85,3,0.169491525423729,118,84,109,0.18348623853211
"2007-08-07","johnson","coal","77004600","potamogeton.illinoensis",0.261904761904762,1.36363636363636,3.2,0.186440677966102,118,84,109,0.201834862385321
"2007-08-07","johnson","coal","77004600","potamogeton.praelongus",0.166666666666667,1.2,4.8,0.127118644067797,118,84,109,0.137614678899083
"2007-08-07","johnson","coal","77004600","potamogeton.zosterifomis",0.369047619047619,1.3125,4.6,0.271186440677966,118,84,109,0.293577981651376
"2007-08-07","johnson","coal","77004600","utricularia.vulgaris",0.0238095238095238,1.5,0.6,0.0169491525423729,118,84,109,0.018348623853211
"2007-08-07","johnson","coal","77004600","bidens.beckii",0.107142857142857,1,1.3,0.076271186440678,118,84,109,0.0825688073394495
"2007-08-07","johnson","coal","77004600","zizania.spp",0.0357142857142857,1,0.7,0.0254237288135593,118,84,109,0.0275229357798165
"2007-08-07","johnson","coal","77004600","schoenoplectus.acutus",0.0238095238095238,1,0.7,0.0169491525423729,118,84,109,0.018348623853211
"2007-08-07","johnson","coal","77004600","potamogeton.robbinsii",0.69047619047619,1.9,5.3,0.508474576271186,118,84,109,0.55045871559633
"2007-08-07","johnson","coal","77004600","potamogeton.natans",0.0119047619047619,1,0.4,0.00847457627118644,118,84,109,0.00917431192660551
"2007-08-07","johnson","coal","77004600","potamogeton.gramineus",0.0357142857142857,1,1.3,0.0254237288135593,118,84,109,0.0275229357798165
"2007-08-08","johnson","julia","71014500","vallisneria.americana",0.0377358490566038,1,0.7,0.0377358490566038,106,106,15,0.266666666666667
"2007-08-08","johnson","julia","71014500","elodea.canadensis",0.424528301886792,1.64444444444444,2.9,0.424528301886792,106,106,15,0.6
"2007-08-08","johnson","julia","71014500","chara.spp",0.226415094339623,1.54166666666667,1.9,0.226415094339623,106,106,15,0.866666666666667
"2007-08-08","johnson","julia","71014500","heteranthera.dubia",0.0471698113207547,1,0.8,0.0471698113207547,106,106,15,0.333333333333333
"2007-08-08","johnson","julia","71014500","najas.guadalupensis",0.254716981132075,1.81481481481481,3,0.254716981132075,106,106,15,0.866666666666667
"2007-08-08","johnson","rush","71014700","najas.flexilis",0.116071428571429,1,1.3,0.116071428571429,112,112,10,0.6
"2007-08-08","johnson","rush","71014700","vallisneria.americana",0.00892857142857143,1,0.5,0.00892857142857143,112,112,10,0.1
"2007-08-08","johnson","rush","71014700","elodea.canadensis",0.464285714285714,1.84615384615385,1.5,0.464285714285714,112,112,10,0.8
"2007-08-08","johnson","rush","71014700","nymphaea.odorata",0.0446428571428571,1,0.8,0.0446428571428571,112,112,10,0.3
"2007-08-08","johnson","rush","71014700","chara.spp",0.0714285714285714,1.25,1.1,0.0714285714285714,112,112,10,0.2
"2007-08-08","johnson","rush","71014700","heteranthera.dubia",0.0446428571428571,1,1.2,0.0446428571428571,112,112,10,0.3
"2007-08-08","johnson","rush","71014700","zannichellia.palustris",0.0446428571428571,1,0.9,0.0446428571428571,112,112,10,0.3
"2007-08-16","johnson","vails","73015100","ceratophyllum.demersum",0.241573033707865,1.30232558139535,3,0.234972677595628,183,178,59,0.593220338983051
"2007-08-16","johnson","vails","73015100","potamogeton.crispus",0.123595505617978,1,3.2,0.120218579234973,183,178,59,0.305084745762712
"2007-08-16","johnson","vails","73015100","najas.flexilis",0.00561797752808989,1,0.3,0.00546448087431694,183,178,59,0.0169491525423729
"2007-08-16","johnson","vails","73015100","potamogeton.richardsonii",0.0449438202247191,1.375,0.6,0.0437158469945355,183,178,59,0.135593220338983
"2007-08-16","johnson","vails","73015100","elodea.canadensis",0.0224719101123595,1,0.7,0.0218579234972678,183,178,59,0.0677966101694915
"2007-08-16","johnson","vails","73015100","stuckenia.pectinata",0.129213483146067,1.17391304347826,2,0.12568306010929,183,178,59,0.372881355932203
"2007-08-16","johnson","vails","73015100","lemna.minor",0.0617977528089888,1,3.5,0.0601092896174863,183,178,59,0.152542372881356
"2007-08-16","johnson","vails","73015100","potamogeton.pusillus",0.0112359550561798,1,0.3,0.0109289617486339,183,178,59,0.0338983050847458
"2007-08-16","johnson","vails","73015100","heteranthera.dubia",0.0337078651685393,1.33333333333333,0.4,0.0327868852459016,183,178,59,0.101694915254237
"2007-08-16","johnson","vails","73015100","zannichellia.palustris",0.050561797752809,1,0.5,0.0491803278688525,183,178,59,0.152542372881356
"2007-08-17","johnson","fish","70006900","ceratophyllum.demersum",0.68,2.50588235294118,4.2,0.6640625,128,125,92,0.858695652173913
"2007-08-17","johnson","fish","70006900","potamogeton.crispus",0.032,1,1.6,0.03125,128,125,92,0.0434782608695652
"2007-08-17","johnson","fish","70006900","najas.flexilis",0.056,1.57142857142857,1,0.0546875,128,125,92,0.0760869565217391
"2007-08-17","johnson","fish","70006900","vallisneria.americana",0.176,1.04545454545455,3,0.171875,128,125,92,0.239130434782609
"2007-08-17","johnson","fish","70006900","nymphaea.odorata",0.056,1,0.9,0.0546875,128,125,92,0.0760869565217391
"2007-08-17","johnson","fish","70006900","chara.spp",0.008,1,1.6,0.0078125,128,125,92,0.0108695652173913
"2007-08-17","johnson","fish","70006900","stuckenia.pectinata",0.128,1.4375,1.4,0.125,128,125,92,0.173913043478261
"2007-08-17","johnson","fish","70006900","lemna.minor",0.064,1,1.1,0.0625,128,125,92,0.0869565217391304
"2007-08-17","johnson","fish","70006900","myriophyllum.sibiricum",0.16,1.15,2,0.15625,128,125,92,0.217391304347826
"2007-08-17","johnson","fish","70006900","potamogeton.pusillus",0.016,1,1,0.015625,128,125,92,0.0217391304347826
"2007-08-17","johnson","fish","70006900","heteranthera.dubia",0.104,1.23076923076923,1.2,0.1015625,128,125,92,0.141304347826087
"2007-08-17","johnson","fish","70006900","typha.spp",0.008,1,0.5,0.0078125,128,125,92,0.0108695652173913
"2007-08-17","johnson","fish","70006900","nuphar.variegata",0.056,1,1.5,0.0546875,128,125,92,0.0760869565217391
"2007-08-17","johnson","fish","70006900","potamogeton.nodosus",0.016,1,0.7,0.015625,128,125,92,0.0217391304347826
"2007-08-17","johnson","fish","70006900","schoenoplectus.acutus",0.008,1,0.4,0.0078125,128,125,92,0.0108695652173913
"2007-08-26","mccomas","keller","19002500","ceratophyllum.demersum",1,3.47368421052632,2.7432,1,38,38,38,1
"2007-08-26","mccomas","keller","19002500","myriophyllum.spicatum",0.605263157894737,1.65217391304348,2.7432,0.605263157894737,38,38,38,0.605263157894737
"2007-08-26","mccomas","keller","19002500","elodea.spp",0.0526315789473684,1.5,2.4384,0.0526315789473684,38,38,38,0.0526315789473684
"2007-08-27","mccomas","gleason","27009500","ceratophyllum.demersum",0.582417582417582,1.79245283018868,2.1336,0.582417582417582,91,91,89,0.595505617977528
"2007-08-27","mccomas","gleason","27009500","nymphaea.odorata",0.461538461538462,3.19047619047619,2.1336,0.461538461538462,91,91,89,0.471910112359551
"2007-08-27","mccomas","gleason","27009500","typha.spp",0.010989010989011,5,1.2192,0.010989010989011,91,91,89,0.0112359550561798
"2007-08-27","mccomas","gleason","27009500","lemnaceae",0.417582417582418,2.10526315789474,1.8288,0.417582417582418,91,91,89,0.426966292134831
"2007-08-30","johnson","weaver","27011700","ceratophyllum.demersum",0.0803571428571429,1.22222222222222,4.3,0.072,125,112,116,0.0775862068965517
"2007-08-30","johnson","weaver","27011700","potamogeton.crispus",0.0446428571428571,1,1.8,0.04,125,112,116,0.0431034482758621
"2007-08-30","johnson","weaver","27011700","vallisneria.americana",0.223214285714286,1.44,1.7,0.2,125,112,116,0.21551724137931
"2007-08-30","johnson","weaver","27011700","nymphaea.odorata",0.0803571428571429,1,1.2,0.072,125,112,116,0.0775862068965517
"2007-08-30","johnson","weaver","27011700","chara.spp",0.0982142857142857,1.27272727272727,4.1,0.088,125,112,116,0.0948275862068966
"2007-08-30","johnson","weaver","27011700","stuckenia.pectinata",0.107142857142857,1.33333333333333,1.5,0.096,125,112,116,0.103448275862069
"2007-08-30","johnson","weaver","27011700","lemna.minor",0.0892857142857143,1,1.8,0.08,125,112,116,0.0862068965517241
"2007-08-30","johnson","weaver","27011700","lemna.trisulca",0.0357142857142857,1,0.9,0.032,125,112,116,0.0344827586206897
"2007-08-30","johnson","weaver","27011700","heteranthera.dubia",0.196428571428571,1.45454545454545,2.3,0.176,125,112,116,0.189655172413793
"2007-08-30","johnson","weaver","27011700","zannichellia.palustris",0.0982142857142857,1,1.6,0.088,125,112,116,0.0948275862068966
"2007-08-30","johnson","weaver","27011700","nuphar.variegata",0.0178571428571429,1,1.1,0.016,125,112,116,0.0172413793103448
"2007-08-30","johnson","weaver","27011700","sagittaria.graminea",0.0178571428571429,1,0.8,0.016,125,112,116,0.0172413793103448
"2007-08-30","johnson","weaver","27011700","potamogeton.zosterifomis",0.142857142857143,1.5,3.4,0.128,125,112,116,0.137931034482759
"2008-04-22","sblood","kohlman","62000600","algae.filamentous",0.262295081967213,1.3125,2.7432,0.262295081967213,122,122,122,0.262295081967213
"2008-04-22","sblood","kohlman","62000600","ceratophyllum.demersum",0.754098360655738,2.30434782608696,2.7432,0.754098360655738,122,122,122,0.754098360655738
"2008-04-22","sblood","kohlman","62000600","potamogeton.crispus",0.229508196721311,1,2.04216,0.229508196721311,122,122,122,0.229508196721311
"2008-04-22","sblood","kohlman","62000600","myriophyllum.spicatum",0.467213114754098,1.17543859649123,2.7432,0.467213114754098,122,122,122,0.467213114754098
"2008-04-22","sblood","kohlman","62000600","elodea.canadensis",0.0245901639344262,1,1.12776,0.0245901639344262,122,122,122,0.0245901639344262
"2008-04-22","sblood","kohlman","62000600","chara.spp",0.00819672131147541,1,0.51816,0.00819672131147541,122,122,122,0.00819672131147541
"2008-04-22","sblood","kohlman","62000600","lemna.minor",0.0245901639344262,1,0.97536,0.0245901639344262,122,122,122,0.0245901639344262
"2008-04-22","sblood","kohlman","62000600","lemna.trisulca",0.0163934426229508,2.5,1.55448,0.0163934426229508,122,122,122,0.0163934426229508
"2008-04-22","sblood","kohlman","62000600","potamogeton.pusillus",0.0163934426229508,1.5,2.62128,0.0163934426229508,122,122,122,0.0163934426229508
"2008-04-22","sblood","kohlman","62000600","potamogeton.spp",0.0737704918032787,1.11111111111111,2.56032,0.0737704918032787,122,122,122,0.0737704918032787
"2008-04-28","johnson","weaver","27011700","ceratophyllum.demersum",0.160377358490566,1.35294117647059,4.2,0.134920634920635,126,106,109,0.155963302752294
"2008-04-28","johnson","weaver","27011700","potamogeton.crispus",0.330188679245283,1.05555555555556,4.7,0.285714285714286,126,106,109,0.330275229357798
"2008-04-28","johnson","weaver","27011700","nymphaea.odorata",0.00943396226415094,1,1.1,0.00793650793650794,126,106,109,0.00917431192660551
"2008-04-28","johnson","weaver","27011700","chara.spp",0.0660377358490566,1.28571428571429,2.3,0.0555555555555555,126,106,109,0.0642201834862385
"2008-04-28","johnson","weaver","27011700","lemna.trisulca",0.0377358490566038,1,1.9,0.0317460317460317,126,106,109,0.036697247706422
"2008-04-28","johnson","weaver","27011700","heteranthera.dubia",0.207547169811321,1.13636363636364,4.2,0.174603174603175,126,106,109,0.201834862385321
"2008-04-28","johnson","weaver","27011700","zannichellia.palustris",0.0283018867924528,1,1.3,0.0238095238095238,126,106,109,0.0275229357798165
"2008-04-28","johnson","weaver","27011700","nuphar.variegata",0.00943396226415094,1,1.5,0.00793650793650794,126,106,109,0.00917431192660551
"2008-04-28","johnson","weaver","27011700","potamogeton.zosterifomis",0.0849056603773585,1,2.1,0.0714285714285714,126,106,109,0.0825688073394495
"2008-04-28","mccomas","reshanau","02000900","potamogeton.crispus",0.723076923076923,1.19148936170213,2.7432,0.723076923076923,130,130,8,0.125
"2008-04-28","mccomas","reshanau","02000900","typha.spp",0.0307692307692308,1,0.9144,0.0307692307692308,130,130,8,0.5
"2008-04-29","johnson","fish","70006900","ceratophyllum.demersum",0.669491525423729,2.0126582278481,4.4,0.6171875,128,118,85,0.894117647058824
"2008-04-29","johnson","fish","70006900","potamogeton.crispus",0.135593220338983,1,3.1,0.125,128,118,85,0.188235294117647
"2008-04-29","johnson","fish","70006900","nymphaea.odorata",0.0169491525423729,1,1.8,0.015625,128,118,85,0.0235294117647059
"2008-04-29","johnson","fish","70006900","myriophyllum.sibiricum",0.0593220338983051,1,2.4,0.0546875,128,118,85,0.0823529411764706
"2008-04-29","johnson","fish","70006900","heteranthera.dubia",0.00847457627118644,1,1.1,0.0078125,128,118,85,0.0117647058823529
"2008-05-05","mccomas","gleason","27009500","algae.filamentous",0.08,1.2,3.3528,0.078740157480315,127,125,99,0.0909090909090909
"2008-05-05","mccomas","gleason","27009500","ceratophyllum.demersum",0.264,1.72727272727273,2.4384,0.259842519685039,127,125,99,0.333333333333333
"2008-05-05","mccomas","gleason","27009500","potamogeton.crispus",0.72,1.9,3.3528,0.708661417322835,127,125,99,0.797979797979798
"2008-05-05","mccomas","gleason","27009500","lemna.trisulca",0.04,1,1.2192,0.0393700787401575,127,125,99,0.0505050505050505
"2008-05-08","johnson","rebecca","27019200","ceratophyllum.demersum",0.171428571428571,1.79166666666667,1.6,0.157894736842105,152,140,111,0.216216216216216
"2008-05-08","johnson","rebecca","27019200","potamogeton.crispus",0.571428571428571,1.21951219512195,4.8,0.539473684210526,152,140,111,0.648648648648649
"2008-05-08","johnson","rebecca","27019200","myriophyllum.spicatum",0.192857142857143,1.18518518518519,2,0.177631578947368,152,140,111,0.243243243243243
"2008-05-09","johnson","julia","71014500","ceratophyllum.demersum",0.0566037735849057,1,2.6,0.0566037735849057,106,106,12,0.0833333333333333
"2008-05-09","johnson","julia","71014500","elodea.canadensis",0.358490566037736,1.36842105263158,3.6,0.358490566037736,106,106,12,0.416666666666667
"2008-05-09","johnson","julia","71014500","chara.spp",0.141509433962264,1.6,2.1,0.141509433962264,106,106,12,0.666666666666667
"2008-05-09","johnson","julia","71014500","eleocharis.acicularis",0.00943396226415094,2,0.4,0.00943396226415094,106,106,12,0.0833333333333333
"2008-05-09","johnson","julia","71014500","najas.guadalupensis",0.169811320754717,1.5,3.9,0.169811320754717,106,106,12,0.5
"2008-05-09","johnson","rush","71014700","potamogeton.crispus",0.1875,1.0952380952381,2.7,0.1875,112,112,5,0.2
"2008-05-09","johnson","rush","71014700","elodea.canadensis",0.473214285714286,1.37735849056604,3,0.473214285714286,112,112,5,0.6
"2008-05-09","johnson","rush","71014700","chara.spp",0.0982142857142857,1.36363636363636,1.5,0.0982142857142857,112,112,5,0.2
"2008-05-14","johnson","crookneck","49013300","ceratophyllum.demersum",0.737588652482269,1.83478260869565,5.8,0.586734693877551,196,141,157,0.713375796178344
"2008-05-14","johnson","crookneck","49013300","potamogeton.crispus",0.0780141843971631,1,4.6,0.0612244897959184,196,141,157,0.0764331210191083
"2008-05-14","johnson","crookneck","49013300","vallisneria.americana",0.0141843971631206,1,1.2,0.0102040816326531,196,141,157,0.0127388535031847
"2008-05-14","johnson","crookneck","49013300","elodea.canadensis",0.0283687943262411,1,3.2,0.0204081632653061,196,141,157,0.0254777070063694
"2008-05-14","johnson","crookneck","49013300","chara.spp",0.0780141843971631,1.18181818181818,1.3,0.0561224489795918,196,141,157,0.0700636942675159
"2008-05-14","johnson","crookneck","49013300","lemna.trisulca",0.333333333333333,1.19148936170213,3.4,0.239795918367347,196,141,157,0.299363057324841
"2008-05-14","johnson","crookneck","49013300","heteranthera.dubia",0.0141843971631206,1,1,0.0102040816326531,196,141,157,0.0127388535031847
"2008-05-14","johnson","crookneck","49013300","eleocharis.acicularis",0.0567375886524823,1,4.3,0.0408163265306122,196,141,157,0.0509554140127389
"2008-05-14","johnson","crookneck","49013300","nuphar.variegata",0.0283687943262411,1,1.5,0.0204081632653061,196,141,157,0.0254777070063694
"2008-05-14","johnson","crookneck","49013300","potamogeton.amplifolius",0.00709219858156028,1,1.5,0.00510204081632653,196,141,157,0.00636942675159236
"2008-05-14","johnson","crookneck","49013300","potamogeton.illinoensis",0.0354609929078014,1,1.7,0.0255102040816327,196,141,157,0.0318471337579618
"2008-05-14","johnson","crookneck","49013300","potamogeton.praelongus",0.00709219858156028,1,2.2,0.00510204081632653,196,141,157,0.00636942675159236
"2008-05-14","johnson","crookneck","49013300","najas.guadalupensis",0.75886524822695,2,4.9,0.571428571428571,196,141,157,0.713375796178344
"2008-05-14","johnson","crookneck","49013300","fontinalis.antipyretica",0.0141843971631206,1,4.3,0.0102040816326531,196,141,157,0.0127388535031847
"2008-05-14","johnson","lowermission","18024300","ceratophyllum.demersum",0.476439790575916,1.27659574468085,6,0.37007874015748,254,191,108,0.62962962962963
"2008-05-14","johnson","lowermission","18024300","potamogeton.crispus",0.455497382198953,1.25,5.1,0.362204724409449,254,191,108,0.25
"2008-05-14","johnson","lowermission","18024300","elodea.canadensis",0.12565445026178,1.08333333333333,4.4,0.094488188976378,254,191,108,0.194444444444444
"2008-05-14","johnson","lowermission","18024300","nymphaea.odorata",0.00523560209424084,1,0.9,0.00393700787401575,254,191,108,0.00925925925925926
"2008-05-14","johnson","lowermission","18024300","chara.spp",0.0994764397905759,1.31578947368421,4.4,0.0748031496062992,254,191,108,0.148148148148148
"2008-05-14","johnson","lowermission","18024300","lemna.trisulca",0.471204188481675,1.02061855670103,6.2,0.381889763779528,254,191,108,0.62962962962963
"2008-05-14","johnson","lowermission","18024300","myriophyllum.sibiricum",0.00523560209424084,1,0.7,0.00393700787401575,254,191,108,0.00925925925925926
"2008-05-14","johnson","lowermission","18024300","eleocharis.acicularis",0.0209424083769634,1,1.2,0.015748031496063,254,191,108,0.037037037037037
"2008-05-14","johnson","lowermission","18024300","nuphar.variegata",0.0104712041884817,1,1.4,0.0078740157480315,254,191,108,0.0185185185185185
"2008-05-14","johnson","lowermission","18024300","potamogeton.praelongus",0.0209424083769634,1,2.2,0.015748031496063,254,191,108,0.037037037037037
"2008-05-14","johnson","lowermission","18024300","utricularia.vulgaris",0.0157068062827225,1,0.9,0.0118110236220472,254,191,108,0.0277777777777778
"2008-05-14","johnson","lowermission","18024300","fontinalis.antipyretica",0.0261780104712042,1,2.8,0.0196850393700787,254,191,108,0.037037037037037
"2008-05-19","dustin","peltier","2000400","algae.filamentous",0.151943462897526,1,1.95072,0.151943462897526,283,283,263,0.163498098859316
"2008-05-19","dustin","peltier","2000400","ceratophyllum.demersum",0.554770318021201,1,3.048,0.554770318021201,283,283,263,0.593155893536122
"2008-05-19","dustin","peltier","2000400","potamogeton.crispus",0.434628975265018,1,3.77952,0.434628975265018,283,283,263,0.448669201520913
"2008-05-19","dustin","peltier","2000400","myriophyllum.spicatum",0.144876325088339,1,3.77952,0.144876325088339,283,283,263,0.144486692015209
"2008-05-19","dustin","peltier","2000400","spirodela.polyrhiza",0.00353356890459364,1,0.85344,0.00353356890459364,283,283,263,0.00380228136882129
"2008-05-19","dustin","peltier","2000400","elodea.canadensis",0.0918727915194346,1,2.07264,0.0918727915194346,283,283,263,0.0988593155893536
"2008-05-19","dustin","peltier","2000400","stuckenia.pectinata",0.00706713780918728,1,0.97536,0.00706713780918728,283,283,263,0.00760456273764259
"2008-05-19","dustin","peltier","2000400","lemna.minor",0.123674911660777,1,1.6764,0.123674911660777,283,283,263,0.133079847908745
"2008-05-19","dustin","peltier","2000400","lemna.trisulca",0.190812720848057,1,1.85928,0.190812720848057,283,283,263,0.20532319391635
"2008-05-19","dustin","peltier","2000400","ranunculus.aquatilis",0.0318021201413428,1,1.524,0.0318021201413428,283,283,263,0.0342205323193916
"2008-05-19","dustin","peltier","2000400","myriophyllum.sibiricum",0.0106007067137809,1,1.9812,0.0106007067137809,283,283,263,0.0114068441064639
"2008-05-19","dustin","peltier","2000400","potamogeton.zosterifomis",0.088339222614841,1,1.85928,0.088339222614841,283,283,263,0.0950570342205323
"2008-05-19","dustin","peltier","2000400","ranunculus.spp",0.0141342756183746,1,1.0668,0.0141342756183746,283,283,263,0.0152091254752852
"2008-05-21","brasch","sarahw","27019101","ceratophyllum.demersum",0.196078431372549,1.4,1,0.176991150442478,113,102,60,0.333333333333333
"2008-05-21","brasch","sarahw","27019101","potamogeton.crispus",0.470588235294118,1.10416666666667,3.2,0.424778761061947,113,102,60,0.45
"2008-05-21","brasch","sarahw","27019101","myriophyllum.spicatum",0.264705882352941,1.03703703703704,1.8,0.238938053097345,113,102,60,0.433333333333333
"2008-05-21","brasch","sarahw","27019101","lemna.trisulca",0.137254901960784,1,4,0.123893805309735,113,102,60,0.216666666666667
"2008-05-21","johnson","coal","77004600","ceratophyllum.demersum",0.164556962025316,1.07692307692308,4.2,0.110169491525424,118,79,104,0.125
"2008-05-21","johnson","coal","77004600","potamogeton.crispus",0.30379746835443,1.2962962962963,6.3,0.228813559322034,118,79,104,0.25
"2008-05-21","johnson","coal","77004600","brasenia.schreberi",0.0632911392405063,1,1.3,0.0423728813559322,118,79,104,0.0480769230769231
"2008-05-21","johnson","coal","77004600","elodea.canadensis",0.189873417721519,1.13333333333333,3.1,0.127118644067797,118,79,104,0.144230769230769
"2008-05-21","johnson","coal","77004600","chara.spp",0.0126582278481013,2,1,0.00847457627118644,118,79,104,0.00961538461538462
"2008-05-21","johnson","coal","77004600","lemna.trisulca",0.0126582278481013,1,0.9,0.00847457627118644,118,79,104,0.00961538461538462
"2008-05-21","johnson","coal","77004600","ranunculus.aquatilis",0.0126582278481013,1,1.1,0.00847457627118644,118,79,104,0.00961538461538462
"2008-05-21","johnson","coal","77004600","myriophyllum.sibiricum",0.0126582278481013,1,1.2,0.00847457627118644,118,79,104,0.00961538461538462
"2008-05-21","johnson","coal","77004600","nuphar.variegata",0.126582278481013,1,1,0.0847457627118644,118,79,104,0.0961538461538462
"2008-05-21","johnson","coal","77004600","potamogeton.amplifolius",0.227848101265823,1.22222222222222,3.8,0.152542372881356,118,79,104,0.173076923076923
"2008-05-21","johnson","coal","77004600","potamogeton.illinoensis",0.0379746835443038,1,1.3,0.0254237288135593,118,79,104,0.0288461538461538
"2008-05-21","johnson","coal","77004600","potamogeton.praelongus",0.126582278481013,1.1,2.6,0.0847457627118644,118,79,104,0.0961538461538462
"2008-05-21","johnson","coal","77004600","potamogeton.zosterifomis",0.240506329113924,1,3,0.161016949152542,118,79,104,0.182692307692308
"2008-05-21","johnson","coal","77004600","utricularia.vulgaris",0.0126582278481013,1,0.8,0.00847457627118644,118,79,104,0.00961538461538462
"2008-05-21","johnson","coal","77004600","zizania.spp",0.0126582278481013,1,0.4,0.00847457627118644,118,79,104,0.00961538461538462
"2008-05-21","johnson","coal","77004600","potamogeton.robbinsii",0.734177215189873,2.29310344827586,3.9,0.491525423728814,118,79,104,0.557692307692308
"2008-05-21","johnson","coal","77004600","equisetum.fluviatile",0.0126582278481013,1,1.5,0.00847457627118644,118,79,104,0.00961538461538462
"2008-05-22","brasch","sarahe","27019102","ceratophyllum.demersum",0.2,1.07142857142857,1.6,0.186666666666667,75,70,49,0.285714285714286
"2008-05-22","brasch","sarahe","27019102","potamogeton.crispus",0.471428571428571,1.11764705882353,5,0.453333333333333,75,70,49,0.489795918367347
"2008-05-22","brasch","sarahe","27019102","myriophyllum.spicatum",0.185714285714286,1,2.3,0.173333333333333,75,70,49,0.244897959183673
"2008-05-22","brasch","sarahe","27019102","lemna.trisulca",0.214285714285714,1,2.5,0.2,75,70,49,0.26530612244898
"2008-05-24","dustin","southcenter","13002700","algae.filamentous",0.198090692124105,1,3.048,0.19212962962963,432,419,349,0.229226361031519
"2008-05-24","dustin","southcenter","13002700","ceratophyllum.demersum",0.195704057279236,1,3.84048,0.189814814814815,432,419,349,0.229226361031519
"2008-05-24","dustin","southcenter","13002700","potamogeton.crispus",0.835322195704057,1,5.88264,0.821759259259259,432,419,349,0.813753581661891
"2008-05-24","dustin","southcenter","13002700","elodea.canadensis",0.00715990453460621,1,1.64592,0.00694444444444444,432,419,349,0.00859598853868195
"2008-05-24","dustin","southcenter","13002700","chara.spp",0.0190930787589499,1,2.04216,0.0185185185185185,432,419,349,0.0229226361031519
"2008-05-24","dustin","southcenter","13002700","lemna.minor",0.00715990453460621,1,1.524,0.00694444444444444,432,419,349,0.00859598853868195
"2008-05-24","dustin","southcenter","13002700","myriophyllum.sibiricum",0.00954653937947494,1,1.18872,0.00925925925925926,432,419,349,0.0114613180515759
"2008-05-24","dustin","southcenter","13002700","nymphaea.spp",0.035799522673031,1,1.3716,0.0347222222222222,432,419,349,0.0429799426934097
"2008-05-24","dustin","southcenter","13002700","typha.spp",0.00238663484486874,1,0.85344,0.00231481481481481,432,419,349,0.00286532951289398
"2008-05-24","dustin","southcenter","13002700","potamogeton.robbinsii",0.0405727923627685,1,1.79832,0.0393518518518519,432,419,349,0.0487106017191977
"2008-05-24","dustin","southcenter","13002700","potamogeton.natans",0.035799522673031,1,1.3716,0.0347222222222222,432,419,349,0.0429799426934097
"2008-05-26","dustin","hill","1014200","potamogeton.crispus",0.0201342281879195,1,4.2672,0.0148514851485149,202,149,199,0.0150753768844221
"2008-06-01","dustin","cedar","49014000","algae.filamentous",0.306451612903226,1,4.572,0.22093023255814,86,62,72,0.263888888888889
"2008-06-01","dustin","cedar","49014000","ceratophyllum.demersum",0.032258064516129,1,6.096,0.0348837209302326,86,62,72,0.0416666666666667
"2008-06-01","dustin","cedar","49014000","potamogeton.richardsonii",0.0161290322580645,1,2.1336,0.0116279069767442,86,62,72,0.0138888888888889
"2008-06-01","dustin","cedar","49014000","chara.spp",0.67741935483871,1,6.096,0.511627906976744,86,62,72,0.611111111111111
"2008-06-01","dustin","cedar","49014000","stuckenia.pectinata",0.0161290322580645,1,0.85344,0.0116279069767442,86,62,72,0.0138888888888889
"2008-06-01","dustin","cedar","49014000","lemna.trisulca",0.032258064516129,1,0.39624,0.0232558139534884,86,62,72,0.0277777777777778
"2008-06-01","dustin","cedar","49014000","myriophyllum.sibiricum",0.0806451612903226,1,3.048,0.0581395348837209,86,62,72,0.0694444444444444
"2008-06-01","dustin","cedar","49014000","nuphar.spp",0.0161290322580645,1,3.048,0.0116279069767442,86,62,72,0.0138888888888889
"2008-06-01","dustin","cedar","49014000","typha.spp",0.0967741935483871,1,0.85344,0.0697674418604651,86,62,72,0.0833333333333333
"2008-06-01","dustin","cedar","49014000","potamogeton.amplifolius",0.032258064516129,1,1.88976,0.0232558139534884,86,62,72,0.0277777777777778
"2008-06-01","dustin","cedar","49014000","potamogeton.zosterifomis",0.0645161290322581,1,2.1336,0.0465116279069767,86,62,72,0.0555555555555556
"2008-06-01","dustin","cedar","49014000","zizania.palustris",0.145161290322581,1,0.85344,0.104651162790698,86,62,72,0.125
"2008-06-01","dustin","stolaf","81000300","algae.filamentous",0.596153846153846,1,3.44424,0.563636363636364,55,52,47,0.659574468085106
"2008-06-01","dustin","stolaf","81000300","ceratophyllum.demersum",0.461538461538462,1,3.2004,0.436363636363636,55,52,47,0.51063829787234
"2008-06-01","dustin","stolaf","81000300","potamogeton.crispus",0.403846153846154,1,2.4384,0.381818181818182,55,52,47,0.446808510638298
"2008-06-01","dustin","stolaf","81000300","chara.spp",0.0961538461538462,1,2.16408,0.0909090909090909,55,52,47,0.106382978723404
"2008-06-01","dustin","stolaf","81000300","myriophyllum.sibiricum",0.0769230769230769,1,1.12776,0.0727272727272727,55,52,47,0.0851063829787234
"2008-06-01","dustin","stolaf","81000300","nymphaea.spp",0.0192307692307692,1,0.64008,0.0181818181818182,55,52,47,0.0212765957446809
"2008-06-01","dustin","stolaf","81000300","potamogeton.zosterifomis",0.230769230769231,1,4.38912,0.218181818181818,55,52,47,0.234042553191489
"2008-06-02","dustin","carlos","21005700","algae.filamentous",0.00938086303939963,1,1.70688,0.00796178343949045,628,533,572,0.00874125874125874
"2008-06-02","dustin","carlos","21005700","ceratophyllum.demersum",0.099437148217636,1,6.7056,0.127388535031847,628,533,572,0.131118881118881
"2008-06-02","dustin","carlos","21005700","elodea.canadensis",0.0206378986866792,1,7.3152,0.0254777070063694,628,533,572,0.0244755244755245
"2008-06-02","dustin","carlos","21005700","chara.spp",0.658536585365854,1,26.8224,0.595541401273885,628,533,572,0.641608391608392
"2008-06-02","dustin","carlos","21005700","najas.spp",0.0168855534709193,1,3.26136,0.0143312101910828,628,533,572,0.0157342657342657
"2008-06-02","dustin","carlos","21005700","lemna.trisulca",0.00938086303939963,1,2.286,0.00796178343949045,628,533,572,0.00874125874125874
"2008-06-02","dustin","carlos","21005700","utricularia.spp",0.232645403377111,1,4.08432,0.197452229299363,628,533,572,0.216783216783217
"2008-06-02","dustin","carlos","21005700","myriophyllum.sibiricum",0.153846153846154,1,5.9436,0.138535031847134,628,533,572,0.152097902097902
"2008-06-02","dustin","carlos","21005700","eleocharis.spp",0.00187617260787992,1,1.49352,0.00159235668789809,628,533,572,0.00174825174825175
"2008-06-02","dustin","carlos","21005700","typha.spp",0.00187617260787992,1,0.6096,0.00159235668789809,628,533,572,0.00174825174825175
"2008-06-02","dustin","carlos","21005700","potamogeton.praelongus",0.0187617260787993,1,4.4196,0.0159235668789809,628,533,572,0.0174825174825175
"2008-06-02","dustin","carlos","21005700","potamogeton.zosterifomis",0.0487804878048781,1,4.08432,0.0414012738853503,628,533,572,0.0454545454545455
"2008-06-02","dustin","carlos","21005700","schoenoplectus.acutus",0.0131332082551595,1,1.46304,0.0111464968152866,628,533,572,0.0122377622377622
"2008-06-02","dustin","carlos","21005700","potamogeton.narrow",0.00375234521575985,1,3.26136,0.00318471337579618,628,533,572,0.0034965034965035
"2008-06-02","dustin","carlos","21005700","mosses.aquatic",0.026266416510319,1,12.8016,0.0238853503184713,628,533,572,0.0244755244755245
"2008-06-03","dustin","belle","47004900","potamogeton.crispus",0.0413533834586466,1,1.18872,0.0411985018726592,267,266,120,0.0916666666666667
"2008-06-04","dustin","carrie","34003200","chara.spp",0.0169491525423729,1,1.12776,0.0166666666666667,60,59,55,0.0181818181818182
"2008-06-04","dustin","carrie","34003200","stuckenia.pectinata",0.0508474576271186,1,0.4572,0.05,60,59,55,0.0545454545454545
"2008-06-04","dustin","carrie","34003200","nuphar.spp",0.0508474576271186,1,0.6096,0.05,60,59,55,0.0545454545454545
"2008-06-04","dustin","carrie","34003200","typha.spp",0.169491525423729,1,0.4572,0.166666666666667,60,59,55,0.181818181818182
"2008-06-04","dustin","carrie","34003200","schoenoplectus.acutus",0.11864406779661,1,0.6096,0.116666666666667,60,59,55,0.127272727272727
"2008-06-04","dustin","carrie","34003200","potamogeton.natans",0.0508474576271186,1,0.6096,0.05,60,59,55,0.0545454545454545
"2008-06-04","dustin","carrie","34003200","mosses.aquatic",0.169491525423729,1,1.0668,0.166666666666667,60,59,55,0.181818181818182
"2008-06-06","newman","blueberry","80003400","ceratophyllum.demersum",0.172872340425532,2.16923076923077,2.2,0.172872340425532,376,376,133,0.398496240601504
"2008-06-06","newman","blueberry","80003400","potamogeton.crispus",0.191489361702128,1.91666666666667,2.6,0.191489361702128,376,376,133,0.0827067669172932
"2008-06-06","newman","blueberry","80003400","najas.flexilis",0.0824468085106383,1.41935483870968,1.8,0.0824468085106383,376,376,133,0.218045112781955
"2008-06-06","newman","blueberry","80003400","vallisneria.americana",0.0132978723404255,1.2,1.7,0.0132978723404255,376,376,133,0.0300751879699248
"2008-06-06","newman","blueberry","80003400","brasenia.schreberi",0.0132978723404255,1,1.5,0.0132978723404255,376,376,133,0.0300751879699248
"2008-06-06","newman","blueberry","80003400","elodea.canadensis",0.0398936170212766,1.2,1.9,0.0398936170212766,376,376,133,0.0977443609022556
"2008-06-06","newman","blueberry","80003400","nymphaea.odorata",0.0292553191489362,1.18181818181818,1,0.0292553191489362,376,376,133,0.0827067669172932
"2008-06-06","newman","blueberry","80003400","chara.spp",0.0904255319148936,1.61764705882353,1.4,0.0904255319148936,376,376,133,0.24812030075188
"2008-06-06","newman","blueberry","80003400","stuckenia.pectinata",0.111702127659574,1.9047619047619,1.5,0.111702127659574,376,376,133,0.278195488721804
"2008-06-06","newman","blueberry","80003400","lemna.minor",0.0212765957446809,1.125,2,0.0212765957446809,376,376,133,0.0225563909774436
"2008-06-06","newman","blueberry","80003400","lemna.trisulca",0.00265957446808511,1,0.4,0.00265957446808511,376,376,133,0.0075187969924812
"2008-06-06","newman","blueberry","80003400","myriophyllum.sibiricum",0.00265957446808511,1,0.3,0.00265957446808511,376,376,133,0.0075187969924812
"2008-06-06","newman","blueberry","80003400","zannichellia.palustris",0.0186170212765957,1.14285714285714,1.6,0.0186170212765957,376,376,133,0.0451127819548872
"2008-06-06","newman","blueberry","80003400","nuphar.variegata",0.0398936170212766,1.2,1.9,0.0398936170212766,376,376,133,0.0977443609022556
"2008-06-06","newman","blueberry","80003400","potamogeton.amplifolius",0.00797872340425532,1.66666666666667,2.4,0.00797872340425532,376,376,133,0.0150375939849624
"2008-06-06","newman","blueberry","80003400","utricularia.vulgaris",0.00265957446808511,2,0.4,0.00265957446808511,376,376,133,0.0075187969924812
"2008-06-06","newman","blueberry","80003400","bidens.beckii",0.0212765957446809,1.25,1.3,0.0212765957446809,376,376,133,0.0451127819548872
"2008-06-06","newman","blueberry","80003400","schoenoplectus.acutus",0.0106382978723404,1,0.9,0.0106382978723404,376,376,133,0.0300751879699248
"2008-06-06","newman","blueberry","80003400","potamogeton.friesii",0.0265957446808511,2.3,0.9,0.0265957446808511,376,376,133,0.075187969924812
"2008-06-06","newman","blueberry","80003400","hippuris.vulgaris",0.0212765957446809,3.375,1,0.0212765957446809,376,376,133,0.0601503759398496
"2008-06-09","dustin","stjames","83004300","algae.filamentous",0.859259259259259,1,4.2672,0.846715328467153,137,135,104,0.903846153846154
"2008-06-09","dustin","stjames","83004300","ceratophyllum.demersum",0.437037037037037,1,4.2672,0.430656934306569,137,135,104,0.490384615384615
"2008-06-09","dustin","stjames","83004300","potamogeton.crispus",0.466666666666667,1,4.2672,0.45985401459854,137,135,104,0.461538461538462
"2008-06-09","dustin","stjames","83004300","potamogeton.richardsonii",0.222222222222222,1,3.07848,0.218978102189781,137,135,104,0.278846153846154
"2008-06-09","dustin","stjames","83004300","stuckenia.pectinata",0.266666666666667,1,4.2672,0.262773722627737,137,135,104,0.317307692307692
"2008-06-09","dustin","stjames","83004300","lemna.minor",0.0888888888888889,1,0.94488,0.0875912408759124,137,135,104,0.115384615384615
"2008-06-09","dustin","stjames","83004300","myriophyllum.sibiricum",0.488888888888889,1,3.9624,0.481751824817518,137,135,104,0.586538461538462
"2008-06-09","dustin","stjames","83004300","typha.spp",0.0444444444444444,1,0.9144,0.0437956204379562,137,135,104,0.0576923076923077
"2008-06-09","dustin","stjames","83004300","potamogeton.zosterifomis",0.17037037037037,1,2.7432,0.167883211678832,137,135,104,0.221153846153846
"2008-06-09","johnson","weaver","27011700","ceratophyllum.demersum",0.12962962962963,1.5,4.2,0.112903225806452,124,108,115,0.121739130434783
"2008-06-09","johnson","weaver","27011700","vallisneria.americana",0.00925925925925926,1,0.9,0.00806451612903226,124,108,115,0.00869565217391304
"2008-06-09","johnson","weaver","27011700","elodea.canadensis",0.00925925925925926,1,0.6,0.00806451612903226,124,108,115,0.00869565217391304
"2008-06-09","johnson","weaver","27011700","nymphaea.odorata",0.0925925925925926,1,1.4,0.0806451612903226,124,108,115,0.0869565217391304
"2008-06-09","johnson","weaver","27011700","chara.spp",0.12037037037037,1.38461538461538,1.8,0.104838709677419,124,108,115,0.11304347826087
"2008-06-09","johnson","weaver","27011700","lemna.minor",0.0277777777777778,1,0.7,0.0241935483870968,124,108,115,0.0260869565217391
"2008-06-09","johnson","weaver","27011700","lemna.trisulca",0.0185185185185185,1,1.1,0.0161290322580645,124,108,115,0.0173913043478261
"2008-06-09","johnson","weaver","27011700","heteranthera.dubia",0.0648148148148148,1,2.9,0.0564516129032258,124,108,115,0.0608695652173913
"2008-06-09","johnson","weaver","27011700","zannichellia.palustris",0.0555555555555556,1,1.1,0.0483870967741935,124,108,115,0.0521739130434783
"2008-06-09","johnson","weaver","27011700","nuphar.variegata",0.00925925925925926,2,1.4,0.00806451612903226,124,108,115,0.00869565217391304
"2008-06-09","johnson","weaver","27011700","potamogeton.zosterifomis",0.0555555555555556,1,1.8,0.0483870967741935,124,108,115,0.0521739130434783
"2008-06-10","johnson","rebecca","27019200","ceratophyllum.demersum",0.248275862068966,1.75,4.2,0.230769230769231,156,145,114,0.307017543859649
"2008-06-10","johnson","rebecca","27019200","potamogeton.crispus",0.868965517241379,2.74418604651163,4.6,0.826923076923077,156,145,114,0.93859649122807
"2008-06-10","johnson","rebecca","27019200","myriophyllum.spicatum",0.296551724137931,1.74418604651163,4.2,0.275641025641026,156,145,114,0.368421052631579
"2008-06-10","johnson","rebecca","27019200","spirodela.polyrhiza",0.00689655172413793,1,0.5,0.00641025641025641,156,145,114,0.0087719298245614
"2008-06-10","johnson","rebecca","27019200","nymphaea.odorata",0.0551724137931034,1,1.6,0.0512820512820513,156,145,114,0.0701754385964912
"2008-06-10","johnson","rebecca","27019200","stuckenia.pectinata",0.0344827586206897,1,1.6,0.032051282051282,156,145,114,0.043859649122807
"2008-06-10","johnson","rebecca","27019200","lemna.minor",0.0275862068965517,1,1.9,0.0256410256410256,156,145,114,0.0350877192982456
"2008-06-10","johnson","rebecca","27019200","potamogeton.pusillus",0.00689655172413793,1,1.1,0.00641025641025641,156,145,114,0.0087719298245614
"2008-06-10","johnson","rebecca","27019200","nuphar.variegata",0.0137931034482759,1,1.8,0.0128205128205128,156,145,114,0.0175438596491228
"2008-06-12","johnson","fish","70006900","ceratophyllum.demersum",0.693548387096774,2.6046511627907,4.4,0.671875,128,124,86,0.895348837209302
"2008-06-12","johnson","fish","70006900","potamogeton.crispus",0.161290322580645,1,3.7,0.15625,128,124,86,0.22093023255814
"2008-06-12","johnson","fish","70006900","vallisneria.americana",0.0241935483870968,1,1.1,0.0234375,128,124,86,0.0348837209302326
"2008-06-12","johnson","fish","70006900","nymphaea.odorata",0.0403225806451613,1,1,0.0390625,128,124,86,0.0581395348837209
"2008-06-12","johnson","fish","70006900","chara.spp",0.032258064516129,1,1.4,0.03125,128,124,86,0.0465116279069767
"2008-06-12","johnson","fish","70006900","stuckenia.pectinata",0.00806451612903226,1,1,0.0078125,128,124,86,0.0116279069767442
"2008-06-12","johnson","fish","70006900","lemna.minor",0.00806451612903226,1,0.7,0.0078125,128,124,86,0.0116279069767442
"2008-06-12","johnson","fish","70006900","myriophyllum.sibiricum",0.137096774193548,1.05882352941176,2.2,0.1328125,128,124,86,0.197674418604651
"2008-06-12","johnson","fish","70006900","heteranthera.dubia",0.104838709677419,1,2,0.1015625,128,124,86,0.151162790697674
"2008-06-12","johnson","fish","70006900","typha.spp",0.00806451612903226,1,0.9,0.0078125,128,124,86,0.0116279069767442
"2008-06-12","johnson","fish","70006900","zannichellia.palustris",0.0241935483870968,1,1,0.0234375,128,124,86,0.0348837209302326
"2008-06-12","johnson","fish","70006900","nuphar.variegata",0.0564516129032258,1,1.4,0.0546875,128,124,86,0.0813953488372093
"2008-06-12","johnson","fish","70006900","potamogeton.nodosus",0.0161290322580645,1,0.7,0.015625,128,124,86,0.0232558139534884
"2008-06-12","sblood","kohlman","62000600","algae.filamentous",0.0229007633587786,1.33333333333333,1.0668,0.0229007633587786,131,131,131,0.0229007633587786
"2008-06-12","sblood","kohlman","62000600","ceratophyllum.demersum",0.610687022900763,1.875,2.37744,0.610687022900763,131,131,131,0.610687022900763
"2008-06-12","sblood","kohlman","62000600","potamogeton.crispus",0.00763358778625954,1,1.73736,0.00763358778625954,131,131,131,0.00763358778625954
"2008-06-12","sblood","kohlman","62000600","spirodela.polyrhiza",0.00763358778625954,1,0.6096,0.00763358778625954,131,131,131,0.00763358778625954
"2008-06-12","sblood","kohlman","62000600","elodea.canadensis",0.0152671755725191,1,1.55448,0.0152671755725191,131,131,131,0.0152671755725191
"2008-06-12","sblood","kohlman","62000600","nymphaea.odorata",0.32824427480916,1.34883720930233,1.2192,0.32824427480916,131,131,131,0.32824427480916
"2008-06-12","sblood","kohlman","62000600","stuckenia.pectinata",0.0534351145038168,1,0.85344,0.0534351145038168,131,131,131,0.0534351145038168
"2008-06-12","sblood","kohlman","62000600","najas.spp",0.00763358778625954,1,0.67056,0.00763358778625954,131,131,131,0.00763358778625954
"2008-06-12","sblood","kohlman","62000600","lemna.minor",0.0229007633587786,1,0.73152,0.0229007633587786,131,131,131,0.0229007633587786
"2008-06-12","sblood","kohlman","62000600","potamogeton.zosteriformis",0.0687022900763359,1,1.79832,0.0687022900763359,131,131,131,0.0687022900763359
"2008-06-12","sblood","kohlman","62000600","algae",0.229007633587786,1.16666666666667,2.37744,0.229007633587786,131,131,131,0.229007633587786
"2008-06-12","sblood","kohlman","62000600","potamogeton.spp",0.0152671755725191,1,0.6096,0.0152671755725191,131,131,131,0.0152671755725191
"2008-06-12","sblood","kohlman","62000600","nuphar.advena",0.0229007633587786,1.33333333333333,0.85344,0.0229007633587786,131,131,131,0.0229007633587786
"2008-06-13","johnson","julia","71014500","elodea.canadensis",0.377358490566038,1.325,3.4,0.377358490566038,106,106,7,0.428571428571429
"2008-06-13","johnson","julia","71014500","chara.spp",0.216981132075472,1.60869565217391,2.8,0.216981132075472,106,106,7,0.857142857142857
"2008-06-13","johnson","julia","71014500","heteranthera.dubia",0.0471698113207547,1,2.1,0.0471698113207547,106,106,7,0.285714285714286
"2008-06-13","johnson","julia","71014500","najas.guadalupensis",0.19811320754717,1.38095238095238,3.2,0.19811320754717,106,106,7,0.714285714285714
"2008-06-13","johnson","rush","71014700","elodea.canadensis",0.625,1.38571428571429,3.8,0.625,112,112,3,0.666666666666667
"2008-06-13","johnson","rush","71014700","nymphaea.odorata",0.0446428571428571,1,1.2,0.0446428571428571,112,112,3,0.333333333333333
"2008-06-13","johnson","rush","71014700","chara.spp",0.0982142857142857,1.45454545454545,1.3,0.0982142857142857,112,112,3,0.333333333333333
"2008-06-13","mccomas","reshanau","02000900","nuphar.variegata",0.0153846153846154,2,1.524,0.0153846153846154,130,130,10,0.1
"2008-06-13","mccomas","reshanau","02000900","potamogeton.narrow",0.00769230769230769,1,0.9144,0.00769230769230769,130,130,10,0.1
"2008-06-16","brasch","hyland","27004800","potamogeton.crispus",0.974789915966387,3.10344827586207,3,0.974789915966387,119,119,31,0.903225806451613
"2008-06-16","johnson","coal","77004600","ceratophyllum.demersum",0.329268292682927,1.17857142857143,5.2,0.23728813559322,118,82,101,0.277227722772277
"2008-06-16","johnson","coal","77004600","potamogeton.crispus",0.426829268292683,1.75,6.1,0.338983050847458,118,82,101,0.386138613861386
"2008-06-16","johnson","coal","77004600","najas.flexilis",0.0121951219512195,1,0.6,0.00847457627118644,118,82,101,0.0099009900990099
"2008-06-16","johnson","coal","77004600","brasenia.schreberi",0.0365853658536585,1,1,0.0254237288135593,118,82,101,0.0297029702970297
"2008-06-16","johnson","coal","77004600","elodea.canadensis",0.158536585365854,1.15384615384615,3.6,0.110169491525424,118,82,101,0.128712871287129
"2008-06-16","johnson","coal","77004600","nymphaea.odorata",0.134146341463415,1,2,0.0932203389830508,118,82,101,0.108910891089109
"2008-06-16","johnson","coal","77004600","chara.spp",0.024390243902439,1,1.2,0.0169491525423729,118,82,101,0.0198019801980198
"2008-06-16","johnson","coal","77004600","lemna.trisulca",0.0121951219512195,1,2.3,0.00847457627118644,118,82,101,0.0099009900990099
"2008-06-16","johnson","coal","77004600","myriophyllum.sibiricum",0.0365853658536585,1,1.7,0.0254237288135593,118,82,101,0.0297029702970297
"2008-06-16","johnson","coal","77004600","potamogeton.pusillus",0.0365853658536585,1,0.8,0.0254237288135593,118,82,101,0.0297029702970297
"2008-06-16","johnson","coal","77004600","heteranthera.dubia",0.0365853658536585,1,1.7,0.0254237288135593,118,82,101,0.0297029702970297
"2008-06-16","johnson","coal","77004600","nuphar.variegata",0.0975609756097561,1,1.2,0.0677966101694915,118,82,101,0.0792079207920792
"2008-06-16","johnson","coal","77004600","potamogeton.amplifolius",0.134146341463415,1.27272727272727,2.5,0.0932203389830508,118,82,101,0.108910891089109
"2008-06-16","johnson","coal","77004600","potamogeton.illinoensis",0.109756097560976,1,2.3,0.076271186440678,118,82,101,0.0891089108910891
"2008-06-16","johnson","coal","77004600","potamogeton.praelongus",0.207317073170732,1.05882352941176,2.9,0.144067796610169,118,82,101,0.168316831683168
"2008-06-16","johnson","coal","77004600","potamogeton.zosterifomis",0.390243902439024,1.12121212121212,5,0.279661016949153,118,82,101,0.326732673267327
"2008-06-16","johnson","coal","77004600","utricularia.vulgaris",0.024390243902439,1,0.7,0.0169491525423729,118,82,101,0.0198019801980198
"2008-06-16","johnson","coal","77004600","bidens.beckii",0.0365853658536585,1.66666666666667,2,0.0254237288135593,118,82,101,0.0297029702970297
"2008-06-16","johnson","coal","77004600","zizania.spp",0.0365853658536585,1,1,0.0254237288135593,118,82,101,0.0297029702970297
"2008-06-16","johnson","coal","77004600","schoenoplectus.acutus",0.0365853658536585,1,1,0.0254237288135593,118,82,101,0.0297029702970297
"2008-06-16","johnson","coal","77004600","potamogeton.robbinsii",0.646341463414634,2.24074074074074,5,0.457627118644068,118,82,101,0.534653465346535
"2008-06-16","johnson","coal","77004600","fontinalis.antipyretica",0.0121951219512195,1,4.2,0.00847457627118644,118,82,101,0.0099009900990099
"2008-06-16","johnson","coal","77004600","equisetum.fluviatile",0.024390243902439,1,1.2,0.0169491525423729,118,82,101,0.0198019801980198
"2008-06-17","mccomas","gleason","27009500","algae.filamentous",0.523255813953488,1.86666666666667,2.7432,0.523255813953488,86,86,81,0.555555555555556
"2008-06-17","mccomas","gleason","27009500","ceratophyllum.demersum",0.430232558139535,1.89189189189189,2.1336,0.430232558139535,86,86,81,0.45679012345679
"2008-06-17","mccomas","gleason","27009500","potamogeton.crispus",0.0116279069767442,1,1.6764,0.0116279069767442,86,86,81,0.0123456790123457
"2008-06-17","mccomas","gleason","27009500","nymphaea.odorata",0.406976744186047,2.71428571428571,2.1336,0.406976744186047,86,86,81,0.432098765432099
"2008-06-17","mccomas","gleason","27009500","lemna.trisulca",0.0116279069767442,1,1.2192,0.0116279069767442,86,86,81,0.0123456790123457
"2008-06-17","mccomas","gleason","27009500","elodea.spp",0.0465116279069767,1,1.8288,0.0465116279069767,86,86,81,0.0493827160493827
"2008-06-17","mccomas","gleason","27009500","typha.spp",0.0232558139534884,4,1.524,0.0232558139534884,86,86,81,0.0246913580246914
"2008-06-17","mccomas","gleason","27009500","nuphar.variegata",0.0116279069767442,1,0.6096,0.0116279069767442,86,86,81,0.0123456790123457
"2008-06-17","mccomas","gleason","27009500","lemnaceae",0.209302325581395,1.05555555555556,2.1336,0.209302325581395,86,86,81,0.222222222222222
"2008-06-19","brasch","cleary","70002200","ceratophyllum.demersum",0.555555555555556,1.525,2.2,0.555555555555556,72,72,72,0.555555555555556
"2008-06-19","brasch","cleary","70002200","potamogeton.crispus",0.194444444444444,1.35714285714286,2.1,0.194444444444444,72,72,72,0.194444444444444
"2008-06-19","brasch","cleary","70002200","potamogeton.foliosus",0.333333333333333,1.79166666666667,1.8,0.333333333333333,72,72,72,0.333333333333333
"2008-06-19","brasch","cleary","70002200","elodea.canadensis",0.777777777777778,2.32142857142857,2.2,0.777777777777778,72,72,72,0.777777777777778
"2008-06-19","brasch","cleary","70002200","chara.spp",0.0277777777777778,1.5,1.5,0.0277777777777778,72,72,72,0.0277777777777778
"2008-06-19","brasch","cleary","70002200","zannichellia.palustris",0.0416666666666667,1.33333333333333,1.9,0.0416666666666667,72,72,72,0.0416666666666667
"2008-06-19","johnson","vails","73015100","ceratophyllum.demersum",0.261194029850746,1.14285714285714,4.4,0.231788079470199,151,134,4,0.5
"2008-06-19","johnson","vails","73015100","stuckenia.pectinata",0.223880597014925,1.06666666666667,4.1,0.198675496688742,151,134,4,0.75
"2008-07-01","johnson","crookneck","49013300","ceratophyllum.demersum",0.72027972027972,2.36974789915966,5.8,0.607142857142857,196,143,153,0.73202614379085
"2008-07-01","johnson","crookneck","49013300","potamogeton.crispus",0.104895104895105,1.13333333333333,4.2,0.076530612244898,196,143,153,0.0980392156862745
"2008-07-01","johnson","crookneck","49013300","potamogeton.foliosus",0.111888111888112,1.125,4.2,0.0816326530612245,196,143,153,0.104575163398693
"2008-07-01","johnson","crookneck","49013300","najas.flexilis",0.034965034965035,1,1.2,0.0255102040816327,196,143,153,0.0326797385620915
"2008-07-01","johnson","crookneck","49013300","vallisneria.americana",0.13986013986014,1,1.9,0.102040816326531,196,143,153,0.130718954248366
"2008-07-01","johnson","crookneck","49013300","elodea.canadensis",0.048951048951049,1.28571428571429,3.2,0.0357142857142857,196,143,153,0.0457516339869281
"2008-07-01","johnson","crookneck","49013300","nymphaea.odorata",0.0629370629370629,1.11111111111111,2.6,0.0459183673469388,196,143,153,0.0588235294117647
"2008-07-01","johnson","crookneck","49013300","chara.spp",0.0769230769230769,1.27272727272727,1.5,0.0561224489795918,196,143,153,0.0718954248366013
"2008-07-01","johnson","crookneck","49013300","lemna.trisulca",0.384615384615385,1.05454545454545,4.2,0.280612244897959,196,143,153,0.359477124183007
"2008-07-01","johnson","crookneck","49013300","myriophyllum.sibiricum",0.020979020979021,1,2,0.0153061224489796,196,143,153,0.0196078431372549
"2008-07-01","johnson","crookneck","49013300","heteranthera.dubia",0.027972027972028,1,3.3,0.0204081632653061,196,143,153,0.0261437908496732
"2008-07-01","johnson","crookneck","49013300","zannichellia.palustris",0.00699300699300699,1,0.2,0.00510204081632653,196,143,153,0.0065359477124183
"2008-07-01","johnson","crookneck","49013300","eleocharis.acicularis",0.027972027972028,1,0.9,0.0204081632653061,196,143,153,0.0261437908496732
"2008-07-01","johnson","crookneck","49013300","nuphar.variegata",0.034965034965035,1,2,0.0255102040816327,196,143,153,0.0326797385620915
"2008-07-01","johnson","crookneck","49013300","potamogeton.illinoensis",0.111888111888112,1.0625,2.1,0.0816326530612245,196,143,153,0.104575163398693
"2008-07-01","johnson","crookneck","49013300","potamogeton.praelongus",0.00699300699300699,1,1.8,0.00510204081632653,196,143,153,0.0065359477124183
"2008-07-01","johnson","crookneck","49013300","najas.guadalupensis",0.811188811188811,2.27118644067797,5.2,0.602040816326531,196,143,153,0.764705882352941
"2008-07-01","johnson","crookneck","49013300","fontinalis.antipyretica",0.00699300699300699,1,1.2,0.00510204081632653,196,143,153,0.0065359477124183
"2008-07-01","johnson","crookneck","49013300","potamogeton.gramineus",0.00699300699300699,1,0.4,0.00510204081632653,196,143,153,0.0065359477124183
"2008-07-02","johnson","lowermission","18024300","ceratophyllum.demersum",0.455026455026455,1.4,5.8,0.352941176470588,255,189,115,0.634782608695652
"2008-07-02","johnson","lowermission","18024300","potamogeton.crispus",0.121693121693122,1,5,0.0980392156862745,255,189,115,0.0347826086956522
"2008-07-02","johnson","lowermission","18024300","najas.flexilis",0.0476190476190476,1,1.4,0.0352941176470588,255,189,115,0.0782608695652174
"2008-07-02","johnson","lowermission","18024300","vallisneria.americana",0.00529100529100529,1,0.7,0.00392156862745098,255,189,115,0.00869565217391304
"2008-07-02","johnson","lowermission","18024300","potamogeton.richardsonii",0.0105820105820106,1,0.9,0.00784313725490196,255,189,115,0.0173913043478261
"2008-07-02","johnson","lowermission","18024300","spirodela.polyrhiza",0.00529100529100529,1,0.6,0.00392156862745098,255,189,115,0.00869565217391304
"2008-07-02","johnson","lowermission","18024300","elodea.canadensis",0.148148148148148,1.13333333333333,4.6,0.117647058823529,255,189,115,0.2
"2008-07-02","johnson","lowermission","18024300","nymphaea.odorata",0.164021164021164,1,3.3,0.12156862745098,255,189,115,0.260869565217391
"2008-07-02","johnson","lowermission","18024300","chara.spp",0.259259259259259,1.36734693877551,2.9,0.192156862745098,255,189,115,0.417391304347826
"2008-07-02","johnson","lowermission","18024300","stuckenia.pectinata",0.037037037037037,1,2.2,0.0274509803921569,255,189,115,0.0608695652173913
"2008-07-02","johnson","lowermission","18024300","lemna.minor",0.00529100529100529,1,0.6,0.00392156862745098,255,189,115,0.00869565217391304
"2008-07-02","johnson","lowermission","18024300","lemna.trisulca",0.470899470899471,1.01075268817204,4.9,0.364705882352941,255,189,115,0.539130434782609
"2008-07-02","johnson","lowermission","18024300","ranunculus.aquatilis",0.0105820105820106,1,0.9,0.00784313725490196,255,189,115,0.0173913043478261
"2008-07-02","johnson","lowermission","18024300","myriophyllum.sibiricum",0.0158730158730159,1.33333333333333,1.6,0.0117647058823529,255,189,115,0.0260869565217391
"2008-07-02","johnson","lowermission","18024300","heteranthera.dubia",0.0740740740740741,1.14285714285714,2.1,0.0549019607843137,255,189,115,0.121739130434783
"2008-07-02","johnson","lowermission","18024300","nuphar.variegata",0.195767195767196,1.02702702702703,1.7,0.145098039215686,255,189,115,0.321739130434783
"2008-07-02","johnson","lowermission","18024300","potamogeton.praelongus",0.0211640211640212,1,2.2,0.0156862745098039,255,189,115,0.0347826086956522
"2008-07-02","johnson","lowermission","18024300","utricularia.vulgaris",0.0687830687830688,1.15384615384615,2.7,0.0509803921568627,255,189,115,0.104347826086957
"2008-07-02","johnson","lowermission","18024300","zizania.spp",0.195767195767196,1.24324324324324,1.4,0.145098039215686,255,189,115,0.321739130434783
"2008-07-02","johnson","lowermission","18024300","schoenoplectus.acutus",0.195767195767196,1,1.8,0.145098039215686,255,189,115,0.321739130434783
"2008-07-02","johnson","lowermission","18024300","phragmites.australis",0.0105820105820106,1,1.2,0.00784313725490196,255,189,115,0.0173913043478261
"2008-07-02","johnson","lowermission","18024300","potamogeton.gramineus",0.0317460317460317,1,0.9,0.0235294117647059,255,189,115,0.0521739130434783
"2008-07-14","dustin","carrie","34003200","nuphar.spp",0.0833333333333333,1,0.4572,0.0833333333333333,60,60,57,0.087719298245614
"2008-07-14","dustin","carrie","34003200","typha.spp",0.0666666666666667,1,0.3048,0.0666666666666667,60,60,57,0.0701754385964912
"2008-07-14","dustin","carrie","34003200","schoenoplectus.acutus",0.15,1,0.6096,0.15,60,60,57,0.157894736842105
"2008-07-14","dustin","carrie","34003200","drepanocladus.spp",0.0166666666666667,1,0.24384,0.0166666666666667,60,60,57,0.0175438596491228
"2008-07-21","dustin","cedar","49014000","algae.filamentous",0.298245614035088,1,1.46304,0.2125,80,57,66,0.257575757575758
"2008-07-21","dustin","cedar","49014000","ceratophyllum.demersum",0.175438596491228,1,6.096,0.15,80,57,66,0.181818181818182
"2008-07-21","dustin","cedar","49014000","najas.flexilis",0.140350877192982,1,0.73152,0.1,80,57,66,0.121212121212121
"2008-07-21","dustin","cedar","49014000","potamogeton.richardsonii",0.0526315789473684,1,1.46304,0.0375,80,57,66,0.0454545454545454
"2008-07-21","dustin","cedar","49014000","spirodela.polyrhiza",0.0526315789473684,1,0.6096,0.0375,80,57,66,0.0454545454545454
"2008-07-21","dustin","cedar","49014000","chara.spp",0.789473684210526,1,6.096,0.5875,80,57,66,0.712121212121212
"2008-07-21","dustin","cedar","49014000","stuckenia.pectinata",0.350877192982456,1,3.5052,0.25,80,57,66,0.303030303030303
"2008-07-21","dustin","cedar","49014000","najas.spp",0.0350877192982456,1,0.54864,0.025,80,57,66,0.0303030303030303
"2008-07-21","dustin","cedar","49014000","lemna.minor",0.0526315789473684,1,0.6096,0.0375,80,57,66,0.0454545454545454
"2008-07-21","dustin","cedar","49014000","lemna.trisulca",0.0350877192982456,1,0.4572,0.025,80,57,66,0.0303030303030303
"2008-07-21","dustin","cedar","49014000","utricularia.spp",0.0350877192982456,1,0.762,0.025,80,57,66,0.0303030303030303
"2008-07-21","dustin","cedar","49014000","myriophyllum.sibiricum",0.210526315789474,1,3.5052,0.15,80,57,66,0.181818181818182
"2008-07-21","dustin","cedar","49014000","heteranthera.dubia",0.0175438596491228,1,0.57912,0.0125,80,57,66,0.0151515151515152
"2008-07-21","dustin","cedar","49014000","nymphaea.spp",0.105263157894737,1,0.762,0.075,80,57,66,0.0909090909090909
"2008-07-21","dustin","cedar","49014000","nuphar.spp",0.105263157894737,1,0.762,0.075,80,57,66,0.0909090909090909
"2008-07-21","dustin","cedar","49014000","typha.spp",0.105263157894737,1,0.762,0.075,80,57,66,0.0909090909090909
"2008-07-21","dustin","cedar","49014000","eleocharis.acicularis",0.0175438596491228,1,0.4572,0.0125,80,57,66,0.0151515151515152
"2008-07-21","dustin","cedar","49014000","potamogeton.amplifolius",0.12280701754386,1,1.15824,0.0875,80,57,66,0.106060606060606
"2008-07-21","dustin","cedar","49014000","potamogeton.illinoensis",0.192982456140351,1,1.46304,0.1375,80,57,66,0.166666666666667
"2008-07-21","dustin","cedar","49014000","potamogeton.praelongus",0.0175438596491228,1,1.18872,0.0125,80,57,66,0.0151515151515152
"2008-07-21","dustin","cedar","49014000","potamogeton.zosterifomis",0.12280701754386,1,3.9624,0.0875,80,57,66,0.106060606060606
"2008-07-21","dustin","cedar","49014000","schoenoplectus.acutus",0.0701754385964912,1,1.12776,0.05,80,57,66,0.0606060606060606
"2008-07-21","dustin","cedar","49014000","potamogeton.natans",0.0350877192982456,1,0.97536,0.025,80,57,66,0.0303030303030303
"2008-07-21","dustin","cedar","49014000","potamogeton.narrow",0.0350877192982456,1,2.1336,0.025,80,57,66,0.0303030303030303
"2008-07-21","dustin","cedar","49014000","potamogeton.friesii",0.0701754385964912,1,3.048,0.05,80,57,66,0.0606060606060606
"2008-07-21","dustin","cedar","49014000","ranunculus.spp",0.0526315789473684,1,0.762,0.0375,80,57,66,0.0454545454545454
"2008-07-21","dustin","cedar","49014000","sagittaria.spp",0.0526315789473684,1,0.6096,0.0375,80,57,66,0.0454545454545454
"2008-07-21","dustin","cedar","49014000","sparganium.spp",0.0175438596491228,1,0.4572,0.0125,80,57,66,0.0151515151515152
"2008-07-21","dustin","cedar","49014000","zizania.palustris",0.12280701754386,1,0.73152,0.0875,80,57,66,0.106060606060606
"2008-07-28","dustin","portage","29025000","algae.filamentous",0.0709459459459459,1,3.5052,0.0709459459459459,296,296,143,0.118881118881119
"2008-07-28","dustin","portage","29025000","ceratophyllum.demersum",0.391891891891892,1,4.02336,0.391891891891892,296,296,143,0.538461538461538
"2008-07-28","dustin","portage","29025000","potamogeton.crispus",0.0168918918918919,1,3.29184,0.0168918918918919,296,296,143,0.027972027972028
"2008-07-28","dustin","portage","29025000","najas.flexilis",0.097972972972973,1,2.68224,0.097972972972973,296,296,143,0.195804195804196
"2008-07-28","dustin","portage","29025000","vallisneria.americana",0.0540540540540541,1,1.88976,0.0540540540540541,296,296,143,0.111888111888112
"2008-07-28","dustin","portage","29025000","spirodela.polyrhiza",0.00675675675675676,1,0.70104,0.00675675675675676,296,296,143,0.013986013986014
"2008-07-28","dustin","portage","29025000","elodea.canadensis",0.00337837837837838,1,0.6096,0.00337837837837838,296,296,143,0.00699300699300699
"2008-07-28","dustin","portage","29025000","chara.spp",0.439189189189189,1,3.9624,0.439189189189189,296,296,143,0.832167832167832
"2008-07-28","dustin","portage","29025000","stuckenia.pectinata",0.0202702702702703,1,2.19456,0.0202702702702703,296,296,143,0.041958041958042
"2008-07-28","dustin","portage","29025000","lemna.minor",0.0135135135135135,1,1.03632,0.0135135135135135,296,296,143,0.027972027972028
"2008-07-28","dustin","portage","29025000","lemna.trisulca",0.121621621621622,1,3.6576,0.121621621621622,296,296,143,0.195804195804196
"2008-07-28","dustin","portage","29025000","utricularia.spp",0.00675675675675676,1,1.79832,0.00675675675675676,296,296,143,0.013986013986014
"2008-07-28","dustin","portage","29025000","myriophyllum.sibiricum",0.22972972972973,1,3.29184,0.22972972972973,296,296,143,0.405594405594406
"2008-07-28","dustin","portage","29025000","nuphar.spp",0.138513513513514,1,3.2004,0.138513513513514,296,296,143,0.258741258741259
"2008-07-28","dustin","portage","29025000","typha.spp",0.00337837837837838,1,0.67056,0.00337837837837838,296,296,143,0.00699300699300699
"2008-07-28","dustin","portage","29025000","potamogeton.illinoensis",0.0743243243243243,1,1.40208,0.0743243243243243,296,296,143,0.153846153846154
"2008-07-28","dustin","portage","29025000","potamogeton.zosterifomis",0.097972972972973,1,2.37744,0.097972972972973,296,296,143,0.202797202797203
"2008-07-28","dustin","portage","29025000","schoenoplectus.acutus",0.00337837837837838,1,0.79248,0.00337837837837838,296,296,143,0.00699300699300699
"2008-07-28","dustin","portage","29025000","potamogeton.natans",0.0101351351351351,1,1.0668,0.0101351351351351,296,296,143,0.020979020979021
"2008-07-28","dustin","portage","29025000","ranunculus.spp",0.00337837837837838,1,0.4572,0.00337837837837838,296,296,143,0.00699300699300699
"2008-07-28","dustin","portage","29025000","mosses.aquatic",0.0574324324324324,1,3.9624,0.0574324324324324,296,296,143,0.0629370629370629
"2008-07-28","dustin","portage","29025000","carex.spp",0.00337837837837838,1,0.67056,0.00337837837837838,296,296,143,0.00699300699300699
"2008-07-28","dustin","portage","29025000","zizania.palustris",0.0135135135135135,1,1.31064,0.0135135135135135,296,296,143,0.027972027972028
"2008-07-28","dustin","portage","29025000","nymphaea.x.sp",0.00337837837837838,1,0.94488,0.00337837837837838,296,296,143,0.00699300699300699
"2008-08-04","johnson","weaver","27011700","ceratophyllum.demersum",0.19811320754717,2.04761904761905,4.2,0.169354838709677,124,106,116,0.181034482758621
"2008-08-04","johnson","weaver","27011700","potamogeton.crispus",0.0566037735849057,1,2,0.0483870967741935,124,106,116,0.0517241379310345
"2008-08-04","johnson","weaver","27011700","najas.flexilis",0.0660377358490566,1.14285714285714,1,0.0564516129032258,124,106,116,0.0603448275862069
"2008-08-04","johnson","weaver","27011700","vallisneria.americana",0.179245283018868,1.47368421052632,1.7,0.153225806451613,124,106,116,0.163793103448276
"2008-08-04","johnson","weaver","27011700","elodea.canadensis",0.0188679245283019,1,1.6,0.0161290322580645,124,106,116,0.0172413793103448
"2008-08-04","johnson","weaver","27011700","nymphaea.odorata",0.141509433962264,1,1.3,0.120967741935484,124,106,116,0.129310344827586
"2008-08-04","johnson","weaver","27011700","chara.spp",0.150943396226415,1.25,1.6,0.129032258064516,124,106,116,0.137931034482759
"2008-08-04","johnson","weaver","27011700","stuckenia.pectinata",0.169811320754717,1.72222222222222,1.4,0.145161290322581,124,106,116,0.155172413793103
"2008-08-04","johnson","weaver","27011700","lemna.minor",0.0849056603773585,1,1.3,0.0725806451612903,124,106,116,0.0775862068965517
"2008-08-04","johnson","weaver","27011700","lemna.trisulca",0.0660377358490566,1,1.3,0.0564516129032258,124,106,116,0.0603448275862069
"2008-08-04","johnson","weaver","27011700","heteranthera.dubia",0.226415094339623,1.16666666666667,2.1,0.193548387096774,124,106,116,0.206896551724138
"2008-08-04","johnson","weaver","27011700","zannichellia.palustris",0.0943396226415094,1.3,1.6,0.0806451612903226,124,106,116,0.0862068965517241
"2008-08-04","johnson","weaver","27011700","nuphar.variegata",0.0471698113207547,1,1.6,0.0403225806451613,124,106,116,0.0431034482758621
"2008-08-04","johnson","weaver","27011700","sagittaria.graminea",0.00943396226415094,1,0.6,0.00806451612903226,124,106,116,0.00862068965517241
"2008-08-04","johnson","weaver","27011700","potamogeton.zosterifomis",0.0188679245283019,1,0.9,0.0161290322580645,124,106,116,0.0172413793103448
"2008-08-05","dustin","hill","1014200","algae.filamentous",0.11875,1,4.17576,0.0867579908675799,219,160,219,0.0867579908675799
"2008-08-05","dustin","hill","1014200","ceratophyllum.demersum",0.475,1,5.76072,0.365296803652968,219,160,219,0.365296803652968
"2008-08-05","dustin","hill","1014200","potamogeton.crispus",0.11875,1,4.1148,0.0867579908675799,219,160,219,0.0867579908675799
"2008-08-05","dustin","hill","1014200","najas.flexilis",0.06875,1,1.95072,0.0502283105022831,219,160,219,0.0502283105022831
"2008-08-05","dustin","hill","1014200","vallisneria.americana",0.175,1,4.1148,0.127853881278539,219,160,219,0.127853881278539
"2008-08-05","dustin","hill","1014200","potamogeton.richardsonii",0.1125,1,3.41376,0.0821917808219178,219,160,219,0.0821917808219178
"2008-08-05","dustin","hill","1014200","chara.spp",0.26875,1,2.49936,0.19634703196347,219,160,219,0.19634703196347
"2008-08-05","dustin","hill","1014200","stuckenia.pectinata",0.09375,1,2.10312,0.0684931506849315,219,160,219,0.0684931506849315
"2008-08-05","dustin","hill","1014200","lemna.trisulca",0.1375,1,4.90728,0.105022831050228,219,160,219,0.105022831050228
"2008-08-05","dustin","hill","1014200","myriophyllum.sibiricum",0.1375,1,4.1148,0.100456621004566,219,160,219,0.100456621004566
"2008-08-05","dustin","hill","1014200","potamogeton.pusillus",0.00625,1,2.34696,0.0045662100456621,219,160,219,0.0045662100456621
"2008-08-05","dustin","hill","1014200","nymphaea.spp",0.1125,1,2.22504,0.0821917808219178,219,160,219,0.0821917808219178
"2008-08-05","dustin","hill","1014200","nuphar.spp",0.14375,1,2.1336,0.105022831050228,219,160,219,0.105022831050228
"2008-08-05","dustin","hill","1014200","typha.spp",0.10625,1,1.24968,0.0776255707762557,219,160,219,0.0776255707762557
"2008-08-05","dustin","hill","1014200","potamogeton.praelongus",0.025,1,2.31648,0.0182648401826484,219,160,219,0.0182648401826484
"2008-08-05","dustin","hill","1014200","potamogeton.zosterifomis",0.33125,1,4.572,0.242009132420091,219,160,219,0.242009132420091
"2008-08-05","dustin","hill","1014200","utricularia.vulgaris",0.0375,1,3.10896,0.0273972602739726,219,160,219,0.0273972602739726
"2008-08-05","dustin","hill","1014200","bidens.beckii",0.03125,1,1.95072,0.0228310502283105,219,160,219,0.0228310502283105
"2008-08-05","dustin","hill","1014200","schoenoplectus.acutus",0.1375,1,1.46304,0.100456621004566,219,160,219,0.100456621004566
"2008-08-05","dustin","hill","1014200","sagittaria.latifolia",0.00625,1,0.39624,0.0045662100456621,219,160,219,0.0045662100456621
"2008-08-05","dustin","hill","1014200","potamogeton.friesii",0.28125,1,5.4864,0.214611872146119,219,160,219,0.214611872146119
"2008-08-05","dustin","hill","1014200","potamogeton.gramineus",0.11875,1,1.2192,0.0867579908675799,219,160,219,0.0867579908675799
"2008-08-05","dustin","hill","1014200","sparganium.spp",0.00625,1,0.6096,0.0045662100456621,219,160,219,0.0045662100456621
"2008-08-05","dustin","hill","1014200","drepanocladus.spp",0.05625,1,3.9624,0.0410958904109589,219,160,219,0.0410958904109589
"2008-08-05","dustin","hill","1014200","pontederia.cordata",0.00625,1,2.68224,0.0045662100456621,219,160,219,0.0045662100456621
"2008-08-05","dustin","hill","1014200","equisetum.spp",0.0375,1,1.8288,0.0273972602739726,219,160,219,0.0273972602739726
"2008-08-05","dustin","hill","1014200","sagittaria.cuneata",0.00625,1,0.42672,0.0045662100456621,219,160,219,0.0045662100456621
"2008-08-05","dustin","peltier","2000400","algae.filamentous",0.0218181818181818,1,1.524,0.0218181818181818,275,275,261,0.0229885057471264
"2008-08-05","dustin","peltier","2000400","ceratophyllum.demersum",0.629090909090909,1,2.1336,0.629090909090909,275,275,261,0.662835249042146
"2008-08-05","dustin","peltier","2000400","potamogeton.crispus",0.12,1,1.6764,0.12,275,275,261,0.126436781609195
"2008-08-05","dustin","peltier","2000400","myriophyllum.spicatum",0.0654545454545455,1,1.58496,0.0654545454545455,275,275,261,0.0689655172413793
"2008-08-05","dustin","peltier","2000400","elodea.canadensis",0.0981818181818182,1,1.49352,0.0981818181818182,275,275,261,0.103448275862069
"2008-08-05","dustin","peltier","2000400","stuckenia.pectinata",0.0254545454545455,1,0.97536,0.0254545454545455,275,275,261,0.0268199233716475
"2008-08-05","dustin","peltier","2000400","lemna.minor",0.16,1,1.524,0.16,275,275,261,0.168582375478927
"2008-08-05","dustin","peltier","2000400","lemna.trisulca",0.356363636363636,1,1.6764,0.356363636363636,275,275,261,0.375478927203065
"2008-08-05","dustin","peltier","2000400","ranunculus.aquatilis",0.0363636363636364,1,1.3716,0.0363636363636364,275,275,261,0.0383141762452107
"2008-08-05","dustin","peltier","2000400","wolffia.spp",0.0945454545454545,1,1.524,0.0945454545454545,275,275,261,0.0996168582375479
"2008-08-05","dustin","peltier","2000400","typha.spp",0.00363636363636364,1,0.70104,0.00363636363636364,275,275,261,0.00383141762452107
"2008-08-05","dustin","peltier","2000400","potamogeton.zosterifomis",0.156363636363636,1,1.58496,0.156363636363636,275,275,261,0.164750957854406
"2008-08-05","dustin","peltier","2000400","potamogeton.narrow",0.0581818181818182,1,1.28016,0.0581818181818182,275,275,261,0.0613026819923372
"2008-08-05","johnson","fish","70006900","ceratophyllum.demersum",0.739837398373984,2.95652173913043,4.6,0.71875,128,123,89,0.955056179775281
"2008-08-05","johnson","fish","70006900","potamogeton.crispus",0.040650406504065,1,1.3,0.0390625,128,123,89,0.0561797752808989
"2008-08-05","johnson","fish","70006900","najas.flexilis",0.0894308943089431,1.27272727272727,1.2,0.0859375,128,123,89,0.123595505617978
"2008-08-05","johnson","fish","70006900","vallisneria.americana",0.170731707317073,1.0952380952381,2.5,0.1640625,128,123,89,0.235955056179775
"2008-08-05","johnson","fish","70006900","spirodela.polyrhiza",0.0731707317073171,1,1.1,0.0703125,128,123,89,0.101123595505618
"2008-08-05","johnson","fish","70006900","nymphaea.odorata",0.0731707317073171,1,1.2,0.0703125,128,123,89,0.101123595505618
"2008-08-05","johnson","fish","70006900","chara.spp",0.032520325203252,1.25,1.1,0.03125,128,123,89,0.0449438202247191
"2008-08-05","johnson","fish","70006900","stuckenia.pectinata",0.0487804878048781,1,1.2,0.046875,128,123,89,0.0674157303370786
"2008-08-05","johnson","fish","70006900","lemna.minor",0.032520325203252,1,1,0.03125,128,123,89,0.0449438202247191
"2008-08-05","johnson","fish","70006900","myriophyllum.sibiricum",0.252032520325203,1.45161290322581,2.4,0.2421875,128,123,89,0.348314606741573
"2008-08-05","johnson","fish","70006900","heteranthera.dubia",0.146341463414634,1.27777777777778,3.5,0.140625,128,123,89,0.191011235955056
"2008-08-05","johnson","fish","70006900","zannichellia.palustris",0.00813008130081301,1,0.4,0.0078125,128,123,89,0.0112359550561798
"2008-08-05","johnson","fish","70006900","nuphar.variegata",0.040650406504065,1,1.3,0.0390625,128,123,89,0.0561797752808989
"2008-08-05","johnson","fish","70006900","potamogeton.nodosus",0.016260162601626,3,0.6,0.015625,128,123,89,0.0224719101123595
"2008-08-06","johnson","rebecca","27019200","ceratophyllum.demersum",0.410596026490066,2.35483870967742,3.6,0.37125748502994,167,151,119,0.512605042016807
"2008-08-06","johnson","rebecca","27019200","potamogeton.crispus",0.0728476821192053,1,1.8,0.0658682634730539,167,151,119,0.092436974789916
"2008-08-06","johnson","rebecca","27019200","myriophyllum.spicatum",0.443708609271523,2.05970149253731,2.7,0.401197604790419,167,151,119,0.563025210084034
"2008-08-06","johnson","rebecca","27019200","najas.flexilis",0.00662251655629139,1,0.6,0.00598802395209581,167,151,119,0.00840336134453781
"2008-08-06","johnson","rebecca","27019200","spirodela.polyrhiza",0.0529801324503311,1,1.2,0.0479041916167665,167,151,119,0.0672268907563025
"2008-08-06","johnson","rebecca","27019200","nymphaea.odorata",0.0728476821192053,1,1,0.0658682634730539,167,151,119,0.092436974789916
"2008-08-06","johnson","rebecca","27019200","chara.spp",0.0596026490066225,1,1.4,0.0538922155688623,167,151,119,0.0756302521008403
"2008-08-06","johnson","rebecca","27019200","stuckenia.pectinata",0.0728476821192053,1.09090909090909,1.2,0.0658682634730539,167,151,119,0.092436974789916
"2008-08-06","johnson","rebecca","27019200","lemna.minor",0.0794701986754967,1,1.6,0.0718562874251497,167,151,119,0.100840336134454
"2008-08-06","johnson","rebecca","27019200","potamogeton.pusillus",0.00662251655629139,1,1,0.00598802395209581,167,151,119,0.00840336134453781
"2008-08-06","johnson","rebecca","27019200","wolffia.columbiana",0.0662251655629139,1,1.6,0.0598802395209581,167,151,119,0.0840336134453782
"2008-08-06","johnson","rebecca","27019200","zannichellia.palustris",0.0198675496688742,1,1,0.0179640718562874,167,151,119,0.0252100840336134
"2008-08-06","johnson","rebecca","27019200","nuphar.variegata",0.033112582781457,1,1.5,0.029940119760479,167,151,119,0.0420168067226891
"2008-08-07","dustin","belle","47004900","algae.filamentous",0.0112781954887218,1,0.6096,0.0112781954887218,266,266,124,0.0241935483870968
"2008-08-07","dustin","belle","47004900","ceratophyllum.demersum",0.0037593984962406,1,0.1524,0.0037593984962406,266,266,124,0.00806451612903226
"2008-08-07","dustin","belle","47004900","potamogeton.crispus",0.0037593984962406,1,0.1524,0.0037593984962406,266,266,124,0.00806451612903226
"2008-08-07","dustin","belle","47004900","najas.flexilis",0.0037593984962406,1,0.1524,0.0037593984962406,266,266,124,0.00806451612903226
"2008-08-07","dustin","belle","47004900","vallisneria.americana",0.0037593984962406,1,1.0668,0.0037593984962406,266,266,124,0.00806451612903226
"2008-08-07","dustin","belle","47004900","elodea.canadensis",0.0263157894736842,1,1.524,0.0263157894736842,266,266,124,0.0483870967741935
"2008-08-07","dustin","belle","47004900","chara.spp",0.0075187969924812,1,0.85344,0.0075187969924812,266,266,124,0.0161290322580645
"2008-08-07","dustin","belle","47004900","stuckenia.pectinata",0.0488721804511278,1,1.09728,0.0488721804511278,266,266,124,0.104838709677419
"2008-08-07","dustin","belle","47004900","heteranthera.dubia",0.0037593984962406,1,0.85344,0.0037593984962406,266,266,124,0.00806451612903226
"2008-08-07","dustin","belle","47004900","typha.spp",0.0075187969924812,1,0.4572,0.0075187969924812,266,266,124,0.0161290322580645
"2008-08-07","dustin","belle","47004900","potamogeton.illinoensis",0.0075187969924812,1,1.0668,0.0075187969924812,266,266,124,0.0161290322580645
"2008-08-07","dustin","belle","47004900","schoenoplectus.acutus",0.0075187969924812,1,0.6096,0.0075187969924812,266,266,124,0.0161290322580645
"2008-08-07","dustin","belle","47004900","potamogeton.narrow",0.0112781954887218,1,0.6096,0.0112781954887218,266,266,124,0.0241935483870968
"2008-08-07","dustin","belle","47004900","sagittaria.spp",0.0037593984962406,1,0.1524,0.0037593984962406,266,266,124,0.00806451612903226
"2008-08-07","dustin","belle","47004900","sparganium.spp",0.0037593984962406,1,0.1524,0.0037593984962406,266,266,124,0.00806451612903226
"2008-08-07","dustin","belle","47004900","carex.lacustris",0.0037593984962406,1,0.6096,0.0037593984962406,266,266,124,0.00806451612903226
"2008-08-08","johnson","julia","71014500","ceratophyllum.demersum",0.113207547169811,1.08333333333333,2.2,0.113207547169811,106,106,12,0.25
"2008-08-08","johnson","julia","71014500","potamogeton.crispus",0.00943396226415094,1,0.9,0.00943396226415094,106,106,12,0.0833333333333333
"2008-08-08","johnson","julia","71014500","najas.flexilis",0.0188679245283019,1,1.1,0.0188679245283019,106,106,12,0.0833333333333333
"2008-08-08","johnson","julia","71014500","vallisneria.americana",0.0283018867924528,1,0.5,0.0283018867924528,106,106,12,0.25
"2008-08-08","johnson","julia","71014500","elodea.canadensis",0.216981132075472,1.52173913043478,2.9,0.216981132075472,106,106,12,0.25
"2008-08-08","johnson","julia","71014500","chara.spp",0.235849056603774,2.48,2.8,0.235849056603774,106,106,12,0.75
"2008-08-08","johnson","julia","71014500","stuckenia.pectinata",0.0283018867924528,1,2.5,0.0283018867924528,106,106,12,0.166666666666667
"2008-08-08","johnson","julia","71014500","heteranthera.dubia",0.0566037735849057,1,2.8,0.0566037735849057,106,106,12,0.333333333333333
"2008-08-08","johnson","julia","71014500","eleocharis.acicularis",0.00943396226415094,1,0.9,0.00943396226415094,106,106,12,0.0833333333333333
"2008-08-08","johnson","julia","71014500","najas.guadalupensis",0.39622641509434,1.71428571428571,3.3,0.39622641509434,106,106,12,1
"2008-08-08","johnson","rush","71014700","ceratophyllum.demersum",0.0535714285714286,1,2,0.0535714285714286,112,112,9,0.333333333333333
"2008-08-08","johnson","rush","71014700","najas.flexilis",0.107142857142857,1,2.5,0.107142857142857,112,112,9,0.222222222222222
"2008-08-08","johnson","rush","71014700","elodea.canadensis",0.5625,1.73015873015873,2.4,0.5625,112,112,9,0.777777777777778
"2008-08-08","johnson","rush","71014700","nymphaea.odorata",0.0357142857142857,1,0.7,0.0357142857142857,112,112,9,0.444444444444444
"2008-08-08","johnson","rush","71014700","chara.spp",0.160714285714286,2.22222222222222,2.4,0.160714285714286,112,112,9,0.444444444444444
"2008-08-08","johnson","rush","71014700","lemna.minor",0.0178571428571429,1,1.1,0.0178571428571429,112,112,9,0.111111111111111
"2008-08-08","johnson","rush","71014700","heteranthera.dubia",0.0446428571428571,1,1,0.0446428571428571,112,112,9,0.222222222222222
"2008-08-11","dustin","madison","7004400","algae.filamentous",0.0615141955835962,1,1.2192,0.0589123867069486,662,634,274,0.142335766423358
"2008-08-11","dustin","madison","7004400","ceratophyllum.demersum",0.055205047318612,1,1.3716,0.0528700906344411,662,634,274,0.127737226277372
"2008-08-11","dustin","madison","7004400","potamogeton.crispus",0.0205047318611987,1,1.12776,0.0196374622356495,662,634,274,0.0474452554744526
"2008-08-11","dustin","madison","7004400","najas.flexilis",0.0425867507886435,1,1.03632,0.040785498489426,662,634,274,0.0985401459854015
"2008-08-11","dustin","madison","7004400","potamogeton.richardsonii",0.0394321766561514,1,1.18872,0.0377643504531722,662,634,274,0.0912408759124088
"2008-08-11","dustin","madison","7004400","spirodela.polyrhiza",0.00946372239747634,1,0.6096,0.00906344410876133,662,634,274,0.0218978102189781
"2008-08-11","dustin","madison","7004400","elodea.canadensis",0.0236593059936909,1,1.0668,0.0226586102719033,662,634,274,0.0547445255474453
"2008-08-11","dustin","madison","7004400","chara.spp",0.0899053627760252,1,1.524,0.0861027190332326,662,634,274,0.197080291970803
"2008-08-11","dustin","madison","7004400","stuckenia.pectinata",0.0867507886435331,1,1.49352,0.0830815709969789,662,634,274,0.193430656934307
"2008-08-11","dustin","madison","7004400","lemna.minor",0.00315457413249211,1,0.3048,0.00302114803625378,662,634,274,0.0072992700729927
"2008-08-11","dustin","madison","7004400","lemna.trisulca",0.00157728706624606,1,0.36576,0.00151057401812689,662,634,274,0.00364963503649635
"2008-08-11","dustin","madison","7004400","myriophyllum.sibiricum",0.0536277602523659,1,1.40208,0.0513595166163142,662,634,274,0.12043795620438
"2008-08-11","dustin","madison","7004400","heteranthera.dubia",0.00788643533123028,1,0.9144,0.00755287009063444,662,634,274,0.0182481751824818
"2008-08-11","dustin","madison","7004400","typha.spp",0.00630914826498423,1,0.33528,0.00604229607250755,662,634,274,0.0145985401459854
"2008-08-11","dustin","madison","7004400","schoenoplectus.acutus",0.00315457413249211,1,0.6096,0.00302114803625378,662,634,274,0.0072992700729927
"2008-08-11","dustin","madison","7004400","potamogeton.natans",0.0157728706624606,1,0.6096,0.0151057401812689,662,634,274,0.0364963503649635
"2008-08-11","dustin","madison","7004400","schoenoplectus.tabernaemontani",0.00157728706624606,1,0.24384,0.00151057401812689,662,634,274,0.00364963503649635
"2008-08-11","dustin","madison","7004400","sagittaria.spp",0.00157728706624606,1,0.06096,0.00151057401812689,662,634,274,0.00364963503649635
"2008-08-11","dustin","madison","7004400","sparganium.spp",0.00157728706624606,1,0.06096,0.00151057401812689,662,634,274,0.00364963503649635
"2008-08-11","dustin","madison","7004400","schoenoplectus.fluvatilis",0.00473186119873817,1,0.3048,0.00453172205438067,662,634,274,0.0109489051094891
"2008-08-11","dustin","madison","7004400","algae.blugrn",0.00157728706624606,1,0.3048,0.00151057401812689,662,634,274,0.00364963503649635
"2008-08-11","johnson","vails","73015100","ceratophyllum.demersum",0.204545454545455,1.66666666666667,1.7,0.197802197802198,182,176,55,0.509090909090909
"2008-08-11","johnson","vails","73015100","potamogeton.crispus",0.1875,1,3.5,0.181318681318681,182,176,55,0.327272727272727
"2008-08-11","johnson","vails","73015100","elodea.canadensis",0.0511363636363636,1,0.8,0.0494505494505494,182,176,55,0.163636363636364
"2008-08-11","johnson","vails","73015100","stuckenia.pectinata",0.0227272727272727,1,0.8,0.021978021978022,182,176,55,0.0727272727272727
"2008-08-11","johnson","vails","73015100","potamogeton.pusillus",0.0170454545454545,1,0.8,0.0164835164835165,182,176,55,0.0545454545454545
"2008-08-11","johnson","vails","73015100","heteranthera.dubia",0.0170454545454545,1,0.5,0.0164835164835165,182,176,55,0.0545454545454545
"2008-08-11","johnson","vails","73015100","zannichellia.palustris",0.00568181818181818,1,0.3,0.00549450549450549,182,176,55,0.0181818181818182
"2008-08-12","dustin","southcenter","13002700","algae.filamentous",0.0457831325301205,1,1.43256,0.045346062052506,419,415,377,0.0503978779840849
"2008-08-12","dustin","southcenter","13002700","ceratophyllum.demersum",0.416867469879518,1,3.56616,0.412887828162291,419,415,377,0.450928381962865
"2008-08-12","dustin","southcenter","13002700","potamogeton.crispus",0.0746987951807229,1,2.34696,0.0739856801909308,419,415,377,0.0822281167108753
"2008-08-12","dustin","southcenter","13002700","vallisneria.americana",0.00481927710843374,1,0.73152,0.00477326968973747,419,415,377,0.00530503978779841
"2008-08-12","dustin","southcenter","13002700","potamogeton.richardsonii",0.0313253012048193,1,1.64592,0.0310262529832936,419,415,377,0.0344827586206897
"2008-08-12","dustin","southcenter","13002700","elodea.canadensis",0.0433734939759036,1,2.98704,0.0429594272076372,419,415,377,0.0450928381962865
"2008-08-12","dustin","southcenter","13002700","stuckenia.pectinata",0.0072289156626506,1,1.64592,0.00715990453460621,419,415,377,0.00795755968169761
"2008-08-12","dustin","southcenter","13002700","najas.spp",0.0554216867469879,1,0.97536,0.0548926014319809,419,415,377,0.0610079575596817
"2008-08-12","dustin","southcenter","13002700","lemna.minor",0.0265060240963855,1,1.00584,0.0262529832935561,419,415,377,0.0291777188328913
"2008-08-12","dustin","southcenter","13002700","ranunculus.aquatilis",0.00240963855421687,1,0.85344,0.00238663484486874,419,415,377,0.0026525198938992
"2008-08-12","dustin","southcenter","13002700","myriophyllum.sibiricum",0.0939759036144578,1,2.86512,0.0930787589498807,419,415,377,0.10079575596817
"2008-08-12","dustin","southcenter","13002700","wolffia.spp",0.00963855421686747,1,1.00584,0.00954653937947494,419,415,377,0.0106100795755968
"2008-08-12","dustin","southcenter","13002700","nymphaea.spp",0.0891566265060241,1,1.524,0.0883054892601432,419,415,377,0.0981432360742706
"2008-08-12","dustin","southcenter","13002700","nuphar.spp",0.00481927710843374,1,0.79248,0.00477326968973747,419,415,377,0.00530503978779841
"2008-08-12","dustin","southcenter","13002700","typha.spp",0.00481927710843374,1,0.4572,0.00477326968973747,419,415,377,0.00530503978779841
"2008-08-12","dustin","southcenter","13002700","potamogeton.praelongus",0.00481927710843374,1,1.61544,0.00477326968973747,419,415,377,0.00530503978779841
"2008-08-12","dustin","southcenter","13002700","potamogeton.zosterifomis",0.0337349397590361,1,2.10312,0.0334128878281623,419,415,377,0.0371352785145889
"2008-08-12","dustin","southcenter","13002700","potamogeton.robbinsii",0.0795180722891566,1,3.32232,0.0787589498806683,419,415,377,0.0848806366047745
"2008-08-12","dustin","southcenter","13002700","potamogeton.narrow",0.0144578313253012,1,3.53568,0.0143198090692124,419,415,377,0.013262599469496
"2008-08-13","johnson","crookneck","49013300","ceratophyllum.demersum",0.74468085106383,2.45,5.3,0.612244897959184,196,141,160,0.7375
"2008-08-13","johnson","crookneck","49013300","potamogeton.crispus",0.0354609929078014,1.2,3,0.0255102040816327,196,141,160,0.03125
"2008-08-13","johnson","crookneck","49013300","najas.flexilis",0.0283687943262411,1.25,1.2,0.0204081632653061,196,141,160,0.025
"2008-08-13","johnson","crookneck","49013300","vallisneria.americana",0.177304964539007,1.28,2,0.127551020408163,196,141,160,0.15625
"2008-08-13","johnson","crookneck","49013300","potamogeton.richardsonii",0.00709219858156028,1,2,0.00510204081632653,196,141,160,0.00625
"2008-08-13","johnson","crookneck","49013300","elodea.canadensis",0.0567375886524823,1.25,3,0.0408163265306122,196,141,160,0.05
"2008-08-13","johnson","crookneck","49013300","nymphaea.odorata",0.0567375886524823,1,1.6,0.0408163265306122,196,141,160,0.05
"2008-08-13","johnson","crookneck","49013300","chara.spp",0.0921985815602837,1.30769230769231,1.4,0.0663265306122449,196,141,160,0.08125
"2008-08-13","johnson","crookneck","49013300","stuckenia.pectinata",0.00709219858156028,1,0.5,0.00510204081632653,196,141,160,0.00625
"2008-08-13","johnson","crookneck","49013300","lemna.trisulca",0.24113475177305,1.23529411764706,4.4,0.173469387755102,196,141,160,0.2125
"2008-08-13","johnson","crookneck","49013300","myriophyllum.sibiricum",0.0212765957446809,1,1.1,0.0153061224489796,196,141,160,0.01875
"2008-08-13","johnson","crookneck","49013300","heteranthera.dubia",0.0212765957446809,1,1.4,0.0153061224489796,196,141,160,0.01875
"2008-08-13","johnson","crookneck","49013300","eleocharis.acicularis",0.0425531914893617,1,0.9,0.0306122448979592,196,141,160,0.0375
"2008-08-13","johnson","crookneck","49013300","nuphar.variegata",0.0425531914893617,1,2,0.0306122448979592,196,141,160,0.0375
"2008-08-13","johnson","crookneck","49013300","sagittaria.graminea",0.0354609929078014,1,1.4,0.0255102040816327,196,141,160,0.03125
"2008-08-13","johnson","crookneck","49013300","potamogeton.illinoensis",0.184397163120567,1.03846153846154,2.5,0.13265306122449,196,141,160,0.1625
"2008-08-13","johnson","crookneck","49013300","potamogeton.praelongus",0.0141843971631206,1,1.7,0.0102040816326531,196,141,160,0.0125
"2008-08-13","johnson","crookneck","49013300","najas.guadalupensis",0.907801418439716,2.92248062015504,4.6,0.658163265306122,196,141,160,0.80625
"2008-08-13","johnson","crookneck","49013300","fontinalis.antipyretica",0.00709219858156028,1,1,0.00510204081632653,196,141,160,0.00625
"2008-08-13","johnson","crookneck","49013300","potamogeton.gramineus",0.0354609929078014,1,2,0.0255102040816327,196,141,160,0.03125
"2008-08-14","johnson","lowermission","18024300","ceratophyllum.demersum",0.648936170212766,1.76,4.7,0.490196078431373,255,188,117,0.692307692307692
"2008-08-14","johnson","lowermission","18024300","potamogeton.crispus",0.175531914893617,1,4.2,0.129411764705882,255,188,117,0.102564102564103
"2008-08-14","johnson","lowermission","18024300","najas.flexilis",0.175531914893617,1.12121212121212,4.5,0.129411764705882,255,188,117,0.264957264957265
"2008-08-14","johnson","lowermission","18024300","vallisneria.americana",0.0159574468085106,1,1,0.0117647058823529,255,188,117,0.0256410256410256
"2008-08-14","johnson","lowermission","18024300","potamogeton.richardsonii",0.00531914893617021,1,0.8,0.00392156862745098,255,188,117,0.00854700854700855
"2008-08-14","johnson","lowermission","18024300","spirodela.polyrhiza",0.00531914893617021,1,0.9,0.00392156862745098,255,188,117,0.00854700854700855
"2008-08-14","johnson","lowermission","18024300","elodea.canadensis",0.340425531914894,1.265625,3.4,0.250980392156863,255,188,117,0.41025641025641
"2008-08-14","johnson","lowermission","18024300","nymphaea.odorata",0.148936170212766,1,1.5,0.109803921568627,255,188,117,0.239316239316239
"2008-08-14","johnson","lowermission","18024300","chara.spp",0.26063829787234,1.77551020408163,4.2,0.192156862745098,255,188,117,0.401709401709402
"2008-08-14","johnson","lowermission","18024300","stuckenia.pectinata",0.101063829787234,1.10526315789474,3.1,0.0745098039215686,255,188,117,0.153846153846154
"2008-08-14","johnson","lowermission","18024300","lemna.minor",0.0372340425531915,1,1.3,0.0274509803921569,255,188,117,0.0598290598290598
"2008-08-14","johnson","lowermission","18024300","lemna.trisulca",0.457446808510638,1.01123595505618,4.8,0.349019607843137,255,188,117,0.495726495726496
"2008-08-14","johnson","lowermission","18024300","ranunculus.aquatilis",0.0106382978723404,1,2.1,0.00784313725490196,255,188,117,0.0170940170940171
"2008-08-14","johnson","lowermission","18024300","myriophyllum.sibiricum",0.0638297872340425,1.25,2.1,0.0470588235294118,255,188,117,0.102564102564103
"2008-08-14","johnson","lowermission","18024300","heteranthera.dubia",0.117021276595745,1.17391304347826,4.6,0.0901960784313726,255,188,117,0.188034188034188
"2008-08-14","johnson","lowermission","18024300","nitella.spp",0.0372340425531915,1.28571428571429,4.5,0.0274509803921569,255,188,117,0.0256410256410256
"2008-08-14","johnson","lowermission","18024300","eleocharis.acicularis",0.00531914893617021,1,0.7,0.00392156862745098,255,188,117,0.00854700854700855
"2008-08-14","johnson","lowermission","18024300","nuphar.variegata",0.223404255319149,1,1.7,0.164705882352941,255,188,117,0.358974358974359
"2008-08-14","johnson","lowermission","18024300","sagittaria.graminea",0.0106382978723404,1,0.7,0.00784313725490196,255,188,117,0.0170940170940171
"2008-08-14","johnson","lowermission","18024300","potamogeton.praelongus",0.0319148936170213,1,2.6,0.0235294117647059,255,188,117,0.0427350427350427
"2008-08-14","johnson","lowermission","18024300","utricularia.vulgaris",0.101063829787234,1.05263157894737,2.4,0.0745098039215686,255,188,117,0.162393162393162
"2008-08-14","johnson","lowermission","18024300","bidens.beckii",0.00531914893617021,1,1,0.00392156862745098,255,188,117,0.00854700854700855
"2008-08-14","johnson","lowermission","18024300","zizania.spp",0.143617021276596,1.14814814814815,1.5,0.105882352941176,255,188,117,0.230769230769231
"2008-08-14","johnson","lowermission","18024300","schoenoplectus.acutus",0.170212765957447,1,2,0.125490196078431,255,188,117,0.273504273504274
"2008-08-14","johnson","lowermission","18024300","fontinalis.antipyretica",0.0159574468085106,1,3.3,0.0117647058823529,255,188,117,0.0170940170940171
"2008-08-14","johnson","lowermission","18024300","potamogeton.natans",0.00531914893617021,1,0.7,0.00392156862745098,255,188,117,0.00854700854700855
"2008-08-14","johnson","lowermission","18024300","phragmites.australis",0.0106382978723404,1,0.9,0.00784313725490196,255,188,117,0.0170940170940171
"2008-08-14","johnson","lowermission","18024300","potamogeton.friesii",0.0319148936170213,1,1.5,0.0235294117647059,255,188,117,0.0512820512820513
"2008-08-14","johnson","lowermission","18024300","potamogeton.gramineus",0.0531914893617021,1,0.8,0.0392156862745098,255,188,117,0.0854700854700855
"2008-08-14","johnson","lowermission","18024300","sparganium.eurycarpum",0.00531914893617021,1,0.8,0.00392156862745098,255,188,117,0.00854700854700855
"2008-08-15","johnson","coal","77004600","ceratophyllum.demersum",0.5,1.28571428571429,5.8,0.355932203389831,118,82,108,0.388888888888889
"2008-08-15","johnson","coal","77004600","potamogeton.crispus",0.109756097560976,1,4.8,0.0847457627118644,118,82,108,0.0925925925925926
"2008-08-15","johnson","coal","77004600","potamogeton.foliosus",0.146341463414634,1.08333333333333,2,0.101694915254237,118,82,108,0.111111111111111
"2008-08-15","johnson","coal","77004600","najas.flexilis",0.0975609756097561,1.25,2,0.0677966101694915,118,82,108,0.0740740740740741
"2008-08-15","johnson","coal","77004600","vallisneria.americana",0.0121951219512195,1,1.5,0.00847457627118644,118,82,108,0.00925925925925926
"2008-08-15","johnson","coal","77004600","brasenia.schreberi",0.146341463414634,1.08333333333333,1.1,0.101694915254237,118,82,108,0.111111111111111
"2008-08-15","johnson","coal","77004600","potamogeton.richardsonii",0.0121951219512195,1,1,0.00847457627118644,118,82,108,0.00925925925925926
"2008-08-15","johnson","coal","77004600","elodea.canadensis",0.25609756097561,1.38095238095238,4.4,0.177966101694915,118,82,108,0.194444444444444
"2008-08-15","johnson","coal","77004600","nymphaea.odorata",0.170731707317073,1,1.2,0.11864406779661,118,82,108,0.12962962962963
"2008-08-15","johnson","coal","77004600","chara.spp",0.024390243902439,1,3.5,0.0169491525423729,118,82,108,0.0185185185185185
"2008-08-15","johnson","coal","77004600","lemna.trisulca",0.024390243902439,1,3.8,0.0169491525423729,118,82,108,0.0185185185185185
"2008-08-15","johnson","coal","77004600","ranunculus.aquatilis",0.0121951219512195,1,1.3,0.00847457627118644,118,82,108,0.00925925925925926
"2008-08-15","johnson","coal","77004600","myriophyllum.sibiricum",0.158536585365854,1.07692307692308,2.4,0.110169491525424,118,82,108,0.12037037037037
"2008-08-15","johnson","coal","77004600","heteranthera.dubia",0.0853658536585366,1,1.4,0.0593220338983051,118,82,108,0.0648148148148148
"2008-08-15","johnson","coal","77004600","typha.spp",0.0121951219512195,1,1,0.00847457627118644,118,82,108,0.00925925925925926
"2008-08-15","johnson","coal","77004600","eleocharis.acicularis",0.024390243902439,1,0.6,0.0169491525423729,118,82,108,0.0185185185185185
"2008-08-15","johnson","coal","77004600","nuphar.variegata",0.182926829268293,1,2.4,0.127118644067797,118,82,108,0.138888888888889
"2008-08-15","johnson","coal","77004600","potamogeton.amplifolius",0.304878048780488,1.4,2.9,0.211864406779661,118,82,108,0.231481481481481
"2008-08-15","johnson","coal","77004600","potamogeton.illinoensis",0.24390243902439,1.25,3.1,0.169491525423729,118,82,108,0.185185185185185
"2008-08-15","johnson","coal","77004600","potamogeton.praelongus",0.268292682926829,1.27272727272727,2.9,0.186440677966102,118,82,108,0.203703703703704
"2008-08-15","johnson","coal","77004600","potamogeton.zosterifomis",0.451219512195122,1.23684210526316,4.8,0.322033898305085,118,82,108,0.351851851851852
"2008-08-15","johnson","coal","77004600","utricularia.vulgaris",0.0609756097560976,1,1.1,0.0423728813559322,118,82,108,0.0462962962962963
"2008-08-15","johnson","coal","77004600","bidens.beckii",0.146341463414634,1.08333333333333,2,0.101694915254237,118,82,108,0.111111111111111
"2008-08-15","johnson","coal","77004600","zizania.spp",0.0365853658536585,1.66666666666667,0.9,0.0254237288135593,118,82,108,0.0277777777777778
"2008-08-15","johnson","coal","77004600","schoenoplectus.acutus",0.0487804878048781,1,2.3,0.0338983050847458,118,82,108,0.037037037037037
"2008-08-15","johnson","coal","77004600","potamogeton.robbinsii",0.74390243902439,1.98360655737705,3,0.516949152542373,118,82,108,0.564814814814815
"2008-08-15","johnson","coal","77004600","potamogeton.natans",0.0121951219512195,1,0.8,0.00847457627118644,118,82,108,0.00925925925925926
"2008-08-15","johnson","coal","77004600","equisetum.fluviatile",0.024390243902439,1,1.1,0.0169491525423729,118,82,108,0.0185185185185185
"2008-08-15","johnson","coal","77004600","potamogeton.gramineus",0.0609756097560976,1.2,1.7,0.0423728813559322,118,82,108,0.0462962962962963
"2008-08-15","johnson","coal","77004600","sparganium.eurycarpum",0.0121951219512195,1,0.8,0.00847457627118644,118,82,108,0.00925925925925926
"2008-08-18","sblood","kohlman","62000600","ceratophyllum.demersum",0.452554744525547,1.32258064516129,3.07848,0.452554744525547,137,137,136,0.455882352941176
"2008-08-18","sblood","kohlman","62000600","spirodela.polyrhiza",0.0145985401459854,1,0.54864,0.0145985401459854,137,137,136,0.0147058823529412
"2008-08-18","sblood","kohlman","62000600","elodea.canadensis",0.0072992700729927,1,0.51816,0.0072992700729927,137,137,136,0.00735294117647059
"2008-08-18","sblood","kohlman","62000600","nymphaea.odorata",0.364963503649635,3.1,1.49352,0.364963503649635,137,137,136,0.367647058823529
"2008-08-18","sblood","kohlman","62000600","stuckenia.pectinata",0.0291970802919708,1,0.67056,0.0291970802919708,137,137,136,0.0294117647058824
"2008-08-18","sblood","kohlman","62000600","lemna.minor",0.131386861313869,1.11111111111111,0.64008,0.131386861313869,137,137,136,0.132352941176471
"2008-08-18","sblood","kohlman","62000600","potamogeton.zosteriformis",0.0218978102189781,1,1.18872,0.0218978102189781,137,137,136,0.0220588235294118
"2008-08-18","sblood","kohlman","62000600","algae",0.138686131386861,1.63157894736842,1.73736,0.138686131386861,137,137,136,0.139705882352941
"2008-08-18","sblood","kohlman","62000600","potamogeton.spp",0.0364963503649635,2.8,1.88976,0.0364963503649635,137,137,136,0.0367647058823529
"2008-08-18","sblood","kohlman","62000600","nuphar.advena",0.0145985401459854,1,0.82296,0.0145985401459854,137,137,136,0.0147058823529412
"2008-08-20","dustin","carlos","21005700","ceratophyllum.demersum",0.0292504570383912,1,6.096,0.0267295597484277,636,547,580,0.0293103448275862
"2008-08-20","dustin","carlos","21005700","potamogeton.crispus",0.0109689213893967,1,2.25552,0.00943396226415094,636,547,580,0.0103448275862069
"2008-08-20","dustin","carlos","21005700","potamogeton.foliosus",0.0786106032906764,1,6.7056,0.0707547169811321,636,547,580,0.0758620689655172
"2008-08-20","dustin","carlos","21005700","najas.flexilis",0.0475319926873857,1,4.2672,0.0408805031446541,636,547,580,0.0448275862068965
"2008-08-20","dustin","carlos","21005700","vallisneria.americana",0.0109689213893967,1,0.79248,0.00943396226415094,636,547,580,0.0103448275862069
"2008-08-20","dustin","carlos","21005700","potamogeton.richardsonii",0.0511882998171846,1,4.1148,0.0440251572327044,636,547,580,0.0482758620689655
"2008-08-20","dustin","carlos","21005700","elodea.canadensis",0.00731261425959781,1,3.6576,0.00628930817610063,636,547,580,0.00689655172413793
"2008-08-20","dustin","carlos","21005700","chara.spp",0.623400365630713,1,6.096,0.544025157232704,636,547,580,0.596551724137931
"2008-08-20","dustin","carlos","21005700","stuckenia.pectinata",0.0219378427787934,1,2.7432,0.0188679245283019,636,547,580,0.0206896551724138
"2008-08-20","dustin","carlos","21005700","najas.spp",0.00182815356489945,1,4.8768,0.00314465408805031,636,547,580,0.00344827586206897
"2008-08-20","dustin","carlos","21005700","utricularia.spp",0.182815356489945,1,4.4196,0.157232704402516,636,547,580,0.172413793103448
"2008-08-20","dustin","carlos","21005700","myriophyllum.sibiricum",0.159049360146252,1,6.096,0.14622641509434,636,547,580,0.160344827586207
"2008-08-20","dustin","carlos","21005700","potamogeton.pusillus",0.0127970749542962,1,5.7912,0.0141509433962264,636,547,580,0.0155172413793103
"2008-08-20","dustin","carlos","21005700","typha.spp",0.00182815356489945,1,0.9144,0.00157232704402516,636,547,580,0.00172413793103448
"2008-08-20","dustin","carlos","21005700","nitella.spp",0.0914076782449726,1,6.7056,0.121069182389937,636,547,580,0.127586206896552
"2008-08-20","dustin","carlos","21005700","potamogeton.praelongus",0.0219378427787934,1,6.096,0.0235849056603774,636,547,580,0.0258620689655172
"2008-08-20","dustin","carlos","21005700","potamogeton.zosterifomis",0.0786106032906764,1,6.096,0.0770440251572327,636,547,580,0.0844827586206897
"2008-08-20","dustin","carlos","21005700","schoenoplectus.acutus",0.117001828153565,1,1.524,0.10062893081761,636,547,580,0.110344827586207
"2008-08-20","dustin","carlos","21005700","potamogeton.friesii",0.00182815356489945,1,2.95656,0.00157232704402516,636,547,580,0.00172413793103448
"2008-08-20","dustin","carlos","21005700","potamogeton.gramineus",0.0109689213893967,1,1.79832,0.00943396226415094,636,547,580,0.0103448275862069
"2008-08-20","dustin","carlos","21005700","potamogeton.strictifolius",0.00548446069469835,1,1.43256,0.00471698113207547,636,547,580,0.00517241379310345
"2008-08-20","dustin","carlos","21005700","najas.marina",0.0036563071297989,1,1.2192,0.00314465408805031,636,547,580,0.00344827586206897
"2008-08-22","newman","blueberry","80003400","ceratophyllum.demersum",0.164490861618799,2.0952380952381,1.7,0.164490861618799,383,383,155,0.367741935483871
"2008-08-22","newman","blueberry","80003400","potamogeton.crispus",0.0234986945169713,1,1.9,0.0234986945169713,383,383,155,0.0451612903225806
"2008-08-22","newman","blueberry","80003400","najas.flexilis",0.130548302872063,2.68,1.4,0.130548302872063,383,383,155,0.309677419354839
"2008-08-22","newman","blueberry","80003400","potamogeton.richardsonii",0.00261096605744125,1,0.5,0.00261096605744125,383,383,155,0.00645161290322581
"2008-08-22","newman","blueberry","80003400","elodea.canadensis",0.12532637075718,1.4375,2.1,0.12532637075718,383,383,155,0.27741935483871
"2008-08-22","newman","blueberry","80003400","nymphaea.odorata",0.0234986945169713,1.33333333333333,1.2,0.0234986945169713,383,383,155,0.0451612903225806
"2008-08-22","newman","blueberry","80003400","chara.spp",0.0600522193211488,1.47826086956522,1.4,0.0600522193211488,383,383,155,0.135483870967742
"2008-08-22","newman","blueberry","80003400","stuckenia.pectinata",0.0757180156657963,2.37931034482759,1.2,0.0757180156657963,383,383,155,0.180645161290323
"2008-08-22","newman","blueberry","80003400","myriophyllum.sibiricum",0.0182767624020888,1.14285714285714,1,0.0182767624020888,383,383,155,0.0451612903225806
"2008-08-22","newman","blueberry","80003400","heteranthera.dubia",0.010443864229765,1,1.1,0.010443864229765,383,383,155,0.0258064516129032
"2008-08-22","newman","blueberry","80003400","typha.spp",0.00261096605744125,1,0.8,0.00261096605744125,383,383,155,0.00645161290322581
"2008-08-22","newman","blueberry","80003400","zannichellia.palustris",0.00522193211488251,1,1,0.00522193211488251,383,383,155,0.0129032258064516
"2008-08-22","newman","blueberry","80003400","eleocharis.acicularis",0.010443864229765,1.5,1.2,0.010443864229765,383,383,155,0.0193548387096774
"2008-08-22","newman","blueberry","80003400","nuphar.variegata",0.107049608355091,2.07317073170732,1.2,0.107049608355091,383,383,155,0.251612903225806
"2008-08-22","newman","blueberry","80003400","utricularia.vulgaris",0.00783289817232376,1.33333333333333,1,0.00783289817232376,383,383,155,0.0193548387096774
"2008-08-22","newman","blueberry","80003400","bidens.beckii",0.00783289817232376,1,1,0.00783289817232376,383,383,155,0.0193548387096774
"2008-08-22","newman","blueberry","80003400","zizania.spp",0.010443864229765,1,1.2,0.010443864229765,383,383,155,0.0193548387096774
"2008-08-22","newman","blueberry","80003400","hippuris.vulgaris",0.0365535248041775,3.35714285714286,1.6,0.0365535248041775,383,383,155,0.0838709677419355
"2008-08-22","newman","blueberry","80003400","unk.scri",0.0234986945169713,1.22222222222222,2.6,0.0234986945169713,383,383,155,0.0516129032258065
"2008-08-26","dustin","stolaf","81000300","algae.filamentous",0.117647058823529,1,0.94488,0.109090909090909,55,51,47,0.127659574468085
"2008-08-26","dustin","stolaf","81000300","ceratophyllum.demersum",0.117647058823529,1,1.15824,0.109090909090909,55,51,47,0.127659574468085
"2008-08-26","dustin","stolaf","81000300","potamogeton.richardsonii",0.0392156862745098,1,0.51816,0.0363636363636364,55,51,47,0.0425531914893617
"2008-08-26","dustin","stolaf","81000300","stuckenia.pectinata",0.0196078431372549,1,1.15824,0.0181818181818182,55,51,47,0.0212765957446809
"2008-08-26","dustin","stolaf","81000300","myriophyllum.sibiricum",0.0196078431372549,1,0.70104,0.0181818181818182,55,51,47,0.0212765957446809
"2008-08-26","dustin","stolaf","81000300","heteranthera.dubia",0.0196078431372549,1,0.762,0.0181818181818182,55,51,47,0.0212765957446809
"2008-08-26","dustin","stolaf","81000300","nymphaea.spp",0.176470588235294,1,1.2192,0.163636363636364,55,51,47,0.191489361702128
"2008-08-26","dustin","stolaf","81000300","nuphar.spp",0.0588235294117647,1,1.2192,0.0545454545454545,55,51,47,0.0638297872340425
"2008-08-26","dustin","stolaf","81000300","potamogeton.zosterifomis",0.0196078431372549,1,0.6096,0.0181818181818182,55,51,47,0.0212765957446809
"2008-08-27","dustin","pearl","73003700","algae.filamentous",0.125382262996942,1,2.1336,0.122754491017964,334,327,248,0.165322580645161
"2008-08-27","dustin","pearl","73003700","ceratophyllum.demersum",0.128440366972477,1,3.6576,0.125748502994012,334,327,248,0.125
"2008-08-27","dustin","pearl","73003700","potamogeton.crispus",0.0428134556574924,1,3.9624,0.0419161676646707,334,327,248,0.0241935483870968
"2008-08-27","dustin","pearl","73003700","najas.flexilis",0.152905198776758,1,1.6764,0.149700598802395,334,327,248,0.201612903225806
"2008-08-27","dustin","pearl","73003700","vallisneria.americana",0.0458715596330275,1,3.3528,0.0449101796407186,334,327,248,0.0564516129032258
"2008-08-27","dustin","pearl","73003700","potamogeton.richardsonii",0.0428134556574924,1,1.9812,0.0419161676646707,334,327,248,0.0564516129032258
"2008-08-27","dustin","pearl","73003700","elodea.canadensis",0.00917431192660551,1,1.524,0.00898203592814371,334,327,248,0.0120967741935484
"2008-08-27","dustin","pearl","73003700","chara.spp",0.715596330275229,1,3.5052,0.70059880239521,334,327,248,0.915322580645161
"2008-08-27","dustin","pearl","73003700","stuckenia.pectinata",0.0825688073394495,1,3.048,0.0808383233532934,334,327,248,0.104838709677419
"2008-08-27","dustin","pearl","73003700","lemna.trisulca",0.00611620795107034,1,1.8288,0.00598802395209581,334,327,248,0.00806451612903226
"2008-08-27","dustin","pearl","73003700","myriophyllum.sibiricum",0.143730886850153,1,3.048,0.140718562874251,334,327,248,0.181451612903226
"2008-08-27","dustin","pearl","73003700","heteranthera.dubia",0.0122324159021407,1,0.6096,0.0119760479041916,334,327,248,0.0161290322580645
"2008-08-27","dustin","pearl","73003700","nymphaea.spp",0.00917431192660551,1,0.6096,0.00898203592814371,334,327,248,0.0120967741935484
"2008-08-27","dustin","pearl","73003700","typha.spp",0.00305810397553517,1,0.4572,0.0029940119760479,334,327,248,0.00403225806451613
"2008-08-27","dustin","pearl","73003700","potamogeton.amplifolius",0.00611620795107034,1,1.0668,0.00598802395209581,334,327,248,0.00806451612903226
"2008-08-27","dustin","pearl","73003700","potamogeton.illinoensis",0.0428134556574924,1,1.9812,0.0419161676646707,334,327,248,0.0564516129032258
"2008-08-27","dustin","pearl","73003700","potamogeton.praelongus",0.0244648318042813,1,3.048,0.0239520958083832,334,327,248,0.0282258064516129
"2008-08-27","dustin","pearl","73003700","potamogeton.zosterifomis",0.00611620795107034,1,1.6764,0.00598802395209581,334,327,248,0.00806451612903226
"2008-08-27","dustin","pearl","73003700","schoenoplectus.acutus",0.0275229357798165,1,1.2192,0.0269461077844311,334,327,248,0.0362903225806452
"2008-08-27","dustin","pearl","73003700","potamogeton.natans",0.00305810397553517,1,0.6096,0.0029940119760479,334,327,248,0.00403225806451613
"2008-08-27","dustin","pearl","73003700","potamogeton.narrow",0.0122324159021407,1,2.286,0.0119760479041916,334,327,248,0.0161290322580645
"2008-08-27","dustin","pearl","73003700","potamogeton.gramineus",0.00611620795107034,1,0.3048,0.00598802395209581,334,327,248,0.00806451612903226
"2008-08-27","dustin","pearl","73003700","sagittaria.spp",0.00305810397553517,1,0.4572,0.0029940119760479,334,327,248,0.00403225806451613
"2008-08-27","dustin","stjames","83004300","algae.filamentous",0.43046357615894,1,1.70688,0.43046357615894,151,151,125,0.52
"2008-08-27","dustin","stjames","83004300","ceratophyllum.demersum",0.344370860927152,1,3.53568,0.344370860927152,151,151,125,0.4
"2008-08-27","dustin","stjames","83004300","potamogeton.crispus",0.033112582781457,1,1.9812,0.033112582781457,151,151,125,0.04
"2008-08-27","dustin","stjames","83004300","najas.flexilis",0.0596026490066225,1,0.82296,0.0596026490066225,151,151,125,0.072
"2008-08-27","dustin","stjames","83004300","potamogeton.richardsonii",0.165562913907285,1,1.61544,0.165562913907285,151,151,125,0.2
"2008-08-27","dustin","stjames","83004300","chara.spp",0.0397350993377483,1,1.00584,0.0397350993377483,151,151,125,0.048
"2008-08-27","dustin","stjames","83004300","stuckenia.pectinata",0.258278145695364,1,1.55448,0.258278145695364,151,151,125,0.312
"2008-08-27","dustin","stjames","83004300","lemna.minor",0.0529801324503311,1,0.54864,0.0529801324503311,151,151,125,0.064
"2008-08-27","dustin","stjames","83004300","myriophyllum.sibiricum",0.503311258278146,1,3.3528,0.503311258278146,151,151,125,0.6
"2008-08-27","dustin","stjames","83004300","typha.spp",0.0397350993377483,1,0.54864,0.0397350993377483,151,151,125,0.048
"2008-09-02","mccomas","keller","19002500","algae.filamentous",0.891891891891892,3.90909090909091,2.4384,0.891891891891892,37,37,37,0.891891891891892
"2008-09-02","mccomas","keller","19002500","ceratophyllum.demersum",0.972972972972973,4.33333333333333,2.4384,0.972972972972973,37,37,37,0.972972972972973
"2008-09-02","mccomas","keller","19002500","myriophyllum.spicatum",0.945945945945946,2.88571428571429,2.4384,0.945945945945946,37,37,37,0.945945945945946
"2008-09-03","mccomas","gleason","27009500","ceratophyllum.demersum",0.547619047619048,2.10869565217391,2.1336,0.547619047619048,84,84,83,0.55421686746988
"2008-09-03","mccomas","gleason","27009500","nymphaea.odorata",0.511904761904762,3.30232558139535,1.8288,0.511904761904762,84,84,83,0.518072289156627
"2008-09-03","mccomas","gleason","27009500","stuckenia.pectinata",0.0119047619047619,1,0.9144,0.0119047619047619,84,84,83,0.0120481927710843
"2008-09-03","mccomas","gleason","27009500","elodea.spp",0.0119047619047619,1,1.2192,0.0119047619047619,84,84,83,0.0120481927710843
"2008-09-03","mccomas","gleason","27009500","wolffia.spp",0.0357142857142857,1,1.524,0.0357142857142857,84,84,83,0.036144578313253
"2008-09-03","mccomas","gleason","27009500","typha.spp",0.0238095238095238,4.5,0.3048,0.0238095238095238,84,84,83,0.0240963855421687
"2008-09-03","mccomas","gleason","27009500","lemnaceae",0.130952380952381,1.45454545454545,1.524,0.130952380952381,84,84,83,0.132530120481928
"2008-09-05","mccomas","reshanau","02000900","nymphaea.odorata",0.0384615384615385,1,1.2192,0.0384615384615385,130,130,12,0.333333333333333
"2008-09-05","mccomas","reshanau","02000900","stuckenia.pectinata",0.0153846153846154,1,0.6096,0.0153846153846154,130,130,12,0.166666666666667
"2008-09-05","mccomas","reshanau","02000900","najas.spp",0.00769230769230769,1,0.6096,0.00769230769230769,130,130,12,0.0833333333333333
"2008-09-22","brasch","sarahe","27019102","algae.filamentous",0.0289855072463768,1,1,0.0273972602739726,73,69,55,0.0363636363636364
"2008-09-22","brasch","sarahe","27019102","ceratophyllum.demersum",0.507246376811594,1.71428571428571,1.6,0.479452054794521,73,69,55,0.636363636363636
"2008-09-22","brasch","sarahe","27019102","potamogeton.crispus",0.0579710144927536,1,1.7,0.0547945205479452,73,69,55,0.0727272727272727
"2008-09-22","brasch","sarahe","27019102","myriophyllum.spicatum",0.405797101449275,1.32142857142857,1.6,0.383561643835616,73,69,55,0.509090909090909
"2008-09-22","brasch","sarahe","27019102","vallisneria.americana",0.0434782608695652,1,0.8,0.0410958904109589,73,69,55,0.0545454545454545
"2008-09-22","brasch","sarahe","27019102","elodea.canadensis",0.0434782608695652,1,1.1,0.0410958904109589,73,69,55,0.0545454545454545
"2008-09-22","brasch","sarahe","27019102","nymphaea.odorata",0.072463768115942,3.8,0.8,0.0684931506849315,73,69,55,0.0909090909090909
"2008-09-22","brasch","sarahe","27019102","stuckenia.pectinata",0.072463768115942,1,1.6,0.0684931506849315,73,69,55,0.0909090909090909
"2008-09-22","brasch","sarahe","27019102","lemna.trisulca",0.36231884057971,1.04,1.6,0.342465753424658,73,69,55,0.454545454545455
"2008-09-22","brasch","sarahe","27019102","myriophyllum.sibiricum",0.0579710144927536,1,1.1,0.0547945205479452,73,69,55,0.0727272727272727
"2008-09-22","brasch","sarahe","27019102","nitella.spp",0.0144927536231884,1,0.9,0.0136986301369863,73,69,55,0.0181818181818182
"2008-09-23","brasch","sarahw","27019101","ceratophyllum.demersum",0.29,2.17241379310345,1.5,0.263636363636364,110,100,64,0.453125
"2008-09-23","brasch","sarahw","27019101","potamogeton.crispus",0.2,1,3,0.181818181818182,110,100,64,0.25
"2008-09-23","brasch","sarahw","27019101","myriophyllum.spicatum",0.35,1.22857142857143,1.5,0.318181818181818,110,100,64,0.546875
"2008-09-23","brasch","sarahw","27019101","vallisneria.americana",0.03,1,0.5,0.0272727272727273,110,100,64,0.046875
"2008-09-23","brasch","sarahw","27019101","stuckenia.pectinata",0.1,1.1,1.5,0.0909090909090909,110,100,64,0.15625
"2008-09-23","brasch","sarahw","27019101","lemna.trisulca",0.07,1,1.2,0.0636363636363636,110,100,64,0.109375
"2008-09-23","brasch","sarahw","27019101","myriophyllum.sibiricum",0.02,1,0.8,0.0181818181818182,110,100,64,0.03125
"2008-09-23","brasch","sarahw","27019101","nymphaea.spp",0.02,2.5,0.5,0.0181818181818182,110,100,64,0.03125
"2008-09-24","brasch","cleary","70002200","ceratophyllum.demersum",0.770700636942675,1.83471074380165,2.1,0.770700636942675,157,157,157,0.770700636942675
"2008-09-24","brasch","cleary","70002200","potamogeton.crispus",0.0509554140127389,1,1.6,0.0509554140127389,157,157,157,0.0509554140127389
"2008-09-24","brasch","cleary","70002200","potamogeton.foliosus",0.0764331210191083,1.08333333333333,1.3,0.0764331210191083,157,157,157,0.0764331210191083
"2008-09-24","brasch","cleary","70002200","najas.flexilis",0.0636942675159236,1,2,0.0636942675159236,157,157,157,0.0636942675159236
"2008-09-24","brasch","cleary","70002200","elodea.canadensis",0.687898089171974,1.72222222222222,1.6,0.687898089171974,157,157,157,0.687898089171974
"2008-09-24","brasch","cleary","70002200","nymphaea.odorata",0.0127388535031847,1,0.5,0.0127388535031847,157,157,157,0.0127388535031847
"2008-09-24","brasch","cleary","70002200","stuckenia.pectinata",0.114649681528662,1.05555555555556,1.3,0.114649681528662,157,157,157,0.114649681528662
"2008-09-24","brasch","cleary","70002200","lemna.trisulca",0.32484076433121,1.13725490196078,2,0.32484076433121,157,157,157,0.32484076433121
"2008-09-24","brasch","cleary","70002200","zannichellia.palustris",0.00636942675159236,1,0.5,0.00636942675159236,157,157,157,0.00636942675159236
"2008-10-08","brasch","hyland","27004800","potamogeton.crispus",0.741935483870968,1.01086956521739,2.9,0.741935483870968,124,124,43,0.767441860465116
"2009-01-01","newman","blueberry","80003400","ceratophyllum.demersum",0.117794486215539,1.70212765957447,2.4,0.117794486215539,399,399,171,0.239766081871345
"2009-01-01","newman","blueberry","80003400","potamogeton.crispus",0.137844611528822,1.16363636363636,2.6,0.137844611528822,399,399,171,0.0818713450292398
"2009-01-01","newman","blueberry","80003400","potamogeton.foliosus",0.0100250626566416,1,0.6,0.0100250626566416,399,399,171,0.0233918128654971
"2009-01-01","newman","blueberry","80003400","najas.flexilis",0.025062656641604,1,0.7,0.025062656641604,399,399,171,0.0584795321637427
"2009-01-01","newman","blueberry","80003400","potamogeton.richardsonii",0.0100250626566416,1,0.5,0.0100250626566416,399,399,171,0.0233918128654971
"2009-01-01","newman","blueberry","80003400","spirodela.polyrhiza",0.012531328320802,1.2,1.4,0.012531328320802,399,399,171,0.0233918128654971
"2009-01-01","newman","blueberry","80003400","elodea.canadensis",0.208020050125313,1.57831325301205,1.7,0.208020050125313,399,399,171,0.362573099415205
"2009-01-01","newman","blueberry","80003400","nymphaea.odorata",0.012531328320802,1,0.8,0.012531328320802,399,399,171,0.0292397660818713
"2009-01-01","newman","blueberry","80003400","chara.spp",0.0927318295739348,1.24324324324324,1.2,0.0927318295739348,399,399,171,0.210526315789474
"2009-01-01","newman","blueberry","80003400","stuckenia.pectinata",0.0977443609022556,1.1025641025641,2.1,0.0977443609022556,399,399,171,0.175438596491228
"2009-01-01","newman","blueberry","80003400","ranunculus.aquatilis",0.0701754385964912,1.32142857142857,2,0.0701754385964912,399,399,171,0.152046783625731
"2009-01-01","newman","blueberry","80003400","myriophyllum.sibiricum",0.0175438596491228,1,1,0.0175438596491228,399,399,171,0.0409356725146199
"2009-01-01","newman","blueberry","80003400","heteranthera.dubia",0.0100250626566416,1,2.4,0.0100250626566416,399,399,171,0.0175438596491228
"2009-01-01","newman","blueberry","80003400","typha.spp",0.0776942355889724,1,1.5,0.0776942355889724,399,399,171,0.175438596491228
"2009-01-01","newman","blueberry","80003400","eleocharis.acicularis",0.0025062656641604,4,0.8,0.0025062656641604,399,399,171,0.00584795321637427
"2009-01-01","newman","blueberry","80003400","nuphar.variegata",0.12531328320802,1.04,1,0.12531328320802,399,399,171,0.292397660818713
"2009-01-01","newman","blueberry","80003400","potamogeton.illinoensis",0.0025062656641604,1,0.8,0.0025062656641604,399,399,171,0.00584795321637427
"2009-01-01","newman","blueberry","80003400","utricularia.vulgaris",0.025062656641604,1,0.6,0.025062656641604,399,399,171,0.0584795321637427
"2009-01-01","newman","blueberry","80003400","zizania.spp",0.0050125313283208,1,0.8,0.0050125313283208,399,399,171,0.0116959064327485
"2009-01-01","newman","blueberry","80003400","schoenoplectus.acutus",0.0350877192982456,1,2.4,0.0350877192982456,399,399,171,0.064327485380117
"2009-01-01","newman","blueberry","80003400","hippuris.vulgaris",0.0401002506265664,1.375,0.6,0.0401002506265664,399,399,171,0.0935672514619883
"2009-04-18","sblood","kohlman","62000600","ceratophyllum.demersum",0.181818181818182,1.54166666666667,2.1336,0.181818181818182,132,132,132,0.181818181818182
"2009-04-18","sblood","kohlman","62000600","potamogeton.crispus",0.287878787878788,1.31578947368421,2.1336,0.287878787878788,132,132,132,0.287878787878788
"2009-04-18","sblood","kohlman","62000600","algae",0.0378787878787879,1,1.0668,0.0378787878787879,132,132,132,0.0378787878787879
"2009-04-30","mccomas","gleason","27009500","algae.filamentous",0.181102362204724,1.39130434782609,3.048,0.1796875,128,127,107,0.205607476635514
"2009-04-30","mccomas","gleason","27009500","ceratophyllum.demersum",0.37007874015748,1.93617021276596,2.7432,0.3671875,128,127,107,0.439252336448598
"2009-04-30","mccomas","gleason","27009500","potamogeton.crispus",0.574803149606299,1.93150684931507,3.048,0.5703125,128,127,107,0.663551401869159
"2009-04-30","mccomas","gleason","27009500","nymphaea.odorata",0.031496062992126,1,1.524,0.03125,128,127,107,0.0373831775700935
"2009-04-30","mccomas","gleason","27009500","lemna.trisulca",0.0236220472440945,1.66666666666667,1.8288,0.0234375,128,127,107,0.0280373831775701
"2009-04-30","mccomas","gleason","27009500","elodea.spp",0.015748031496063,1,1.8288,0.015625,128,127,107,0.0186915887850467
"2009-05-10","brasch","rebecca","27019200","ceratophyllum.demersum",0.144736842105263,1.18181818181818,2.2,0.112820512820513,195,152,122,0.180327868852459
"2009-05-10","brasch","rebecca","27019200","potamogeton.crispus",0.539473684210526,1.25609756097561,4.2,0.420512820512821,195,152,122,0.639344262295082
"2009-05-10","brasch","rebecca","27019200","myriophyllum.spicatum",0.25,1.05128205128205,4.6,0.2,195,152,122,0.311475409836066
"2009-05-11","newman","clearm","47009500","ceratophyllum.demersum",0.161137440758294,1.47058823529412,2.4,0.129277566539924,263,211,46,0.565217391304348
"2009-05-11","newman","clearm","47009500","potamogeton.crispus",0.289099526066351,1.42622950819672,3.1,0.231939163498099,263,211,46,0.130434782608696
"2009-05-11","newman","clearm","47009500","elodea.canadensis",0.0616113744075829,1.61538461538462,2.5,0.0494296577946768,263,211,46,0.217391304347826
"2009-05-11","newman","clearm","47009500","chara.spp",0.0663507109004739,1.28571428571429,2.5,0.0532319391634981,263,211,46,0.108695652173913
"2009-05-11","newman","clearm","47009500","lemna.trisulca",0.0663507109004739,1.07142857142857,1.1,0.0532319391634981,263,211,46,0.260869565217391
"2009-05-11","newman","clearm","47009500","myriophyllum.sibiricum",0.0805687203791469,1.17647058823529,2.5,0.064638783269962,263,211,46,0.282608695652174
"2009-05-11","newman","clearm","47009500","potamogeton.narrow",0.023696682464455,1,0.9,0.0190114068441065,263,211,46,0.108695652173913
"2009-05-15","newman","blueberry","80003400","ceratophyllum.demersum",0.156565656565657,1.5,3,0.156565656565657,396,396,158,0.386075949367089
"2009-05-15","newman","blueberry","80003400","potamogeton.crispus",0.272727272727273,1.61111111111111,3,0.272727272727273,396,396,158,0.113924050632911
"2009-05-15","newman","blueberry","80003400","elodea.canadensis",0.126262626262626,1.1,1.7,0.126262626262626,396,396,158,0.259493670886076
"2009-05-15","newman","blueberry","80003400","nymphaea.odorata",0.0126262626262626,1,1,0.0126262626262626,396,396,158,0.0316455696202532
"2009-05-15","newman","blueberry","80003400","chara.spp",0.0580808080808081,1.08695652173913,1.3,0.0580808080808081,396,396,158,0.139240506329114
"2009-05-15","newman","blueberry","80003400","stuckenia.pectinata",0.0328282828282828,1,0.8,0.0328282828282828,396,396,158,0.0822784810126582
"2009-05-15","newman","blueberry","80003400","myriophyllum.sibiricum",0.00757575757575758,1,1,0.00757575757575758,396,396,158,0.0189873417721519
"2009-05-15","newman","blueberry","80003400","potamogeton.pusillus",0.0126262626262626,1,0.7,0.0126262626262626,396,396,158,0.0316455696202532
"2009-05-15","newman","blueberry","80003400","typha.spp",0.0227272727272727,1,0.6,0.0227272727272727,396,396,158,0.0569620253164557
"2009-05-15","newman","blueberry","80003400","nuphar.variegata",0.0429292929292929,1,1,0.0429292929292929,396,396,158,0.107594936708861
"2009-05-15","newman","blueberry","80003400","utricularia.vulgaris",0.0126262626262626,1,0.6,0.0126262626262626,396,396,158,0.0316455696202532
"2009-05-15","newman","blueberry","80003400","bidens.beckii",0.0378787878787879,1,0.9,0.0378787878787879,396,396,158,0.0949367088607595
"2009-05-15","newman","blueberry","80003400","zizania.spp",0.00505050505050505,1,3,0.00505050505050505,396,396,158,0.00632911392405063
"2009-05-15","newman","blueberry","80003400","schoenoplectus.acutus",0.0126262626262626,1,0.8,0.0126262626262626,396,396,158,0.0316455696202532
"2009-05-15","newman","blueberry","80003400","hippuris.vulgaris",0.0227272727272727,1.11111111111111,1.2,0.0227272727272727,396,396,158,0.0506329113924051
"2009-05-15","newman","coal","77004600","ceratophyllum.demersum",0.166666666666667,1.13333333333333,3.6,0.127118644067797,118,90,109,0.137614678899083
"2009-05-15","newman","coal","77004600","potamogeton.crispus",0.3,1.37931034482759,6.1,0.245762711864407,118,90,109,0.256880733944954
"2009-05-15","newman","coal","77004600","potamogeton.foliosus",0.0444444444444444,1,2.6,0.0338983050847458,118,90,109,0.036697247706422
"2009-05-15","newman","coal","77004600","brasenia.schreberi",0.0111111111111111,1,0.7,0.00847457627118644,118,90,109,0.00917431192660551
"2009-05-15","newman","coal","77004600","potamogeton.richardsonii",0.0222222222222222,1,2.2,0.0169491525423729,118,90,109,0.018348623853211
"2009-05-15","newman","coal","77004600","elodea.canadensis",0.155555555555556,1.78571428571429,3.9,0.11864406779661,118,90,109,0.128440366972477
"2009-05-15","newman","coal","77004600","nymphaea.odorata",0.0111111111111111,1,1.7,0.00847457627118644,118,90,109,0.00917431192660551
"2009-05-15","newman","coal","77004600","chara.spp",0.0222222222222222,1,1,0.0169491525423729,118,90,109,0.018348623853211
"2009-05-15","newman","coal","77004600","lemna.trisulca",0.0222222222222222,1,1,0.0169491525423729,118,90,109,0.018348623853211
"2009-05-15","newman","coal","77004600","myriophyllum.sibiricum",0.0222222222222222,1,4,0.0169491525423729,118,90,109,0.018348623853211
"2009-05-15","newman","coal","77004600","potamogeton.pusillus",0.0333333333333333,1,4.1,0.0254237288135593,118,90,109,0.0275229357798165
"2009-05-15","newman","coal","77004600","typha.spp",0.0111111111111111,1,1,0.00847457627118644,118,90,109,0.00917431192660551
"2009-05-15","newman","coal","77004600","nitella.spp",0.0111111111111111,1,0.8,0.00847457627118644,118,90,109,0.00917431192660551
"2009-05-15","newman","coal","77004600","nuphar.variegata",0.0666666666666667,1,1,0.0508474576271186,118,90,109,0.055045871559633
"2009-05-15","newman","coal","77004600","potamogeton.amplifolius",0.233333333333333,1.28571428571429,3.7,0.177966101694915,118,90,109,0.192660550458716
"2009-05-15","newman","coal","77004600","potamogeton.illinoensis",0.0111111111111111,1,3.7,0.00847457627118644,118,90,109,0.00917431192660551
"2009-05-15","newman","coal","77004600","potamogeton.praelongus",0.1,1,3.7,0.076271186440678,118,90,109,0.0825688073394495
"2009-05-15","newman","coal","77004600","potamogeton.zosterifomis",0.255555555555556,1.04347826086957,4.1,0.194915254237288,118,90,109,0.211009174311927
"2009-05-15","newman","coal","77004600","utricularia.vulgaris",0.0111111111111111,1,0.6,0.00847457627118644,118,90,109,0.00917431192660551
"2009-05-15","newman","coal","77004600","bidens.beckii",0.0111111111111111,1,1.2,0.00847457627118644,118,90,109,0.00917431192660551
"2009-05-15","newman","coal","77004600","zizania.spp",0.0111111111111111,1,0.6,0.00847457627118644,118,90,109,0.00917431192660551
"2009-05-15","newman","coal","77004600","potamogeton.robbinsii",0.655555555555556,1.89830508474576,4.1,0.5,118,90,109,0.541284403669725
"2009-05-15","newman","coal","77004600","fontinalis.antipyretica",0.0222222222222222,1,5.4,0.0254237288135593,118,90,109,0.0275229357798165
"2009-05-15","newman","coal","77004600","equisetum.fluviatile",0.0111111111111111,2,0.6,0.00847457627118644,118,90,109,0.00917431192660551
"2009-05-15","newman","coal","77004600","potamogeton.gramineus",0.0111111111111111,1,1.2,0.00847457627118644,118,90,109,0.00917431192660551
"2009-05-15","newman","crookneck","49013300","ceratophyllum.demersum",0.657718120805369,2.31067961165049,6,0.525510204081633,196,149,161,0.62111801242236
"2009-05-15","newman","crookneck","49013300","potamogeton.crispus",0.0469798657718121,1,5.9,0.0459183673469388,196,149,161,0.0496894409937888
"2009-05-15","newman","crookneck","49013300","potamogeton.foliosus",0.00671140939597315,1,0.9,0.00510204081632653,196,149,161,0.0062111801242236
"2009-05-15","newman","crookneck","49013300","vallisneria.americana",0.00671140939597315,1,1.3,0.00510204081632653,196,149,161,0.0062111801242236
"2009-05-15","newman","crookneck","49013300","elodea.canadensis",0.0335570469798658,1,1.6,0.0255102040816327,196,149,161,0.031055900621118
"2009-05-15","newman","crookneck","49013300","nymphaea.odorata",0.0536912751677852,1,1.6,0.0408163265306122,196,149,161,0.0496894409937888
"2009-05-15","newman","crookneck","49013300","chara.spp",0.0402684563758389,1,1,0.0306122448979592,196,149,161,0.0372670807453416
"2009-05-15","newman","crookneck","49013300","lemna.trisulca",0.369127516778524,1.43859649122807,5.4,0.290816326530612,196,149,161,0.341614906832298
"2009-05-15","newman","crookneck","49013300","myriophyllum.sibiricum",0.00671140939597315,1,1.4,0.00510204081632653,196,149,161,0.0062111801242236
"2009-05-15","newman","crookneck","49013300","eleocharis.acicularis",0.0402684563758389,1,2.5,0.0306122448979592,196,149,161,0.0372670807453416
"2009-05-15","newman","crookneck","49013300","nuphar.variegata",0.0134228187919463,1,1.2,0.0102040816326531,196,149,161,0.0124223602484472
"2009-05-15","newman","crookneck","49013300","potamogeton.amplifolius",0.0469798657718121,1,1.7,0.0357142857142857,196,149,161,0.0434782608695652
"2009-05-15","newman","crookneck","49013300","potamogeton.praelongus",0.0939597315436242,1.28571428571429,2,0.0714285714285714,196,149,161,0.0869565217391304
"2009-05-15","newman","crookneck","49013300","potamogeton.zosterifomis",0.00671140939597315,1,0.9,0.00510204081632653,196,149,161,0.0062111801242236
"2009-05-15","newman","crookneck","49013300","bidens.beckii",0.00671140939597315,1,1.1,0.00510204081632653,196,149,161,0.0062111801242236
"2009-05-15","newman","crookneck","49013300","najas.guadalupensis",0.684563758389262,2.55660377358491,5.4,0.540816326530612,196,149,161,0.652173913043478
"2009-05-15","newman","fish","70006900","ceratophyllum.demersum",0.579365079365079,2.10958904109589,3.8,0.5703125,128,126,93,0.763440860215054
"2009-05-15","newman","fish","70006900","potamogeton.crispus",0.0158730158730159,1,2,0.015625,128,126,93,0.021505376344086
"2009-05-15","newman","fish","70006900","stuckenia.pectinata",0.00793650793650794,1,1.3,0.0078125,128,126,93,0.010752688172043
"2009-05-15","newman","fish","70006900","myriophyllum.sibiricum",0.0476190476190476,1,1.7,0.046875,128,126,93,0.0645161290322581
"2009-05-15","newman","fish","70006900","nuphar.variegata",0.00793650793650794,1,1.1,0.0078125,128,126,93,0.010752688172043
"2009-05-15","newman","julia","71014500","najas.flexilis",0.0188679245283019,1,0.5,0.0188679245283019,106,106,16,0.125
"2009-05-15","newman","julia","71014500","elodea.canadensis",0.216981132075472,2.91304347826087,2.4,0.216981132075472,106,106,16,0.875
"2009-05-15","newman","julia","71014500","chara.spp",0.113207547169811,2.16666666666667,2,0.113207547169811,106,106,16,0.4375
"2009-05-15","newman","julia","71014500","najas.guadalupensis",0.141509433962264,1.73333333333333,2.4,0.141509433962264,106,106,16,0.5625
"2009-05-15","newman","longi","30007200","potamogeton.crispus",0.446078431372549,1.46153846153846,3.1,0.446078431372549,408,408,49,0.142857142857143
"2009-05-15","newman","longi","30007200","najas.flexilis",0.00735294117647059,1,1,0.00735294117647059,408,408,49,0.0204081632653061
"2009-05-15","newman","longi","30007200","chara.spp",0.0490196078431373,1.35,1.1,0.0490196078431373,408,408,49,0.306122448979592
"2009-05-15","newman","lowermission","18024300","ceratophyllum.demersum",0.353233830845771,1.90140845070423,4,0.279527559055118,254,201,123,0.48780487804878
"2009-05-15","newman","lowermission","18024300","potamogeton.crispus",0.338308457711443,1.33333333333333,4.7,0.271653543307087,254,201,123,0.113821138211382
"2009-05-15","newman","lowermission","18024300","potamogeton.richardsonii",0.00497512437810945,1,2,0.00393700787401575,254,201,123,0.00813008130081301
"2009-05-15","newman","lowermission","18024300","elodea.canadensis",0.208955223880597,1.33333333333333,3.6,0.165354330708661,254,201,123,0.268292682926829
"2009-05-15","newman","lowermission","18024300","nymphaea.odorata",0.00497512437810945,1,0.8,0.00393700787401575,254,201,123,0.00813008130081301
"2009-05-15","newman","lowermission","18024300","chara.spp",0.18407960199005,2.13513513513514,2.4,0.145669291338583,254,201,123,0.300813008130081
"2009-05-15","newman","lowermission","18024300","lemna.minor",0.00497512437810945,1,5.3,0.0078740157480315,254,201,123,0.00813008130081301
"2009-05-15","newman","lowermission","18024300","lemna.trisulca",0.407960199004975,1.16470588235294,6,0.334645669291339,254,201,123,0.455284552845528
"2009-05-15","newman","lowermission","18024300","ranunculus.aquatilis",0.00497512437810945,1,1.8,0.00393700787401575,254,201,123,0.00813008130081301
"2009-05-15","newman","lowermission","18024300","myriophyllum.sibiricum",0.00995024875621891,1.5,1.6,0.0078740157480315,254,201,123,0.016260162601626
"2009-05-15","newman","lowermission","18024300","heteranthera.dubia",0.0696517412935323,1,2.2,0.0551181102362205,254,201,123,0.113821138211382
"2009-05-15","newman","lowermission","18024300","nitella.spp",0.054726368159204,1.09090909090909,4,0.0433070866141732,254,201,123,0.0731707317073171
"2009-05-15","newman","lowermission","18024300","zannichellia.palustris",0.00497512437810945,1,2,0.00393700787401575,254,201,123,0.00813008130081301
"2009-05-15","newman","lowermission","18024300","eleocharis.acicularis",0.00497512437810945,1,0.8,0.00393700787401575,254,201,123,0.00813008130081301
"2009-05-15","newman","lowermission","18024300","nuphar.variegata",0.0149253731343284,1,1.3,0.0118110236220472,254,201,123,0.024390243902439
"2009-05-15","newman","lowermission","18024300","potamogeton.praelongus",0.0248756218905473,1,2,0.0196850393700787,254,201,123,0.040650406504065
"2009-05-15","newman","lowermission","18024300","utricularia.vulgaris",0.0398009950248756,1,3,0.031496062992126,254,201,123,0.0569105691056911
"2009-05-15","newman","lowermission","18024300","zizania.spp",0.00995024875621891,1,0.6,0.0078740157480315,254,201,123,0.016260162601626
"2009-05-15","newman","lowermission","18024300","schoenoplectus.acutus",0.00497512437810945,1,1,0.00393700787401575,254,201,123,0.00813008130081301
"2009-05-15","newman","lowermission","18024300","fontinalis.antipyretica",0.0199004975124378,1,4.7,0.0196850393700787,254,201,123,0.032520325203252
"2009-05-15","newman","rebecca","27019200","ceratophyllum.demersum",0.144736842105263,1.18181818181818,2.2,0.112820512820513,195,152,122,0.180327868852459
"2009-05-15","newman","rebecca","27019200","potamogeton.crispus",0.539473684210526,1.25609756097561,4.2,0.420512820512821,195,152,122,0.639344262295082
"2009-05-15","newman","rebecca","27019200","myriophyllum.spicatum",0.25,1.05128205128205,4.6,0.2,195,152,122,0.311475409836066
"2009-05-15","newman","rush","71014700","potamogeton.crispus",0.0625,1.14285714285714,2.1,0.0625,112,112,11,0.0909090909090909
"2009-05-15","newman","rush","71014700","elodea.canadensis",0.267857142857143,1.43333333333333,2.8,0.267857142857143,112,112,11,0.545454545454545
"2009-05-15","newman","rush","71014700","chara.spp",0.107142857142857,1.58333333333333,2.8,0.107142857142857,112,112,11,0.454545454545454
"2009-05-15","newman","silver","62000100","ceratophyllum.demersum",0.096551724137931,1,3.2,0.0939597315436242,149,145,140,0.0928571428571429
"2009-05-15","newman","silver","62000100","potamogeton.crispus",0.441379310344828,1.109375,3.2,0.429530201342282,149,145,140,0.442857142857143
"2009-05-15","newman","silver","62000100","elodea.canadensis",0.151724137931034,1.45454545454545,1.9,0.147651006711409,149,145,140,0.157142857142857
"2009-05-15","newman","silver","62000100","chara.spp",0.0827586206896552,1.16666666666667,2.9,0.0805369127516778,149,145,140,0.0857142857142857
"2009-05-15","newman","silver","62000100","potamogeton.amplifolius",0.0275862068965517,1.25,1.6,0.0268456375838926,149,145,140,0.0285714285714286
"2009-05-15","newman","vails","73015100","ceratophyllum.demersum",0.0223463687150838,1,1.3,0.0218579234972678,183,179,54,0.0555555555555556
"2009-05-15","newman","vails","73015100","potamogeton.crispus",0.379888268156425,1.89705882352941,4,0.371584699453552,183,179,54,0.537037037037037
"2009-05-15","newman","vails","73015100","heteranthera.dubia",0.0167597765363128,1,0.8,0.0163934426229508,183,179,54,0.0555555555555556
"2009-05-15","newman","vails","73015100","zannichellia.palustris",0.00558659217877095,1,0.5,0.00546448087431694,183,179,54,0.0185185185185185
"2009-05-15","newman","weaver","27011700","ceratophyllum.demersum",0.14018691588785,1.4,3.8,0.119047619047619,126,107,115,0.130434782608696
"2009-05-15","newman","weaver","27011700","potamogeton.crispus",0.14018691588785,1.2,3.8,0.119047619047619,126,107,115,0.130434782608696
"2009-05-15","newman","weaver","27011700","elodea.canadensis",0.00934579439252336,1,0.7,0.00793650793650794,126,107,115,0.00869565217391304
"2009-05-15","newman","weaver","27011700","nymphaea.odorata",0.0186915887850467,1,1.3,0.0158730158730159,126,107,115,0.0173913043478261
"2009-05-15","newman","weaver","27011700","chara.spp",0.130841121495327,1.28571428571429,2.3,0.111111111111111,126,107,115,0.121739130434783
"2009-05-15","newman","weaver","27011700","lemna.trisulca",0.0373831775700935,1,1.9,0.0317460317460317,126,107,115,0.0347826086956522
"2009-05-15","newman","weaver","27011700","heteranthera.dubia",0.0560747663551402,1,1.9,0.0476190476190476,126,107,115,0.0521739130434783
"2009-05-15","newman","weaver","27011700","zannichellia.palustris",0.0467289719626168,1,1.8,0.0396825396825397,126,107,115,0.0434782608695652
"2009-05-19","dustin","southcenter","13002700","algae.filamentous",0.138107416879795,1,3.77952,0.137404580152672,393,391,359,0.144846796657382
"2009-05-19","dustin","southcenter","13002700","ceratophyllum.demersum",0.127877237851662,1,3.77952,0.127226463104326,393,391,359,0.136490250696379
"2009-05-19","dustin","southcenter","13002700","potamogeton.crispus",0.849104859335038,1,4.08432,0.844783715012723,393,391,359,0.855153203342618
"2009-05-19","dustin","southcenter","13002700","myriophyllum.sibiricum",0.0485933503836317,1,1.95072,0.0483460559796438,393,391,359,0.052924791086351
"2009-05-19","dustin","southcenter","13002700","nymphaea.spp",0.0255754475703325,1,1.0668,0.0254452926208651,393,391,359,0.0278551532033426
"2009-05-19","dustin","southcenter","13002700","nuphar.spp",0.00255754475703325,1,0.73152,0.00254452926208651,393,391,359,0.00278551532033426
"2009-05-19","dustin","southcenter","13002700","nitella.spp",0.00767263427109974,1,2.62128,0.00763358778625954,393,391,359,0.00835654596100279
"2009-05-19","dustin","southcenter","13002700","potamogeton.praelongus",0.0051150895140665,1,1.31064,0.00508905852417303,393,391,359,0.00557103064066852
"2009-05-19","dustin","southcenter","13002700","potamogeton.robbinsii",0.0255754475703325,1,1.88976,0.0254452926208651,393,391,359,0.0278551532033426
"2009-05-19","dustin","southcenter","13002700","potamogeton.natans",0.0281329923273657,1,1.0668,0.0279898218829517,393,391,359,0.0306406685236769
"2009-05-19","dustin","southcenter","13002700","myriophyllum.spp",0.0358056265984655,1,1.85928,0.0356234096692112,393,391,359,0.0389972144846797
"2009-05-19","dustin","stolaf","81000300","algae.filamentous",0.0555555555555556,1,0.762,0.0545454545454545,55,54,47,0.0638297872340425
"2009-05-19","dustin","stolaf","81000300","ceratophyllum.demersum",0.0185185185185185,1,0.4572,0.0181818181818182,55,54,47,0.0212765957446809
"2009-05-19","dustin","stolaf","81000300","potamogeton.crispus",0.0925925925925926,1,2.40792,0.0909090909090909,55,54,47,0.106382978723404
"2009-05-19","dustin","stolaf","81000300","myriophyllum.sibiricum",0.0185185185185185,1,0.94488,0.0181818181818182,55,54,47,0.0212765957446809
"2009-05-19","dustin","stolaf","81000300","nymphaea.spp",0.037037037037037,1,0.6096,0.0363636363636364,55,54,47,0.0425531914893617
"2009-05-27","dustin","peltier","2000400","algae.filamentous",0.430147058823529,1,1.88976,0.430147058823529,272,272,253,0.462450592885375
"2009-05-27","dustin","peltier","2000400","ceratophyllum.demersum",0.430147058823529,1,2.4384,0.430147058823529,272,272,253,0.462450592885375
"2009-05-27","dustin","peltier","2000400","potamogeton.crispus",0.356617647058824,1,2.52984,0.356617647058824,272,272,253,0.383399209486166
"2009-05-27","dustin","peltier","2000400","myriophyllum.spicatum",0.0147058823529412,1,1.34112,0.0147058823529412,272,272,253,0.0158102766798419
"2009-05-27","dustin","peltier","2000400","elodea.canadensis",0.0257352941176471,1,1.15824,0.0257352941176471,272,272,253,0.0276679841897233
"2009-05-27","dustin","peltier","2000400","lemna.minor",0.00735294117647059,1,1.03632,0.00735294117647059,272,272,253,0.00790513833992095
"2009-05-27","dustin","peltier","2000400","lemna.trisulca",0.209558823529412,1,1.28016,0.209558823529412,272,272,253,0.225296442687747
"2009-05-27","dustin","peltier","2000400","myriophyllum.sibiricum",0.0110294117647059,1,2.7432,0.0110294117647059,272,272,253,0.0118577075098814
"2009-05-27","dustin","peltier","2000400","potamogeton.zosterifomis",0.102941176470588,1,1.46304,0.102941176470588,272,272,253,0.110671936758893
"2009-05-27","dustin","peltier","2000400","ranunculus.spp",0.0441176470588235,1,2.7432,0.0441176470588235,272,272,253,0.0474308300395257
"2009-05-27","dustin","portage","29025000","algae.filamentous",0.0627177700348432,1,2.98704,0.0608108108108108,296,287,142,0.119718309859155
"2009-05-27","dustin","portage","29025000","ceratophyllum.demersum",0.299651567944251,1,4.63296,0.293918918918919,296,287,142,0.373239436619718
"2009-05-27","dustin","portage","29025000","potamogeton.crispus",0.0801393728222996,1,4.54152,0.0777027027027027,296,287,142,0.0915492957746479
"2009-05-27","dustin","portage","29025000","elodea.canadensis",0.0209059233449477,1,3.44424,0.0202702702702703,296,287,142,0.0352112676056338
"2009-05-27","dustin","portage","29025000","chara.spp",0.679442508710801,1,4.63296,0.668918918918919,296,287,142,0.838028169014084
"2009-05-27","dustin","portage","29025000","stuckenia.pectinata",0.00696864111498258,1,1.46304,0.00675675675675676,296,287,142,0.0140845070422535
"2009-05-27","dustin","portage","29025000","lemna.minor",0.00348432055749129,1,0.1524,0.00337837837837838,296,287,142,0.00704225352112676
"2009-05-27","dustin","portage","29025000","lemna.trisulca",0.18815331010453,1,4.63296,0.185810810810811,296,287,142,0.246478873239437
"2009-05-27","dustin","portage","29025000","myriophyllum.sibiricum",0.128919860627178,1,4.60248,0.128378378378378,296,287,142,0.176056338028169
"2009-05-27","dustin","portage","29025000","nuphar.spp",0.0557491289198606,1,1.70688,0.0540540540540541,296,287,142,0.112676056338028
"2009-05-27","dustin","portage","29025000","typha.spp",0.00696864111498258,1,0.67056,0.00675675675675676,296,287,142,0.0140845070422535
"2009-05-27","dustin","portage","29025000","potamogeton.illinoensis",0.0104529616724739,1,3.93192,0.0101351351351351,296,287,142,0.0140845070422535
"2009-05-27","dustin","portage","29025000","potamogeton.praelongus",0.00348432055749129,1,0.64008,0.00337837837837838,296,287,142,0.00704225352112676
"2009-05-27","dustin","portage","29025000","potamogeton.zosterifomis",0.0139372822299652,1,4.20624,0.0135135135135135,296,287,142,0.0211267605633803
"2009-05-27","dustin","portage","29025000","potamogeton.natans",0.0557491289198606,1.0625,1.70688,0.0540540540540541,296,287,142,0.112676056338028
"2009-05-27","dustin","portage","29025000","potamogeton.narrow",0.163763066202091,1,4.63296,0.165540540540541,296,287,142,0.232394366197183
"2009-05-27","dustin","portage","29025000","mosses.aquatic",0.0662020905923345,1,4.45008,0.0641891891891892,296,287,142,0.0563380281690141
"2009-05-27","dustin","portage","29025000","sparganium.spp",0.0104529616724739,1,0.70104,0.0101351351351351,296,287,142,0.0211267605633803
"2009-05-27","dustin","portage","29025000","zizania.palustris",0.00696864111498258,1,0.64008,0.00675675675675676,296,287,142,0.0140845070422535
"2009-05-27","dustin","portage","29025000","nymphaea.x.sp",0.00348432055749129,1,0.42672,0.00337837837837838,296,287,142,0.00704225352112676
"2009-05-27","dustin","portage","29025000","caltha.palustris",0.00348432055749129,1,0.1524,0.00337837837837838,296,287,142,0.00704225352112676
"2009-05-27","dustin","portage","29025000","cyperaceae",0.00696864111498258,1,0.1524,0.00675675675675676,296,287,142,0.0140845070422535
"2009-06-01","dustin","belle","47004900","ceratophyllum.demersum",0.00367647058823529,1,0.4572,0.00367647058823529,272,272,130,0.00769230769230769
"2009-06-01","dustin","belle","47004900","potamogeton.crispus",0.00735294117647059,1,0.9144,0.00735294117647059,272,272,130,0.0153846153846154
"2009-06-01","dustin","belle","47004900","potamogeton.richardsonii",0.00367647058823529,1,0.1524,0.00367647058823529,272,272,130,0.00769230769230769
"2009-06-01","dustin","belle","47004900","elodea.canadensis",0.0477941176470588,1,1.8288,0.0477941176470588,272,272,130,0.0769230769230769
"2009-06-01","dustin","belle","47004900","chara.spp",0.0147058823529412,1,2.286,0.0147058823529412,272,272,130,0.0153846153846154
"2009-06-01","dustin","belle","47004900","stuckenia.pectinata",0.0220588235294118,1,0.762,0.0220588235294118,272,272,130,0.0461538461538462
"2009-06-01","dustin","belle","47004900","typha.spp",0.00735294117647059,1,0.4572,0.00735294117647059,272,272,130,0.0153846153846154
"2009-06-01","dustin","belle","47004900","potamogeton.narrow",0.0257352941176471,1,1.8288,0.0257352941176471,272,272,130,0.0461538461538462
"2009-06-01","dustin","belle","47004900","scirpus.spp",0.0110294117647059,1,0.762,0.0110294117647059,272,272,130,0.0230769230769231
"2009-06-01","dustin","carrie","34003200","stuckenia.pectinata",0.0169491525423729,1,0.3048,0.0166666666666667,60,59,57,0.0175438596491228
"2009-06-01","dustin","carrie","34003200","typha.spp",0.254237288135593,1,0.51816,0.25,60,59,57,0.263157894736842
"2009-06-01","dustin","carrie","34003200","nuphar.variegata",0.0508474576271186,1,0.51816,0.05,60,59,57,0.0526315789473684
"2009-06-01","dustin","carrie","34003200","schoenoplectus.acutus",0.135593220338983,1,0.6096,0.133333333333333,60,59,57,0.140350877192982
"2009-06-01","dustin","carrie","34003200","potamogeton.natans",0.0508474576271186,1,0.51816,0.05,60,59,57,0.0526315789473684
"2009-06-01","newman","fish","70006900","ceratophyllum.demersum",0.604838709677419,2.62666666666667,3.9,0.590551181102362,127,124,93,0.774193548387097
"2009-06-01","newman","fish","70006900","potamogeton.crispus",0.225806451612903,1.39285714285714,3,0.220472440944882,127,124,93,0.301075268817204
"2009-06-01","newman","fish","70006900","vallisneria.americana",0.0161290322580645,1,2.3,0.015748031496063,127,124,93,0.021505376344086
"2009-06-01","newman","fish","70006900","nymphaea.odorata",0.0645161290322581,1,2.6,0.062992125984252,127,124,93,0.0860215053763441
"2009-06-01","newman","fish","70006900","chara.spp",0.0161290322580645,1,0.4,0.015748031496063,127,124,93,0.021505376344086
"2009-06-01","newman","fish","70006900","stuckenia.pectinata",0.0564516129032258,1,1.2,0.0551181102362205,127,124,93,0.0752688172043011
"2009-06-01","newman","fish","70006900","myriophyllum.sibiricum",0.120967741935484,1.26666666666667,2.6,0.118110236220472,127,124,93,0.161290322580645
"2009-06-01","newman","fish","70006900","potamogeton.pusillus",0.00806451612903226,1,1.2,0.0078740157480315,127,124,93,0.010752688172043
"2009-06-01","newman","fish","70006900","heteranthera.dubia",0.0887096774193548,1.18181818181818,1.3,0.0866141732283465,127,124,93,0.118279569892473
"2009-06-01","newman","fish","70006900","zannichellia.palustris",0.0241935483870968,1,0.6,0.0236220472440945,127,124,93,0.032258064516129
"2009-06-01","newman","fish","70006900","nuphar.variegata",0.0564516129032258,1,1.4,0.0551181102362205,127,124,93,0.0752688172043011
"2009-06-01","newman","fish","70006900","potamogeton.illinoensis",0.0241935483870968,1,1.5,0.0236220472440945,127,124,93,0.032258064516129
"2009-06-02","dustin","hill","1014200","potamogeton.crispus",0.104046242774566,1,3.13944,0.0810810810810811,222,173,218,0.0825688073394495
"2009-06-02","newman","weaver","27011700","ceratophyllum.demersum",0.272727272727273,1.80645161290323,5.5,0.248,125,110,113,0.265486725663717
"2009-06-02","newman","weaver","27011700","potamogeton.crispus",0.00909090909090909,1,1.6,0.008,125,110,113,0.00884955752212389
"2009-06-02","newman","weaver","27011700","vallisneria.americana",0.0181818181818182,1,0.9,0.016,125,110,113,0.0176991150442478
"2009-06-02","newman","weaver","27011700","elodea.canadensis",0.0181818181818182,1,0.5,0.016,125,110,113,0.0176991150442478
"2009-06-02","newman","weaver","27011700","nymphaea.odorata",0.1,1,1.1,0.088,125,110,113,0.0973451327433628
"2009-06-02","newman","weaver","27011700","chara.spp",0.2,1.36363636363636,1.9,0.176,125,110,113,0.194690265486726
"2009-06-02","newman","weaver","27011700","stuckenia.pectinata",0.0454545454545455,1,1.6,0.04,125,110,113,0.0442477876106195
"2009-06-02","newman","weaver","27011700","lemna.trisulca",0.00909090909090909,1,1.6,0.008,125,110,113,0.00884955752212389
"2009-06-02","newman","weaver","27011700","heteranthera.dubia",0.145454545454545,1,2.7,0.128,125,110,113,0.141592920353982
"2009-06-02","newman","weaver","27011700","zannichellia.palustris",0.136363636363636,1.4,1.4,0.12,125,110,113,0.132743362831858
"2009-06-02","newman","weaver","27011700","nuphar.variegata",0.0272727272727273,1,1.6,0.024,125,110,113,0.0265486725663717
"2009-06-02","newman","weaver","27011700","sagittaria.graminea",0.00909090909090909,1,0.5,0.008,125,110,113,0.00884955752212389
"2009-06-03","dustin","cedar","49014000","algae.filamentous",0.0555555555555556,1,1.28016,0.0459770114942529,87,72,87,0.0459770114942529
"2009-06-03","dustin","cedar","49014000","ceratophyllum.demersum",0.0972222222222222,1,4.1148,0.0804597701149425,87,72,87,0.0804597701149425
"2009-06-03","dustin","cedar","49014000","vallisneria.americana",0.0555555555555556,1,0.79248,0.0459770114942529,87,72,87,0.0459770114942529
"2009-06-03","dustin","cedar","49014000","spirodela.polyrhiza",0.0138888888888889,1,0.6096,0.0114942528735632,87,72,87,0.0114942528735632
"2009-06-03","dustin","cedar","49014000","chara.spp",0.680555555555556,1,5.4864,0.586206896551724,87,72,87,0.586206896551724
"2009-06-03","dustin","cedar","49014000","lemna.minor",0.0138888888888889,1,0.6096,0.0114942528735632,87,72,87,0.0114942528735632
"2009-06-03","dustin","cedar","49014000","lemna.trisulca",0.0833333333333333,1,4.572,0.0689655172413793,87,72,87,0.0689655172413793
"2009-06-03","dustin","cedar","49014000","myriophyllum.sibiricum",0.125,1,5.9436,0.114942528735632,87,72,87,0.114942528735632
"2009-06-03","dustin","cedar","49014000","nymphaea.spp",0.0138888888888889,1,0.6096,0.0114942528735632,87,72,87,0.0114942528735632
"2009-06-03","dustin","cedar","49014000","nuphar.spp",0.0277777777777778,1,0.6096,0.0229885057471264,87,72,87,0.0229885057471264
"2009-06-03","dustin","cedar","49014000","typha.spp",0.125,1,0.762,0.103448275862069,87,72,87,0.103448275862069
"2009-06-03","dustin","cedar","49014000","potamogeton.illinoensis",0.0138888888888889,1,0.6096,0.0114942528735632,87,72,87,0.0114942528735632
"2009-06-03","dustin","cedar","49014000","potamogeton.zosterifomis",0.0972222222222222,1,4.572,0.0804597701149425,87,72,87,0.0804597701149425
"2009-06-03","dustin","cedar","49014000","utricularia.vulgaris",0.0277777777777778,1,3.048,0.0229885057471264,87,72,87,0.0229885057471264
"2009-06-03","dustin","cedar","49014000","schoenoplectus.acutus",0.0694444444444444,1,1.2192,0.0574712643678161,87,72,87,0.0574712643678161
"2009-06-03","dustin","cedar","49014000","potamogeton.natans",0.0277777777777778,1.5,0.6096,0.0229885057471264,87,72,87,0.0229885057471264
"2009-06-03","dustin","cedar","49014000","ranunculus.spp",0.0138888888888889,1,3.6576,0.0114942528735632,87,72,87,0.0114942528735632
"2009-06-03","dustin","cedar","49014000","sparganium.spp",0.0138888888888889,1,0.48768,0.0114942528735632,87,72,87,0.0114942528735632
"2009-06-03","dustin","pearl","73003700","ceratophyllum.demersum",0.0330188679245283,1,4.8768,0.0306513409961686,522,424,265,0.0339622641509434
"2009-06-03","dustin","pearl","73003700","potamogeton.crispus",0.424528301886792,1,5.334,0.367816091954023,522,424,265,0.237735849056604
"2009-06-03","dustin","pearl","73003700","potamogeton.richardsonii",0.00707547169811321,1,2.1336,0.00574712643678161,522,424,265,0.0113207547169811
"2009-06-03","dustin","pearl","73003700","elodea.canadensis",0.00235849056603774,1,4.7244,0.00383141762452107,522,424,265,0.00377358490566038
"2009-06-03","dustin","pearl","73003700","chara.spp",0.535377358490566,1,3.9624,0.434865900383142,522,424,265,0.852830188679245
"2009-06-03","dustin","pearl","73003700","stuckenia.pectinata",0.00471698113207547,1,1.524,0.00383141762452107,522,424,265,0.00754716981132075
"2009-06-03","dustin","pearl","73003700","lemna.trisulca",0.00471698113207547,1,1.8288,0.00383141762452107,522,424,265,0.00754716981132075
"2009-06-03","dustin","pearl","73003700","myriophyllum.sibiricum",0.0754716981132075,1,3.3528,0.0613026819923372,522,424,265,0.116981132075472
"2009-06-03","dustin","pearl","73003700","nitella.spp",0.0518867924528302,1,4.7244,0.0459770114942529,522,424,265,0.0377358490566038
"2009-06-03","dustin","pearl","73003700","potamogeton.illinoensis",0.0141509433962264,1,2.8956,0.0114942528735632,522,424,265,0.0188679245283019
"2009-06-03","dustin","pearl","73003700","potamogeton.praelongus",0.0141509433962264,1,4.1148,0.0114942528735632,522,424,265,0.0188679245283019
"2009-06-03","dustin","pearl","73003700","potamogeton.zosterifomis",0.0943396226415094,1,5.1816,0.0881226053639847,522,424,265,0.10188679245283
"2009-06-03","dustin","pearl","73003700","potamogeton.narrow",0.00235849056603774,1,0.762,0.00191570881226054,522,424,265,0.00377358490566038
"2009-06-03","dustin","pearl","73003700","scirpus.spp",0.0212264150943396,1,1.2192,0.0172413793103448,522,424,265,0.0339622641509434
"2009-06-03","mccomas","reshanau","02000900","nymphaea.odorata",0.642857142857143,1.66666666666667,1.524,0.642857142857143,14,14,3,0.666666666666667
"2009-06-03","mccomas","reshanau","02000900","stuckenia.pectinata",0.142857142857143,1,0.9144,0.142857142857143,14,14,3,0.666666666666667
"2009-06-03","mccomas","reshanau","02000900","nuphar.variegata",0.5,2.28571428571429,1.2192,0.5,14,14,3,0.666666666666667
"2009-06-03","newman","vails","73015100","ceratophyllum.demersum",0.0666666666666667,1,1,0.0655737704918033,183,180,59,0.186440677966102
"2009-06-03","newman","vails","73015100","potamogeton.crispus",0.427777777777778,2.76623376623377,3.3,0.420765027322404,183,180,59,0.711864406779661
"2009-06-03","newman","vails","73015100","potamogeton.foliosus",0.00555555555555556,1,0.5,0.00546448087431694,183,180,59,0.0169491525423729
"2009-06-03","newman","vails","73015100","potamogeton.richardsonii",0.0166666666666667,1,0.4,0.0163934426229508,183,180,59,0.0508474576271186
"2009-06-03","newman","vails","73015100","stuckenia.pectinata",0.144444444444444,1.15384615384615,4.3,0.14207650273224,183,180,59,0.406779661016949
"2009-06-03","newman","vails","73015100","heteranthera.dubia",0.0222222222222222,1,1,0.0218579234972678,183,180,59,0.0508474576271186
"2009-06-03","newman","vails","73015100","typha.spp",0.00555555555555556,1,0.3,0.00546448087431694,183,180,59,0.0169491525423729
"2009-06-03","newman","vails","73015100","zannichellia.palustris",0.0111111111111111,1,0.5,0.0109289617486339,183,180,59,0.0338983050847458
"2009-06-03","newman","vails","73015100","potamogeton.amplifolius",0.00555555555555556,1,0.4,0.00546448087431694,183,180,59,0.0169491525423729
"2009-06-04","dustin","stjames","83004300","algae.filamentous",0.73109243697479,1,10.3632,0.733333333333333,120,119,102,0.823529411764706
"2009-06-04","dustin","stjames","83004300","ceratophyllum.demersum",0.605042016806723,1,10.3632,0.608333333333333,120,119,102,0.656862745098039
"2009-06-04","dustin","stjames","83004300","potamogeton.crispus",0.218487394957983,1,3.74904,0.216666666666667,120,119,102,0.225490196078431
"2009-06-04","dustin","stjames","83004300","potamogeton.richardsonii",0.201680672268908,1,10.3632,0.208333333333333,120,119,102,0.225490196078431
"2009-06-04","dustin","stjames","83004300","chara.spp",0.100840336134454,1,0.762,0.1,120,119,102,0.117647058823529
"2009-06-04","dustin","stjames","83004300","stuckenia.pectinata",0.26890756302521,1,1.3716,0.266666666666667,120,119,102,0.313725490196078
"2009-06-04","dustin","stjames","83004300","myriophyllum.sibiricum",0.588235294117647,1,10.3632,0.591666666666667,120,119,102,0.686274509803922
"2009-06-04","dustin","stjames","83004300","typha.spp",0.0168067226890756,1,0.42672,0.0166666666666667,120,119,102,0.0196078431372549
"2009-06-04","newman","clearm","47009500","ceratophyllum.demersum",0.163366336633663,1.42424242424242,2,0.156398104265403,211,202,46,0.478260869565217
"2009-06-04","newman","clearm","47009500","potamogeton.crispus",0.113861386138614,1,3.2,0.109004739336493,211,202,46,0.0434782608695652
"2009-06-04","newman","clearm","47009500","elodea.canadensis",0.0693069306930693,1.14285714285714,1.2,0.0663507109004739,211,202,46,0.152173913043478
"2009-06-04","newman","clearm","47009500","nymphaea.odorata",0.00495049504950495,2,0.5,0.004739336492891,211,202,46,0.0217391304347826
"2009-06-04","newman","clearm","47009500","chara.spp",0.178217821782178,1.44444444444444,4.1,0.170616113744076,211,202,46,0.391304347826087
"2009-06-04","newman","clearm","47009500","stuckenia.pectinata",0.0247524752475248,1,1.6,0.023696682464455,211,202,46,0.0652173913043478
"2009-06-04","newman","clearm","47009500","lemna.trisulca",0.0841584158415842,1,3.2,0.0805687203791469,211,202,46,0.239130434782609
"2009-06-04","newman","clearm","47009500","myriophyllum.sibiricum",0.0940594059405941,1.31578947368421,1.7,0.0900473933649289,211,202,46,0.326086956521739
"2009-06-04","newman","clearm","47009500","heteranthera.dubia",0.0297029702970297,1,1.3,0.028436018957346,211,202,46,0.108695652173913
"2009-06-04","newman","clearm","47009500","typha.spp",0.0346534653465347,1,0.9,0.033175355450237,211,202,46,0.152173913043478
"2009-06-04","newman","clearm","47009500","zannichellia.palustris",0.00495049504950495,1,0.8,0.004739336492891,211,202,46,0.0217391304347826
"2009-06-04","newman","clearm","47009500","nuphar.variegata",0.0099009900990099,1,0.5,0.00947867298578199,211,202,46,0.0434782608695652
"2009-06-04","newman","clearm","47009500","schoenoplectus.acutus",0.00495049504950495,1,0.7,0.004739336492891,211,202,46,0.0217391304347826
"2009-06-04","newman","rebecca","27019200","ceratophyllum.demersum",0.310126582278481,1.61224489795918,2.9,0.263440860215054,186,158,131,0.374045801526718
"2009-06-04","newman","rebecca","27019200","potamogeton.crispus",0.0316455696202532,1,2.9,0.0268817204301075,186,158,131,0.0381679389312977
"2009-06-04","newman","rebecca","27019200","myriophyllum.spicatum",0.29746835443038,1.82978723404255,2.1,0.252688172043011,186,158,131,0.358778625954198
"2009-06-04","newman","rebecca","27019200","nymphaea.odorata",0.0949367088607595,1,1.1,0.0806451612903226,186,158,131,0.114503816793893
"2009-06-04","newman","rebecca","27019200","chara.spp",0.0253164556962025,1,1.3,0.021505376344086,186,158,131,0.0305343511450382
"2009-06-04","newman","rebecca","27019200","stuckenia.pectinata",0.00632911392405063,1,0.6,0.00537634408602151,186,158,131,0.00763358778625954
"2009-06-04","newman","rebecca","27019200","typha.spp",0.00632911392405063,1,0.6,0.00537634408602151,186,158,131,0.00763358778625954
"2009-06-04","newman","rebecca","27019200","nuphar.variegata",0.0126582278481013,1,1.2,0.010752688172043,186,158,131,0.0152671755725191
"2009-06-05","mccomas","clearw","82016300","algae.filamentous",0.00900900900900901,1,0.762,0.00854700854700855,117,111,113,0.00884955752212389
"2009-06-05","mccomas","clearw","82016300","ceratophyllum.demersum",0.0810810810810811,3.11111111111111,2.1336,0.0769230769230769,117,111,113,0.079646017699115
"2009-06-05","mccomas","clearw","82016300","potamogeton.crispus",0.045045045045045,1.4,1.3716,0.0427350427350427,117,111,113,0.0442477876106195
"2009-06-05","mccomas","clearw","82016300","myriophyllum.spicatum",0.585585585585586,2.92307692307692,2.7432,0.555555555555556,117,111,113,0.575221238938053
"2009-06-05","mccomas","clearw","82016300","nymphaea.odorata",0.027027027027027,1.33333333333333,0.9144,0.0256410256410256,117,111,113,0.0265486725663717
"2009-06-05","mccomas","clearw","82016300","chara.spp",0.018018018018018,1.5,1.2192,0.0170940170940171,117,111,113,0.0176991150442478
"2009-06-05","mccomas","clearw","82016300","stuckenia.pectinata",0.018018018018018,1,1.2192,0.0170940170940171,117,111,113,0.0176991150442478
"2009-06-05","mccomas","clearw","82016300","najas.spp",0.153153153153153,1.82352941176471,1.3716,0.145299145299145,117,111,113,0.150442477876106
"2009-06-05","mccomas","clearw","82016300","nuphar.variegata",0.0720720720720721,1.5,1.3716,0.0683760683760684,117,111,113,0.0707964601769911
"2009-06-05","mccomas","clearw","82016300","potamogeton.natans",0.0630630630630631,1.28571428571429,1.2192,0.0598290598290598,117,111,113,0.0619469026548673
"2009-06-05","mccomas","clearw","82016300","potamogeton.narrow",0.0630630630630631,1,1.8288,0.0598290598290598,117,111,113,0.0619469026548673
"2009-06-05","mccomas","clearw","82016300","scirpus.spp",0.00900900900900901,1,0.6096,0.00854700854700855,117,111,113,0.00884955752212389
"2009-06-08","mccomas","gleason","27009500","algae.filamentous",0.251968503937008,1.5,2.4384,0.25,128,127,109,0.293577981651376
"2009-06-08","mccomas","gleason","27009500","ceratophyllum.demersum",0.346456692913386,1.56818181818182,2.4384,0.34375,128,127,109,0.403669724770642
"2009-06-08","mccomas","gleason","27009500","potamogeton.crispus",0.0078740157480315,3,1.2192,0.0078125,128,127,109,0.00917431192660551
"2009-06-08","mccomas","gleason","27009500","nymphaea.odorata",0.307086614173228,2.79487179487179,1.8288,0.3046875,128,127,109,0.357798165137615
"2009-06-08","mccomas","gleason","27009500","elodea.spp",0.0393700787401575,1.6,1.2192,0.0390625,128,127,109,0.0458715596330275
"2009-06-08","mccomas","gleason","27009500","nuphar.variegata",0.015748031496063,1,1.2192,0.015625,128,127,109,0.018348623853211
"2009-06-08","mccomas","gleason","27009500","lemnaceae",0.118110236220472,1.13333333333333,1.8288,0.1171875,128,127,109,0.137614678899083
"2009-06-08","sblood","kohlman","62000600","ceratophyllum.demersum",0.0238095238095238,1,1.49352,0.0238095238095238,126,126,126,0.0238095238095238
"2009-06-08","sblood","kohlman","62000600","potamogeton.crispus",0.00793650793650794,1,0.6096,0.00793650793650794,126,126,126,0.00793650793650794
"2009-06-08","sblood","kohlman","62000600","potamogeton.foliosus",0.0317460317460317,1,2.04216,0.0317460317460317,126,126,126,0.0317460317460317
"2009-06-08","sblood","kohlman","62000600","nymphaea.odorata",0.404761904761905,3.11764705882353,1.49352,0.404761904761905,126,126,126,0.404761904761905
"2009-06-08","sblood","kohlman","62000600","lemna.minor",0.00793650793650794,1,0.6096,0.00793650793650794,126,126,126,0.00793650793650794
"2009-06-08","sblood","kohlman","62000600","potamogeton.pusillus",0.00793650793650794,1,0.57912,0.00793650793650794,126,126,126,0.00793650793650794
"2009-06-08","sblood","kohlman","62000600","algae",0.285714285714286,1.44444444444444,2.10312,0.285714285714286,126,126,126,0.285714285714286
"2009-06-08","sblood","kohlman","62000600","nuphar.advena",0.0555555555555555,1,1.03632,0.0555555555555555,126,126,126,0.0555555555555555
"2009-06-09","newman","longi","30007200","ceratophyllum.demersum",0.00733496332518337,1,0.8,0.00733496332518337,409,409,80,0.0375
"2009-06-09","newman","longi","30007200","nymphaea.odorata",0.0488997555012225,1.15,1,0.0488997555012225,409,409,80,0.225
"2009-06-09","newman","longi","30007200","chara.spp",0.146699266503667,1.7,1.6,0.146699266503667,409,409,80,0.6375
"2009-06-09","newman","longi","30007200","stuckenia.pectinata",0.00733496332518337,1,1.5,0.00733496332518337,409,409,80,0.025
"2009-06-09","newman","longi","30007200","lemna.minor",0.0097799511002445,1,1,0.0097799511002445,409,409,80,0.0375
"2009-06-09","newman","longi","30007200","nuphar.variegata",0.0146699266503667,1.16666666666667,1,0.0146699266503667,409,409,80,0.0625
"2009-06-09","newman","longi","30007200","potamogeton.amplifolius",0.00244498777506112,1,0.8,0.00244498777506112,409,409,80,0.0125
"2009-06-09","newman","longi","30007200","schoenoplectus.acutus",0.00244498777506112,1,0.4,0.00244498777506112,409,409,80,0.0125
"2009-06-10","brasch","sarahe","27019102","algae.filamentous",0.46969696969697,1.19354838709677,2,0.455882352941176,68,66,50,0.6
"2009-06-10","brasch","sarahe","27019102","ceratophyllum.demersum",0.409090909090909,1.18518518518519,2,0.397058823529412,68,66,50,0.52
"2009-06-10","brasch","sarahe","27019102","potamogeton.crispus",0.545454545454545,2.33333333333333,3,0.529411764705882,68,66,50,0.62
"2009-06-10","brasch","sarahe","27019102","myriophyllum.spicatum",0.424242424242424,1.35714285714286,2,0.411764705882353,68,66,50,0.54
"2009-06-10","brasch","sarahe","27019102","potamogeton.foliosus",0.106060606060606,1,1,0.102941176470588,68,66,50,0.14
"2009-06-10","brasch","sarahe","27019102","najas.flexilis",0.0151515151515152,1,0.7,0.0147058823529412,68,66,50,0.02
"2009-06-10","brasch","sarahe","27019102","vallisneria.americana",0.0151515151515152,1,0.5,0.0147058823529412,68,66,50,0.02
"2009-06-10","brasch","sarahe","27019102","spirodela.polyrhiza",0.0606060606060606,1,1.5,0.0588235294117647,68,66,50,0.08
"2009-06-10","brasch","sarahe","27019102","elodea.canadensis",0.0303030303030303,1,0.9,0.0294117647058824,68,66,50,0.04
"2009-06-10","brasch","sarahe","27019102","stuckenia.pectinata",0.0151515151515152,1,0.5,0.0147058823529412,68,66,50,0.02
"2009-06-10","brasch","sarahe","27019102","lemna.minor",0.0151515151515152,1,0.5,0.0147058823529412,68,66,50,0.02
"2009-06-10","brasch","sarahe","27019102","lemna.trisulca",0.181818181818182,1.08333333333333,1.5,0.176470588235294,68,66,50,0.24
"2009-06-10","brasch","sarahe","27019102","myriophyllum.sibiricum",0.106060606060606,1,1.2,0.102941176470588,68,66,50,0.14
"2009-06-10","brasch","sarahe","27019102","potamogeton.pusillus",0.0303030303030303,1,0.8,0.0294117647058824,68,66,50,0.04
"2009-06-10","brasch","sarahe","27019102","nuphar.variegata",0.0454545454545454,2.66666666666667,0.8,0.0441176470588235,68,66,50,0.06
"2009-06-10","brasch","sarahw","27019101","algae.filamentous",0.111111111111111,1,1,0.111111111111111,9,9,7,0.142857142857143
"2009-06-10","brasch","sarahw","27019101","potamogeton.crispus",0.888888888888889,3.375,2,0.888888888888889,9,9,7,0.857142857142857
"2009-06-10","brasch","sarahw","27019101","myriophyllum.spicatum",0.333333333333333,1.33333333333333,1,0.333333333333333,9,9,7,0.428571428571429
"2009-06-10","newman","julia","71014500","ceratophyllum.demersum",0.0849056603773585,1,2.4,0.0849056603773585,106,106,16,0.125
"2009-06-10","newman","julia","71014500","najas.flexilis",0.0471698113207547,1,1.5,0.0471698113207547,106,106,16,0.125
"2009-06-10","newman","julia","71014500","elodea.canadensis",0.113207547169811,1.16666666666667,1.9,0.113207547169811,106,106,16,0.125
"2009-06-10","newman","julia","71014500","nymphaea.odorata",0.0188679245283019,1,0.5,0.0188679245283019,106,106,16,0.125
"2009-06-10","newman","julia","71014500","chara.spp",0.283018867924528,2.6,2.3,0.283018867924528,106,106,16,0.875
"2009-06-10","newman","julia","71014500","stuckenia.pectinata",0.00943396226415094,1,0.4,0.00943396226415094,106,106,16,0.0625
"2009-06-10","newman","julia","71014500","heteranthera.dubia",0.0283018867924528,1,1.7,0.0283018867924528,106,106,16,0.0625
"2009-06-10","newman","julia","71014500","zannichellia.palustris",0.0188679245283019,1,1,0.0188679245283019,106,106,16,0.0625
"2009-06-10","newman","julia","71014500","najas.guadalupensis",0.160377358490566,1.76470588235294,2.6,0.160377358490566,106,106,16,0.4375
"2009-06-10","newman","rush","71014700","ceratophyllum.demersum",0.018018018018018,1,1.8,0.018018018018018,111,111,19,0.0526315789473684
"2009-06-10","newman","rush","71014700","elodea.canadensis",0.351351351351351,1.38461538461538,2.9,0.351351351351351,111,111,19,0.315789473684211
"2009-06-10","newman","rush","71014700","nymphaea.odorata",0.036036036036036,1,1,0.036036036036036,111,111,19,0.157894736842105
"2009-06-10","newman","rush","71014700","chara.spp",0.189189189189189,1.42857142857143,2.9,0.189189189189189,111,111,19,0.526315789473684
"2009-06-10","newman","rush","71014700","stuckenia.pectinata",0.126126126126126,1,2.2,0.126126126126126,111,111,19,0.210526315789474
"2009-06-10","newman","susan","10001300","ceratophyllum.demersum",0.452991452991453,1.38181818181818,4.6,0.376712328767123,146,117,40,0.75
"2009-06-10","newman","susan","10001300","potamogeton.crispus",0.299145299145299,1.02857142857143,1.9,0.23972602739726,146,117,40,0.85
"2009-06-10","newman","susan","10001300","myriophyllum.spicatum",0.41025641025641,1.25,4.1,0.328767123287671,146,117,40,0.925
"2009-06-10","newman","susan","10001300","nymphaea.odorata",0.196581196581197,1,1.9,0.157534246575342,146,117,40,0.55
"2009-06-10","newman","susan","10001300","stuckenia.pectinata",0.0341880341880342,1,0.8,0.0273972602739726,146,117,40,0.1
"2009-06-10","newman","susan","10001300","lemna.minor",0.0427350427350427,1,0.8,0.0342465753424658,146,117,40,0.125
"2009-06-10","newman","susan","10001300","potamogeton.pusillus",0.205128205128205,1.125,1.5,0.164383561643836,146,117,40,0.6
"2009-06-10","newman","susan","10001300","zannichellia.palustris",0.111111111111111,1,1,0.089041095890411,146,117,40,0.325
"2009-06-10","newman","susan","10001300","nuphar.variegata",0.094017094017094,1.09090909090909,1.5,0.0753424657534247,146,117,40,0.275
"2009-06-10","newman","susan","10001300","schoenoplectus.acutus",0.00854700854700855,1,0.6,0.00684931506849315,146,117,40,0.025
"2009-06-17","newman","coal","77004600","ceratophyllum.demersum",0.366666666666667,1.33333333333333,4.1,0.279661016949153,118,90,111,0.297297297297297
"2009-06-17","newman","coal","77004600","potamogeton.crispus",0.4,2.28205128205128,4.6,0.330508474576271,118,90,111,0.351351351351351
"2009-06-17","newman","coal","77004600","potamogeton.foliosus",0.0333333333333333,1.33333333333333,0.5,0.0254237288135593,118,90,111,0.027027027027027
"2009-06-17","newman","coal","77004600","vallisneria.americana",0.0111111111111111,1,0.6,0.00847457627118644,118,90,111,0.00900900900900901
"2009-06-17","newman","coal","77004600","brasenia.schreberi",0.188888888888889,1.05882352941176,2,0.144067796610169,118,90,111,0.153153153153153
"2009-06-17","newman","coal","77004600","potamogeton.richardsonii",0.0333333333333333,1,1,0.0254237288135593,118,90,111,0.027027027027027
"2009-06-17","newman","coal","77004600","elodea.canadensis",0.244444444444444,1.40909090909091,4.5,0.186440677966102,118,90,111,0.198198198198198
"2009-06-17","newman","coal","77004600","nymphaea.odorata",0.166666666666667,1,1.5,0.127118644067797,118,90,111,0.135135135135135
"2009-06-17","newman","coal","77004600","lemna.trisulca",0.0333333333333333,1,1.2,0.0254237288135593,118,90,111,0.027027027027027
"2009-06-17","newman","coal","77004600","myriophyllum.sibiricum",0.0444444444444444,1,1.7,0.0338983050847458,118,90,111,0.036036036036036
"2009-06-17","newman","coal","77004600","potamogeton.pusillus",0.0222222222222222,1,1.3,0.0169491525423729,118,90,111,0.018018018018018
"2009-06-17","newman","coal","77004600","heteranthera.dubia",0.0444444444444444,1,1.2,0.0338983050847458,118,90,111,0.036036036036036
"2009-06-17","newman","coal","77004600","typha.spp",0.0333333333333333,1,1.3,0.0254237288135593,118,90,111,0.027027027027027
"2009-06-17","newman","coal","77004600","nuphar.variegata",0.166666666666667,1,2.5,0.127118644067797,118,90,111,0.135135135135135
"2009-06-17","newman","coal","77004600","potamogeton.amplifolius",0.222222222222222,1.05,2.9,0.169491525423729,118,90,111,0.18018018018018
"2009-06-17","newman","coal","77004600","potamogeton.illinoensis",0.111111111111111,1.1,2,0.0847457627118644,118,90,111,0.0900900900900901
"2009-06-17","newman","coal","77004600","potamogeton.nodosus",0.0111111111111111,1,0.4,0.00847457627118644,118,90,111,0.00900900900900901
"2009-06-17","newman","coal","77004600","potamogeton.praelongus",0.1,1.22222222222222,2.9,0.076271186440678,118,90,111,0.0810810810810811
"2009-06-17","newman","coal","77004600","potamogeton.zosterifomis",0.311111111111111,1.03571428571429,4.3,0.23728813559322,118,90,111,0.252252252252252
"2009-06-17","newman","coal","77004600","utricularia.vulgaris",0.0444444444444444,1,0.7,0.0338983050847458,118,90,111,0.036036036036036
"2009-06-17","newman","coal","77004600","bidens.beckii",0.0333333333333333,1,2.3,0.0254237288135593,118,90,111,0.027027027027027
"2009-06-17","newman","coal","77004600","zizania.spp",0.0555555555555556,1,1.5,0.0423728813559322,118,90,111,0.045045045045045
"2009-06-17","newman","coal","77004600","schoenoplectus.acutus",0.0333333333333333,1,1.1,0.0254237288135593,118,90,111,0.027027027027027
"2009-06-17","newman","coal","77004600","potamogeton.robbinsii",0.522222222222222,1.5531914893617,3.6,0.398305084745763,118,90,111,0.423423423423423
"2009-06-17","newman","coal","77004600","fontinalis.antipyretica",0.0111111111111111,1,4.5,0.00847457627118644,118,90,111,0.00900900900900901
"2009-06-17","newman","coal","77004600","equisetum.fluviatile",0.0222222222222222,1,1.1,0.0169491525423729,118,90,111,0.018018018018018
"2009-06-17","newman","coal","77004600","potamogeton.friesii",0.0111111111111111,1,4.3,0.00847457627118644,118,90,111,0.00900900900900901
"2009-06-18","newman","lowermission","18024300","ceratophyllum.demersum",0.373134328358209,1.34666666666667,4.3,0.294117647058824,255,201,130,0.476923076923077
"2009-06-18","newman","lowermission","18024300","potamogeton.crispus",0.139303482587065,1,4.9,0.113725490196078,255,201,130,0.0538461538461538
"2009-06-18","newman","lowermission","18024300","potamogeton.foliosus",0.00497512437810945,1,0.9,0.00392156862745098,255,201,130,0.00769230769230769
"2009-06-18","newman","lowermission","18024300","vallisneria.americana",0.00497512437810945,1,1.1,0.00392156862745098,255,201,130,0.00769230769230769
"2009-06-18","newman","lowermission","18024300","potamogeton.richardsonii",0.0149253731343284,1,1.1,0.0117647058823529,255,201,130,0.0230769230769231
"2009-06-18","newman","lowermission","18024300","elodea.canadensis",0.213930348258706,1.86046511627907,3.6,0.168627450980392,255,201,130,0.246153846153846
"2009-06-18","newman","lowermission","18024300","nymphaea.odorata",0.154228855721393,1.06451612903226,1.1,0.12156862745098,255,201,130,0.238461538461538
"2009-06-18","newman","lowermission","18024300","chara.spp",0.233830845771144,1.91489361702128,3.6,0.184313725490196,255,201,130,0.330769230769231
"2009-06-18","newman","lowermission","18024300","stuckenia.pectinata",0.0298507462686567,1,2.6,0.0235294117647059,255,201,130,0.0384615384615385
"2009-06-18","newman","lowermission","18024300","lemna.minor",0.0149253731343284,1,2.6,0.0117647058823529,255,201,130,0.0153846153846154
"2009-06-18","newman","lowermission","18024300","lemna.trisulca",0.36318407960199,1.05479452054795,4.5,0.286274509803922,255,201,130,0.376923076923077
"2009-06-18","newman","lowermission","18024300","ranunculus.aquatilis",0.0149253731343284,1,3,0.0117647058823529,255,201,130,0.0153846153846154
"2009-06-18","newman","lowermission","18024300","myriophyllum.sibiricum",0.0348258706467662,1.28571428571429,3.8,0.0274509803921569,255,201,130,0.0384615384615385
"2009-06-18","newman","lowermission","18024300","heteranthera.dubia",0.124378109452736,1,3,0.0980392156862745,255,201,130,0.184615384615385
"2009-06-18","newman","lowermission","18024300","typha.spp",0.00995024875621891,1,0.6,0.00784313725490196,255,201,130,0.0153846153846154
"2009-06-18","newman","lowermission","18024300","nitella.spp",0.0895522388059701,1,3.7,0.0705882352941176,255,201,130,0.1
"2009-06-18","newman","lowermission","18024300","zannichellia.palustris",0.0248756218905473,1,1.3,0.0196078431372549,255,201,130,0.0384615384615385
"2009-06-18","newman","lowermission","18024300","nuphar.variegata",0.144278606965174,1.10344827586207,1.2,0.113725490196078,255,201,130,0.223076923076923
"2009-06-18","newman","lowermission","18024300","potamogeton.illinoensis",0.0149253731343284,1,0.6,0.0117647058823529,255,201,130,0.0230769230769231
"2009-06-18","newman","lowermission","18024300","potamogeton.praelongus",0.0497512437810945,1.2,2,0.0392156862745098,255,201,130,0.0769230769230769
"2009-06-18","newman","lowermission","18024300","utricularia.vulgaris",0.0497512437810945,1.09090909090909,4.6,0.0431372549019608,255,201,130,0.0769230769230769
"2009-06-18","newman","lowermission","18024300","bidens.beckii",0.0248756218905473,1,0.7,0.0196078431372549,255,201,130,0.0384615384615385
"2009-06-18","newman","lowermission","18024300","zizania.spp",0.114427860696517,1.08695652173913,1.1,0.0901960784313726,255,201,130,0.176923076923077
"2009-06-18","newman","lowermission","18024300","schoenoplectus.acutus",0.189054726368159,1,1.3,0.149019607843137,255,201,130,0.292307692307692
"2009-06-18","newman","lowermission","18024300","fontinalis.antipyretica",0.0248756218905473,1,4.8,0.0235294117647059,255,201,130,0.0153846153846154
"2009-06-18","newman","lowermission","18024300","equisetum.fluviatile",0.00497512437810945,1,0.5,0.00392156862745098,255,201,130,0.00769230769230769
"2009-06-18","newman","lowermission","18024300","phragmites.australis",0.0149253731343284,1,0.7,0.0117647058823529,255,201,130,0.0230769230769231
"2009-06-18","newman","lowermission","18024300","sparganium.eurycarpum",0.00497512437810945,1,0.5,0.00392156862745098,255,201,130,0.00769230769230769
"2009-06-19","newman","crookneck","49013300","ceratophyllum.demersum",0.651006711409396,2.38532110091743,6,0.556122448979592,196,149,158,0.658227848101266
"2009-06-19","newman","crookneck","49013300","potamogeton.crispus",0.147651006711409,1.43478260869565,4.6,0.11734693877551,196,149,158,0.145569620253165
"2009-06-19","newman","crookneck","49013300","najas.flexilis",0.00671140939597315,1,0.8,0.00510204081632653,196,149,158,0.00632911392405063
"2009-06-19","newman","crookneck","49013300","vallisneria.americana",0.0939597315436242,1.07142857142857,1.9,0.0714285714285714,196,149,158,0.0886075949367089
"2009-06-19","newman","crookneck","49013300","potamogeton.richardsonii",0.0201342281879195,1,1.3,0.0153061224489796,196,149,158,0.0189873417721519
"2009-06-19","newman","crookneck","49013300","elodea.canadensis",0.0402684563758389,1.5,1.3,0.0306122448979592,196,149,158,0.0379746835443038
"2009-06-19","newman","crookneck","49013300","nymphaea.odorata",0.0469798657718121,1,1.1,0.0357142857142857,196,149,158,0.0443037974683544
"2009-06-19","newman","crookneck","49013300","chara.spp",0.0469798657718121,1.14285714285714,1.2,0.0357142857142857,196,149,158,0.0443037974683544
"2009-06-19","newman","crookneck","49013300","lemna.minor",0.00671140939597315,1,1.8,0.00510204081632653,196,149,158,0.00632911392405063
"2009-06-19","newman","crookneck","49013300","lemna.trisulca",0.288590604026846,1.25581395348837,3.6,0.219387755102041,196,149,158,0.272151898734177
"2009-06-19","newman","crookneck","49013300","myriophyllum.sibiricum",0.0335570469798658,1.4,2.6,0.0255102040816327,196,149,158,0.0316455696202532
"2009-06-19","newman","crookneck","49013300","heteranthera.dubia",0.0268456375838926,1,1.8,0.0204081632653061,196,149,158,0.0253164556962025
"2009-06-19","newman","crookneck","49013300","zannichellia.palustris",0.00671140939597315,1,1.2,0.00510204081632653,196,149,158,0.00632911392405063
"2009-06-19","newman","crookneck","49013300","eleocharis.acicularis",0.0134228187919463,1,1.2,0.0102040816326531,196,149,158,0.0126582278481013
"2009-06-19","newman","crookneck","49013300","nuphar.variegata",0.0402684563758389,1,1.8,0.0306122448979592,196,149,158,0.0379746835443038
"2009-06-19","newman","crookneck","49013300","potamogeton.amplifolius",0.0604026845637584,1,1.6,0.0459183673469388,196,149,158,0.0569620253164557
"2009-06-19","newman","crookneck","49013300","potamogeton.illinoensis",0.0201342281879195,1,1.5,0.0153061224489796,196,149,158,0.0189873417721519
"2009-06-19","newman","crookneck","49013300","potamogeton.praelongus",0.0671140939597315,1.1,2.7,0.0510204081632653,196,149,158,0.0632911392405063
"2009-06-19","newman","crookneck","49013300","potamogeton.zosterifomis",0.0469798657718121,1,2.5,0.0357142857142857,196,149,158,0.0443037974683544
"2009-06-19","newman","crookneck","49013300","najas.guadalupensis",0.697986577181208,2.85849056603774,5.5,0.540816326530612,196,149,158,0.664556962025317
"2009-06-22","dustin","carlos","21005700","algae.filamentous",0.0201465201465201,1,2.34696,0.0174880763116057,629,546,576,0.0190972222222222
"2009-06-22","dustin","carlos","21005700","ceratophyllum.demersum",0.0732600732600733,1,7.62,0.0858505564387917,629,546,576,0.0920138888888889
"2009-06-22","dustin","carlos","21005700","vallisneria.americana",0.00183150183150183,1,2.4384,0.00158982511923688,629,546,576,0.00173611111111111
"2009-06-22","dustin","carlos","21005700","potamogeton.richardsonii",0.0128205128205128,1,3.2004,0.0111287758346582,629,546,576,0.0121527777777778
"2009-06-22","dustin","carlos","21005700","elodea.canadensis",0.0164835164835165,1,7.62,0.0206677265500795,629,546,576,0.0173611111111111
"2009-06-22","dustin","carlos","21005700","chara.spp",0.710622710622711,1,6.49224,0.631160572337043,629,546,576,0.6875
"2009-06-22","dustin","carlos","21005700","stuckenia.pectinata",0.0421245421245421,1,4.08432,0.0365659777424483,629,546,576,0.0399305555555556
"2009-06-22","dustin","carlos","21005700","najas.spp",0.032967032967033,1,2.71272,0.0286168521462639,629,546,576,0.03125
"2009-06-22","dustin","carlos","21005700","lemna.trisulca",0.010989010989011,1,2.07264,0.0095389507154213,629,546,576,0.0104166666666667
"2009-06-22","dustin","carlos","21005700","myriophyllum.sibiricum",0.153846153846154,1,7.62,0.135135135135135,629,546,576,0.145833333333333
"2009-06-22","dustin","carlos","21005700","heteranthera.dubia",0.00366300366300366,1,1.8288,0.00317965023847377,629,546,576,0.00347222222222222
"2009-06-22","dustin","carlos","21005700","eleocharis.spp",0.00183150183150183,1,0.1524,0.00158982511923688,629,546,576,0.00173611111111111
"2009-06-22","dustin","carlos","21005700","typha.spp",0.00549450549450549,1,1.15824,0.00476947535771065,629,546,576,0.00520833333333333
"2009-06-22","dustin","carlos","21005700","phalaris.arundinacea",0.00183150183150183,1,1.00584,0.00158982511923688,629,546,576,0.00173611111111111
"2009-06-22","dustin","carlos","21005700","nitella.spp",0.00549450549450549,1,7.89432,0.0158982511923688,629,546,576,0.0138888888888889
"2009-06-22","dustin","carlos","21005700","potamogeton.illinoensis",0.0128205128205128,1,1.95072,0.0111287758346582,629,546,576,0.0121527777777778
"2009-06-22","dustin","carlos","21005700","potamogeton.praelongus",0.0146520146520147,1,5.21208,0.014308426073132,629,546,576,0.015625
"2009-06-22","dustin","carlos","21005700","potamogeton.zosterifomis",0.0714285714285714,1,4.75488,0.0635930047694754,629,546,576,0.0694444444444444
"2009-06-22","dustin","carlos","21005700","utricularia.vulgaris",0.256410256410256,1,4.38912,0.222575516693164,629,546,576,0.243055555555556
"2009-06-22","dustin","carlos","21005700","bidens.beckii",0.00366300366300366,1,2.07264,0.00317965023847377,629,546,576,0.00347222222222222
"2009-06-22","dustin","carlos","21005700","schoenoplectus.acutus",0.104395604395604,1,1.70688,0.0906200317965024,629,546,576,0.0989583333333333
"2009-06-22","dustin","carlos","21005700","potamogeton.friesii",0.00366300366300366,1,1.88976,0.00317965023847377,629,546,576,0.00347222222222222
"2009-06-22","dustin","carlos","21005700","potamogeton.gramineus",0.0164835164835165,1,2.04216,0.014308426073132,629,546,576,0.015625
"2009-06-22","dustin","carlos","21005700","ranunculus.spp",0.00549450549450549,1,2.01168,0.00476947535771065,629,546,576,0.00520833333333333
"2009-06-22","dustin","carlos","21005700","mosses.aquatic",0.0164835164835165,1,5.69976,0.0158982511923688,629,546,576,0.0173611111111111
"2009-06-22","dustin","carlos","21005700","potamogeton.broad",0.00366300366300366,1,2.10312,0.00317965023847377,629,546,576,0.00347222222222222
"2009-06-22","newman","silver","62000100","ceratophyllum.demersum",0.0273972602739726,1,1.9,0.0268456375838926,149,146,145,0.0275862068965517
"2009-06-22","newman","silver","62000100","potamogeton.crispus",0.0136986301369863,1,0.9,0.0134228187919463,149,146,145,0.0137931034482759
"2009-06-22","newman","silver","62000100","elodea.canadensis",0.287671232876712,1.33333333333333,2.4,0.281879194630872,149,146,145,0.289655172413793
"2009-06-22","newman","silver","62000100","nymphaea.odorata",0.0410958904109589,1.16666666666667,1.1,0.0402684563758389,149,146,145,0.0413793103448276
"2009-06-22","newman","silver","62000100","chara.spp",0.26027397260274,1.63157894736842,2.3,0.25503355704698,149,146,145,0.262068965517241
"2009-06-22","newman","silver","62000100","lemna.minor",0.00684931506849315,1,0.5,0.00671140939597315,149,146,145,0.00689655172413793
"2009-06-22","newman","silver","62000100","lemna.trisulca",0.00684931506849315,1,0.9,0.00671140939597315,149,146,145,0.00689655172413793
"2009-06-22","newman","silver","62000100","heteranthera.dubia",0.0205479452054795,1,1.6,0.0201342281879195,149,146,145,0.0206896551724138
"2009-06-22","newman","silver","62000100","typha.spp",0.00684931506849315,1,0.9,0.00671140939597315,149,146,145,0.00689655172413793
"2009-06-22","newman","silver","62000100","nitella.spp",0.0136986301369863,1,1.5,0.0134228187919463,149,146,145,0.0137931034482759
"2009-06-22","newman","silver","62000100","zannichellia.palustris",0.0342465753424658,1,1.9,0.0335570469798658,149,146,145,0.0344827586206897
"2009-06-22","newman","silver","62000100","eleocharis.acicularis",0.0136986301369863,1,0.6,0.0134228187919463,149,146,145,0.0137931034482759
"2009-06-22","newman","silver","62000100","fontinalis.antipyretica",0.00684931506849315,1,1.9,0.00671140939597315,149,146,145,0.00689655172413793
"2009-06-29","dustin","madison","7004400","algae.filamentous",0.0912106135986733,1,1.85928,0.0864779874213836,636,603,247,0.198380566801619
"2009-06-29","dustin","madison","7004400","ceratophyllum.demersum",0.0613598673300166,1,1.85928,0.0581761006289308,636,603,247,0.129554655870445
"2009-06-29","dustin","madison","7004400","potamogeton.crispus",0.437810945273632,1,2.46888,0.415094339622642,636,603,247,0.376518218623482
"2009-06-29","dustin","madison","7004400","najas.flexilis",0.0149253731343284,1,0.6096,0.0141509433962264,636,603,247,0.0364372469635627
"2009-06-29","dustin","madison","7004400","potamogeton.richardsonii",0.0132669983416252,1,0.762,0.0125786163522013,636,603,247,0.0323886639676113
"2009-06-29","dustin","madison","7004400","elodea.canadensis",0.00497512437810945,1,1.0668,0.00471698113207547,636,603,247,0.0121457489878542
"2009-06-29","dustin","madison","7004400","chara.spp",0.0829187396351576,1,1.524,0.0786163522012579,636,603,247,0.194331983805668
"2009-06-29","dustin","madison","7004400","stuckenia.pectinata",0.107794361525705,1,1.85928,0.102201257861635,636,603,247,0.255060728744939
"2009-06-29","dustin","madison","7004400","najas.spp",0.00165837479270315,1,0.39624,0.00157232704402516,636,603,247,0.00404858299595142
"2009-06-29","dustin","madison","7004400","lemna.minor",0.0149253731343284,1,1.12776,0.0141509433962264,636,603,247,0.0364372469635627
"2009-06-29","dustin","madison","7004400","myriophyllum.sibiricum",0.0464344941956882,1,1.49352,0.0440251572327044,636,603,247,0.097165991902834
"2009-06-29","dustin","madison","7004400","potamogeton.pusillus",0.0646766169154229,1,1.55448,0.0613207547169811,636,603,247,0.145748987854251
"2009-06-29","dustin","madison","7004400","typha.spp",0.00165837479270315,1,0.3048,0.00157232704402516,636,603,247,0.00404858299595142
"2009-06-29","dustin","madison","7004400","zannichellia.palustris",0.00995024875621891,1,0.6096,0.00943396226415094,636,603,247,0.0242914979757085
"2009-06-29","dustin","madison","7004400","potamogeton.nodosus",0.00497512437810945,1,0.3048,0.00471698113207547,636,603,247,0.0121457489878542
"2009-06-29","dustin","madison","7004400","schoenoplectus.acutus",0.00165837479270315,1,0.03048,0.00157232704402516,636,603,247,0.00404858299595142
"2009-06-29","dustin","madison","7004400","drepanocladus.spp",0.0116086235489221,1,1.28016,0.0110062893081761,636,603,247,0.0283400809716599
"2009-07-01","dustin","hill","1014200","algae.filamentous",0.356643356643357,1,4.8768,0.234234234234234,222,143,207,0.251207729468599
"2009-07-01","dustin","hill","1014200","ceratophyllum.demersum",0.286713286713287,1,4.572,0.184684684684685,222,143,207,0.198067632850242
"2009-07-01","dustin","hill","1014200","potamogeton.crispus",0.160839160839161,1,4.572,0.103603603603604,222,143,207,0.111111111111111
"2009-07-01","dustin","hill","1014200","vallisneria.americana",0.00699300699300699,1,2.7432,0.0045045045045045,222,143,207,0.00483091787439614
"2009-07-01","dustin","hill","1014200","potamogeton.richardsonii",0.174825174825175,1,4.572,0.112612612612613,222,143,207,0.120772946859903
"2009-07-01","dustin","hill","1014200","chara.spp",0.391608391608392,1,1.8288,0.252252252252252,222,143,207,0.270531400966184
"2009-07-01","dustin","hill","1014200","stuckenia.pectinata",0.013986013986014,1,0.6096,0.00900900900900901,222,143,207,0.00966183574879227
"2009-07-01","dustin","hill","1014200","lemna.trisulca",0.223776223776224,1,3.9624,0.144144144144144,222,143,207,0.154589371980676
"2009-07-01","dustin","hill","1014200","utricularia.spp",0.00699300699300699,1,0.6096,0.0045045045045045,222,143,207,0.00483091787439614
"2009-07-01","dustin","hill","1014200","myriophyllum.sibiricum",0.188811188811189,1,3.048,0.121621621621622,222,143,207,0.130434782608696
"2009-07-01","dustin","hill","1014200","nymphaea.spp",0.195804195804196,1,3.048,0.126126126126126,222,143,207,0.135265700483092
"2009-07-01","dustin","hill","1014200","nuphar.spp",0.300699300699301,1,1.8288,0.193693693693694,222,143,207,0.207729468599034
"2009-07-01","dustin","hill","1014200","eleocharis.spp",0.013986013986014,1,1.9812,0.00900900900900901,222,143,207,0.00966183574879227
"2009-07-01","dustin","hill","1014200","typha.spp",0.363636363636364,1,1.8288,0.234234234234234,222,143,207,0.251207729468599
"2009-07-01","dustin","hill","1014200","potamogeton.amplifolius",0.00699300699300699,1,0.9144,0.0045045045045045,222,143,207,0.00483091787439614
"2009-07-01","dustin","hill","1014200","potamogeton.illinoensis",0.020979020979021,1,1.2192,0.0135135135135135,222,143,207,0.0144927536231884
"2009-07-01","dustin","hill","1014200","potamogeton.praelongus",0.041958041958042,1,2.1336,0.027027027027027,222,143,207,0.0289855072463768
"2009-07-01","dustin","hill","1014200","potamogeton.zosterifomis",0.223776223776224,1,4.8768,0.148648648648649,222,143,207,0.159420289855072
"2009-07-01","dustin","hill","1014200","potamogeton.natans",0.034965034965035,1,1.8288,0.0225225225225225,222,143,207,0.0241545893719807
"2009-07-01","dustin","hill","1014200","potamogeton.narrow",0.013986013986014,1,3.048,0.00900900900900901,222,143,207,0.00966183574879227
"2009-07-01","dustin","hill","1014200","potamogeton.friesii",0.27972027972028,1,4.572,0.18018018018018,222,143,207,0.193236714975845
"2009-07-01","dustin","hill","1014200","potamogeton.gramineus",0.125874125874126,1,1.24968,0.0810810810810811,222,143,207,0.0869565217391304
"2009-07-01","dustin","hill","1014200","scirpus.spp",0.272727272727273,1,1.9812,0.175675675675676,222,143,207,0.188405797101449
"2009-07-01","dustin","hill","1014200","sagittaria.spp",0.00699300699300699,1,0.3048,0.0045045045045045,222,143,207,0.00483091787439614
"2009-07-01","dustin","hill","1014200","sparganium.spp",0.013986013986014,1,0.6096,0.00900900900900901,222,143,207,0.00966183574879227
"2009-07-01","dustin","hill","1014200","equisetum.spp",0.0699300699300699,1,1.524,0.045045045045045,222,143,207,0.0483091787439614
"2009-07-20","dustin","carrie","34003200","nuphar.spp",0.05,1,0.6096,0.05,60,60,58,0.0517241379310345
"2009-07-20","dustin","carrie","34003200","typha.spp",0.183333333333333,1,0.6096,0.183333333333333,60,60,58,0.189655172413793
"2009-07-20","dustin","carrie","34003200","phalaris.arundinacea",0.0333333333333333,1,0.21336,0.0333333333333333,60,60,58,0.0344827586206897
"2009-07-20","dustin","carrie","34003200","schoenoplectus.acutus",0.116666666666667,1,0.4572,0.116666666666667,60,60,58,0.120689655172414
"2009-07-20","dustin","carrie","34003200","potamogeton.natans",0.05,1,0.6096,0.05,60,60,58,0.0517241379310345
"2009-07-20","dustin","carrie","34003200","mosses.aquatic",0.0166666666666667,1,0.36576,0.0166666666666667,60,60,58,0.0172413793103448
"2009-07-20","dustin","carrie","34003200","boltonia.asteroides",0.0333333333333333,1,0.21336,0.0333333333333333,60,60,58,0.0344827586206897
"2009-07-20","dustin","cedar","49014000","algae.filamentous",0.361111111111111,1,1.34112,0.298850574712644,87,72,87,0.298850574712644
"2009-07-20","dustin","cedar","49014000","ceratophyllum.demersum",0.208333333333333,1,6.096,0.183908045977011,87,72,87,0.183908045977011
"2009-07-20","dustin","cedar","49014000","najas.flexilis",0.152777777777778,1,0.82296,0.126436781609195,87,72,87,0.126436781609195
"2009-07-20","dustin","cedar","49014000","potamogeton.richardsonii",0.0277777777777778,1,0.57912,0.0229885057471264,87,72,87,0.0229885057471264
"2009-07-20","dustin","cedar","49014000","spirodela.polyrhiza",0.0277777777777778,1,0.54864,0.0229885057471264,87,72,87,0.0229885057471264
"2009-07-20","dustin","cedar","49014000","elodea.canadensis",0.0138888888888889,1,0.48768,0.0114942528735632,87,72,87,0.0114942528735632
"2009-07-20","dustin","cedar","49014000","chara.spp",0.805555555555556,1,7.62,0.747126436781609,87,72,87,0.747126436781609
"2009-07-20","dustin","cedar","49014000","stuckenia.pectinata",0.194444444444444,1,2.286,0.160919540229885,87,72,87,0.160919540229885
"2009-07-20","dustin","cedar","49014000","lemna.minor",0.0833333333333333,1,0.54864,0.0689655172413793,87,72,87,0.0689655172413793
"2009-07-20","dustin","cedar","49014000","lemna.trisulca",0.0833333333333333,1,0.54864,0.0689655172413793,87,72,87,0.0689655172413793
"2009-07-20","dustin","cedar","49014000","utricularia.spp",0.0555555555555556,1,0.54864,0.0459770114942529,87,72,87,0.0459770114942529
"2009-07-20","dustin","cedar","49014000","myriophyllum.sibiricum",0.180555555555556,1,5.1816,0.160919540229885,87,72,87,0.160919540229885
"2009-07-20","dustin","cedar","49014000","heteranthera.dubia",0.0138888888888889,1,0.3048,0.0114942528735632,87,72,87,0.0114942528735632
"2009-07-20","dustin","cedar","49014000","nymphaea.spp",0.125,1,1.34112,0.103448275862069,87,72,87,0.103448275862069
"2009-07-20","dustin","cedar","49014000","nuphar.spp",0.0972222222222222,1,1.34112,0.0804597701149425,87,72,87,0.0804597701149425
"2009-07-20","dustin","cedar","49014000","eleocharis.spp",0.0277777777777778,1,4.2672,0.0229885057471264,87,72,87,0.0229885057471264
"2009-07-20","dustin","cedar","49014000","typha.spp",0.0972222222222222,1,0.54864,0.0804597701149425,87,72,87,0.0804597701149425
"2009-07-20","dustin","cedar","49014000","eleocharis.acicularis",0.0138888888888889,1,0.24384,0.0114942528735632,87,72,87,0.0114942528735632
"2009-07-20","dustin","cedar","49014000","potamogeton.amplifolius",0.0277777777777778,1,1.0668,0.0229885057471264,87,72,87,0.0229885057471264
"2009-07-20","dustin","cedar","49014000","potamogeton.illinoensis",0.180555555555556,1,0.88392,0.149425287356322,87,72,87,0.149425287356322
"2009-07-20","dustin","cedar","49014000","potamogeton.praelongus",0.0138888888888889,1,1.8288,0.0114942528735632,87,72,87,0.0114942528735632
"2009-07-20","dustin","cedar","49014000","potamogeton.zosterifomis",0.125,1,4.572,0.103448275862069,87,72,87,0.103448275862069
"2009-07-20","dustin","cedar","49014000","schoenoplectus.acutus",0.0694444444444444,1,1.00584,0.0574712643678161,87,72,87,0.0574712643678161
"2009-07-20","dustin","cedar","49014000","potamogeton.narrow",0.0138888888888889,1,0.33528,0.0114942528735632,87,72,87,0.0114942528735632
"2009-07-20","dustin","cedar","49014000","potamogeton.friesii",0.0972222222222222,1,4.2672,0.0804597701149425,87,72,87,0.0804597701149425
"2009-07-20","dustin","cedar","49014000","sagittaria.spp",0.0555555555555556,1,0.33528,0.0459770114942529,87,72,87,0.0459770114942529
"2009-07-20","dustin","cedar","49014000","zizania.palustris",0.138888888888889,1,0.9144,0.114942528735632,87,72,87,0.114942528735632
"2009-08-03","brasch","rebecca","27019200","ceratophyllum.demersum",0.420382165605096,2.16666666666667,3.9,0.385964912280702,171,157,126,0.515873015873016
"2009-08-03","brasch","rebecca","27019200","potamogeton.crispus",0.0955414012738854,1.26666666666667,1.7,0.087719298245614,171,157,126,0.119047619047619
"2009-08-03","brasch","rebecca","27019200","myriophyllum.spicatum",0.133757961783439,1.04761904761905,1.7,0.12280701754386,171,157,126,0.166666666666667
"2009-08-03","brasch","rebecca","27019200","najas.flexilis",0.0318471337579618,1,1.2,0.0292397660818713,171,157,126,0.0396825396825397
"2009-08-03","brasch","rebecca","27019200","elodea.canadensis",0.00636942675159236,1,0.9,0.00584795321637427,171,157,126,0.00793650793650794
"2009-08-03","brasch","rebecca","27019200","nymphaea.odorata",0.127388535031847,1,1,0.116959064327485,171,157,126,0.158730158730159
"2009-08-03","brasch","rebecca","27019200","chara.spp",0.0191082802547771,1,0.7,0.0175438596491228,171,157,126,0.0238095238095238
"2009-08-03","brasch","rebecca","27019200","stuckenia.pectinata",0.00636942675159236,1,0.8,0.00584795321637427,171,157,126,0.00793650793650794
"2009-08-03","brasch","rebecca","27019200","lemna.minor",0.00636942675159236,1,0.5,0.00584795321637427,171,157,126,0.00793650793650794
"2009-08-03","brasch","rebecca","27019200","heteranthera.dubia",0.00636942675159236,1,0.5,0.00584795321637427,171,157,126,0.00793650793650794
"2009-08-03","brasch","rebecca","27019200","wolffia.spp",0.00636942675159236,1,0.5,0.00584795321637427,171,157,126,0.00793650793650794
"2009-08-03","brasch","rebecca","27019200","nuphar.variegata",0.0254777070063694,1.25,1.4,0.0233918128654971,171,157,126,0.0317460317460317
"2009-08-03","newman","fish","70006900","ceratophyllum.demersum",0.642857142857143,2.32098765432099,3,0.6328125,128,126,97,0.835051546391753
"2009-08-03","newman","fish","70006900","potamogeton.crispus",0.0634920634920635,1.25,2.2,0.0625,128,126,97,0.0824742268041237
"2009-08-03","newman","fish","70006900","potamogeton.foliosus",0.00793650793650794,2,0.7,0.0078125,128,126,97,0.0103092783505155
"2009-08-03","newman","fish","70006900","najas.flexilis",0.00793650793650794,1,0.7,0.0078125,128,126,97,0.0103092783505155
"2009-08-03","newman","fish","70006900","vallisneria.americana",0.103174603174603,1.23076923076923,1.6,0.1015625,128,126,97,0.134020618556701
"2009-08-03","newman","fish","70006900","nymphaea.odorata",0.0634920634920635,1,1.2,0.0625,128,126,97,0.0824742268041237
"2009-08-03","newman","fish","70006900","chara.spp",0.0158730158730159,2.5,1.2,0.015625,128,126,97,0.0206185567010309
"2009-08-03","newman","fish","70006900","stuckenia.pectinata",0.0634920634920635,1.25,1.3,0.0625,128,126,97,0.0824742268041237
"2009-08-03","newman","fish","70006900","lemna.minor",0.0396825396825397,1,0.7,0.0390625,128,126,97,0.0515463917525773
"2009-08-03","newman","fish","70006900","myriophyllum.sibiricum",0.30952380952381,1.51282051282051,2.4,0.3046875,128,126,97,0.402061855670103
"2009-08-03","newman","fish","70006900","heteranthera.dubia",0.0714285714285714,1.44444444444444,1.6,0.0703125,128,126,97,0.0927835051546392
"2009-08-03","newman","fish","70006900","nitella.spp",0.00793650793650794,1,1.6,0.0078125,128,126,97,0.0103092783505155
"2009-08-03","newman","fish","70006900","nuphar.variegata",0.0714285714285714,1.22222222222222,1.8,0.0703125,128,126,97,0.0927835051546392
"2009-08-03","newman","fish","70006900","potamogeton.nodosus",0.0317460317460317,1,1,0.03125,128,126,97,0.0412371134020619
"2009-08-03","newman","fish","70006900","potamogeton.zosterifomis",0.00793650793650794,1,0.7,0.0078125,128,126,97,0.0103092783505155
"2009-08-03","newman","fish","70006900","schoenoplectus.acutus",0.00793650793650794,1,0.6,0.0078125,128,126,97,0.0103092783505155
"2009-08-04","newman","rebecca","27019200","ceratophyllum.demersum",0.420382165605096,2.16666666666667,3.9,0.385964912280702,171,157,126,0.515873015873016
"2009-08-04","newman","rebecca","27019200","potamogeton.crispus",0.0955414012738854,1.26666666666667,1.7,0.087719298245614,171,157,126,0.119047619047619
"2009-08-04","newman","rebecca","27019200","myriophyllum.spicatum",0.133757961783439,1.04761904761905,1.7,0.12280701754386,171,157,126,0.166666666666667
"2009-08-04","newman","rebecca","27019200","najas.flexilis",0.0318471337579618,1,1.2,0.0292397660818713,171,157,126,0.0396825396825397
"2009-08-04","newman","rebecca","27019200","elodea.canadensis",0.00636942675159236,1,0.9,0.00584795321637427,171,157,126,0.00793650793650794
"2009-08-04","newman","rebecca","27019200","nymphaea.odorata",0.127388535031847,1,1,0.116959064327485,171,157,126,0.158730158730159
"2009-08-04","newman","rebecca","27019200","chara.spp",0.0191082802547771,1,0.7,0.0175438596491228,171,157,126,0.0238095238095238
"2009-08-04","newman","rebecca","27019200","stuckenia.pectinata",0.00636942675159236,1,0.8,0.00584795321637427,171,157,126,0.00793650793650794
"2009-08-04","newman","rebecca","27019200","lemna.minor",0.00636942675159236,1,0.5,0.00584795321637427,171,157,126,0.00793650793650794
"2009-08-04","newman","rebecca","27019200","heteranthera.dubia",0.00636942675159236,1,0.5,0.00584795321637427,171,157,126,0.00793650793650794
"2009-08-04","newman","rebecca","27019200","wolffia.spp",0.00636942675159236,1,0.5,0.00584795321637427,171,157,126,0.00793650793650794
"2009-08-04","newman","rebecca","27019200","typha.spp",0.0127388535031847,1,0.5,0.0116959064327485,171,157,126,0.0158730158730159
"2009-08-04","newman","rebecca","27019200","nuphar.variegata",0.0254777070063694,1.25,1.4,0.0233918128654971,171,157,126,0.0317460317460317
"2009-08-10","dustin","carlos","21005700","ceratophyllum.demersum",0.0118110236220472,1,3.048,0.0103986135181976,577,508,535,0.011214953271028
"2009-08-10","dustin","carlos","21005700","potamogeton.crispus",0.0078740157480315,1,2.4384,0.00693240901213172,577,508,535,0.00747663551401869
"2009-08-10","dustin","carlos","21005700","najas.flexilis",0.0118110236220472,1,5.1816,0.0121317157712305,577,508,535,0.0130841121495327
"2009-08-10","dustin","carlos","21005700","vallisneria.americana",0.00984251968503937,1,3.048,0.00866551126516464,577,508,535,0.00934579439252336
"2009-08-10","dustin","carlos","21005700","potamogeton.richardsonii",0.0649606299212598,1,4.8768,0.0589254766031196,577,508,535,0.0635514018691589
"2009-08-10","dustin","carlos","21005700","elodea.canadensis",0.015748031496063,1,7.3152,0.0190641247833622,577,508,535,0.0186915887850467
"2009-08-10","dustin","carlos","21005700","chara.spp",0.748031496062992,1,30.48,0.665511265164645,577,508,535,0.71588785046729
"2009-08-10","dustin","carlos","21005700","stuckenia.pectinata",0.0177165354330709,1,3.048,0.0155979202772964,577,508,535,0.0168224299065421
"2009-08-10","dustin","carlos","21005700","utricularia.spp",0.224409448818898,1,4.572,0.197573656845754,577,508,535,0.213084112149533
"2009-08-10","dustin","carlos","21005700","myriophyllum.sibiricum",0.181102362204724,1,5.7912,0.164644714038128,577,508,535,0.177570093457944
"2009-08-10","dustin","carlos","21005700","potamogeton.pusillus",0.047244094488189,1,4.2672,0.0415944540727903,577,508,535,0.0448598130841122
"2009-08-10","dustin","carlos","21005700","nuphar.spp",0.00196850393700787,1,1.2192,0.00173310225303293,577,508,535,0.00186915887850467
"2009-08-10","dustin","carlos","21005700","typha.spp",0.00393700787401575,1,1.2192,0.00346620450606586,577,508,535,0.00373831775700935
"2009-08-10","dustin","carlos","21005700","nitella.spp",0.0688976377952756,1,30.48,0.10051993067591,577,508,535,0.100934579439252
"2009-08-10","dustin","carlos","21005700","potamogeton.praelongus",0.015748031496063,1,2.7432,0.0138648180242634,577,508,535,0.0149532710280374
"2009-08-10","dustin","carlos","21005700","potamogeton.zosterifomis",0.0551181102362205,1,4.2672,0.048526863084922,577,508,535,0.0523364485981308
"2009-08-10","dustin","carlos","21005700","phragmites.australis",0.00196850393700787,1,1.2192,0.00173310225303293,577,508,535,0.00186915887850467
"2009-08-10","dustin","carlos","21005700","potamogeton.gramineus",0.0118110236220472,1,5.7912,0.0121317157712305,577,508,535,0.0130841121495327
"2009-08-10","dustin","carlos","21005700","scirpus.spp",0.0531496062992126,1,1.8288,0.0467937608318891,577,508,535,0.0504672897196262
"2009-08-10","dustin","carlos","21005700","najas.marina",0.0078740157480315,1,2.7432,0.00693240901213172,577,508,535,0.00747663551401869
"2009-08-10","dustin","carlos","21005700","unk.spng",0.00984251968503937,1,2.7432,0.00866551126516464,577,508,535,0.00934579439252336
"2009-08-10","dustin","portage","29025000","algae.filamentous",0.027027027027027,1,2.86512,0.027027027027027,296,296,147,0.0476190476190476
"2009-08-10","dustin","portage","29025000","ceratophyllum.demersum",0.537162162162162,1,4.32816,0.537162162162162,296,296,147,0.54421768707483
"2009-08-10","dustin","portage","29025000","potamogeton.crispus",0.148648648648649,1,3.74904,0.148648648648649,296,296,147,0.163265306122449
"2009-08-10","dustin","portage","29025000","najas.flexilis",0.22972972972973,1,3.10896,0.22972972972973,296,296,147,0.421768707482993
"2009-08-10","dustin","portage","29025000","vallisneria.americana",0.0540540540540541,1,1.8288,0.0540540540540541,296,296,147,0.108843537414966
"2009-08-10","dustin","portage","29025000","potamogeton.richardsonii",0.00337837837837838,1,1.24968,0.00337837837837838,296,296,147,0.00680272108843537
"2009-08-10","dustin","portage","29025000","spirodela.polyrhiza",0.00675675675675676,1,0.42672,0.00675675675675676,296,296,147,0.0136054421768707
"2009-08-10","dustin","portage","29025000","elodea.canadensis",0.0202702702702703,1,3.2004,0.0202702702702703,296,296,147,0.0272108843537415
"2009-08-10","dustin","portage","29025000","chara.spp",0.513513513513513,1,3.74904,0.513513513513513,296,296,147,0.863945578231292
"2009-08-10","dustin","portage","29025000","stuckenia.pectinata",0.0236486486486486,1,1.92024,0.0236486486486486,296,296,147,0.0476190476190476
"2009-08-10","dustin","portage","29025000","lemna.trisulca",0.10472972972973,1,4.1148,0.10472972972973,296,296,147,0.170068027210884
"2009-08-10","dustin","portage","29025000","myriophyllum.sibiricum",0.14527027027027,1,3.59664,0.14527027027027,296,296,147,0.204081632653061
"2009-08-10","dustin","portage","29025000","heteranthera.dubia",0.00337837837837838,1,0.57912,0.00337837837837838,296,296,147,0.00680272108843537
"2009-08-10","dustin","portage","29025000","nymphaea.spp",0.00675675675675676,1,0.57912,0.00675675675675676,296,296,147,0.0136054421768707
"2009-08-10","dustin","portage","29025000","nuphar.spp",0.108108108108108,1,2.62128,0.108108108108108,296,296,147,0.210884353741497
"2009-08-10","dustin","portage","29025000","typha.spp",0.00675675675675676,1,0.9144,0.00675675675675676,296,296,147,0.0136054421768707
"2009-08-10","dustin","portage","29025000","potamogeton.illinoensis",0.0472972972972973,1,1.28016,0.0472972972972973,296,296,147,0.0952380952380952
"2009-08-10","dustin","portage","29025000","potamogeton.zosterifomis",0.0202702702702703,1,3.10896,0.0202702702702703,296,296,147,0.0272108843537415
"2009-08-10","dustin","portage","29025000","utricularia.vulgaris",0.0743243243243243,1,3.048,0.0743243243243243,296,296,147,0.136054421768707
"2009-08-10","dustin","portage","29025000","schoenoplectus.acutus",0.00675675675675676,1,0.82296,0.00675675675675676,296,296,147,0.0136054421768707
"2009-08-10","dustin","portage","29025000","schoenoplectus.tabernaemontani",0.00337837837837838,1,0.36576,0.00337837837837838,296,296,147,0.00680272108843537
"2009-08-10","dustin","portage","29025000","potamogeton.friesii",0.280405405405405,1,3.9624,0.280405405405405,296,296,147,0.387755102040816
"2009-08-10","dustin","portage","29025000","mosses.aquatic",0.0236486486486486,1,3.9624,0.0236486486486486,296,296,147,0.00680272108843537
"2009-08-10","dustin","portage","29025000","sagittaria.spp",0.0135135135135135,1,3.048,0.0135135135135135,296,296,147,0.0204081632653061
"2009-08-10","dustin","portage","29025000","unk.jewl",0.00337837837837838,1,0.54864,0.00337837837837838,296,296,147,0.00680272108843537
"2009-08-10","dustin","portage","29025000","zizania.palustris",0.0168918918918919,1,0.97536,0.0168918918918919,296,296,147,0.0340136054421769
"2009-08-10","dustin","portage","29025000","nymphaea.x.sp",0.0135135135135135,1,0.9144,0.0135135135135135,296,296,147,0.0272108843537415
"2009-08-10","dustin","portage","29025000","carex.comosa",0.00675675675675676,1,0.9144,0.00675675675675676,296,296,147,0.0136054421768707
"2009-08-10","dustin","portage","29025000","caltha.palustris",0.00337837837837838,1,0.54864,0.00337837837837838,296,296,147,0.00680272108843537
"2009-08-10","dustin","portage","29025000","salix.spp",0.00337837837837838,1,0.9144,0.00337837837837838,296,296,147,0.00680272108843537
"2009-08-10","dustin","portage","29025000","cyperaceae",0.00675675675675676,1,0.9144,0.00675675675675676,296,296,147,0.0136054421768707
"2009-08-10","newman","longi","30007200","ceratophyllum.demersum",0.0196560196560197,1,1,0.0196560196560197,407,407,83,0.0843373493975904
"2009-08-10","newman","longi","30007200","potamogeton.crispus",0.0147420147420147,1,1,0.0147420147420147,407,407,83,0.0602409638554217
"2009-08-10","newman","longi","30007200","najas.flexilis",0.0319410319410319,1.61538461538462,1.7,0.0319410319410319,407,407,83,0.144578313253012
"2009-08-10","newman","longi","30007200","nymphaea.odorata",0.0491400491400491,1,1,0.0491400491400491,407,407,83,0.216867469879518
"2009-08-10","newman","longi","30007200","chara.spp",0.0884520884520884,2,2.1,0.0884520884520884,407,407,83,0.385542168674699
"2009-08-10","newman","longi","30007200","stuckenia.pectinata",0.0147420147420147,1.33333333333333,0.9,0.0147420147420147,407,407,83,0.072289156626506
"2009-08-10","newman","longi","30007200","lemna.minor",0.00982800982800983,1,0.8,0.00982800982800983,407,407,83,0.0481927710843374
"2009-08-10","newman","longi","30007200","wolffia.spp",0.00245700245700246,1,0.7,0.00245700245700246,407,407,83,0.0120481927710843
"2009-08-10","newman","longi","30007200","typha.spp",0.00737100737100737,1,0.9,0.00737100737100737,407,407,83,0.036144578313253
"2009-08-10","newman","longi","30007200","zannichellia.palustris",0.00245700245700246,1,0.3,0.00245700245700246,407,407,83,0.0120481927710843
"2009-08-10","newman","longi","30007200","nuphar.variegata",0.00982800982800983,1,1.1,0.00982800982800983,407,407,83,0.036144578313253
"2009-08-10","newman","longi","30007200","schoenoplectus.acutus",0.00245700245700246,1,0.7,0.00245700245700246,407,407,83,0.0120481927710843
"2009-08-11","dustin","peltier","2000400","algae.filamentous",0.0777385159010601,1,1.8288,0.0777385159010601,283,283,268,0.082089552238806
"2009-08-11","dustin","peltier","2000400","ceratophyllum.demersum",0.724381625441696,1,2.5908,0.724381625441696,283,283,268,0.764925373134328
"2009-08-11","dustin","peltier","2000400","potamogeton.crispus",0.173144876325088,1,2.19456,0.173144876325088,283,283,268,0.182835820895522
"2009-08-11","dustin","peltier","2000400","myriophyllum.spicatum",0.049469964664311,1,1.55448,0.049469964664311,283,283,268,0.0522388059701493
"2009-08-11","dustin","peltier","2000400","elodea.canadensis",0.204946996466431,1,2.7432,0.204946996466431,283,283,268,0.216417910447761
"2009-08-11","dustin","peltier","2000400","stuckenia.pectinata",0.106007067137809,1,1.524,0.106007067137809,283,283,268,0.111940298507463
"2009-08-11","dustin","peltier","2000400","lemna.trisulca",0.473498233215548,1,1.8288,0.473498233215548,283,283,268,0.5
"2009-08-11","dustin","peltier","2000400","ranunculus.aquatilis",0.15547703180212,1,1.524,0.15547703180212,283,283,268,0.164179104477612
"2009-08-11","dustin","peltier","2000400","myriophyllum.sibiricum",0.0282685512367491,1,1.3716,0.0282685512367491,283,283,268,0.0298507462686567
"2009-08-11","dustin","peltier","2000400","wolffia.spp",0.11660777385159,1,1.8288,0.11660777385159,283,283,268,0.123134328358209
"2009-08-11","dustin","peltier","2000400","nymphaea.spp",0.00706713780918728,1,1.2192,0.00706713780918728,283,283,268,0.00746268656716418
"2009-08-11","dustin","peltier","2000400","potamogeton.zosterifomis",0.159010600706714,1,1.8288,0.159010600706714,283,283,268,0.167910447761194
"2009-08-11","dustin","peltier","2000400","potamogeton.narrow",0.0282685512367491,1,1.2192,0.0282685512367491,283,283,268,0.0298507462686567
"2009-08-11","dustin","peltier","2000400","lemna.spp",0.120141342756184,1,1.73736,0.120141342756184,283,283,268,0.126865671641791
"2009-08-11","dustin","peltier","2000400","salix.spp",0.00353356890459364,1,0.70104,0.00353356890459364,283,283,268,0.00373134328358209
"2009-08-11","dustin","southcenter","13002700","algae.filamentous",0.047979797979798,1,2.46888,0.0473815461346633,401,396,375,0.0506666666666667
"2009-08-11","dustin","southcenter","13002700","ceratophyllum.demersum",0.383838383838384,1,3.10896,0.379052369077307,401,396,375,0.402666666666667
"2009-08-11","dustin","southcenter","13002700","potamogeton.crispus",0.285353535353535,1,3.38328,0.281795511221945,401,396,375,0.293333333333333
"2009-08-11","dustin","southcenter","13002700","myriophyllum.spicatum",0.0454545454545455,1,1.8288,0.0448877805486284,401,396,375,0.048
"2009-08-11","dustin","southcenter","13002700","vallisneria.americana",0.00252525252525253,1,0.54864,0.00249376558603491,401,396,375,0.00266666666666667
"2009-08-11","dustin","southcenter","13002700","potamogeton.richardsonii",0.0101010101010101,1,0.6096,0.00997506234413965,401,396,375,0.0106666666666667
"2009-08-11","dustin","southcenter","13002700","elodea.canadensis",0.053030303030303,1,1.09728,0.0523690773067332,401,396,375,0.056
"2009-08-11","dustin","southcenter","13002700","chara.spp",0.00252525252525253,1,0.36576,0.00249376558603491,401,396,375,0.00266666666666667
"2009-08-11","dustin","southcenter","13002700","stuckenia.pectinata",0.00252525252525253,1,0.4572,0.00249376558603491,401,396,375,0.00266666666666667
"2009-08-11","dustin","southcenter","13002700","najas.spp",0.0353535353535354,1,3.6576,0.0349127182044888,401,396,375,0.0346666666666667
"2009-08-11","dustin","southcenter","13002700","myriophyllum.sibiricum",0.234848484848485,1,3.38328,0.231920199501247,401,396,375,0.245333333333333
"2009-08-11","dustin","southcenter","13002700","wolffia.spp",0.0176767676767677,1,0.6096,0.0174563591022444,401,396,375,0.0186666666666667
"2009-08-11","dustin","southcenter","13002700","nymphaea.spp",0.0681818181818182,1,1.43256,0.0673316708229426,401,396,375,0.072
"2009-08-11","dustin","southcenter","13002700","nuphar.spp",0.00252525252525253,1,0.1524,0.00249376558603491,401,396,375,0.00266666666666667
"2009-08-11","dustin","southcenter","13002700","potamogeton.illinoensis",0.00252525252525253,1,0.9144,0.00249376558603491,401,396,375,0.00266666666666667
"2009-08-11","dustin","southcenter","13002700","potamogeton.praelongus",0.00252525252525253,1,1.2192,0.00249376558603491,401,396,375,0.00266666666666667
"2009-08-11","dustin","southcenter","13002700","potamogeton.zosterifomis",0.00757575757575758,1,1.0668,0.00748129675810474,401,396,375,0.008
"2009-08-11","dustin","southcenter","13002700","potamogeton.robbinsii",0.0833333333333333,1,1.524,0.0822942643391521,401,396,375,0.088
"2009-08-11","dustin","southcenter","13002700","potamogeton.natans",0.0707070707070707,1,1.43256,0.0698254364089776,401,396,375,0.0746666666666667
"2009-08-11","dustin","southcenter","13002700","potamogeton.narrow",0.00757575757575758,1,1.2192,0.00748129675810474,401,396,375,0.008
"2009-08-11","dustin","southcenter","13002700","polygonum.spp",0.00505050505050505,1,0.4572,0.00498753117206983,401,396,375,0.00533333333333333
"2009-08-11","dustin","southcenter","13002700","lemna.spp",0.0202020202020202,1,0.6096,0.0199501246882793,401,396,375,0.0213333333333333
"2009-08-11","dustin","southcenter","13002700","myriophyllum.spp",0.0227272727272727,1,2.56032,0.0224438902743142,401,396,375,0.024
"2009-08-11","dustin","stjames","83004300","algae.filamentous",0.493243243243243,1,3.87096,0.486666666666667,150,148,120,0.566666666666667
"2009-08-11","dustin","stjames","83004300","ceratophyllum.demersum",0.648648648648649,1,4.66344,0.646666666666667,150,148,120,0.758333333333333
"2009-08-11","dustin","stjames","83004300","potamogeton.crispus",0.0337837837837838,1,2.8956,0.0333333333333333,150,148,120,0.0333333333333333
"2009-08-11","dustin","stjames","83004300","potamogeton.richardsonii",0.148648648648649,1,1.64592,0.146666666666667,150,148,120,0.183333333333333
"2009-08-11","dustin","stjames","83004300","chara.spp",0.202702702702703,1,2.16408,0.2,150,148,120,0.25
"2009-08-11","dustin","stjames","83004300","stuckenia.pectinata",0.0743243243243243,1,1.73736,0.0733333333333333,150,148,120,0.0916666666666667
"2009-08-11","dustin","stjames","83004300","najas.spp",0.121621621621622,1,2.10312,0.12,150,148,120,0.15
"2009-08-11","dustin","stjames","83004300","lemna.minor",0.0540540540540541,1,1.34112,0.0533333333333333,150,148,120,0.0666666666666667
"2009-08-11","dustin","stjames","83004300","myriophyllum.sibiricum",0.662162162162162,1,3.29184,0.653333333333333,150,148,120,0.8
"2009-08-11","dustin","stjames","83004300","typha.spp",0.0405405405405405,1,0.73152,0.04,150,148,120,0.05
"2009-08-11","dustin","stjames","83004300","potamogeton.narrow",0.0608108108108108,1,2.10312,0.06,150,148,120,0.075
"2009-08-11","sblood","kohlman","62000600","potamogeton.crispus",0.078125,1.1,1.18872,0.078125,128,128,128,0.078125
"2009-08-11","sblood","kohlman","62000600","potamogeton.foliosus",0.0390625,1.2,0.97536,0.0390625,128,128,128,0.0390625
"2009-08-11","sblood","kohlman","62000600","najas.flexilis",0.015625,1,0.64008,0.015625,128,128,128,0.015625
"2009-08-11","sblood","kohlman","62000600","spirodela.polyrhiza",0.1796875,1.04347826086957,1.09728,0.1796875,128,128,128,0.1796875
"2009-08-11","sblood","kohlman","62000600","elodea.canadensis",0.0390625,2.2,1.0668,0.0390625,128,128,128,0.0390625
"2009-08-11","sblood","kohlman","62000600","nymphaea.odorata",0.34375,4.11363636363636,1.34112,0.34375,128,128,128,0.34375
"2009-08-11","sblood","kohlman","62000600","stuckenia.pectinata",0.046875,1,1.24968,0.046875,128,128,128,0.046875
"2009-08-11","sblood","kohlman","62000600","lemna.minor",0.390625,1.36,1.49352,0.390625,128,128,128,0.390625
"2009-08-11","sblood","kohlman","62000600","lemna.trisulca",0.03125,1,1.00584,0.03125,128,128,128,0.03125
"2009-08-11","sblood","kohlman","62000600","potamogeton.pusillus",0.046875,1.16666666666667,1.31064,0.046875,128,128,128,0.046875
"2009-08-12","newman","susan","10001300","ceratophyllum.demersum",0.445544554455446,2.04444444444444,3.2,0.308219178082192,146,101,34,0.941176470588235
"2009-08-12","newman","susan","10001300","potamogeton.crispus",0.0891089108910891,1,1.8,0.0616438356164384,146,101,34,0.205882352941176
"2009-08-12","newman","susan","10001300","myriophyllum.spicatum",0.366336633663366,1.18918918918919,3.3,0.253424657534247,146,101,34,0.911764705882353
"2009-08-12","newman","susan","10001300","elodea.canadensis",0.0198019801980198,1,0.7,0.0136986301369863,146,101,34,0.0588235294117647
"2009-08-12","newman","susan","10001300","nymphaea.odorata",0.188118811881188,1,1.4,0.13013698630137,146,101,34,0.558823529411765
"2009-08-12","newman","susan","10001300","stuckenia.pectinata",0.0297029702970297,1.33333333333333,0.9,0.0205479452054795,146,101,34,0.0882352941176471
"2009-08-12","newman","susan","10001300","potamogeton.pusillus",0.198019801980198,1,2.1,0.136986301369863,146,101,34,0.5
"2009-08-12","newman","susan","10001300","zannichellia.palustris",0.0099009900990099,1,0.4,0.00684931506849315,146,101,34,0.0294117647058824
"2009-08-12","newman","susan","10001300","nelumbo.lutea",0.148514851485149,1,2.8,0.102739726027397,146,101,34,0.323529411764706
"2009-08-12","newman","susan","10001300","nuphar.variegata",0.0693069306930693,1,3.1,0.0479452054794521,146,101,34,0.176470588235294
"2009-08-12","newman","vails","73015100","ceratophyllum.demersum",0.0402298850574713,1.14285714285714,0.7,0.0382513661202186,183,174,55,0.127272727272727
"2009-08-12","newman","vails","73015100","potamogeton.crispus",0.103448275862069,1,2.4,0.0983606557377049,183,174,55,0.109090909090909
"2009-08-12","newman","vails","73015100","potamogeton.richardsonii",0.00574712643678161,1,0.3,0.00546448087431694,183,174,55,0.0181818181818182
"2009-08-12","newman","vails","73015100","elodea.canadensis",0.0459770114942529,1.625,0.8,0.0437158469945355,183,174,55,0.145454545454545
"2009-08-12","newman","vails","73015100","stuckenia.pectinata",0.172413793103448,2.16666666666667,1.3,0.163934426229508,183,174,55,0.509090909090909
"2009-08-12","newman","vails","73015100","lemna.minor",0.0977011494252874,1,1,0.092896174863388,183,174,55,0.290909090909091
"2009-08-12","newman","vails","73015100","ranunculus.aquatilis",0.00574712643678161,1,0.3,0.00546448087431694,183,174,55,0.0181818181818182
"2009-08-12","newman","vails","73015100","potamogeton.pusillus",0.0229885057471264,1,0.8,0.0218579234972678,183,174,55,0.0727272727272727
"2009-08-12","newman","vails","73015100","heteranthera.dubia",0.028735632183908,1,1.1,0.0273224043715847,183,174,55,0.0727272727272727
"2009-08-12","newman","vails","73015100","typha.spp",0.0402298850574713,1,0.8,0.0382513661202186,183,174,55,0.127272727272727
"2009-08-12","newman","vails","73015100","polygonum.amphibium",0.00574712643678161,1,0.5,0.00546448087431694,183,174,55,0.0181818181818182
"2009-08-13","newman","clearm","47009500","ceratophyllum.demersum",0.19047619047619,1.975,3.9,0.188679245283019,212,210,57,0.649122807017544
"2009-08-13","newman","clearm","47009500","potamogeton.crispus",0.00476190476190476,1,0.3,0.00471698113207547,212,210,57,0.0175438596491228
"2009-08-13","newman","clearm","47009500","najas.flexilis",0.00476190476190476,1,0.8,0.00471698113207547,212,210,57,0.0175438596491228
"2009-08-13","newman","clearm","47009500","elodea.canadensis",0.0857142857142857,1.22222222222222,1.1,0.0849056603773585,212,210,57,0.280701754385965
"2009-08-13","newman","clearm","47009500","nymphaea.odorata",0.0142857142857143,1,0.9,0.0141509433962264,212,210,57,0.0526315789473684
"2009-08-13","newman","clearm","47009500","chara.spp",0.00952380952380952,1,0.7,0.00943396226415094,212,210,57,0.0350877192982456
"2009-08-13","newman","clearm","47009500","stuckenia.pectinata",0.0333333333333333,1,1.4,0.0330188679245283,212,210,57,0.105263157894737
"2009-08-13","newman","clearm","47009500","lemna.minor",0.10952380952381,1,0.9,0.108490566037736,212,210,57,0.403508771929825
"2009-08-13","newman","clearm","47009500","lemna.trisulca",0.0952380952380952,1.1,0.9,0.0943396226415094,212,210,57,0.350877192982456
"2009-08-13","newman","clearm","47009500","myriophyllum.sibiricum",0.0619047619047619,1.84615384615385,0.9,0.0613207547169811,212,210,57,0.228070175438596
"2009-08-13","newman","clearm","47009500","heteranthera.dubia",0.0428571428571429,1.22222222222222,2.2,0.0424528301886792,212,210,57,0.140350877192982
"2009-08-13","newman","clearm","47009500","typha.spp",0.0333333333333333,1,0.8,0.0330188679245283,212,210,57,0.12280701754386
"2009-08-13","newman","clearm","47009500","nuphar.variegata",0.00476190476190476,1,0.6,0.00471698113207547,212,210,57,0.0175438596491228
"2009-08-13","newman","clearm","47009500","schoenoplectus.acutus",0.00476190476190476,1,0.6,0.00471698113207547,212,210,57,0.0175438596491228
"2009-08-13","newman","clearm","47009500","phragmites.australis",0.00476190476190476,1,0.4,0.00471698113207547,212,210,57,0.0175438596491228
"2009-08-14","newman","julia","71014500","ceratophyllum.demersum",0.0754716981132075,1.625,2.6,0.0754716981132075,106,106,22,0.0909090909090909
"2009-08-14","newman","julia","71014500","vallisneria.americana",0.00943396226415094,1,0.3,0.00943396226415094,106,106,22,0.0454545454545455
"2009-08-14","newman","julia","71014500","elodea.canadensis",0.0849056603773585,1.44444444444444,2.3,0.0849056603773585,106,106,22,0.136363636363636
"2009-08-14","newman","julia","71014500","nymphaea.odorata",0.00943396226415094,1,0.7,0.00943396226415094,106,106,22,0.0454545454545455
"2009-08-14","newman","julia","71014500","chara.spp",0.19811320754717,3.23809523809524,1.6,0.19811320754717,106,106,22,0.590909090909091
"2009-08-14","newman","julia","71014500","stuckenia.pectinata",0.0283018867924528,1,0.8,0.0283018867924528,106,106,22,0.136363636363636
"2009-08-14","newman","julia","71014500","heteranthera.dubia",0.0377358490566038,1,1.6,0.0377358490566038,106,106,22,0.0454545454545455
"2009-08-14","newman","julia","71014500","najas.guadalupensis",0.30188679245283,1.96875,3.3,0.30188679245283,106,106,22,0.818181818181818
"2009-08-14","newman","julia","71014500","schoenoplectus.acutus",0.00943396226415094,1,0.5,0.00943396226415094,106,106,22,0.0454545454545455
"2009-08-14","newman","rush","71014700","ceratophyllum.demersum",0.0357142857142857,1,3,0.0357142857142857,112,112,32,0.09375
"2009-08-14","newman","rush","71014700","najas.flexilis",0.0357142857142857,1,0.8,0.0357142857142857,112,112,32,0.09375
"2009-08-14","newman","rush","71014700","elodea.canadensis",0.357142857142857,1.55,3,0.357142857142857,112,112,32,0.59375
"2009-08-14","newman","rush","71014700","nymphaea.odorata",0.0714285714285714,1,1,0.0714285714285714,112,112,32,0.21875
"2009-08-14","newman","rush","71014700","chara.spp",0.0982142857142857,2,1.3,0.0982142857142857,112,112,32,0.1875
"2009-08-14","newman","rush","71014700","stuckenia.pectinata",0.0446428571428571,1,1,0.0446428571428571,112,112,32,0.125
"2009-08-14","newman","rush","71014700","potamogeton.pusillus",0.0714285714285714,1,3,0.0714285714285714,112,112,32,0.0625
"2009-08-14","newman","rush","71014700","heteranthera.dubia",0.0357142857142857,1,0.7,0.0357142857142857,112,112,32,0.125
"2009-08-14","newman","rush","71014700","nuphar.variegata",0.00892857142857143,1,0.4,0.00892857142857143,112,112,32,0.03125
"2009-08-15","newman","silver","62000100","ceratophyllum.demersum",0.00684931506849315,1,1.4,0.00671140939597315,149,146,144,0.00694444444444444
"2009-08-15","newman","silver","62000100","potamogeton.crispus",0.0136986301369863,1,0.6,0.0134228187919463,149,146,144,0.0138888888888889
"2009-08-15","newman","silver","62000100","myriophyllum.spicatum",0.00684931506849315,1,0.7,0.00671140939597315,149,146,144,0.00694444444444444
"2009-08-15","newman","silver","62000100","najas.flexilis",0.0136986301369863,1,1.1,0.0134228187919463,149,146,144,0.0138888888888889
"2009-08-15","newman","silver","62000100","elodea.canadensis",0.301369863013699,1.59090909090909,1.9,0.295302013422819,149,146,144,0.305555555555556
"2009-08-15","newman","silver","62000100","nymphaea.odorata",0.0753424657534247,1,1.1,0.0738255033557047,149,146,144,0.0763888888888889
"2009-08-15","newman","silver","62000100","chara.spp",0.404109589041096,2.05084745762712,1.9,0.395973154362416,149,146,144,0.409722222222222
"2009-08-15","newman","silver","62000100","stuckenia.pectinata",0.00684931506849315,1,0.6,0.00671140939597315,149,146,144,0.00694444444444444
"2009-08-15","newman","silver","62000100","lemna.minor",0.00684931506849315,1,0.5,0.00671140939597315,149,146,144,0.00694444444444444
"2009-08-15","newman","silver","62000100","heteranthera.dubia",0.0616438356164384,1,1.6,0.0604026845637584,149,146,144,0.0625
"2009-08-15","newman","silver","62000100","typha.spp",0.0205479452054795,1,1.6,0.0201342281879195,149,146,144,0.0208333333333333
"2009-08-15","newman","silver","62000100","eleocharis.acicularis",0.0273972602739726,1,1.1,0.0268456375838926,149,146,144,0.0277777777777778
"2009-08-15","newman","silver","62000100","potamogeton.praelongus",0.00684931506849315,1,0.4,0.00671140939597315,149,146,144,0.00694444444444444
"2009-08-15","newman","silver","62000100","polygonum.amphibium",0.0136986301369863,1,1.3,0.0134228187919463,149,146,144,0.0138888888888889
"2009-08-15","newman","silver","62000100","fontinalis.antipyretica",0.0205479452054795,1,2,0.0201342281879195,149,146,144,0.0208333333333333
"2009-08-16","newman","weaver","27011700","ceratophyllum.demersum",0.467889908256881,2.09433962264151,4.7,0.420634920634921,126,109,119,0.445378151260504
"2009-08-16","newman","weaver","27011700","potamogeton.crispus",0.036697247706422,1,1.8,0.0317460317460317,126,109,119,0.0336134453781513
"2009-08-16","newman","weaver","27011700","najas.flexilis",0.174311926605505,1.42105263157895,1.3,0.150793650793651,126,109,119,0.159663865546218
"2009-08-16","newman","weaver","27011700","vallisneria.americana",0.293577981651376,1.09375,2,0.253968253968254,126,109,119,0.26890756302521
"2009-08-16","newman","weaver","27011700","elodea.canadensis",0.174311926605505,1.42105263157895,1.9,0.150793650793651,126,109,119,0.159663865546218
"2009-08-16","newman","weaver","27011700","nymphaea.odorata",0.100917431192661,1,1.4,0.0873015873015873,126,109,119,0.092436974789916
"2009-08-16","newman","weaver","27011700","chara.spp",0.275229357798165,1.66666666666667,2.2,0.238095238095238,126,109,119,0.252100840336134
"2009-08-16","newman","weaver","27011700","stuckenia.pectinata",0.192660550458716,1.14285714285714,2.1,0.166666666666667,126,109,119,0.176470588235294
"2009-08-16","newman","weaver","27011700","lemna.minor",0.055045871559633,1,1.4,0.0476190476190476,126,109,119,0.0504201680672269
"2009-08-16","newman","weaver","27011700","lemna.trisulca",0.00917431192660551,1,1.2,0.00793650793650794,126,109,119,0.00840336134453781
"2009-08-16","newman","weaver","27011700","potamogeton.pusillus",0.00917431192660551,1,1,0.00793650793650794,126,109,119,0.00840336134453781
"2009-08-16","newman","weaver","27011700","heteranthera.dubia",0.238532110091743,1.07692307692308,2.1,0.206349206349206,126,109,119,0.218487394957983
"2009-08-16","newman","weaver","27011700","zannichellia.palustris",0.100917431192661,1,2.3,0.0873015873015873,126,109,119,0.092436974789916
"2009-08-16","newman","weaver","27011700","nuphar.variegata",0.0275229357798165,1,1.4,0.0238095238095238,126,109,119,0.0252100840336134
"2009-08-16","newman","weaver","27011700","sagittaria.graminea",0.00917431192660551,1,0.6,0.00793650793650794,126,109,119,0.00840336134453781
"2009-08-17","dustin","belle","47004900","algae.filamentous",0.00735294117647059,1,0.6096,0.00735294117647059,272,272,128,0.015625
"2009-08-17","dustin","belle","47004900","ceratophyllum.demersum",0.00367647058823529,1,0.3048,0.00367647058823529,272,272,128,0.0078125
"2009-08-17","dustin","belle","47004900","elodea.canadensis",0.0404411764705882,1,1.8288,0.0404411764705882,272,272,128,0.0703125
"2009-08-17","dustin","belle","47004900","chara.spp",0.0294117647058824,1,1.3716,0.0294117647058824,272,272,128,0.0625
"2009-08-17","dustin","belle","47004900","stuckenia.pectinata",0.00367647058823529,1,0.3048,0.00367647058823529,272,272,128,0.0078125
"2009-08-17","dustin","belle","47004900","najas.spp",0.00735294117647059,1,0.762,0.00735294117647059,272,272,128,0.015625
"2009-08-17","dustin","belle","47004900","lemna.minor",0.0110294117647059,1,0.67056,0.0110294117647059,272,272,128,0.0234375
"2009-08-17","dustin","belle","47004900","potamogeton.pusillus",0.0183823529411765,1,1.8288,0.0183823529411765,272,272,128,0.015625
"2009-08-17","dustin","belle","47004900","heteranthera.dubia",0.00735294117647059,1,1.2192,0.00735294117647059,272,272,128,0.015625
"2009-08-17","dustin","belle","47004900","eleocharis.spp",0.00367647058823529,1,0.06096,0.00367647058823529,272,272,128,0.0078125
"2009-08-17","dustin","belle","47004900","typha.spp",0.00367647058823529,1,0.1524,0.00367647058823529,272,272,128,0.0078125
"2009-08-17","dustin","belle","47004900","potamogeton.illinoensis",0.00735294117647059,1,2.4384,0.00735294117647059,272,272,128,0.0078125
"2009-08-17","dustin","belle","47004900","schoenoplectus.acutus",0.0110294117647059,1,0.1524,0.0110294117647059,272,272,128,0.0234375
"2009-08-17","dustin","belle","47004900","potamogeton.narrow",0.0110294117647059,1,0.9144,0.0110294117647059,272,272,128,0.0234375
"2009-08-17","dustin","belle","47004900","sagittaria.spp",0.00367647058823529,1,0.1524,0.00367647058823529,272,272,128,0.0078125
"2009-08-17","dustin","belle","47004900","schoenoplectus.fluvatilis",0.00367647058823529,1,0.1524,0.00367647058823529,272,272,128,0.0078125
"2009-08-17","newman","coal","77004600","ceratophyllum.demersum",0.461538461538462,1.38095238095238,4.3,0.358974358974359,117,91,112,0.375
"2009-08-17","newman","coal","77004600","potamogeton.crispus",0.043956043956044,1,3.2,0.0341880341880342,117,91,112,0.0357142857142857
"2009-08-17","newman","coal","77004600","potamogeton.foliosus",0.043956043956044,1.25,3.5,0.0341880341880342,117,91,112,0.0357142857142857
"2009-08-17","newman","coal","77004600","najas.flexilis",0.0769230769230769,1.57142857142857,1.7,0.0598290598290598,117,91,112,0.0625
"2009-08-17","newman","coal","77004600","vallisneria.americana",0.010989010989011,1,1,0.00854700854700855,117,91,112,0.00892857142857143
"2009-08-17","newman","coal","77004600","brasenia.schreberi",0.120879120879121,1.18181818181818,4.4,0.094017094017094,117,91,112,0.0982142857142857
"2009-08-17","newman","coal","77004600","potamogeton.richardsonii",0.054945054945055,1,1,0.0427350427350427,117,91,112,0.0446428571428571
"2009-08-17","newman","coal","77004600","elodea.canadensis",0.32967032967033,1.93333333333333,4,0.256410256410256,117,91,112,0.267857142857143
"2009-08-17","newman","coal","77004600","nymphaea.odorata",0.197802197802198,1.05555555555556,1.7,0.153846153846154,117,91,112,0.160714285714286
"2009-08-17","newman","coal","77004600","stuckenia.pectinata",0.010989010989011,1,1.6,0.00854700854700855,117,91,112,0.00892857142857143
"2009-08-17","newman","coal","77004600","lemna.minor",0.010989010989011,1,0.8,0.00854700854700855,117,91,112,0.00892857142857143
"2009-08-17","newman","coal","77004600","ranunculus.aquatilis",0.010989010989011,1,1.2,0.00854700854700855,117,91,112,0.00892857142857143
"2009-08-17","newman","coal","77004600","myriophyllum.sibiricum",0.186813186813187,1.35294117647059,3.7,0.145299145299145,117,91,112,0.151785714285714
"2009-08-17","newman","coal","77004600","potamogeton.pusillus",0.032967032967033,1,2,0.0256410256410256,117,91,112,0.0267857142857143
"2009-08-17","newman","coal","77004600","heteranthera.dubia",0.021978021978022,1,0.8,0.0170940170940171,117,91,112,0.0178571428571429
"2009-08-17","newman","coal","77004600","wolffia.columbiana",0.010989010989011,1,0.8,0.00854700854700855,117,91,112,0.00892857142857143
"2009-08-17","newman","coal","77004600","typha.spp",0.054945054945055,1,1,0.0427350427350427,117,91,112,0.0446428571428571
"2009-08-17","newman","coal","77004600","nuphar.variegata",0.186813186813187,1,1.7,0.145299145299145,117,91,112,0.151785714285714
"2009-08-17","newman","coal","77004600","sagittaria.graminea",0.021978021978022,1,1.6,0.0170940170940171,117,91,112,0.0178571428571429
"2009-08-17","newman","coal","77004600","potamogeton.amplifolius",0.362637362637363,1.81818181818182,3.4,0.282051282051282,117,91,112,0.294642857142857
"2009-08-17","newman","coal","77004600","potamogeton.illinoensis",0.164835164835165,1.33333333333333,2.5,0.128205128205128,117,91,112,0.133928571428571
"2009-08-17","newman","coal","77004600","potamogeton.praelongus",0.142857142857143,1.38461538461538,3.4,0.111111111111111,117,91,112,0.116071428571429
"2009-08-17","newman","coal","77004600","potamogeton.zosterifomis",0.351648351648352,1.34375,4.2,0.273504273504274,117,91,112,0.285714285714286
"2009-08-17","newman","coal","77004600","utricularia.vulgaris",0.043956043956044,1,0.8,0.0341880341880342,117,91,112,0.0357142857142857
"2009-08-17","newman","coal","77004600","bidens.beckii",0.164835164835165,1,2,0.128205128205128,117,91,112,0.133928571428571
"2009-08-17","newman","coal","77004600","zizania.spp",0.032967032967033,1,1,0.0256410256410256,117,91,112,0.0267857142857143
"2009-08-17","newman","coal","77004600","schoenoplectus.acutus",0.0769230769230769,1,2.8,0.0598290598290598,117,91,112,0.0625
"2009-08-17","newman","coal","77004600","potamogeton.robbinsii",0.593406593406593,1.35185185185185,3.8,0.461538461538462,117,91,112,0.482142857142857
"2009-08-17","newman","coal","77004600","fontinalis.antipyretica",0.010989010989011,1,4.2,0.00854700854700855,117,91,112,0.00892857142857143
"2009-08-17","newman","coal","77004600","potamogeton.natans",0.010989010989011,1,0.8,0.00854700854700855,117,91,112,0.00892857142857143
"2009-08-17","newman","coal","77004600","equisetum.fluviatile",0.010989010989011,1,2.5,0.00854700854700855,117,91,112,0.00892857142857143
"2009-08-17","newman","coal","77004600","potamogeton.friesii",0.010989010989011,1,0.8,0.00854700854700855,117,91,112,0.00892857142857143
"2009-08-17","newman","coal","77004600","potamogeton.gramineus",0.043956043956044,1,1.2,0.0341880341880342,117,91,112,0.0357142857142857
"2009-08-18","newman","lowermission","18024300","ceratophyllum.demersum",0.402985074626866,1.75903614457831,4.8,0.325490196078431,255,201,133,0.413533834586466
"2009-08-18","newman","lowermission","18024300","potamogeton.crispus",0.0398009950248756,1,3.7,0.0313725490196078,255,201,133,0.0225563909774436
"2009-08-18","newman","lowermission","18024300","potamogeton.foliosus",0.00497512437810945,1,0.9,0.00392156862745098,255,201,133,0.0075187969924812
"2009-08-18","newman","lowermission","18024300","najas.flexilis",0.0945273631840796,1.05263157894737,3.3,0.0745098039215686,255,201,133,0.135338345864662
"2009-08-18","newman","lowermission","18024300","vallisneria.americana",0.00995024875621891,1,0.8,0.00784313725490196,255,201,133,0.0150375939849624
"2009-08-18","newman","lowermission","18024300","potamogeton.richardsonii",0.0348258706467662,1.28571428571429,1.2,0.0274509803921569,255,201,133,0.0526315789473684
"2009-08-18","newman","lowermission","18024300","elodea.canadensis",0.248756218905473,2.44,3.1,0.196078431372549,255,201,133,0.293233082706767
"2009-08-18","newman","lowermission","18024300","nymphaea.odorata",0.144278606965174,1.03448275862069,1.5,0.113725490196078,255,201,133,0.218045112781955
"2009-08-18","newman","lowermission","18024300","chara.spp",0.383084577114428,2.35064935064935,4.5,0.301960784313725,255,201,133,0.451127819548872
"2009-08-18","newman","lowermission","18024300","stuckenia.pectinata",0.0447761194029851,1.11111111111111,1.6,0.0352941176470588,255,201,133,0.0676691729323308
"2009-08-18","newman","lowermission","18024300","lemna.minor",0.0149253731343284,1,0.9,0.0117647058823529,255,201,133,0.0225563909774436
"2009-08-18","newman","lowermission","18024300","lemna.trisulca",0.27363184079602,1.01818181818182,4.5,0.215686274509804,255,201,133,0.278195488721804
"2009-08-18","newman","lowermission","18024300","ranunculus.aquatilis",0.0398009950248756,1,3.9,0.0313725490196078,255,201,133,0.0451127819548872
"2009-08-18","newman","lowermission","18024300","myriophyllum.sibiricum",0.0945273631840796,1.63157894736842,3.8,0.0745098039215686,255,201,133,0.112781954887218
"2009-08-18","newman","lowermission","18024300","potamogeton.pusillus",0.00497512437810945,1,0.6,0.00392156862745098,255,201,133,0.0075187969924812
"2009-08-18","newman","lowermission","18024300","heteranthera.dubia",0.119402985074627,1.28,4.9,0.0980392156862745,255,201,133,0.157894736842105
"2009-08-18","newman","lowermission","18024300","wolffia.columbiana",0.00497512437810945,1,0.3,0.00392156862745098,255,201,133,0.0075187969924812
"2009-08-18","newman","lowermission","18024300","typha.spp",0.0149253731343284,2.33333333333333,1.2,0.0117647058823529,255,201,133,0.0225563909774436
"2009-08-18","newman","lowermission","18024300","zannichellia.palustris",0.00995024875621891,1,1.1,0.00784313725490196,255,201,133,0.0150375939849624
"2009-08-18","newman","lowermission","18024300","eleocharis.acicularis",0.0845771144278607,1.94117647058824,3,0.0666666666666667,255,201,133,0.112781954887218
"2009-08-18","newman","lowermission","18024300","nuphar.variegata",0.203980099502488,1,3.7,0.16078431372549,255,201,133,0.285714285714286
"2009-08-18","newman","lowermission","18024300","potamogeton.amplifolius",0.00497512437810945,1,1.7,0.00392156862745098,255,201,133,0.0075187969924812
"2009-08-18","newman","lowermission","18024300","potamogeton.illinoensis",0.0298507462686567,1,1.2,0.0235294117647059,255,201,133,0.0451127819548872
"2009-08-18","newman","lowermission","18024300","potamogeton.nodosus",0.00497512437810945,1,0.4,0.00392156862745098,255,201,133,0.0075187969924812
"2009-08-18","newman","lowermission","18024300","potamogeton.praelongus",0.0746268656716418,1.2,1.7,0.0588235294117647,255,201,133,0.112781954887218
"2009-08-18","newman","lowermission","18024300","potamogeton.zosterifomis",0.00497512437810945,1,0.6,0.00392156862745098,255,201,133,0.0075187969924812
"2009-08-18","newman","lowermission","18024300","utricularia.vulgaris",0.109452736318408,1.18181818181818,1.5,0.0862745098039216,255,201,133,0.165413533834586
"2009-08-18","newman","lowermission","18024300","najas.guadalupensis",0.00497512437810945,1,0.7,0.00392156862745098,255,201,133,0.0075187969924812
"2009-08-18","newman","lowermission","18024300","zizania.spp",0.144278606965174,1.55172413793103,1.5,0.113725490196078,255,201,133,0.218045112781955
"2009-08-18","newman","lowermission","18024300","schoenoplectus.acutus",0.228855721393035,1,2.1,0.180392156862745,255,201,133,0.345864661654135
"2009-08-18","newman","lowermission","18024300","fontinalis.antipyretica",0.0149253731343284,1.66666666666667,2.8,0.0117647058823529,255,201,133,0.0150375939849624
"2009-08-18","newman","lowermission","18024300","equisetum.fluviatile",0.00995024875621891,1,0.3,0.00784313725490196,255,201,133,0.0150375939849624
"2009-08-18","newman","lowermission","18024300","phragmites.australis",0.0199004975124378,1,1.6,0.0156862745098039,255,201,133,0.0300751879699248
"2009-08-18","newman","lowermission","18024300","potamogeton.gramineus",0.0199004975124378,1,1.6,0.0156862745098039,255,201,133,0.0300751879699248
"2009-08-18","newman","lowermission","18024300","unk.emergent",0.00497512437810945,1,0.4,0.00392156862745098,255,201,133,0.0075187969924812
"2009-08-18","newman","lowermission","18024300","unk.flon",0.00497512437810945,1,0.8,0.00392156862745098,255,201,133,0.0075187969924812
"2009-08-19","newman","crookneck","49013300","ceratophyllum.demersum",0.566666666666667,2.58878504672897,5.8,0.545918367346939,196,150,160,0.58125
"2009-08-19","newman","crookneck","49013300","potamogeton.crispus",0.0466666666666667,1,4.4,0.0357142857142857,196,150,160,0.04375
"2009-08-19","newman","crookneck","49013300","potamogeton.foliosus",0.00666666666666667,1,0.5,0.00510204081632653,196,150,160,0.00625
"2009-08-19","newman","crookneck","49013300","najas.flexilis",0.0133333333333333,1,0.6,0.0102040816326531,196,150,160,0.0125
"2009-08-19","newman","crookneck","49013300","vallisneria.americana",0.253333333333333,1.13157894736842,2.8,0.193877551020408,196,150,160,0.2375
"2009-08-19","newman","crookneck","49013300","potamogeton.richardsonii",0.0133333333333333,1,0.6,0.0102040816326531,196,150,160,0.0125
"2009-08-19","newman","crookneck","49013300","elodea.canadensis",0.02,1,2.2,0.0153061224489796,196,150,160,0.01875
"2009-08-19","newman","crookneck","49013300","nymphaea.odorata",0.0733333333333333,1,1.8,0.0561224489795918,196,150,160,0.06875
"2009-08-19","newman","crookneck","49013300","chara.spp",0.0266666666666667,1.5,2.8,0.0204081632653061,196,150,160,0.025
"2009-08-19","newman","crookneck","49013300","stuckenia.pectinata",0.0133333333333333,1,0.8,0.0102040816326531,196,150,160,0.0125
"2009-08-19","newman","crookneck","49013300","lemna.trisulca",0.233333333333333,1.37142857142857,2.3,0.178571428571429,196,150,160,0.21875
"2009-08-19","newman","crookneck","49013300","myriophyllum.sibiricum",0.106666666666667,1,2.2,0.0816326530612245,196,150,160,0.1
"2009-08-19","newman","crookneck","49013300","heteranthera.dubia",0.04,1.5,1.3,0.0306122448979592,196,150,160,0.0375
"2009-08-19","newman","crookneck","49013300","nuphar.variegata",0.0533333333333333,1,1.2,0.0408163265306122,196,150,160,0.05
"2009-08-19","newman","crookneck","49013300","sagittaria.graminea",0.0266666666666667,1,1.3,0.0204081632653061,196,150,160,0.025
"2009-08-19","newman","crookneck","49013300","potamogeton.amplifolius",0.04,1,2.2,0.0306122448979592,196,150,160,0.0375
"2009-08-19","newman","crookneck","49013300","potamogeton.illinoensis",0.286666666666667,1.16279069767442,2,0.219387755102041,196,150,160,0.26875
"2009-08-19","newman","crookneck","49013300","potamogeton.praelongus",0.0133333333333333,1,2.7,0.0102040816326531,196,150,160,0.0125
"2009-08-19","newman","crookneck","49013300","potamogeton.zosterifomis",0.0133333333333333,1,0.9,0.0102040816326531,196,150,160,0.0125
"2009-08-19","newman","crookneck","49013300","najas.guadalupensis",0.786666666666667,2.85826771653543,5.8,0.647959183673469,196,150,160,0.74375
"2009-08-19","newman","crookneck","49013300","potamogeton.gramineus",0.0133333333333333,1,2.8,0.0102040816326531,196,150,160,0.0125
"2009-08-19","newman","crookneck","49013300","unk.emergent",0.0133333333333333,1,0.9,0.0102040816326531,196,150,160,0.0125
"2009-08-19","newman","crookneck","49013300","unk.hgra",0.0133333333333333,1,1.3,0.0102040816326531,196,150,160,0.0125
"2009-08-21","dustin","stolaf","81000300","ceratophyllum.demersum",0.104166666666667,1,0.88392,0.0961538461538462,52,48,46,0.108695652173913
"2009-08-21","dustin","stolaf","81000300","potamogeton.crispus",0.104166666666667,1,1.46304,0.0961538461538462,52,48,46,0.108695652173913
"2009-08-21","dustin","stolaf","81000300","najas.flexilis",0.0833333333333333,1,0.70104,0.0769230769230769,52,48,46,0.0869565217391304
"2009-08-21","dustin","stolaf","81000300","vallisneria.americana",0.0416666666666667,1,1.524,0.0384615384615385,52,48,46,0.0434782608695652
"2009-08-21","dustin","stolaf","81000300","stuckenia.pectinata",0.125,1,1.49352,0.115384615384615,52,48,46,0.130434782608696
"2009-08-21","dustin","stolaf","81000300","myriophyllum.sibiricum",0.0208333333333333,1,0.762,0.0192307692307692,52,48,46,0.0217391304347826
"2009-08-21","dustin","stolaf","81000300","nymphaea.spp",0.166666666666667,1,0.9144,0.153846153846154,52,48,46,0.173913043478261
"2009-08-21","dustin","stolaf","81000300","nuphar.spp",0.0416666666666667,1,0.9144,0.0384615384615385,52,48,46,0.0434782608695652
"2009-08-24","dustin","pearl","73003700","algae.filamentous",0.108108108108108,1,2.4384,0.0769230769230769,520,370,245,0.163265306122449
"2009-08-24","dustin","pearl","73003700","ceratophyllum.demersum",0.210810810810811,1,5.1816,0.163461538461538,520,370,245,0.13469387755102
"2009-08-24","dustin","pearl","73003700","potamogeton.crispus",0.0540540540540541,1,4.75488,0.0403846153846154,520,370,245,0.0204081632653061
"2009-08-24","dustin","pearl","73003700","najas.flexilis",0.0918918918918919,1,2.25552,0.0653846153846154,520,370,245,0.138775510204082
"2009-08-24","dustin","pearl","73003700","vallisneria.americana",0.0459459459459459,1,2.7432,0.0326923076923077,520,370,245,0.0693877551020408
"2009-08-24","dustin","pearl","73003700","potamogeton.richardsonii",0.0297297297297297,1,2.1336,0.0211538461538462,520,370,245,0.0448979591836735
"2009-08-24","dustin","pearl","73003700","spirodela.polyrhiza",0.0027027027027027,1,0.3048,0.00192307692307692,520,370,245,0.00408163265306122
"2009-08-24","dustin","pearl","73003700","elodea.canadensis",0.0243243243243243,1,4.78536,0.0192307692307692,520,370,245,0.0204081632653061
"2009-08-24","dustin","pearl","73003700","chara.spp",0.62972972972973,1,4.2672,0.448076923076923,520,370,245,0.897959183673469
"2009-08-24","dustin","pearl","73003700","stuckenia.pectinata",0.0540540540540541,1,2.83464,0.0384615384615385,520,370,245,0.0775510204081633
"2009-08-24","dustin","pearl","73003700","lemna.minor",0.00540540540540541,1,0.70104,0.00384615384615385,520,370,245,0.00816326530612245
"2009-08-24","dustin","pearl","73003700","lemna.trisulca",0.0027027027027027,1,0.73152,0.00192307692307692,520,370,245,0.00408163265306122
"2009-08-24","dustin","pearl","73003700","myriophyllum.sibiricum",0.224324324324324,1,4.2672,0.159615384615385,520,370,245,0.26530612244898
"2009-08-24","dustin","pearl","73003700","heteranthera.dubia",0.00810810810810811,1,1.03632,0.00576923076923077,520,370,245,0.0122448979591837
"2009-08-24","dustin","pearl","73003700","nymphaea.spp",0.0027027027027027,1,0.3048,0.00192307692307692,520,370,245,0.00408163265306122
"2009-08-24","dustin","pearl","73003700","typha.spp",0.00540540540540541,1,0.3048,0.00384615384615385,520,370,245,0.00816326530612245
"2009-08-24","dustin","pearl","73003700","nitella.spp",0.072972972972973,1,4.78536,0.0557692307692308,520,370,245,0.0285714285714286
"2009-08-24","dustin","pearl","73003700","potamogeton.illinoensis",0.0567567567567568,1,3.5052,0.0403846153846154,520,370,245,0.073469387755102
"2009-08-24","dustin","pearl","73003700","potamogeton.praelongus",0.0216216216216216,1,3.38328,0.0153846153846154,520,370,245,0.0204081632653061
"2009-08-24","dustin","pearl","73003700","potamogeton.zosterifomis",0.0189189189189189,1,3.9624,0.0134615384615385,520,370,245,0.00816326530612245
"2009-08-24","dustin","pearl","73003700","schoenoplectus.acutus",0.0324324324324324,1,1.524,0.0230769230769231,520,370,245,0.0489795918367347
"2009-08-24","dustin","pearl","73003700","potamogeton.natans",0.00540540540540541,1,0.3048,0.00384615384615385,520,370,245,0.00816326530612245
"2009-08-24","dustin","pearl","73003700","potamogeton.narrow",0.0432432432432432,1,4.38912,0.0307692307692308,520,370,245,0.0326530612244898
"2009-08-24","dustin","pearl","73003700","potamogeton.friesii",0.0108108108108108,1,2.5908,0.00769230769230769,520,370,245,0.0163265306122449
"2009-08-24","dustin","pearl","73003700","polygonum.spp",0.0027027027027027,1,0.1524,0.00192307692307692,520,370,245,0.00408163265306122
"2009-08-24","dustin","pearl","73003700","sagittaria.spp",0.00540540540540541,1,0.1524,0.00384615384615385,520,370,245,0.00816326530612245
"2009-08-25","mccomas","gleason","27009500","ceratophyllum.demersum",0.433070866141732,2.10909090909091,2.1336,0.4296875,128,127,111,0.495495495495495
"2009-08-25","mccomas","gleason","27009500","potamogeton.crispus",0.031496062992126,1.5,1.524,0.03125,128,127,111,0.036036036036036
"2009-08-25","mccomas","gleason","27009500","nymphaea.odorata",0.37007874015748,3.4468085106383,2.1336,0.3671875,128,127,111,0.423423423423423
"2009-08-25","mccomas","gleason","27009500","lemna.trisulca",0.0078740157480315,1,0.9144,0.0078125,128,127,111,0.00900900900900901
"2009-08-25","mccomas","gleason","27009500","elodea.spp",0.0236220472440945,1.66666666666667,1.524,0.0234375,128,127,111,0.027027027027027
"2009-08-25","mccomas","gleason","27009500","lemnaceae",0.102362204724409,1.30769230769231,1.6764,0.1015625,128,127,111,0.117117117117117
"2009-08-25","newman","blueberry","80003400","ceratophyllum.demersum",0.161209068010076,1.4375,2.5,0.161209068010076,397,397,180,0.322222222222222
"2009-08-25","newman","blueberry","80003400","potamogeton.crispus",0.128463476070529,1.03921568627451,2.9,0.128463476070529,397,397,180,0.0722222222222222
"2009-08-25","newman","blueberry","80003400","potamogeton.foliosus",0.00503778337531486,1,0.7,0.00503778337531486,397,397,180,0.0111111111111111
"2009-08-25","newman","blueberry","80003400","najas.flexilis",0.156171284634761,1.69354838709677,0.8,0.156171284634761,397,397,180,0.344444444444444
"2009-08-25","newman","blueberry","80003400","potamogeton.richardsonii",0.0151133501259446,1,0.7,0.0151133501259446,397,397,180,0.0333333333333333
"2009-08-25","newman","blueberry","80003400","elodea.canadensis",0.380352644836272,2,1.9,0.380352644836272,397,397,180,0.705555555555556
"2009-08-25","newman","blueberry","80003400","nymphaea.odorata",0.0604534005037783,1,1.1,0.0604534005037783,397,397,180,0.133333333333333
"2009-08-25","newman","blueberry","80003400","chara.spp",0.138539042821159,1.43636363636364,1.4,0.138539042821159,397,397,180,0.3
"2009-08-25","newman","blueberry","80003400","stuckenia.pectinata",0.0629722921914358,1,1.9,0.0629722921914358,397,397,180,0.122222222222222
"2009-08-25","newman","blueberry","80003400","lemna.minor",0.00251889168765743,1,0.5,0.00251889168765743,397,397,180,0.00555555555555556
"2009-08-25","newman","blueberry","80003400","lemna.trisulca",0.00251889168765743,1,0.4,0.00251889168765743,397,397,180,0.00555555555555556
"2009-08-25","newman","blueberry","80003400","ranunculus.aquatilis",0.0403022670025189,1.0625,0.7,0.0403022670025189,397,397,180,0.0888888888888889
"2009-08-25","newman","blueberry","80003400","myriophyllum.sibiricum",0.035264483627204,1,0.7,0.035264483627204,397,397,180,0.0777777777777778
"2009-08-25","newman","blueberry","80003400","heteranthera.dubia",0.017632241813602,1.85714285714286,1,0.017632241813602,397,397,180,0.0388888888888889
"2009-08-25","newman","blueberry","80003400","typha.spp",0.0806045340050378,1,1,0.0806045340050378,397,397,180,0.177777777777778
"2009-08-25","newman","blueberry","80003400","nitella.spp",0.00251889168765743,1,0.5,0.00251889168765743,397,397,180,0.00555555555555556
"2009-08-25","newman","blueberry","80003400","nuphar.variegata",0.118387909319899,1,0.9,0.118387909319899,397,397,180,0.261111111111111
"2009-08-25","newman","blueberry","80003400","sagittaria.graminea",0.00251889168765743,1,0.5,0.00251889168765743,397,397,180,0.00555555555555556
"2009-08-25","newman","blueberry","80003400","potamogeton.zosterifomis",0.0100755667506297,1,0.7,0.0100755667506297,397,397,180,0.0222222222222222
"2009-08-25","newman","blueberry","80003400","utricularia.vulgaris",0.0302267002518892,1,0.7,0.0302267002518892,397,397,180,0.0666666666666667
"2009-08-25","newman","blueberry","80003400","zizania.spp",0.0125944584382872,1,0.6,0.0125944584382872,397,397,180,0.0277777777777778
"2009-08-25","newman","blueberry","80003400","schoenoplectus.acutus",0.0579345088161209,1,1,0.0579345088161209,397,397,180,0.127777777777778
"2009-08-25","newman","blueberry","80003400","hippuris.vulgaris",0.0579345088161209,1.47826086956522,1.7,0.0579345088161209,397,397,180,0.122222222222222
"2009-09-01","mccomas","clearw","82016300","ceratophyllum.demersum",0.133928571428571,2.13333333333333,2.7432,0.120967741935484,124,112,115,0.130434782608696
"2009-09-01","mccomas","clearw","82016300","potamogeton.crispus",0.0535714285714286,1,1.524,0.0483870967741935,124,112,115,0.0521739130434783
"2009-09-01","mccomas","clearw","82016300","myriophyllum.spicatum",0.294642857142857,2,2.7432,0.266129032258065,124,112,115,0.28695652173913
"2009-09-01","mccomas","clearw","82016300","nymphaea.odorata",0.0535714285714286,1.33333333333333,1.3716,0.0483870967741935,124,112,115,0.0521739130434783
"2009-09-01","mccomas","clearw","82016300","stuckenia.pectinata",0.0357142857142857,1,1.524,0.032258064516129,124,112,115,0.0347826086956522
"2009-09-01","mccomas","clearw","82016300","najas.spp",0.276785714285714,2.09677419354839,2.7432,0.25,124,112,115,0.269565217391304
"2009-09-01","mccomas","clearw","82016300","potamogeton.zosteriformis",0.00892857142857143,1,1.2192,0.00806451612903226,124,112,115,0.00869565217391304
"2009-09-01","mccomas","clearw","82016300","nuphar.variegata",0.0892857142857143,2.2,1.524,0.0806451612903226,124,112,115,0.0869565217391304
"2009-09-01","mccomas","clearw","82016300","potamogeton.natans",0.0178571428571429,1,0.762,0.0161290322580645,124,112,115,0.0173913043478261
"2009-09-01","mccomas","clearw","82016300","scirpus.spp",0.00892857142857143,1,0.6096,0.00806451612903226,124,112,115,0.00869565217391304
"2009-09-01","mccomas","clearw","82016300","lemnaceae",0.00892857142857143,1,0.6096,0.00806451612903226,124,112,115,0.00869565217391304
"2009-09-10","mccomas","reshanau","02000900","ceratophyllum.demersum",0.166666666666667,1,0.6096,0.166666666666667,6,6,4,0.25
"2009-09-10","mccomas","reshanau","02000900","nymphaea.odorata",0.666666666666667,1.5,1.2192,0.666666666666667,6,6,4,0.5
"2009-09-10","mccomas","reshanau","02000900","chara.spp",0.166666666666667,1,0.6096,0.166666666666667,6,6,4,0.25
"2009-09-10","mccomas","reshanau","02000900","stuckenia.pectinata",0.333333333333333,1,0.6096,0.333333333333333,6,6,4,0.5
"2009-09-16","brasch","sarahe","27019102","algae.filamentous",0.305084745762712,1.44444444444444,1.2,0.290322580645161,62,59,42,0.428571428571429
"2009-09-16","brasch","sarahe","27019102","ceratophyllum.demersum",0.23728813559322,1.35714285714286,1.2,0.225806451612903,62,59,42,0.333333333333333
"2009-09-16","brasch","sarahe","27019102","potamogeton.crispus",0.135593220338983,1,3,0.129032258064516,62,59,42,0.166666666666667
"2009-09-16","brasch","sarahe","27019102","myriophyllum.spicatum",0.135593220338983,1.75,2,0.129032258064516,62,59,42,0.166666666666667
"2009-09-16","brasch","sarahe","27019102","vallisneria.americana",0.0169491525423729,1,0.7,0.0161290322580645,62,59,42,0.0238095238095238
"2009-09-16","brasch","sarahe","27019102","elodea.canadensis",0.0338983050847458,1,1.2,0.032258064516129,62,59,42,0.0476190476190476
"2009-09-16","brasch","sarahe","27019102","nymphaea.odorata",0.0169491525423729,2,1.1,0.0161290322580645,62,59,42,0.0238095238095238
"2009-09-16","brasch","sarahe","27019102","stuckenia.pectinata",0.0338983050847458,1,0.7,0.032258064516129,62,59,42,0.0476190476190476
"2009-09-16","brasch","sarahe","27019102","lemna.trisulca",0.254237288135593,1.06666666666667,2,0.241935483870968,62,59,42,0.333333333333333
"2009-09-16","brasch","sarahe","27019102","myriophyllum.sibiricum",0.0169491525423729,1,1,0.0161290322580645,62,59,42,0.0238095238095238
"2009-09-16","brasch","sarahw","27019101","algae.filamentous",0.1,1,1.8,0.0975609756097561,41,40,24,0.125
"2009-09-16","brasch","sarahw","27019101","ceratophyllum.demersum",0.075,1.33333333333333,0.7,0.0731707317073171,41,40,24,0.125
"2009-09-16","brasch","sarahw","27019101","potamogeton.crispus",0.125,1,1.6,0.121951219512195,41,40,24,0.208333333333333
"2009-09-16","brasch","sarahw","27019101","myriophyllum.spicatum",0.25,1.2,0.8,0.24390243902439,41,40,24,0.416666666666667
"2009-09-16","brasch","sarahw","27019101","vallisneria.americana",0.05,1,0.4,0.0487804878048781,41,40,24,0.0833333333333333
"2009-09-16","brasch","sarahw","27019101","elodea.canadensis",0.025,3,0.5,0.024390243902439,41,40,24,0.0416666666666667
"2009-09-16","brasch","sarahw","27019101","lemna.trisulca",0.025,1,0.5,0.024390243902439,41,40,24,0.0416666666666667
"2010-03-31","sblood","kohlman","62000600","ceratophyllum.demersum",0.154411764705882,1.04761904761905,1.43256,0.154411764705882,136,136,136,0.154411764705882
"2010-03-31","sblood","kohlman","62000600","potamogeton.crispus",0.0955882352941177,1,1.9812,0.0955882352941177,136,136,136,0.0955882352941177
"2010-03-31","sblood","kohlman","62000600","elodea.canadensis",0.0294117647058824,1,1.12776,0.0294117647058824,136,136,136,0.0294117647058824
"2010-03-31","sblood","kohlman","62000600","nymphaea.odorata",0.00735294117647059,1,0.4572,0.00735294117647059,136,136,136,0.00735294117647059
"2010-03-31","sblood","kohlman","62000600","lemna.minor",0.0955882352941177,1,1.12776,0.0955882352941177,136,136,136,0.0955882352941177
"2010-03-31","sblood","kohlman","62000600","lemna.trisulca",0.0220588235294118,1,0.79248,0.0220588235294118,136,136,136,0.0220588235294118
"2010-03-31","sblood","kohlman","62000600","potamogeton.epihydrus",0.00735294117647059,1,0.64008,0.00735294117647059,136,136,136,0.00735294117647059
"2010-03-31","sblood","kohlman","62000600","potamogeton.obtusifolius",0.00735294117647059,1,0.67056,0.00735294117647059,136,136,136,0.00735294117647059
"2010-04-16","mccomas","gleason","27009500","algae.filamentous",0.072,1.66666666666667,2.7432,0.0708661417322835,127,125,105,0.0857142857142857
"2010-04-16","mccomas","gleason","27009500","ceratophyllum.demersum",0.36,2.08888888888889,2.7432,0.354330708661417,127,125,105,0.428571428571429
"2010-04-16","mccomas","gleason","27009500","potamogeton.crispus",0.416,1.53846153846154,3.048,0.409448818897638,127,125,105,0.476190476190476
"2010-04-16","mccomas","gleason","27009500","nymphaea.odorata",0.016,1,1.524,0.015748031496063,127,125,105,0.019047619047619
"2010-04-16","mccomas","gleason","27009500","stuckenia.pectinata",0.016,1,1.2192,0.015748031496063,127,125,105,0.019047619047619
"2010-04-16","mccomas","gleason","27009500","lemna.trisulca",0.008,1,2.1336,0.0078740157480315,127,125,105,0.00952380952380952
"2010-04-16","mccomas","gleason","27009500","elodea.spp",0.112,1.5,2.7432,0.110236220472441,127,125,105,0.133333333333333
"2010-04-16","mccomas","gleason","27009500","typha.spp",0.032,5,0.3048,0.031496062992126,127,125,105,0.0380952380952381
"2010-04-29","mccomas","reshanau","02000900","potamogeton.crispus",0.461538461538462,1.15,2.7432,0.461538461538462,130,130,7,0.142857142857143
"2010-04-29","mccomas","reshanau","02000900","nymphaea.odorata",0.0230769230769231,1,1.524,0.0230769230769231,130,130,7,0.142857142857143
"2010-04-29","mccomas","reshanau","02000900","typha.spp",0.0230769230769231,1,0.9144,0.0230769230769231,130,130,7,0.428571428571429
"2010-05-03","dustin","peltier","2000400","algae.filamentous",0.153061224489796,1,1.49352,0.153061224489796,294,294,267,0.168539325842697
"2010-05-03","dustin","peltier","2000400","ceratophyllum.demersum",0.435374149659864,1,1.8288,0.435374149659864,294,294,267,0.47940074906367
"2010-05-03","dustin","peltier","2000400","potamogeton.crispus",0.299319727891156,1,3.048,0.299319727891156,294,294,267,0.322097378277154
"2010-05-03","dustin","peltier","2000400","myriophyllum.spicatum",0.0102040816326531,1,1.46304,0.0102040816326531,294,294,267,0.0112359550561798
"2010-05-03","dustin","peltier","2000400","elodea.canadensis",0.0884353741496599,1,1.40208,0.0884353741496599,294,294,267,0.0973782771535581
"2010-05-03","dustin","peltier","2000400","lemna.minor",0.00340136054421769,1,0.42672,0.00340136054421769,294,294,267,0.00374531835205993
"2010-05-03","dustin","peltier","2000400","lemna.trisulca",0.394557823129252,1,1.8288,0.394557823129252,294,294,267,0.434456928838951
"2010-05-03","dustin","peltier","2000400","myriophyllum.sibiricum",0.00680272108843537,1,1.03632,0.00680272108843537,294,294,267,0.00749063670411985
"2010-05-03","dustin","peltier","2000400","potamogeton.zosterifomis",0.142857142857143,1,1.49352,0.142857142857143,294,294,267,0.157303370786517
"2010-05-03","dustin","peltier","2000400","ranunculus.spp",0.0816326530612245,1,1.28016,0.0816326530612245,294,294,267,0.0898876404494382
"2010-05-03","dustin","peltier","2000400","lemna.spp",0.00340136054421769,1,0.9144,0.00340136054421769,294,294,267,0.00374531835205993
"2010-05-17","dustin","southcenter","13002700","algae.filamentous",0.362790697674419,1,4.23672,0.328421052631579,475,430,374,0.387700534759358
"2010-05-17","dustin","southcenter","13002700","ceratophyllum.demersum",0.0976744186046512,1,1.76784,0.0884210526315789,475,430,374,0.112299465240642
"2010-05-17","dustin","southcenter","13002700","potamogeton.crispus",0.748837209302326,1,4.4196,0.677894736842105,475,430,374,0.74331550802139
"2010-05-17","dustin","southcenter","13002700","myriophyllum.spicatum",0.013953488372093,1,1.3716,0.0126315789473684,475,430,374,0.0160427807486631
"2010-05-17","dustin","southcenter","13002700","elodea.canadensis",0.0209302325581395,1,1.28016,0.0189473684210526,475,430,374,0.0240641711229947
"2010-05-17","dustin","southcenter","13002700","chara.spp",0.00697674418604651,1,0.54864,0.00631578947368421,475,430,374,0.00802139037433155
"2010-05-17","dustin","southcenter","13002700","lemna.minor",0.00232558139534884,1,0.42672,0.00210526315789474,475,430,374,0.00267379679144385
"2010-05-17","dustin","southcenter","13002700","myriophyllum.sibiricum",0.158139534883721,1,2.52984,0.143157894736842,475,430,374,0.181818181818182
"2010-05-17","dustin","southcenter","13002700","wolffia.spp",0.00232558139534884,1,0.33528,0.00210526315789474,475,430,374,0.00267379679144385
"2010-05-17","dustin","southcenter","13002700","nymphaea.spp",0.0255813953488372,1,0.9144,0.0231578947368421,475,430,374,0.0294117647058824
"2010-05-17","dustin","southcenter","13002700","nuphar.spp",0.00465116279069767,1,1.0668,0.00421052631578947,475,430,374,0.0053475935828877
"2010-05-17","dustin","southcenter","13002700","potamogeton.praelongus",0.00232558139534884,1,0.9144,0.00210526315789474,475,430,374,0.00267379679144385
"2010-05-17","dustin","southcenter","13002700","potamogeton.robbinsii",0.0162790697674419,1,1.524,0.0147368421052632,475,430,374,0.018716577540107
"2010-05-17","dustin","southcenter","13002700","potamogeton.narrow",0.00465116279069767,1,1.92024,0.00421052631578947,475,430,374,0.0053475935828877
"2010-05-17","dustin","southcenter","13002700","lemna.spp",0.00232558139534884,1,0.9144,0.00210526315789474,475,430,374,0.00267379679144385
"2010-05-17","dustin","southcenter","13002700","myriophyllum.spp",0.172093023255814,1,3.29184,0.155789473684211,475,430,374,0.195187165775401
"2010-05-17","dustin","southcenter","13002700","drepanocladus.spp",0.00232558139534884,1,0.1524,0.00210526315789474,475,430,374,0.00267379679144385
"2010-05-21","brasch","rebecca","27019200","algae.filamentous",0.270967741935484,1.07142857142857,2.6,0.217616580310881,193,155,125,0.336
"2010-05-21","brasch","rebecca","27019200","ceratophyllum.demersum",0.161290322580645,1.2,2.2,0.129533678756477,193,155,125,0.2
"2010-05-21","brasch","rebecca","27019200","potamogeton.crispus",0.264516129032258,1.39024390243902,2.6,0.212435233160622,193,155,125,0.328
"2010-05-21","brasch","rebecca","27019200","myriophyllum.spicatum",0.0387096774193548,1.5,1.6,0.0310880829015544,193,155,125,0.048
"2010-05-21","brasch","rebecca","27019200","potamogeton.foliosus",0.0129032258064516,1,0.5,0.0103626943005181,193,155,125,0.016
"2010-05-21","brasch","rebecca","27019200","nymphaea.odorata",0.032258064516129,1,1.1,0.0259067357512953,193,155,125,0.04
"2010-05-21","brasch","rebecca","27019200","myriophyllum.sibiricum",0.00645161290322581,1,0.5,0.00518134715025907,193,155,125,0.008
"2010-05-21","brasch","rebecca","27019200","nitella.spp",0.0258064516129032,1,0.7,0.0207253886010363,193,155,125,0.032
"2010-05-21","brasch","rebecca","27019200","nuphar.variegata",0.0193548387096774,1,1.2,0.0155440414507772,193,155,125,0.024
"2010-05-21","dustin","belle","47004900","potamogeton.crispus",0.00367647058823529,1,0.64008,0.00367647058823529,272,272,128,0.0078125
"2010-05-24","dustin","hill","1014200","algae.filamentous",0.0424242424242424,1,4.8768,0.036036036036036,222,165,217,0.0368663594470046
"2010-05-24","dustin","hill","1014200","ceratophyllum.demersum",0.103030303030303,1,4.8768,0.0855855855855856,222,165,217,0.0875576036866359
"2010-05-24","dustin","hill","1014200","potamogeton.crispus",0.0727272727272727,1,4.7244,0.0585585585585586,222,165,217,0.0599078341013825
"2010-05-24","dustin","hill","1014200","chara.spp",0.0848484848484849,1,1.524,0.0630630630630631,222,165,217,0.0645161290322581
"2010-05-24","dustin","hill","1014200","nymphaea.spp",0.0363636363636364,1,2.286,0.027027027027027,222,165,217,0.0276497695852535
"2010-05-24","dustin","hill","1014200","nuphar.spp",0.139393939393939,1,2.34696,0.103603603603604,222,165,217,0.105990783410138
"2010-05-24","dustin","hill","1014200","typha.spp",0.103030303030303,1,1.61544,0.0765765765765766,222,165,217,0.0783410138248848
"2010-05-24","dustin","hill","1014200","potamogeton.illinoensis",0.0181818181818182,1,2.10312,0.0135135135135135,222,165,217,0.0138248847926267
"2010-05-24","dustin","hill","1014200","potamogeton.zosterifomis",0.0181818181818182,1,5.1816,0.018018018018018,222,165,217,0.0184331797235023
"2010-05-24","dustin","hill","1014200","potamogeton.robbinsii",0.00606060606060606,1,0.6096,0.0045045045045045,222,165,217,0.00460829493087558
"2010-05-24","dustin","hill","1014200","potamogeton.gramineus",0.0363636363636364,1,0.9144,0.027027027027027,222,165,217,0.0276497695852535
"2010-05-24","dustin","hill","1014200","scirpus.spp",0.163636363636364,1,1.8288,0.121621621621622,222,165,217,0.124423963133641
"2010-05-24","dustin","hill","1014200","equisetum.spp",0.0303030303030303,1,1.9812,0.0225225225225225,222,165,217,0.0230414746543779
"2010-05-25","dustin","portage","29025000","algae.filamentous",0.101351351351351,1,3.90144,0.101351351351351,296,296,150,0.14
"2010-05-25","dustin","portage","29025000","ceratophyllum.demersum",0.320945945945946,1,4.38912,0.320945945945946,296,296,150,0.406666666666667
"2010-05-25","dustin","portage","29025000","potamogeton.crispus",0.148648648648649,1,4.1148,0.148648648648649,296,296,150,0.146666666666667
"2010-05-25","dustin","portage","29025000","vallisneria.americana",0.00337837837837838,1,1.31064,0.00337837837837838,296,296,150,0.00666666666666667
"2010-05-25","dustin","portage","29025000","elodea.canadensis",0.0608108108108108,1,3.44424,0.0608108108108108,296,296,150,0.1
"2010-05-25","dustin","portage","29025000","chara.spp",0.506756756756757,1,4.38912,0.506756756756757,296,296,150,0.733333333333333
"2010-05-25","dustin","portage","29025000","lemna.trisulca",0.0945945945945946,1,3.9624,0.0945945945945946,296,296,150,0.106666666666667
"2010-05-25","dustin","portage","29025000","ranunculus.aquatilis",0.00675675675675676,1,3.81,0.00675675675675676,296,296,150,0.00666666666666667
"2010-05-25","dustin","portage","29025000","utricularia.spp",0.0945945945945946,1,3.74904,0.0945945945945946,296,296,150,0.166666666666667
"2010-05-25","dustin","portage","29025000","myriophyllum.sibiricum",0.0135135135135135,1,2.86512,0.0135135135135135,296,296,150,0.02
"2010-05-25","dustin","portage","29025000","typha.spp",0.00337837837837838,1,0.67056,0.00337837837837838,296,296,150,0.00666666666666667
"2010-05-25","dustin","portage","29025000","nitella.spp",0.0506756756756757,1,3.71856,0.0506756756756757,296,296,150,0.02
"2010-05-25","dustin","portage","29025000","nuphar.variegata",0.101351351351351,1,3.2004,0.101351351351351,296,296,150,0.193333333333333
"2010-05-25","dustin","portage","29025000","potamogeton.illinoensis",0.0135135135135135,1,1.2192,0.0135135135135135,296,296,150,0.0266666666666667
"2010-05-25","dustin","portage","29025000","potamogeton.praelongus",0.00675675675675676,1,1.6764,0.00675675675675676,296,296,150,0.0133333333333333
"2010-05-25","dustin","portage","29025000","potamogeton.zosterifomis",0.0135135135135135,1,2.286,0.0135135135135135,296,296,150,0.0266666666666667
"2010-05-25","dustin","portage","29025000","potamogeton.natans",0.00337837837837838,1,0.6096,0.00337837837837838,296,296,150,0.00666666666666667
"2010-05-25","dustin","portage","29025000","potamogeton.narrow",0.304054054054054,1,4.2672,0.304054054054054,296,296,150,0.246666666666667
"2010-05-25","dustin","portage","29025000","mosses.aquatic",0.0101351351351351,1,3.23088,0.0101351351351351,296,296,150,0.00666666666666667
"2010-05-25","dustin","portage","29025000","carex.spp",0.00675675675675676,1,0.67056,0.00675675675675676,296,296,150,0.0133333333333333
"2010-05-25","dustin","portage","29025000","zizania.palustris",0.00675675675675676,1,0.85344,0.00675675675675676,296,296,150,0.0133333333333333
"2010-05-25","dustin","portage","29025000","nymphaea.x.sp",0.0101351351351351,1,0.6096,0.0101351351351351,296,296,150,0.02
"2010-05-25","dustin","portage","29025000","caltha.palustris",0.00337837837837838,1,0.3048,0.00337837837837838,296,296,150,0.00666666666666667
"2010-05-25","dustin","portage","29025000","salix.spp",0.00675675675675676,1,0.67056,0.00675675675675676,296,296,150,0.0133333333333333
"2010-05-25","dustin","stolaf","81000300","algae.filamentous",0.423076923076923,1,2.4384,0.415094339622642,53,52,50,0.44
"2010-05-25","dustin","stolaf","81000300","ceratophyllum.demersum",0.0192307692307692,1,1.2192,0.0188679245283019,53,52,50,0.02
"2010-05-25","dustin","stolaf","81000300","potamogeton.crispus",0.0769230769230769,1,2.1336,0.0754716981132075,53,52,50,0.08
"2010-05-25","dustin","stolaf","81000300","chara.spp",0.0576923076923077,1,1.34112,0.0566037735849057,53,52,50,0.06
"2010-05-25","dustin","stolaf","81000300","stuckenia.pectinata",0.0576923076923077,1,1.34112,0.0566037735849057,53,52,50,0.06
"2010-05-25","dustin","stolaf","81000300","nymphaea.spp",0.0192307692307692,1,0.3048,0.0188679245283019,53,52,50,0.02
"2010-05-25","dustin","stolaf","81000300","nuphar.spp",0.0192307692307692,1,0.42672,0.0188679245283019,53,52,50,0.02
"2010-05-25","dustin","stolaf","81000300","potamogeton.zosterifomis",0.0384615384615385,1,0.82296,0.0377358490566038,53,52,50,0.04
"2010-05-26","dustin","stjames","83004300","algae.filamentous",0.25503355704698,1,3.048,0.253333333333333,150,149,124,0.298387096774194
"2010-05-26","dustin","stjames","83004300","ceratophyllum.demersum",0.483221476510067,1,3.93192,0.48,150,149,124,0.548387096774194
"2010-05-26","dustin","stjames","83004300","potamogeton.crispus",0.0268456375838926,1,2.286,0.0266666666666667,150,149,124,0.032258064516129
"2010-05-26","dustin","stjames","83004300","potamogeton.richardsonii",0.0939597315436242,1,1.64592,0.0933333333333333,150,149,124,0.112903225806452
"2010-05-26","dustin","stjames","83004300","spirodela.polyrhiza",0.00671140939597315,1,0.85344,0.00666666666666667,150,149,124,0.00806451612903226
"2010-05-26","dustin","stjames","83004300","chara.spp",0.0604026845637584,1,1.524,0.06,150,149,124,0.0725806451612903
"2010-05-26","dustin","stjames","83004300","stuckenia.pectinata",0.161073825503356,1,1.8288,0.16,150,149,124,0.193548387096774
"2010-05-26","dustin","stjames","83004300","lemna.minor",0.00671140939597315,1,0.85344,0.00666666666666667,150,149,124,0.00806451612903226
"2010-05-26","dustin","stjames","83004300","myriophyllum.sibiricum",0.456375838926175,1,3.56616,0.453333333333333,150,149,124,0.532258064516129
"2010-05-26","dustin","stjames","83004300","nitella.spp",0.00671140939597315,1,0.9144,0.00666666666666667,150,149,124,0.00806451612903226
"2010-05-28","dustin","pearl","73003700","potamogeton.crispus",0.449172576832151,1,5.1816,0.431451612903226,496,423,251,0.131474103585657
"2010-06-01","dustin","cedar","49014000","algae.filamentous",0.116883116883117,1,0.57912,0.103448275862069,87,77,86,0.104651162790698
"2010-06-01","dustin","cedar","49014000","ceratophyllum.demersum",0.038961038961039,1,4.7244,0.0574712643678161,87,77,86,0.0581395348837209
"2010-06-01","dustin","cedar","49014000","vallisneria.americana",0.025974025974026,1,0.6096,0.0229885057471264,87,77,86,0.0232558139534884
"2010-06-01","dustin","cedar","49014000","potamogeton.richardsonii",0.012987012987013,1,0.70104,0.0114942528735632,87,77,86,0.0116279069767442
"2010-06-01","dustin","cedar","49014000","elodea.canadensis",0.012987012987013,1,0.70104,0.0114942528735632,87,77,86,0.0116279069767442
"2010-06-01","dustin","cedar","49014000","chara.spp",0.675324675324675,1,6.096,0.632183908045977,87,77,86,0.63953488372093
"2010-06-01","dustin","cedar","49014000","stuckenia.pectinata",0.012987012987013,1,1.15824,0.0114942528735632,87,77,86,0.0116279069767442
"2010-06-01","dustin","cedar","49014000","lemna.trisulca",0.051948051948052,1,0.54864,0.0459770114942529,87,77,86,0.0465116279069767
"2010-06-01","dustin","cedar","49014000","myriophyllum.sibiricum",0.0649350649350649,1,4.572,0.0574712643678161,87,77,86,0.0581395348837209
"2010-06-01","dustin","cedar","49014000","nymphaea.spp",0.116883116883117,1,0.762,0.103448275862069,87,77,86,0.104651162790698
"2010-06-01","dustin","cedar","49014000","nuphar.spp",0.012987012987013,1,1.24968,0.0114942528735632,87,77,86,0.0116279069767442
"2010-06-01","dustin","cedar","49014000","typha.spp",0.142857142857143,1,1.24968,0.126436781609195,87,77,86,0.127906976744186
"2010-06-01","dustin","cedar","49014000","potamogeton.illinoensis",0.012987012987013,1,4.2672,0.0114942528735632,87,77,86,0.0116279069767442
"2010-06-01","dustin","cedar","49014000","potamogeton.zosterifomis",0.025974025974026,1,3.6576,0.0229885057471264,87,77,86,0.0232558139534884
"2010-06-01","dustin","cedar","49014000","schoenoplectus.acutus",0.0779220779220779,1,1.0668,0.0689655172413793,87,77,86,0.0697674418604651
"2010-06-01","dustin","cedar","49014000","potamogeton.natans",0.012987012987013,1,0.48768,0.0114942528735632,87,77,86,0.0116279069767442
"2010-06-01","dustin","cedar","49014000","potamogeton.narrow",0.012987012987013,1,1.76784,0.0114942528735632,87,77,86,0.0116279069767442
"2010-06-01","dustin","cedar","49014000","zizania.palustris",0.0909090909090909,1,0.70104,0.0804597701149425,87,77,86,0.0813953488372093
"2010-06-03","dustin","carlos","21005700","algae.filamentous",0.0153139356814701,1,7.62,0.014760147601476,813,653,726,0.0137741046831956
"2010-06-03","dustin","carlos","21005700","ceratophyllum.demersum",0.139356814701378,1,7.10184,0.167281672816728,813,653,726,0.183195592286501
"2010-06-03","dustin","carlos","21005700","potamogeton.crispus",0.00306278713629403,1,4.23672,0.002460024600246,813,653,726,0.00275482093663912
"2010-06-03","dustin","carlos","21005700","potamogeton.richardsonii",0.0122511485451761,1,2.98704,0.00984009840098401,813,653,726,0.0110192837465565
"2010-06-03","dustin","carlos","21005700","elodea.canadensis",0.0306278713629403,1,6.4008,0.046740467404674,813,653,726,0.0495867768595041
"2010-06-03","dustin","carlos","21005700","chara.spp",0.712098009188361,1,5.57784,0.607626076260763,813,653,726,0.680440771349862
"2010-06-03","dustin","carlos","21005700","stuckenia.pectinata",0.00153139356814701,1,1.58496,0.001230012300123,813,653,726,0.00137741046831956
"2010-06-03","dustin","carlos","21005700","najas.spp",0.0260336906584992,1,4.63296,0.022140221402214,813,653,726,0.0247933884297521
"2010-06-03","dustin","carlos","21005700","lemna.trisulca",0.0168453292496172,1,1.9812,0.013530135301353,813,653,726,0.0151515151515152
"2010-06-03","dustin","carlos","21005700","ranunculus.aquatilis",0.00459418070444104,1,2.8956,0.003690036900369,813,653,726,0.00413223140495868
"2010-06-03","dustin","carlos","21005700","utricularia.spp",0.23583460949464,1,4.8768,0.191881918819188,813,653,726,0.214876033057851
"2010-06-03","dustin","carlos","21005700","myriophyllum.sibiricum",0.199081163859112,1,5.7912,0.180811808118081,813,653,726,0.202479338842975
"2010-06-03","dustin","carlos","21005700","eleocharis.spp",0.00612557427258806,1,2.5908,0.00492004920049201,813,653,726,0.00550964187327824
"2010-06-03","dustin","carlos","21005700","typha.spp",0.00612557427258806,1,1.49352,0.00492004920049201,813,653,726,0.00550964187327824
"2010-06-03","dustin","carlos","21005700","nitella.spp",0.00459418070444104,1,5.7912,0.01230012300123,813,653,726,0.0137741046831956
"2010-06-03","dustin","carlos","21005700","potamogeton.illinoensis",0.0199081163859112,1,3.048,0.015990159901599,813,653,726,0.0179063360881543
"2010-06-03","dustin","carlos","21005700","potamogeton.praelongus",0.0490045941807044,1,5.0292,0.041820418204182,813,653,726,0.046831955922865
"2010-06-03","dustin","carlos","21005700","potamogeton.zosterifomis",0.0398162327718223,1,4.572,0.031980319803198,813,653,726,0.0358126721763085
"2010-06-03","dustin","carlos","21005700","schoenoplectus.acutus",0.0826952526799387,1,1.58496,0.0664206642066421,813,653,726,0.0743801652892562
"2010-06-03","dustin","carlos","21005700","potamogeton.narrow",0.0689127105666156,1,5.334,0.0615006150061501,813,653,726,0.068870523415978
"2010-06-03","dustin","carlos","21005700","potamogeton.friesii",0.00306278713629403,1,3.71856,0.002460024600246,813,653,726,0.00275482093663912
"2010-06-03","dustin","carlos","21005700","potamogeton.gramineus",0.00153139356814701,1,0.36576,0.001230012300123,813,653,726,0.00137741046831956
"2010-06-03","dustin","carlos","21005700","hippuris.vulgaris",0.00153139356814701,1,1.2192,0.001230012300123,813,653,726,0.00137741046831956
"2010-06-03","dustin","carlos","21005700","mosses.aquatic",0.0168453292496172,1,3.9624,0.013530135301353,813,653,726,0.0151515151515152
"2010-06-03","mccomas","clearw","82016300","algae.filamentous",0.045045045045045,2.2,1.0668,0.0381679389312977,131,111,118,0.0423728813559322
"2010-06-03","mccomas","clearw","82016300","ceratophyllum.demersum",0.0810810810810811,1.77777777777778,2.7432,0.0687022900763359,131,111,118,0.076271186440678
"2010-06-03","mccomas","clearw","82016300","potamogeton.crispus",0.0720720720720721,1.22222222222222,6.7056,0.0687022900763359,131,111,118,0.0677966101694915
"2010-06-03","mccomas","clearw","82016300","myriophyllum.spicatum",0.459459459459459,2.35294117647059,2.7432,0.389312977099237,131,111,118,0.432203389830508
"2010-06-03","mccomas","clearw","82016300","nymphaea.odorata",0.045045045045045,1.4,0.9144,0.0381679389312977,131,111,118,0.0423728813559322
"2010-06-03","mccomas","clearw","82016300","chara.spp",0.0540540540540541,1.5,1.524,0.0458015267175573,131,111,118,0.0508474576271186
"2010-06-03","mccomas","clearw","82016300","stuckenia.pectinata",0.00900900900900901,1,1.2192,0.00763358778625954,131,111,118,0.00847457627118644
"2010-06-03","mccomas","clearw","82016300","najas.spp",0.279279279279279,1.7741935483871,1.524,0.236641221374046,131,111,118,0.26271186440678
"2010-06-03","mccomas","clearw","82016300","potamogeton.zosteriformis",0.00900900900900901,1,1.524,0.00763358778625954,131,111,118,0.00847457627118644
"2010-06-03","mccomas","clearw","82016300","nuphar.variegata",0.0810810810810811,2.11111111111111,1.2192,0.0687022900763359,131,111,118,0.076271186440678
"2010-06-03","mccomas","clearw","82016300","potamogeton.natans",0.0540540540540541,1.16666666666667,1.524,0.0458015267175573,131,111,118,0.0508474576271186
"2010-06-03","mccomas","clearw","82016300","potamogeton.narrow",0.108108108108108,1,1.8288,0.0916030534351145,131,111,118,0.101694915254237
"2010-06-04","mccomas","reshanau","02000900","potamogeton.crispus",0.748031496062992,2.73684210526316,2.7432,0.748031496062992,127,127,10,0.3
"2010-06-04","mccomas","reshanau","02000900","nymphaea.odorata",0.062992125984252,1.625,1.524,0.062992125984252,127,127,10,0.4
"2010-06-04","mccomas","reshanau","02000900","stuckenia.pectinata",0.094488188976378,1.16666666666667,1.524,0.094488188976378,127,127,10,0.8
"2010-06-04","mccomas","reshanau","02000900","elodea.spp",0.0078740157480315,3,0.6096,0.0078740157480315,127,127,10,0.1
"2010-06-07","brasch","medicine","27010400","algae.filamentous",0.152941176470588,1,2.6,0.0921985815602837,141,85,62,0.193548387096774
"2010-06-07","brasch","medicine","27010400","ceratophyllum.demersum",0.223529411764706,1.05263157894737,3.5,0.134751773049645,141,85,62,0.258064516129032
"2010-06-07","brasch","medicine","27010400","potamogeton.crispus",0.294117647058824,1.4,3.1,0.177304964539007,141,85,62,0.354838709677419
"2010-06-07","brasch","medicine","27010400","myriophyllum.spicatum",0.294117647058824,1.56,2.8,0.177304964539007,141,85,62,0.387096774193548
"2010-06-07","brasch","medicine","27010400","potamogeton.foliosus",0.0117647058823529,1,1.5,0.00709219858156028,141,85,62,0.0161290322580645
"2010-06-07","brasch","medicine","27010400","vallisneria.americana",0.0823529411764706,1,2.8,0.049645390070922,141,85,62,0.0967741935483871
"2010-06-07","brasch","medicine","27010400","potamogeton.richardsonii",0.0117647058823529,1,0.6,0.00709219858156028,141,85,62,0.0161290322580645
"2010-06-07","brasch","medicine","27010400","elodea.canadensis",0.0588235294117647,1.2,2.8,0.0354609929078014,141,85,62,0.0645161290322581
"2010-06-07","brasch","medicine","27010400","nymphaea.odorata",0.0352941176470588,1.66666666666667,0.7,0.0212765957446809,141,85,62,0.0483870967741935
"2010-06-07","brasch","medicine","27010400","chara.spp",0.329411764705882,1.53571428571429,3.7,0.198581560283688,141,85,62,0.435483870967742
"2010-06-07","brasch","medicine","27010400","stuckenia.pectinata",0.0941176470588235,1,1.1,0.0567375886524823,141,85,62,0.129032258064516
"2010-06-07","brasch","medicine","27010400","lemna.trisulca",0.0823529411764706,1,3.1,0.049645390070922,141,85,62,0.0967741935483871
"2010-06-07","brasch","medicine","27010400","nuphar.advena",0.0235294117647059,2,2.6,0.0141843971631206,141,85,62,0.0161290322580645
"2010-06-07","brasch","medicine","27010400","potamogeton.illinoensis",0.0352941176470588,1,0.7,0.0212765957446809,141,85,62,0.0483870967741935
"2010-06-08","mccomas","gleason","27009500","algae.filamentous",0.139240506329114,1.36363636363636,2.7432,0.139240506329114,79,79,66,0.166666666666667
"2010-06-08","mccomas","gleason","27009500","ceratophyllum.demersum",0.430379746835443,2.88235294117647,2.4384,0.430379746835443,79,79,66,0.515151515151515
"2010-06-08","mccomas","gleason","27009500","potamogeton.crispus",0.0632911392405063,1,1.6764,0.0632911392405063,79,79,66,0.0757575757575758
"2010-06-08","mccomas","gleason","27009500","nymphaea.odorata",0.177215189873418,1.92857142857143,1.6764,0.177215189873418,79,79,66,0.212121212121212
"2010-06-08","mccomas","gleason","27009500","elodea.spp",0.0506329113924051,1,1.2192,0.0506329113924051,79,79,66,0.0606060606060606
"2010-06-08","mccomas","gleason","27009500","wolffia.spp",0.126582278481013,1.1,1.6764,0.126582278481013,79,79,66,0.151515151515152
"2010-06-08","mccomas","gleason","27009500","typha.spp",0.0253164556962025,4.5,0.9144,0.0253164556962025,79,79,66,0.0303030303030303
"2010-06-08","mccomas","gleason","27009500","lemnaceae",0.189873417721519,1.26666666666667,1.6764,0.189873417721519,79,79,66,0.227272727272727
"2010-06-15","sblood","kohlman","62000600","ceratophyllum.demersum",0.385714285714286,1.68518518518519,2.16408,0.385714285714286,140,140,140,0.385714285714286
"2010-06-15","sblood","kohlman","62000600","potamogeton.crispus",0.228571428571429,1.75,1.95072,0.228571428571429,140,140,140,0.228571428571429
"2010-06-15","sblood","kohlman","62000600","myriophyllum.spicatum",0.0428571428571429,1.33333333333333,2.25552,0.0428571428571429,140,140,140,0.0428571428571429
"2010-06-15","sblood","kohlman","62000600","potamogeton.foliosus",0.00714285714285714,4,0.79248,0.00714285714285714,140,140,140,0.00714285714285714
"2010-06-15","sblood","kohlman","62000600","spirodela.polyrhiza",0.242857142857143,1.20588235294118,1.49352,0.242857142857143,140,140,140,0.242857142857143
"2010-06-15","sblood","kohlman","62000600","elodea.canadensis",0.228571428571429,1.3125,2.19456,0.228571428571429,140,140,140,0.228571428571429
"2010-06-15","sblood","kohlman","62000600","nymphaea.odorata",0.335714285714286,2.42553191489362,1.46304,0.335714285714286,140,140,140,0.335714285714286
"2010-06-15","sblood","kohlman","62000600","chara.spp",0.0142857142857143,1,0.97536,0.0142857142857143,140,140,140,0.0142857142857143
"2010-06-15","sblood","kohlman","62000600","stuckenia.pectinata",0.0142857142857143,2,0.75184,0.0142857142857143,140,140,140,0.0142857142857143
"2010-06-15","sblood","kohlman","62000600","lemna.minor",0.378571428571429,1.79245283018868,2.22504,0.378571428571429,140,140,140,0.378571428571429
"2010-06-15","sblood","kohlman","62000600","lemna.trisulca",0.0214285714285714,1,0.8636,0.0214285714285714,140,140,140,0.0214285714285714
"2010-06-15","sblood","kohlman","62000600","potamogeton.zosteriformis",0.0214285714285714,1.66666666666667,0.67056,0.0214285714285714,140,140,140,0.0214285714285714
"2010-06-15","sblood","kohlman","62000600","potamogeton.pusillus",0.121428571428571,1.47058823529412,2.24536,0.121428571428571,140,140,140,0.121428571428571
"2010-06-15","sblood","kohlman","62000600","wolffia.columbiana",0.0142857142857143,1,0.520192,0.0142857142857143,140,140,140,0.0142857142857143
"2010-06-15","sblood","kohlman","62000600","algae",0.1,2,2.19456,0.1,140,140,140,0.1
"2010-06-15","sblood","kohlman","62000600","potamogeton.spp",0.0214285714285714,1.33333333333333,0.75184,0.0214285714285714,140,140,140,0.0214285714285714
"2010-06-15","sblood","kohlman","62000600","nuphar.advena",0.0214285714285714,2.66666666666667,0.99568,0.0214285714285714,140,140,140,0.0214285714285714
"2010-06-15","sblood","kohlman","62000600","nitella.spp",0.0142857142857143,1,0.97536,0.0142857142857143,140,140,140,0.0142857142857143
"2010-06-15","sblood","kohlman","62000600","zannichellia.palustris",0.00714285714285714,1,0.8636,0.00714285714285714,140,140,140,0.00714285714285714
"2010-06-15","sblood","kohlman","62000600","potamogeton.epihydrus",0.0142857142857143,1,1.85928,0.0142857142857143,140,140,140,0.0142857142857143
"2010-06-21","brasch","cleary","70002200","algae.filamentous",0.0794701986754967,1.25,1.5,0.0794701986754967,151,151,150,0.08
"2010-06-21","brasch","cleary","70002200","ceratophyllum.demersum",0.788079470198676,2.66386554621849,2.3,0.788079470198676,151,151,150,0.793333333333333
"2010-06-21","brasch","cleary","70002200","potamogeton.crispus",0.384105960264901,1.06896551724138,2.3,0.384105960264901,151,151,150,0.386666666666667
"2010-06-21","brasch","cleary","70002200","najas.flexilis",0.00662251655629139,1,0.5,0.00662251655629139,151,151,150,0.00666666666666667
"2010-06-21","brasch","cleary","70002200","spirodela.polyrhiza",0.112582781456954,1,0.73152,0.112582781456954,151,151,150,0.113333333333333
"2010-06-21","brasch","cleary","70002200","elodea.canadensis",0.423841059602649,1.28125,2.3,0.423841059602649,151,151,150,0.426666666666667
"2010-06-21","brasch","cleary","70002200","nymphaea.odorata",0.0132450331125828,1.5,1.1,0.0132450331125828,151,151,150,0.0133333333333333
"2010-06-21","brasch","cleary","70002200","chara.spp",0.112582781456954,2.05882352941176,2.3,0.112582781456954,151,151,150,0.113333333333333
"2010-06-21","brasch","cleary","70002200","stuckenia.pectinata",0.218543046357616,2.03030303030303,1.40208,0.218543046357616,151,151,150,0.22
"2010-06-21","brasch","cleary","70002200","lemna.minor",0.0264900662251656,1,0.7,0.0264900662251656,151,151,150,0.0266666666666667
"2010-06-21","brasch","cleary","70002200","lemna.trisulca",0.655629139072848,1.04040404040404,2,0.655629139072848,151,151,150,0.66
"2010-06-21","brasch","cleary","70002200","potamogeton.pusillus",0.403973509933775,2.57377049180328,2,0.403973509933775,151,151,150,0.406666666666667
"2010-06-21","brasch","cleary","70002200","stuckenia.filiformis",0.00662251655629139,1,0.7,0.00662251655629139,151,151,150,0.00666666666666667
"2010-06-22","dustin","carrie","34003200","algae.filamentous",0.107142857142857,1,1.6764,0.1,60,56,55,0.109090909090909
"2010-06-22","dustin","carrie","34003200","potamogeton.crispus",0.0178571428571429,1,0.762,0.0166666666666667,60,56,55,0.0181818181818182
"2010-06-22","dustin","carrie","34003200","potamogeton.richardsonii",0.0178571428571429,1,0.70104,0.0166666666666667,60,56,55,0.0181818181818182
"2010-06-22","dustin","carrie","34003200","chara.spp",0.0535714285714286,1,1.8288,0.05,60,56,55,0.0545454545454545
"2010-06-22","dustin","carrie","34003200","stuckenia.pectinata",0.0178571428571429,1,0.4572,0.0166666666666667,60,56,55,0.0181818181818182
"2010-06-22","dustin","carrie","34003200","nuphar.spp",0.107142857142857,1,0.762,0.1,60,56,55,0.109090909090909
"2010-06-22","dustin","carrie","34003200","phalaris.arundinacea",0.0178571428571429,1,0.6096,0.0166666666666667,60,56,55,0.0181818181818182
"2010-06-22","dustin","carrie","34003200","schoenoplectus.acutus",0.0892857142857143,1,0.6096,0.0833333333333333,60,56,55,0.0909090909090909
"2010-06-22","dustin","carrie","34003200","typha.latifolia",0.267857142857143,1,0.85344,0.25,60,56,55,0.272727272727273
"2010-06-22","dustin","carrie","34003200","potamogeton.broad",0.0178571428571429,1,0.762,0.0166666666666667,60,56,55,0.0181818181818182
"2010-06-23","newman","lucy","10000700","ceratophyllum.demersum",0.693693693693694,2.53246753246753,4.5,0.647058823529412,119,111,55,0.963636363636364
"2010-06-23","newman","lucy","10000700","potamogeton.crispus",0.252252252252252,1,4.4,0.235294117647059,119,111,55,0.109090909090909
"2010-06-23","newman","lucy","10000700","spirodela.polyrhiza",0.0990990990990991,1.09090909090909,1.4,0.092436974789916,119,111,55,0.2
"2010-06-23","newman","lucy","10000700","elodea.canadensis",0.144144144144144,1.9375,1.2,0.134453781512605,119,111,55,0.290909090909091
"2010-06-23","newman","lucy","10000700","nymphaea.odorata",0.234234234234234,1.26923076923077,2.9,0.218487394957983,119,111,55,0.436363636363636
"2010-06-23","newman","lucy","10000700","chara.spp",0.207207207207207,3.26086956521739,2.7,0.19327731092437,119,111,55,0.363636363636364
"2010-06-23","newman","lucy","10000700","stuckenia.pectinata",0.036036036036036,1.75,1.4,0.0336134453781513,119,111,55,0.0727272727272727
"2010-06-23","newman","lucy","10000700","lemna.trisulca",0.486486486486486,1.12962962962963,4,0.453781512605042,119,111,55,0.672727272727273
"2010-06-23","newman","lucy","10000700","myriophyllum.sibiricum",0.198198198198198,1.18181818181818,4,0.184873949579832,119,111,55,0.309090909090909
"2010-06-23","newman","lucy","10000700","heteranthera.dubia",0.00900900900900901,1,1,0.00840336134453781,119,111,55,0.0181818181818182
"2010-06-23","newman","lucy","10000700","wolffia.columbiana",0.0990990990990991,1,1.5,0.092436974789916,119,111,55,0.2
"2010-06-23","newman","lucy","10000700","typha.spp",0.00900900900900901,1,0.5,0.00840336134453781,119,111,55,0.0181818181818182
"2010-06-23","newman","lucy","10000700","nuphar.variegata",0.0630630630630631,1.28571428571429,2,0.0588235294117647,119,111,55,0.0909090909090909
"2010-06-23","newman","lucy","10000700","utricularia.vulgaris",0.126126126126126,1.35714285714286,2,0.117647058823529,119,111,55,0.218181818181818
"2010-06-23","newman","susan","10001300","ceratophyllum.demersum",0.528735632183908,1.83333333333333,4.8,0.331034482758621,145,87,41,0.75609756097561
"2010-06-23","newman","susan","10001300","potamogeton.crispus",0.425287356321839,1.45945945945946,3.6,0.255172413793103,145,87,41,0.682926829268293
"2010-06-23","newman","susan","10001300","myriophyllum.spicatum",0.310344827586207,1,3.4,0.186206896551724,145,87,41,0.560975609756098
"2010-06-23","newman","susan","10001300","elodea.canadensis",0.0574712643678161,1,2.8,0.0344827586206897,145,87,41,0.0975609756097561
"2010-06-23","newman","susan","10001300","nymphaea.odorata",0.114942528735632,1,1.2,0.0689655172413793,145,87,41,0.24390243902439
"2010-06-23","newman","susan","10001300","stuckenia.pectinata",0.0919540229885057,1.125,1.1,0.0551724137931034,145,87,41,0.195121951219512
"2010-06-23","newman","susan","10001300","potamogeton.pusillus",0.494252873563218,2.11627906976744,3.6,0.296551724137931,145,87,41,0.75609756097561
"2010-06-23","newman","susan","10001300","nelumbo.lutea",0.114942528735632,1,2.9,0.0689655172413793,145,87,41,0.219512195121951
"2010-06-23","newman","susan","10001300","nuphar.variegata",0.137931034482759,1.25,1.5,0.0827586206896552,145,87,41,0.292682926829268
"2010-07-01","dustin","hill","1014200","algae.filamentous",0.217877094972067,1,6.096,0.175373134328358,268,179,254,0.18503937007874
"2010-07-01","dustin","hill","1014200","ceratophyllum.demersum",0.223463687150838,1,4.2672,0.149253731343284,268,179,254,0.15748031496063
"2010-07-01","dustin","hill","1014200","potamogeton.crispus",0.0614525139664804,1,5.0292,0.0447761194029851,268,179,254,0.047244094488189
"2010-07-01","dustin","hill","1014200","vallisneria.americana",0.0391061452513966,1,4.1148,0.0261194029850746,268,179,254,0.0275590551181102
"2010-07-01","dustin","hill","1014200","potamogeton.richardsonii",0.128491620111732,1,1.8288,0.0858208955223881,268,179,254,0.0905511811023622
"2010-07-01","dustin","hill","1014200","chara.spp",0.318435754189944,1,4.45008,0.212686567164179,268,179,254,0.224409448818898
"2010-07-01","dustin","hill","1014200","stuckenia.pectinata",0.0223463687150838,1,1.8288,0.0149253731343284,268,179,254,0.015748031496063
"2010-07-01","dustin","hill","1014200","lemna.trisulca",0.0167597765363128,1,2.68224,0.0111940298507463,268,179,254,0.0118110236220472
"2010-07-01","dustin","hill","1014200","utricularia.spp",0.0111731843575419,1,2.7432,0.00746268656716418,268,179,254,0.0078740157480315
"2010-07-01","dustin","hill","1014200","myriophyllum.sibiricum",0.167597765363128,1,2.4384,0.111940298507463,268,179,254,0.118110236220472
"2010-07-01","dustin","hill","1014200","nymphaea.spp",0.206703910614525,1,1.524,0.138059701492537,268,179,254,0.145669291338583
"2010-07-01","dustin","hill","1014200","nuphar.spp",0.251396648044693,1,1.524,0.167910447761194,268,179,254,0.177165354330709
"2010-07-01","dustin","hill","1014200","eleocharis.spp",0.00558659217877095,1,0.9144,0.00373134328358209,268,179,254,0.00393700787401575
"2010-07-01","dustin","hill","1014200","typha.spp",0.290502793296089,1,1.524,0.194029850746269,268,179,254,0.204724409448819
"2010-07-01","dustin","hill","1014200","nitella.spp",0.0111731843575419,1,4.1148,0.00746268656716418,268,179,254,0.0078740157480315
"2010-07-01","dustin","hill","1014200","potamogeton.illinoensis",0.0558659217877095,1,0.9144,0.0373134328358209,268,179,254,0.0393700787401575
"2010-07-01","dustin","hill","1014200","potamogeton.praelongus",0.0279329608938547,1,3.10896,0.0186567164179104,268,179,254,0.0196850393700787
"2010-07-01","dustin","hill","1014200","potamogeton.zosterifomis",0.189944134078212,1,4.2672,0.126865671641791,268,179,254,0.133858267716535
"2010-07-01","dustin","hill","1014200","utricularia.vulgaris",0.00558659217877095,1,1.09728,0.00373134328358209,268,179,254,0.00393700787401575
"2010-07-01","dustin","hill","1014200","bidens.beckii",0.00558659217877095,1,1.8288,0.00373134328358209,268,179,254,0.00393700787401575
"2010-07-01","dustin","hill","1014200","schoenoplectus.acutus",0.229050279329609,1,1.524,0.152985074626866,268,179,254,0.161417322834646
"2010-07-01","dustin","hill","1014200","schoenoplectus.tabernaemontani",0.00558659217877095,1,0.6096,0.00373134328358209,268,179,254,0.00393700787401575
"2010-07-01","dustin","hill","1014200","phragmites.australis",0.0111731843575419,1,1.2192,0.00746268656716418,268,179,254,0.0078740157480315
"2010-07-01","dustin","hill","1014200","potamogeton.friesii",0.201117318435754,1,3.6576,0.134328358208955,268,179,254,0.141732283464567
"2010-07-01","dustin","hill","1014200","potamogeton.gramineus",0.00558659217877095,1,0.6096,0.00373134328358209,268,179,254,0.00393700787401575
"2010-07-01","dustin","hill","1014200","sparganium.eurycarpum",0.0502793296089385,1,1.2192,0.0335820895522388,268,179,254,0.0354330708661417
"2010-07-01","dustin","hill","1014200","equisetum.spp",0.0558659217877095,1,1.524,0.0373134328358209,268,179,254,0.0393700787401575
"2010-07-01","dustin","hill","1014200","unk.eutr",0.00558659217877095,1,0.6096,0.00373134328358209,268,179,254,0.00393700787401575
"2010-07-09","dustin","portage","29025000","algae.filamentous",0.121621621621622,1,3.99288,0.121621621621622,296,296,140,0.185714285714286
"2010-07-09","dustin","portage","29025000","ceratophyllum.demersum",0.442567567567568,1,4.2672,0.442567567567568,296,296,140,0.414285714285714
"2010-07-09","dustin","portage","29025000","potamogeton.crispus",0.108108108108108,1,3.5052,0.108108108108108,296,296,140,0.0785714285714286
"2010-07-09","dustin","portage","29025000","najas.flexilis",0.135135135135135,1,3.9624,0.135135135135135,296,296,140,0.257142857142857
"2010-07-09","dustin","portage","29025000","vallisneria.americana",0.0777027027027027,1,1.8288,0.0777027027027027,296,296,140,0.164285714285714
"2010-07-09","dustin","portage","29025000","spirodela.polyrhiza",0.0135135135135135,1,1.43256,0.0135135135135135,296,296,140,0.0285714285714286
"2010-07-09","dustin","portage","29025000","elodea.canadensis",0.0608108108108108,1,4.02336,0.0608108108108108,296,296,140,0.0714285714285714
"2010-07-09","dustin","portage","29025000","chara.spp",0.550675675675676,1,4.2672,0.550675675675676,296,296,140,0.857142857142857
"2010-07-09","dustin","portage","29025000","stuckenia.pectinata",0.00675675675675676,1,1.46304,0.00675675675675676,296,296,140,0.0142857142857143
"2010-07-09","dustin","portage","29025000","lemna.minor",0.0135135135135135,1,1.09728,0.0135135135135135,296,296,140,0.0285714285714286
"2010-07-09","dustin","portage","29025000","lemna.trisulca",0.158783783783784,1,4.14528,0.158783783783784,296,296,140,0.171428571428571
"2010-07-09","dustin","portage","29025000","utricularia.spp",0.172297297297297,1,3.3528,0.172297297297297,296,296,140,0.321428571428571
"2010-07-09","dustin","portage","29025000","myriophyllum.sibiricum",0.0641891891891892,1,3.44424,0.0641891891891892,296,296,140,0.0857142857142857
"2010-07-09","dustin","portage","29025000","potamogeton.pusillus",0.0236486486486486,1,3.9624,0.0236486486486486,296,296,140,0.00714285714285714
"2010-07-09","dustin","portage","29025000","heteranthera.dubia",0.0506756756756757,1,1.9812,0.0506756756756757,296,296,140,0.107142857142857
"2010-07-09","dustin","portage","29025000","nuphar.spp",0.135135135135135,1,3.6576,0.135135135135135,296,296,140,0.271428571428571
"2010-07-09","dustin","portage","29025000","typha.spp",0.00675675675675676,1,0.67056,0.00675675675675676,296,296,140,0.0142857142857143
"2010-07-09","dustin","portage","29025000","nitella.spp",0.0675675675675676,1,4.1148,0.0675675675675676,296,296,140,0.00714285714285714
"2010-07-09","dustin","portage","29025000","potamogeton.illinoensis",0.027027027027027,1,1.2192,0.027027027027027,296,296,140,0.0571428571428571
"2010-07-09","dustin","portage","29025000","potamogeton.zosterifomis",0.0135135135135135,1,1.524,0.0135135135135135,296,296,140,0.0285714285714286
"2010-07-09","dustin","portage","29025000","schoenoplectus.acutus",0.0101351351351351,1,1.2192,0.0101351351351351,296,296,140,0.0214285714285714
"2010-07-09","dustin","portage","29025000","potamogeton.narrow",0.375,1,4.1148,0.375,296,296,140,0.292857142857143
"2010-07-09","dustin","portage","29025000","potamogeton.friesii",0.00675675675675676,1,2.37744,0.00675675675675676,296,296,140,0.0142857142857143
"2010-07-09","dustin","portage","29025000","potamogeton.gramineus",0.00337837837837838,1,1.524,0.00337837837837838,296,296,140,0.00714285714285714
"2010-07-09","dustin","portage","29025000","mosses.aquatic",0.0540540540540541,1,3.71856,0.0540540540540541,296,296,140,0.05
"2010-07-09","dustin","portage","29025000","sagittaria.spp",0.00675675675675676,1,0.6096,0.00675675675675676,296,296,140,0.0142857142857143
"2010-07-09","dustin","portage","29025000","sparganium.spp",0.00337837837837838,1,0.18288,0.00337837837837838,296,296,140,0.00714285714285714
"2010-07-09","dustin","portage","29025000","carex.spp",0.00675675675675676,1,0.3048,0.00675675675675676,296,296,140,0.0142857142857143
"2010-07-09","dustin","portage","29025000","zizania.palustris",0.0135135135135135,1,1.09728,0.0135135135135135,296,296,140,0.0285714285714286
"2010-07-09","dustin","portage","29025000","nymphaea.x.sp",0.0135135135135135,1,0.88392,0.0135135135135135,296,296,140,0.0285714285714286
"2010-07-09","dustin","portage","29025000","carex.comosa",0.00337837837837838,1,0.18288,0.00337837837837838,296,296,140,0.00714285714285714
"2010-07-09","dustin","portage","29025000","caltha.palustris",0.00337837837837838,1,0.18288,0.00337837837837838,296,296,140,0.00714285714285714
"2010-07-09","dustin","portage","29025000","impatiens.spp",0.00337837837837838,1,0.18288,0.00337837837837838,296,296,140,0.00714285714285714
"2010-07-09","dustin","portage","29025000","salix.spp",0.00337837837837838,1,0.3048,0.00337837837837838,296,296,140,0.00714285714285714
"2010-07-19","dustin","cedar","49014000","algae.filamentous",0.208333333333333,1,5.334,0.186046511627907,86,72,86,0.186046511627907
"2010-07-19","dustin","cedar","49014000","ceratophyllum.demersum",0.125,1,5.334,0.116279069767442,86,72,86,0.116279069767442
"2010-07-19","dustin","cedar","49014000","najas.flexilis",0.111111111111111,1,1.0668,0.0930232558139535,86,72,86,0.0930232558139535
"2010-07-19","dustin","cedar","49014000","potamogeton.richardsonii",0.0555555555555556,1,2.62128,0.0465116279069767,86,72,86,0.0465116279069767
"2010-07-19","dustin","cedar","49014000","spirodela.polyrhiza",0.0277777777777778,1,0.33528,0.0232558139534884,86,72,86,0.0232558139534884
"2010-07-19","dustin","cedar","49014000","elodea.canadensis",0.0138888888888889,1,0.39624,0.0116279069767442,86,72,86,0.0116279069767442
"2010-07-19","dustin","cedar","49014000","chara.spp",0.694444444444444,1,6.7056,0.651162790697674,86,72,86,0.651162790697674
"2010-07-19","dustin","cedar","49014000","stuckenia.pectinata",0.194444444444444,1,3.9624,0.162790697674419,86,72,86,0.162790697674419
"2010-07-19","dustin","cedar","49014000","lemna.minor",0.0694444444444444,1,0.39624,0.0581395348837209,86,72,86,0.0581395348837209
"2010-07-19","dustin","cedar","49014000","lemna.trisulca",0.0833333333333333,1,5.334,0.0813953488372093,86,72,86,0.0813953488372093
"2010-07-19","dustin","cedar","49014000","utricularia.spp",0.0555555555555556,1,0.85344,0.0465116279069767,86,72,86,0.0465116279069767
"2010-07-19","dustin","cedar","49014000","myriophyllum.sibiricum",0.180555555555556,1,3.9624,0.151162790697674,86,72,86,0.151162790697674
"2010-07-19","dustin","cedar","49014000","nymphaea.spp",0.138888888888889,1,1.8288,0.116279069767442,86,72,86,0.116279069767442
"2010-07-19","dustin","cedar","49014000","nuphar.spp",0.125,1,1.8288,0.104651162790698,86,72,86,0.104651162790698
"2010-07-19","dustin","cedar","49014000","typha.spp",0.125,1,0.85344,0.104651162790698,86,72,86,0.104651162790698
"2010-07-19","dustin","cedar","49014000","potamogeton.amplifolius",0.0416666666666667,1,1.0668,0.0348837209302326,86,72,86,0.0348837209302326
"2010-07-19","dustin","cedar","49014000","potamogeton.illinoensis",0.152777777777778,1,2.01168,0.127906976744186,86,72,86,0.127906976744186
"2010-07-19","dustin","cedar","49014000","potamogeton.zosterifomis",0.0972222222222222,1,4.572,0.0813953488372093,86,72,86,0.0813953488372093
"2010-07-19","dustin","cedar","49014000","schoenoplectus.acutus",0.0833333333333333,1,2.01168,0.0697674418604651,86,72,86,0.0697674418604651
"2010-07-19","dustin","cedar","49014000","potamogeton.natans",0.0277777777777778,1,0.64008,0.0232558139534884,86,72,86,0.0232558139534884
"2010-07-19","dustin","cedar","49014000","potamogeton.friesii",0.0138888888888889,1,1.0668,0.0116279069767442,86,72,86,0.0116279069767442
"2010-07-19","dustin","cedar","49014000","ranunculus.spp",0.0138888888888889,1,1.0668,0.0116279069767442,86,72,86,0.0116279069767442
"2010-07-19","dustin","cedar","49014000","sagittaria.spp",0.0555555555555556,1,0.42672,0.0465116279069767,86,72,86,0.0465116279069767
"2010-07-19","dustin","cedar","49014000","heteranthera.spp",0.0416666666666667,1,0.762,0.0348837209302326,86,72,86,0.0348837209302326
"2010-07-19","dustin","cedar","49014000","zizania.palustris",0.111111111111111,1,1.0668,0.0930232558139535,86,72,86,0.0930232558139535
"2010-07-19","dustin","cedar","49014000","impatiens.spp",0.0138888888888889,1,0.06096,0.0116279069767442,86,72,86,0.0116279069767442
"2010-07-23","dustin","carrie","34003200","algae.filamentous",0.178571428571429,1,0.762,0.166666666666667,60,56,56,0.178571428571429
"2010-07-23","dustin","carrie","34003200","chara.spp",0.0535714285714286,1,1.43256,0.05,60,56,56,0.0535714285714286
"2010-07-23","dustin","carrie","34003200","stuckenia.pectinata",0.0178571428571429,1,0.4572,0.0166666666666667,60,56,56,0.0178571428571429
"2010-07-23","dustin","carrie","34003200","lemna.minor",0.0178571428571429,1,0.4572,0.0166666666666667,60,56,56,0.0178571428571429
"2010-07-23","dustin","carrie","34003200","nuphar.spp",0.0714285714285714,1,0.762,0.0666666666666667,60,56,56,0.0714285714285714
"2010-07-23","dustin","carrie","34003200","typha.spp",0.160714285714286,1,0.6096,0.15,60,56,56,0.160714285714286
"2010-07-23","dustin","carrie","34003200","phalaris.arundinacea",0.0535714285714286,1,0.6096,0.05,60,56,56,0.0535714285714286
"2010-07-23","dustin","carrie","34003200","schoenoplectus.acutus",0.142857142857143,1,0.762,0.133333333333333,60,56,56,0.142857142857143
"2010-07-23","dustin","carrie","34003200","sagittaria.spp",0.0178571428571429,1,0.4572,0.0166666666666667,60,56,56,0.0178571428571429
"2010-07-23","dustin","carrie","34003200","drepanocladus.spp",0.0178571428571429,1,0.4572,0.0166666666666667,60,56,56,0.0178571428571429
"2010-07-23","dustin","carrie","34003200","typha.latifolia",0.0535714285714286,1,0.4572,0.05,60,56,56,0.0535714285714286
"2010-07-26","dustin","belle","47004900","algae.filamentous",0.003690036900369,1,0.6096,0.00366300366300366,273,271,95,0.0105263157894737
"2010-07-26","dustin","belle","47004900","ceratophyllum.demersum",0.044280442804428,1,1.524,0.043956043956044,273,271,95,0.105263157894737
"2010-07-26","dustin","belle","47004900","potamogeton.richardsonii",0.003690036900369,1,0.9144,0.00366300366300366,273,271,95,0.0105263157894737
"2010-07-26","dustin","belle","47004900","elodea.canadensis",0.0811808118081181,1,2.1336,0.0805860805860806,273,271,95,0.126315789473684
"2010-07-26","dustin","belle","47004900","chara.spp",0.003690036900369,1,1.2192,0.00366300366300366,273,271,95,0.0105263157894737
"2010-07-26","dustin","belle","47004900","stuckenia.pectinata",0.00738007380073801,1,1.2192,0.00732600732600733,273,271,95,0.0210526315789474
"2010-07-26","dustin","belle","47004900","najas.spp",0.003690036900369,1,1.2192,0.00366300366300366,273,271,95,0.0105263157894737
"2010-07-26","dustin","belle","47004900","lemna.minor",0.011070110701107,1,0.6096,0.010989010989011,273,271,95,0.0315789473684211
"2010-07-26","dustin","belle","47004900","heteranthera.dubia",0.003690036900369,1,1.2192,0.00366300366300366,273,271,95,0.0105263157894737
"2010-07-26","dustin","belle","47004900","typha.spp",0.011070110701107,1,0.6096,0.010989010989011,273,271,95,0.0315789473684211
"2010-07-26","dustin","belle","47004900","schoenoplectus.tabernaemontani",0.00738007380073801,1,0.6096,0.00732600732600733,273,271,95,0.0210526315789474
"2010-07-26","dustin","belle","47004900","potamogeton.narrow",0.00738007380073801,1,0.9144,0.00732600732600733,273,271,95,0.0210526315789474
"2010-07-26","dustin","belle","47004900","sparganium.eurycarpum",0.003690036900369,1,0.6096,0.00366300366300366,273,271,95,0.0105263157894737
"2010-07-26","dustin","belle","47004900","sagittaria.spp",0.00738007380073801,1,0.6096,0.00732600732600733,273,271,95,0.0210526315789474
"2010-07-26","dustin","belle","47004900","schoenoplectus.fluvatilis",0.00738007380073801,1,0.6096,0.00732600732600733,273,271,95,0.0210526315789474
"2010-07-26","dustin","belle","47004900","salix.spp",0.003690036900369,1,0.3048,0.00366300366300366,273,271,95,0.0105263157894737
"2010-07-26","dustin","belle","47004900","alisma.spp",0.003690036900369,1,0.6096,0.00366300366300366,273,271,95,0.0105263157894737
"2010-07-26","dustin","stjames","83004300","algae.filamentous",0.445945945945946,1,3.3528,0.442953020134228,149,148,114,0.552631578947368
"2010-07-26","dustin","stjames","83004300","ceratophyllum.demersum",0.72972972972973,1,3.84048,0.724832214765101,149,148,114,0.842105263157895
"2010-07-26","dustin","stjames","83004300","potamogeton.crispus",0.0405405405405405,1,3.01752,0.0402684563758389,149,148,114,0.043859649122807
"2010-07-26","dustin","stjames","83004300","najas.flexilis",0.027027027027027,1,3.01752,0.0268456375838926,149,148,114,0.0263157894736842
"2010-07-26","dustin","stjames","83004300","potamogeton.richardsonii",0.0810810810810811,1,1.70688,0.0805369127516778,149,148,114,0.105263157894737
"2010-07-26","dustin","stjames","83004300","chara.spp",0.128378378378378,1,1.61544,0.12751677852349,149,148,114,0.166666666666667
"2010-07-26","dustin","stjames","83004300","stuckenia.pectinata",0.0675675675675676,1,2.22504,0.0671140939597315,149,148,114,0.087719298245614
"2010-07-26","dustin","stjames","83004300","najas.spp",0.0202702702702703,1,1.03632,0.0201342281879195,149,148,114,0.0263157894736842
"2010-07-26","dustin","stjames","83004300","myriophyllum.sibiricum",0.527027027027027,1,3.26136,0.523489932885906,149,148,114,0.649122807017544
"2010-07-26","dustin","stjames","83004300","typha.spp",0.0337837837837838,1,0.88392,0.0335570469798658,149,148,114,0.043859649122807
"2010-07-26","dustin","stjames","83004300","lemna.spp",0.00675675675675676,1,0.67056,0.00671140939597315,149,148,114,0.0087719298245614
"2010-07-26","dustin","stjames","83004300","potamogeton.narrow.floating",0.00675675675675676,1,2.71272,0.00671140939597315,149,148,114,0.0087719298245614
"2010-07-30","dustin","stolaf","81000300","algae.filamentous",0.156862745098039,1,1.15824,0.145454545454545,55,51,47,0.170212765957447
"2010-07-30","dustin","stolaf","81000300","ceratophyllum.demersum",0.0196078431372549,1,1.00584,0.0181818181818182,55,51,47,0.0212765957446809
"2010-07-30","dustin","stolaf","81000300","potamogeton.crispus",0.0392156862745098,1,1.15824,0.0363636363636364,55,51,47,0.0425531914893617
"2010-07-30","dustin","stolaf","81000300","najas.flexilis",0.0196078431372549,1,0.3048,0.0181818181818182,55,51,47,0.0212765957446809
"2010-07-30","dustin","stolaf","81000300","vallisneria.americana",0.0196078431372549,1,1.03632,0.0181818181818182,55,51,47,0.0212765957446809
"2010-07-30","dustin","stolaf","81000300","chara.spp",0.0196078431372549,1,0.1524,0.0181818181818182,55,51,47,0.0212765957446809
"2010-07-30","dustin","stolaf","81000300","stuckenia.pectinata",0.0392156862745098,1,1.15824,0.0363636363636364,55,51,47,0.0425531914893617
"2010-07-30","dustin","stolaf","81000300","najas.spp",0.117647058823529,1,0.97536,0.109090909090909,55,51,47,0.127659574468085
"2010-07-30","dustin","stolaf","81000300","nymphaea.spp",0.235294117647059,1,1.34112,0.218181818181818,55,51,47,0.25531914893617
"2010-07-30","dustin","stolaf","81000300","nuphar.spp",0.0588235294117647,1,0.762,0.0545454545454545,55,51,47,0.0638297872340425
"2010-07-30","dustin","stolaf","81000300","potamogeton.zosterifomis",0.0196078431372549,1,0.64008,0.0181818181818182,55,51,47,0.0212765957446809
"2010-08-02","dustin","madison","7004400","algae.filamentous",0.0395569620253165,1,2.22504,0.0377643504531722,662,632,242,0.0991735537190083
"2010-08-02","dustin","madison","7004400","ceratophyllum.demersum",0.0949367088607595,1,1.70688,0.0906344410876133,662,632,242,0.231404958677686
"2010-08-02","dustin","madison","7004400","potamogeton.crispus",0.0427215189873418,1,2.22504,0.040785498489426,662,632,242,0.0826446280991736
"2010-08-02","dustin","madison","7004400","myriophyllum.spicatum",0.0268987341772152,1,3.6576,0.0256797583081571,662,632,242,0.0619834710743802
"2010-08-02","dustin","madison","7004400","najas.flexilis",0.0189873417721519,1,0.97536,0.0181268882175227,662,632,242,0.0495867768595041
"2010-08-02","dustin","madison","7004400","vallisneria.americana",0.00316455696202532,1,0.64008,0.00302114803625378,662,632,242,0.00826446280991736
"2010-08-02","dustin","madison","7004400","potamogeton.richardsonii",0.0363924050632911,1,0.762,0.0347432024169184,662,632,242,0.0950413223140496
"2010-08-02","dustin","madison","7004400","spirodela.polyrhiza",0.00316455696202532,1,0.97536,0.00302114803625378,662,632,242,0.00826446280991736
"2010-08-02","dustin","madison","7004400","elodea.canadensis",0.0142405063291139,1,0.70104,0.013595166163142,662,632,242,0.0371900826446281
"2010-08-02","dustin","madison","7004400","chara.spp",0.0791139240506329,1,2.46888,0.0755287009063444,662,632,242,0.202479338842975
"2010-08-02","dustin","madison","7004400","stuckenia.pectinata",0.0838607594936709,1,1.43256,0.0800604229607251,662,632,242,0.214876033057851
"2010-08-02","dustin","madison","7004400","najas.spp",0.0901898734177215,1,2.22504,0.0861027190332326,662,632,242,0.214876033057851
"2010-08-02","dustin","madison","7004400","lemna.minor",0.0110759493670886,1,0.97536,0.0105740181268882,662,632,242,0.0289256198347107
"2010-08-02","dustin","madison","7004400","myriophyllum.sibiricum",0.0395569620253165,1,2.04216,0.0377643504531722,662,632,242,0.0785123966942149
"2010-08-02","dustin","madison","7004400","heteranthera.dubia",0.00474683544303797,1,1.43256,0.00453172205438067,662,632,242,0.00826446280991736
"2010-08-02","dustin","madison","7004400","nymphaea.spp",0.00474683544303797,1,0.97536,0.00453172205438067,662,632,242,0.012396694214876
"2010-08-02","dustin","madison","7004400","typha.spp",0.0189873417721519,1,0.67056,0.0181268882175227,662,632,242,0.0495867768595041
"2010-08-02","dustin","madison","7004400","phalaris.arundinacea",0.00474683544303797,1,0.6096,0.00453172205438067,662,632,242,0.012396694214876
"2010-08-02","dustin","madison","7004400","zannichellia.palustris",0.00158227848101266,1,0.1524,0.00151057401812689,662,632,242,0.00413223140495868
"2010-08-02","dustin","madison","7004400","potamogeton.zosterifomis",0.0205696202531646,1,1.73736,0.0196374622356495,662,632,242,0.0454545454545455
"2010-08-02","dustin","madison","7004400","schoenoplectus.acutus",0.00632911392405063,1,0.67056,0.00604229607250755,662,632,242,0.0165289256198347
"2010-08-02","dustin","madison","7004400","potamogeton.natans",0.0174050632911392,1,0.9144,0.0166163141993958,662,632,242,0.0454545454545455
"2010-08-02","dustin","madison","7004400","potamogeton.narrow",0.00791139240506329,1,1.28016,0.00755287009063444,662,632,242,0.0206611570247934
"2010-08-02","dustin","madison","7004400","scirpus.spp",0.00316455696202532,1,0.6096,0.00302114803625378,662,632,242,0.00826446280991736
"2010-08-02","dustin","madison","7004400","sagittaria.spp",0.00316455696202532,1,0.6096,0.00302114803625378,662,632,242,0.00826446280991736
"2010-08-02","dustin","madison","7004400","sparganium.spp",0.00316455696202532,1,0.6096,0.00302114803625378,662,632,242,0.00826446280991736
"2010-08-02","dustin","madison","7004400","schoenoplectus.fluvatilis",0.00949367088607595,1,0.6096,0.00906344410876133,662,632,242,0.0247933884297521
"2010-08-02","dustin","madison","7004400","impatiens.spp",0.00316455696202532,1,0.3048,0.00302114803625378,662,632,242,0.00826446280991736
"2010-08-02","dustin","peltier","2000400","ceratophyllum.demersum",0.575757575757576,1,2.5908,0.575757575757576,297,297,277,0.617328519855596
"2010-08-02","dustin","peltier","2000400","potamogeton.crispus",0.0707070707070707,1,2.4384,0.0707070707070707,297,297,277,0.075812274368231
"2010-08-02","dustin","peltier","2000400","myriophyllum.spicatum",0.0202020202020202,1,1.12776,0.0202020202020202,297,297,277,0.0216606498194946
"2010-08-02","dustin","peltier","2000400","elodea.canadensis",0.195286195286195,1,1.49352,0.195286195286195,297,297,277,0.209386281588448
"2010-08-02","dustin","peltier","2000400","stuckenia.pectinata",0.037037037037037,1,1.0668,0.037037037037037,297,297,277,0.0397111913357401
"2010-08-02","dustin","peltier","2000400","lemna.minor",0.0976430976430976,1,1.524,0.0976430976430976,297,297,277,0.104693140794224
"2010-08-02","dustin","peltier","2000400","lemna.trisulca",0.484848484848485,1,2.77368,0.484848484848485,297,297,277,0.51985559566787
"2010-08-02","dustin","peltier","2000400","ranunculus.aquatilis",0.0808080808080808,1,1.28016,0.0808080808080808,297,297,277,0.0866425992779783
"2010-08-02","dustin","peltier","2000400","myriophyllum.sibiricum",0.0168350168350168,1,1.15824,0.0168350168350168,297,297,277,0.0180505415162455
"2010-08-02","dustin","peltier","2000400","wolffia.spp",0.272727272727273,1,1.524,0.272727272727273,297,297,277,0.292418772563177
"2010-08-02","dustin","peltier","2000400","potamogeton.zosterifomis",0.124579124579125,1,1.46304,0.124579124579125,297,297,277,0.133574007220217
"2010-08-02","dustin","peltier","2000400","schoenoplectus.acutus",0.00336700336700337,1,0.64008,0.00336700336700337,297,297,277,0.0036101083032491
"2010-08-02","dustin","peltier","2000400","potamogeton.narrow",0.00336700336700337,1,0.82296,0.00336700336700337,297,297,277,0.0036101083032491
"2010-08-02","dustin","peltier","2000400","polygonum.spp",0.00673400673400673,1,1.31064,0.00673400673400673,297,297,277,0.0072202166064982
"2010-08-02","newman","susan","10001300","ceratophyllum.demersum",0.448275862068966,2.56410256410256,3.1,0.448275862068966,87,87,40,0.85
"2010-08-02","newman","susan","10001300","potamogeton.crispus",0.0229885057471264,1,0.9,0.0229885057471264,87,87,40,0.05
"2010-08-02","newman","susan","10001300","myriophyllum.spicatum",0.0574712643678161,1.4,2,0.0574712643678161,87,87,40,0.1
"2010-08-02","newman","susan","10001300","elodea.canadensis",0.0229885057471264,1,2,0.0229885057471264,87,87,40,0.025
"2010-08-02","newman","susan","10001300","nymphaea.odorata",0.0574712643678161,1.8,1,0.0574712643678161,87,87,40,0.125
"2010-08-02","newman","susan","10001300","stuckenia.pectinata",0.149425287356322,1.53846153846154,2,0.149425287356322,87,87,40,0.275
"2010-08-02","newman","susan","10001300","potamogeton.pusillus",0.275862068965517,1.41666666666667,2.4,0.275862068965517,87,87,40,0.5
"2010-08-02","newman","susan","10001300","nelumbo.lutea",0.0574712643678161,1.2,1.1,0.0574712643678161,87,87,40,0.125
"2010-08-02","newman","susan","10001300","nuphar.variegata",0.103448275862069,1.88888888888889,1.9,0.103448275862069,87,87,40,0.2
"2010-08-03","dustin","carlos","21005700","ceratophyllum.demersum",0.00195694716242661,1,1.2192,0.00156739811912226,638,511,563,0.00177619893428064
"2010-08-03","dustin","carlos","21005700","najas.flexilis",0.0430528375733855,1,4.2672,0.0344827586206897,638,511,563,0.0390763765541741
"2010-08-03","dustin","carlos","21005700","vallisneria.americana",0.0117416829745597,1,1.8288,0.00940438871473354,638,511,563,0.0106571936056838
"2010-08-03","dustin","carlos","21005700","potamogeton.richardsonii",0.0665362035225049,1,4.8768,0.0564263322884012,638,511,563,0.063943161634103
"2010-08-03","dustin","carlos","21005700","elodea.canadensis",0.0136986301369863,1,6.4008,0.0156739811912226,638,511,563,0.0159857904085258
"2010-08-03","dustin","carlos","21005700","chara.spp",0.553816046966732,1,5.1816,0.446708463949843,638,511,563,0.506216696269982
"2010-08-03","dustin","carlos","21005700","stuckenia.pectinata",0.0195694716242661,1,4.2672,0.0156739811912226,638,511,563,0.0177619893428064
"2010-08-03","dustin","carlos","21005700","utricularia.spp",0.140900195694716,1,4.8768,0.114420062695925,638,511,563,0.129662522202487
"2010-08-03","dustin","carlos","21005700","myriophyllum.sibiricum",0.158512720156556,1,6.4008,0.136363636363636,638,511,563,0.152753108348135
"2010-08-03","dustin","carlos","21005700","nuphar.spp",0.00195694716242661,1,0.9144,0.00156739811912226,638,511,563,0.00177619893428064
"2010-08-03","dustin","carlos","21005700","typha.spp",0.00587084148727984,1,1.2192,0.00470219435736677,638,511,563,0.00532859680284192
"2010-08-03","dustin","carlos","21005700","nitella.spp",0.125244618395303,1,7.0104,0.163009404388715,638,511,563,0.175843694493783
"2010-08-03","dustin","carlos","21005700","potamogeton.praelongus",0.0684931506849315,1,4.2672,0.054858934169279,638,511,563,0.0621669626998224
"2010-08-03","dustin","carlos","21005700","potamogeton.zosterifomis",0.076320939334638,1,6.096,0.0705329153605016,638,511,563,0.0799289520426288
"2010-08-03","dustin","carlos","21005700","schoenoplectus.acutus",0.0332681017612524,1,1.524,0.0266457680250784,638,511,563,0.0301953818827709
"2010-08-03","dustin","carlos","21005700","potamogeton.natans",0.025440313111546,1,3.048,0.0203761755485893,638,511,563,0.0230905861456483
"2010-08-03","dustin","carlos","21005700","potamogeton.narrow",0.00587084148727984,1,2.4384,0.00470219435736677,638,511,563,0.00532859680284192
"2010-08-03","dustin","carlos","21005700","scirpus.spp",0.0469667318982387,1,1.8288,0.0376175548589342,638,511,563,0.0426287744227353
"2010-08-03","dustin","carlos","21005700","lemna.spp",0.00195694716242661,1,1.2192,0.00156739811912226,638,511,563,0.00177619893428064
"2010-08-03","dustin","carlos","21005700","drepanocladus.spp",0.00195694716242661,1,1.524,0.00156739811912226,638,511,563,0.00177619893428064
"2010-08-03","dustin","carlos","21005700","najas.marina",0.00391389432485323,1,1.524,0.00313479623824451,638,511,563,0.00355239786856128
"2010-08-09","dustin","southcenter","13002700","ceratophyllum.demersum",0.358796296296296,1,1.9812,0.32563025210084,476,432,381,0.406824146981627
"2010-08-09","dustin","southcenter","13002700","potamogeton.crispus",0.025462962962963,1,2.5908,0.023109243697479,476,432,381,0.0288713910761155
"2010-08-09","dustin","southcenter","13002700","myriophyllum.spicatum",0.0324074074074074,1,1.46304,0.0294117647058824,476,432,381,0.036745406824147
"2010-08-09","dustin","southcenter","13002700","vallisneria.americana",0.00231481481481481,1,0.54864,0.00210084033613445,476,432,381,0.0026246719160105
"2010-08-09","dustin","southcenter","13002700","potamogeton.richardsonii",0.00462962962962963,1,1.03632,0.00420168067226891,476,432,381,0.005249343832021
"2010-08-09","dustin","southcenter","13002700","elodea.canadensis",0.0555555555555556,1,1.49352,0.0504201680672269,476,432,381,0.062992125984252
"2010-08-09","dustin","southcenter","13002700","nymphaea.odorata",0.0601851851851852,1,1.524,0.0546218487394958,476,432,381,0.068241469816273
"2010-08-09","dustin","southcenter","13002700","najas.spp",0.00462962962962963,1,0.762,0.00420168067226891,476,432,381,0.005249343832021
"2010-08-09","dustin","southcenter","13002700","lemna.minor",0.0763888888888889,1,1.524,0.069327731092437,476,432,381,0.0866141732283465
"2010-08-09","dustin","southcenter","13002700","lemna.trisulca",0.00462962962962963,1,0.64008,0.00420168067226891,476,432,381,0.005249343832021
"2010-08-09","dustin","southcenter","13002700","myriophyllum.sibiricum",0.180555555555556,1,3.6576,0.163865546218487,476,432,381,0.191601049868766
"2010-08-09","dustin","southcenter","13002700","heteranthera.dubia",0.00231481481481481,1,0.3048,0.00210084033613445,476,432,381,0.0026246719160105
"2010-08-09","dustin","southcenter","13002700","wolffia.spp",0.0347222222222222,1,1.524,0.0315126050420168,476,432,381,0.0393700787401575
"2010-08-09","dustin","southcenter","13002700","nuphar.variegata",0.00462962962962963,1,0.67056,0.00420168067226891,476,432,381,0.005249343832021
"2010-08-09","dustin","southcenter","13002700","sagittaria.graminea",0.00231481481481481,1,0.3048,0.00210084033613445,476,432,381,0.0026246719160105
"2010-08-09","dustin","southcenter","13002700","potamogeton.praelongus",0.00231481481481481,1,0.9144,0.00210084033613445,476,432,381,0.0026246719160105
"2010-08-09","dustin","southcenter","13002700","potamogeton.zosterifomis",0.00231481481481481,1,0.9144,0.00210084033613445,476,432,381,0.0026246719160105
"2010-08-09","dustin","southcenter","13002700","potamogeton.robbinsii",0.0324074074074074,1,1.40208,0.0294117647058824,476,432,381,0.036745406824147
"2010-08-09","dustin","southcenter","13002700","schoenoplectus.tabernaemontani",0.00231481481481481,1,0.3048,0.00210084033613445,476,432,381,0.0026246719160105
"2010-08-09","dustin","southcenter","13002700","potamogeton.narrow",0.00231481481481481,1,0.39624,0.00210084033613445,476,432,381,0.0026246719160105
"2010-08-09","dustin","southcenter","13002700","polygonum.spp",0.00231481481481481,1,0.57912,0.00210084033613445,476,432,381,0.0026246719160105
"2010-08-09","dustin","southcenter","13002700","myriophyllum.spp",0.659722222222222,1,4.66344,0.600840336134454,476,432,381,0.73490813648294
"2010-08-09","newman","lucy","10000700","ceratophyllum.demersum",0.625,3.51428571428571,4.4,0.583333333333333,120,112,57,0.964912280701754
"2010-08-09","newman","lucy","10000700","spirodela.polyrhiza",0.0535714285714286,1,1.4,0.05,120,112,57,0.105263157894737
"2010-08-09","newman","lucy","10000700","elodea.canadensis",0.0982142857142857,1.27272727272727,1.8,0.0916666666666667,120,112,57,0.175438596491228
"2010-08-09","newman","lucy","10000700","nymphaea.odorata",0.294642857142857,2.66666666666667,1.7,0.275,120,112,57,0.56140350877193
"2010-08-09","newman","lucy","10000700","chara.spp",0.0803571428571429,3.66666666666667,1.2,0.075,120,112,57,0.157894736842105
"2010-08-09","newman","lucy","10000700","stuckenia.pectinata",0.00892857142857143,2,0.3,0.00833333333333333,120,112,57,0.0175438596491228
"2010-08-09","newman","lucy","10000700","lemna.trisulca",0.446428571428571,1.12,4,0.416666666666667,120,112,57,0.771929824561403
"2010-08-09","newman","lucy","10000700","myriophyllum.sibiricum",0.0357142857142857,1,2,0.0333333333333333,120,112,57,0.0526315789473684
"2010-08-09","newman","lucy","10000700","heteranthera.dubia",0.00892857142857143,1,0.8,0.00833333333333333,120,112,57,0.0175438596491228
"2010-08-09","newman","lucy","10000700","wolffia.columbiana",0.0982142857142857,1,1.4,0.0916666666666667,120,112,57,0.192982456140351
"2010-08-09","newman","lucy","10000700","nuphar.variegata",0.0267857142857143,2.33333333333333,0.9,0.025,120,112,57,0.0526315789473684
"2010-08-09","newman","lucy","10000700","utricularia.vulgaris",0.357142857142857,1.8,2.1,0.333333333333333,120,112,57,0.666666666666667
"2010-08-19","mccomas","clearw","82016300","algae.filamentous",0.00943396226415094,1,1.2192,0.0087719298245614,114,106,107,0.00934579439252336
"2010-08-19","mccomas","clearw","82016300","ceratophyllum.demersum",0.0754716981132075,2.625,2.4384,0.0701754385964912,114,106,107,0.0747663551401869
"2010-08-19","mccomas","clearw","82016300","potamogeton.crispus",0.0188679245283019,1,1.6764,0.0175438596491228,114,106,107,0.0186915887850467
"2010-08-19","mccomas","clearw","82016300","myriophyllum.spicatum",0.386792452830189,2.24390243902439,3.6576,0.359649122807018,114,106,107,0.383177570093458
"2010-08-19","mccomas","clearw","82016300","nymphaea.odorata",0.0849056603773585,1.44444444444444,1.2192,0.0789473684210526,114,106,107,0.0841121495327103
"2010-08-19","mccomas","clearw","82016300","stuckenia.pectinata",0.0849056603773585,1,1.8288,0.0789473684210526,114,106,107,0.0841121495327103
"2010-08-19","mccomas","clearw","82016300","najas.spp",0.311320754716981,2.18181818181818,1.6764,0.289473684210526,114,106,107,0.308411214953271
"2010-08-19","mccomas","clearw","82016300","potamogeton.zosteriformis",0.00943396226415094,1,1.0668,0.0087719298245614,114,106,107,0.00934579439252336
"2010-08-19","mccomas","clearw","82016300","nuphar.variegata",0.0377358490566038,2,0.9144,0.0350877192982456,114,106,107,0.0373831775700935
"2010-08-19","mccomas","clearw","82016300","potamogeton.natans",0.0754716981132075,1.625,1.3716,0.0701754385964912,114,106,107,0.0747663551401869
"2010-08-19","mccomas","clearw","82016300","potamogeton.narrow",0.00943396226415094,1,2.286,0.0087719298245614,114,106,107,0.00934579439252336
"2010-08-19","mccomas","clearw","82016300","scirpus.spp",0.00943396226415094,1,1.2192,0.0087719298245614,114,106,107,0.00934579439252336
"2010-08-23","dustin","pearl","73003700","algae.filamentous",0.0124688279301746,1,1.03632,0.0101010101010101,495,401,225,0.0222222222222222
"2010-08-23","dustin","pearl","73003700","ceratophyllum.demersum",0.216957605985037,1,4.96824,0.177777777777778,495,401,225,0.275555555555556
"2010-08-23","dustin","pearl","73003700","potamogeton.crispus",0.00997506234413965,1,2.19456,0.00808080808080808,495,401,225,0.0177777777777778
"2010-08-23","dustin","pearl","73003700","najas.flexilis",0.0723192019950125,1,2.4384,0.0585858585858586,495,401,225,0.128888888888889
"2010-08-23","dustin","pearl","73003700","vallisneria.americana",0.0349127182044888,1,1.6764,0.0282828282828283,495,401,225,0.0622222222222222
"2010-08-23","dustin","pearl","73003700","potamogeton.richardsonii",0.029925187032419,1,2.16408,0.0242424242424242,495,401,225,0.0533333333333333
"2010-08-23","dustin","pearl","73003700","elodea.canadensis",0.00748129675810474,1,1.64592,0.00606060606060606,495,401,225,0.0133333333333333
"2010-08-23","dustin","pearl","73003700","chara.spp",0.533665835411471,1,4.1148,0.432323232323232,495,401,225,0.893333333333333
"2010-08-23","dustin","pearl","73003700","stuckenia.pectinata",0.0448877805486284,1,3.2004,0.0363636363636364,495,401,225,0.0755555555555556
"2010-08-23","dustin","pearl","73003700","lemna.trisulca",0.00249376558603491,1,1.43256,0.00202020202020202,495,401,225,0.00444444444444444
"2010-08-23","dustin","pearl","73003700","myriophyllum.sibiricum",0.0448877805486284,1,4.96824,0.0383838383838384,495,401,225,0.0755555555555556
"2010-08-23","dustin","pearl","73003700","heteranthera.dubia",0.00748129675810474,1,1.43256,0.00606060606060606,495,401,225,0.0133333333333333
"2010-08-23","dustin","pearl","73003700","nymphaea.spp",0.00249376558603491,1,0.6096,0.00202020202020202,495,401,225,0.00444444444444444
"2010-08-23","dustin","pearl","73003700","typha.spp",0.00997506234413965,1,0.1524,0.00808080808080808,495,401,225,0.0177777777777778
"2010-08-23","dustin","pearl","73003700","potamogeton.amplifolius",0.00498753117206983,1,0.94488,0.00404040404040404,495,401,225,0.00888888888888889
"2010-08-23","dustin","pearl","73003700","potamogeton.illinoensis",0.057356608478803,1,3.32232,0.0464646464646465,495,401,225,0.0977777777777778
"2010-08-23","dustin","pearl","73003700","potamogeton.praelongus",0.0473815461346633,1,3.71856,0.0383838383838384,495,401,225,0.0622222222222222
"2010-08-23","dustin","pearl","73003700","potamogeton.zosterifomis",0.0199501246882793,1,4.35864,0.0161616161616162,495,401,225,0.0177777777777778
"2010-08-23","dustin","pearl","73003700","potamogeton.friesii",0.00249376558603491,1,1.43256,0.00202020202020202,495,401,225,0.00444444444444444
"2010-08-23","dustin","pearl","73003700","scirpus.spp",0.0249376558603491,1,1.34112,0.0202020202020202,495,401,225,0.0444444444444444
"2010-08-23","dustin","pearl","73003700","sagittaria.spp",0.00249376558603491,1,0.4572,0.00202020202020202,495,401,225,0.00444444444444444
"2010-08-23","dustin","pearl","73003700","sagittaria.rigida",0.00249376558603491,1,0.6096,0.00202020202020202,495,401,225,0.00444444444444444
"2010-08-25","mccomas","gleason","27009500","algae.filamentous",0.0327868852459016,2,2.4384,0.0327868852459016,61,61,57,0.0350877192982456
"2010-08-25","mccomas","gleason","27009500","ceratophyllum.demersum",0.704918032786885,4.02325581395349,2.4384,0.704918032786885,61,61,57,0.754385964912281
"2010-08-25","mccomas","gleason","27009500","nymphaea.odorata",0.360655737704918,3.04545454545455,2.4384,0.360655737704918,61,61,57,0.385964912280702
"2010-08-25","mccomas","gleason","27009500","elodea.spp",0.131147540983607,1.375,2.1336,0.131147540983607,61,61,57,0.140350877192982
"2010-08-25","mccomas","gleason","27009500","wolffia.spp",0.229508196721311,3.07142857142857,2.4384,0.229508196721311,61,61,57,0.245614035087719
"2010-08-25","mccomas","gleason","27009500","lemnaceae",0.19672131147541,1.33333333333333,2.4384,0.19672131147541,61,61,57,0.210526315789474
"2010-08-25","sblood","kohlman","62000600","ceratophyllum.demersum",0.614285714285714,2.81395348837209,2.22504,0.614285714285714,140,140,140,0.614285714285714
"2010-08-25","sblood","kohlman","62000600","potamogeton.crispus",0.0142857142857143,1,0.79248,0.0142857142857143,140,140,140,0.0142857142857143
"2010-08-25","sblood","kohlman","62000600","myriophyllum.spicatum",0.185714285714286,1.30769230769231,2.49936,0.185714285714286,140,140,140,0.185714285714286
"2010-08-25","sblood","kohlman","62000600","potamogeton.foliosus",0.0142857142857143,2.5,1.24968,0.0142857142857143,140,140,140,0.0142857142857143
"2010-08-25","sblood","kohlman","62000600","spirodela.polyrhiza",0.185714285714286,1.03846153846154,0.9144,0.185714285714286,140,140,140,0.185714285714286
"2010-08-25","sblood","kohlman","62000600","elodea.canadensis",0.385714285714286,1.61111111111111,2.46888,0.385714285714286,140,140,140,0.385714285714286
"2010-08-25","sblood","kohlman","62000600","nymphaea.odorata",0.378571428571429,4.07547169811321,1.43256,0.378571428571429,140,140,140,0.378571428571429
"2010-08-25","sblood","kohlman","62000600","stuckenia.pectinata",0.0785714285714286,1.18181818181818,1.9812,0.0785714285714286,140,140,140,0.0785714285714286
"2010-08-25","sblood","kohlman","62000600","najas.spp",0.0142857142857143,1,1.24968,0.0142857142857143,140,140,140,0.0142857142857143
"2010-08-25","sblood","kohlman","62000600","lemna.minor",0.292857142857143,2.4390243902439,1.2192,0.292857142857143,140,140,140,0.292857142857143
"2010-08-25","sblood","kohlman","62000600","lemna.trisulca",0.00714285714285714,1,0.3048,0.00714285714285714,140,140,140,0.00714285714285714
"2010-08-25","sblood","kohlman","62000600","potamogeton.zosteriformis",0.0214285714285714,1.33333333333333,0.85344,0.0214285714285714,140,140,140,0.0214285714285714
"2010-08-25","sblood","kohlman","62000600","potamogeton.pusillus",0.0642857142857143,1,2.16408,0.0642857142857143,140,140,140,0.0642857142857143
"2010-08-25","sblood","kohlman","62000600","wolffia.columbiana",0.0214285714285714,3.33333333333333,0.4572,0.0214285714285714,140,140,140,0.0214285714285714
"2010-08-25","sblood","kohlman","62000600","algae",0.0428571428571429,2,1.88976,0.0428571428571429,140,140,140,0.0428571428571429
"2010-08-25","sblood","kohlman","62000600","nuphar.advena",0.00714285714285714,2,0.88392,0.00714285714285714,140,140,140,0.00714285714285714
"2010-08-26","brasch","medicine","27010400","algae.filamentous",0.0645161290322581,1.5,1.4,0.0517241379310345,116,93,67,0.0895522388059701
"2010-08-26","brasch","medicine","27010400","ceratophyllum.demersum",0.408602150537634,1.52631578947368,2.5,0.327586206896552,116,93,67,0.522388059701492
"2010-08-26","brasch","medicine","27010400","myriophyllum.spicatum",0.0645161290322581,1.33333333333333,2.5,0.0517241379310345,116,93,67,0.0597014925373134
"2010-08-26","brasch","medicine","27010400","najas.flexilis",0.021505376344086,1.5,0.5,0.0172413793103448,116,93,67,0.0298507462686567
"2010-08-26","brasch","medicine","27010400","vallisneria.americana",0.236559139784946,1.40909090909091,2,0.189655172413793,116,93,67,0.328358208955224
"2010-08-26","brasch","medicine","27010400","potamogeton.richardsonii",0.010752688172043,1,1.7,0.00862068965517241,116,93,67,0.0149253731343284
"2010-08-26","brasch","medicine","27010400","elodea.canadensis",0.021505376344086,1.5,0.8,0.0172413793103448,116,93,67,0.0298507462686567
"2010-08-26","brasch","medicine","27010400","nymphaea.odorata",0.0752688172043011,2.42857142857143,2.1,0.0603448275862069,116,93,67,0.104477611940299
"2010-08-26","brasch","medicine","27010400","chara.spp",0.150537634408602,2.28571428571429,0.9,0.120689655172414,116,93,67,0.208955223880597
"2010-08-26","brasch","medicine","27010400","stuckenia.pectinata",0.053763440860215,1,1,0.0431034482758621,116,93,67,0.0746268656716418
"2010-08-26","brasch","medicine","27010400","lemna.trisulca",0.0967741935483871,1.11111111111111,2.5,0.0775862068965517,116,93,67,0.119402985074627
"2010-08-26","brasch","medicine","27010400","myriophyllum.sibiricum",0.021505376344086,1,0.7,0.0172413793103448,116,93,67,0.0298507462686567
"2010-08-26","brasch","medicine","27010400","wolffia.columbiana",0.010752688172043,1,0.5,0.00862068965517241,116,93,67,0.0149253731343284
"2010-08-26","brasch","medicine","27010400","nuphar.advena",0.021505376344086,3,0.6,0.0172413793103448,116,93,67,0.0298507462686567
"2010-08-26","brasch","medicine","27010400","potamogeton.illinoensis",0.010752688172043,1,0.6,0.00862068965517241,116,93,67,0.0149253731343284
"2010-09-17","brasch","rebecca","27019200","algae.filamentous",0.0506329113924051,1.125,1.1,0.0418848167539267,191,158,123,0.0650406504065041
"2010-09-17","brasch","rebecca","27019200","ceratophyllum.demersum",0.113924050632911,1.72222222222222,1.3,0.0942408376963351,191,158,123,0.146341463414634
"2010-09-17","brasch","rebecca","27019200","myriophyllum.spicatum",0.0443037974683544,1.42857142857143,1.3,0.0366492146596859,191,158,123,0.0569105691056911
"2010-09-17","brasch","rebecca","27019200","nymphaea.odorata",0.0569620253164557,2.22222222222222,1.1,0.0471204188481675,191,158,123,0.0731707317073171
"2010-09-17","brasch","rebecca","27019200","chara.spp",0.00632911392405063,1,0.6,0.00523560209424084,191,158,123,0.00813008130081301
"2010-09-17","brasch","rebecca","27019200","lemna.trisulca",0.00632911392405063,1,1.1,0.00523560209424084,191,158,123,0.00813008130081301
"2010-09-17","brasch","rebecca","27019200","nuphar.variegata",0.0126582278481013,2.5,1.1,0.0104712041884817,191,158,123,0.016260162601626
"2010-09-20","newman","susan","10001300","ceratophyllum.demersum",0.336,2.78571428571429,4.2,0.287671232876712,146,125,39,0.897435897435897
"2010-09-20","newman","susan","10001300","potamogeton.crispus",0.064,1.375,2,0.0547945205479452,146,125,39,0.179487179487179
"2010-09-20","newman","susan","10001300","myriophyllum.spicatum",0.088,1.72727272727273,1.1,0.0753424657534247,146,125,39,0.282051282051282
"2010-09-20","newman","susan","10001300","elodea.canadensis",0.016,1.5,0.7,0.0136986301369863,146,125,39,0.0512820512820513
"2010-09-20","newman","susan","10001300","nymphaea.odorata",0.064,2.125,1.1,0.0547945205479452,146,125,39,0.205128205128205
"2010-09-20","newman","susan","10001300","stuckenia.pectinata",0.056,1.42857142857143,0.7,0.0479452054794521,146,125,39,0.179487179487179
"2010-09-20","newman","susan","10001300","potamogeton.pusillus",0.064,1.375,1.5,0.0547945205479452,146,125,39,0.205128205128205
"2010-09-20","newman","susan","10001300","nelumbo.lutea",0.064,1,1.5,0.0547945205479452,146,125,39,0.205128205128205
"2010-09-20","newman","susan","10001300","nuphar.variegata",0.04,2.2,1,0.0342465753424658,146,125,39,0.128205128205128
"2010-09-21","brasch","cleary","70002200","algae.filamentous",0.08,1.66666666666667,1.7,0.08,75,75,75,0.08
"2010-09-21","brasch","cleary","70002200","ceratophyllum.demersum",0.493333333333333,3.62162162162162,2.1,0.493333333333333,75,75,75,0.493333333333333
"2010-09-21","brasch","cleary","70002200","potamogeton.crispus",0.16,1,2.4,0.16,75,75,75,0.16
"2010-09-21","brasch","cleary","70002200","potamogeton.foliosus",0.12,1.44444444444444,1.3,0.12,75,75,75,0.12
"2010-09-21","brasch","cleary","70002200","najas.flexilis",0.0133333333333333,3,1.2,0.0133333333333333,75,75,75,0.0133333333333333
"2010-09-21","brasch","cleary","70002200","elodea.canadensis",0.186666666666667,1.35714285714286,2,0.186666666666667,75,75,75,0.186666666666667
"2010-09-21","brasch","cleary","70002200","nymphaea.odorata",0.0266666666666667,1,1.2,0.0266666666666667,75,75,75,0.0266666666666667
"2010-09-21","brasch","cleary","70002200","chara.spp",0.0266666666666667,2,1.7,0.0266666666666667,75,75,75,0.0266666666666667
"2010-09-21","brasch","cleary","70002200","stuckenia.pectinata",0.0266666666666667,1,1.2,0.0266666666666667,75,75,75,0.0266666666666667
"2010-09-21","brasch","cleary","70002200","lemna.trisulca",0.386666666666667,1.58620689655172,2.1,0.386666666666667,75,75,75,0.386666666666667
"2010-09-21","brasch","cleary","70002200","potamogeton.zosteriformis",0.04,1,1.1,0.04,75,75,75,0.04
"2010-09-21","brasch","cleary","70002200","nitella.spp",0.04,1,1.4,0.04,75,75,75,0.04
"2010-09-21","brasch","cleary","70002200","stuckenia.filiformis",0.0133333333333333,1,1.2,0.0133333333333333,75,75,75,0.0133333333333333
"2011-04-25","sblood","kohlman","62000600","ceratophyllum.demersum",0.385714285714286,1.59259259259259,2.1336,0.385714285714286,140,140,140,0.385714285714286
"2011-04-25","sblood","kohlman","62000600","potamogeton.crispus",0.0214285714285714,1,2.25552,0.0214285714285714,140,140,140,0.0214285714285714
"2011-04-25","sblood","kohlman","62000600","myriophyllum.spicatum",0.135714285714286,1.05263157894737,2.7432,0.135714285714286,140,140,140,0.135714285714286
"2011-04-25","sblood","kohlman","62000600","elodea.canadensis",0.335714285714286,1.74468085106383,2.80416,0.335714285714286,140,140,140,0.335714285714286
"2011-04-25","sblood","kohlman","62000600","nymphaea.odorata",0.0285714285714286,1,0.88392,0.0285714285714286,140,140,140,0.0285714285714286
"2011-04-25","sblood","kohlman","62000600","lemna.trisulca",0.00714285714285714,1,2.80416,0.00714285714285714,140,140,140,0.00714285714285714
"2011-04-27","mccomas","gleason","27009500","algae.filamentous",0.12,1.6,2.1336,0.12,125,125,94,0.159574468085106
"2011-04-27","mccomas","gleason","27009500","ceratophyllum.demersum",0.528,2.33333333333333,2.7432,0.528,125,125,94,0.702127659574468
"2011-04-27","mccomas","gleason","27009500","potamogeton.crispus",0.096,1.33333333333333,3.048,0.096,125,125,94,0.117021276595745
"2011-04-27","mccomas","gleason","27009500","elodea.spp",0.08,1.2,1.8288,0.08,125,125,94,0.106382978723404
"2011-05-02","mccomas","reshanau","02000900","potamogeton.crispus",0.646153846153846,1.64285714285714,3.048,0.646153846153846,130,130,3,0.666666666666667
"2011-05-02","mccomas","reshanau","02000900","elodea.spp",0.0461538461538462,1.16666666666667,2.4384,0.0461538461538462,130,130,3,0.333333333333333
"2011-05-23","dustin","peltier","2000400","algae.filamentous",0.101351351351351,1,1.79832,0.101351351351351,296,296,261,0.114942528735632
"2011-05-23","dustin","peltier","2000400","ceratophyllum.demersum",0.439189189189189,1,2.98704,0.439189189189189,296,296,261,0.498084291187739
"2011-05-23","dustin","peltier","2000400","potamogeton.crispus",0.280405405405405,1,2.98704,0.280405405405405,296,296,261,0.318007662835249
"2011-05-23","dustin","peltier","2000400","myriophyllum.spicatum",0.0101351351351351,1,1.43256,0.0101351351351351,296,296,261,0.0114942528735632
"2011-05-23","dustin","peltier","2000400","elodea.canadensis",0.125,1,2.46888,0.125,296,296,261,0.14176245210728
"2011-05-23","dustin","peltier","2000400","stuckenia.pectinata",0.00337837837837838,1,0.57912,0.00337837837837838,296,296,261,0.00383141762452107
"2011-05-23","dustin","peltier","2000400","lemna.minor",0.0168918918918919,1,1.76784,0.0168918918918919,296,296,261,0.0191570881226054
"2011-05-23","dustin","peltier","2000400","lemna.trisulca",0.422297297297297,1,2.1336,0.422297297297297,296,296,261,0.478927203065134
"2011-05-23","dustin","peltier","2000400","myriophyllum.sibiricum",0.0439189189189189,1,1.88976,0.0439189189189189,296,296,261,0.0498084291187739
"2011-05-23","dustin","peltier","2000400","wolffia.spp",0.0101351351351351,1,1.73736,0.0101351351351351,296,296,261,0.0114942528735632
"2011-05-23","dustin","peltier","2000400","potamogeton.zosterifomis",0.0641891891891892,1,1.76784,0.0641891891891892,296,296,261,0.0727969348659004
"2011-05-23","dustin","peltier","2000400","potamogeton.narrow",0.199324324324324,1,1.85928,0.199324324324324,296,296,261,0.226053639846743
"2011-05-23","dustin","peltier","2000400","ranunculus.spp",0.0101351351351351,1,1.15824,0.0101351351351351,296,296,261,0.0114942528735632
"2011-05-24","newman","susan","10001300","ceratophyllum.demersum",0.389473684210526,1.97674418604651,5.2,0.294520547945205,146,95,38,0.736842105263158
"2011-05-24","newman","susan","10001300","potamogeton.crispus",0.284210526315789,2.41379310344828,5,0.198630136986301,146,95,38,0.552631578947368
"2011-05-24","newman","susan","10001300","myriophyllum.spicatum",0.105263157894737,1.8,1.3,0.0684931506849315,146,95,38,0.263157894736842
"2011-05-24","newman","susan","10001300","elodea.canadensis",0.115789473684211,1.18181818181818,3.2,0.0753424657534247,146,95,38,0.210526315789474
"2011-05-24","newman","susan","10001300","nymphaea.odorata",0.0736842105263158,1,1.2,0.0479452054794521,146,95,38,0.184210526315789
"2011-05-24","newman","susan","10001300","stuckenia.pectinata",0.105263157894737,1,1.7,0.0684931506849315,146,95,38,0.263157894736842
"2011-05-24","newman","susan","10001300","potamogeton.pusillus",0.136842105263158,1.21428571428571,5,0.0958904109589041,146,95,38,0.289473684210526
"2011-05-24","newman","susan","10001300","nuphar.variegata",0.0105263157894737,1,0.8,0.00684931506849315,146,95,38,0.0263157894736842
"2011-05-31","dustin","southcenter","13002700","algae.filamentous",0.0744186046511628,1,2.77368,0.0647773279352227,494,430,361,0.0886426592797784
"2011-05-31","dustin","southcenter","13002700","ceratophyllum.demersum",0.376744186046512,1,3.71856,0.327935222672065,494,430,361,0.434903047091413
"2011-05-31","dustin","southcenter","13002700","potamogeton.crispus",0.52093023255814,1,4.7244,0.45748987854251,494,430,361,0.470914127423823
"2011-05-31","dustin","southcenter","13002700","myriophyllum.spicatum",0.0116279069767442,1,2.1336,0.0101214574898785,494,430,361,0.0138504155124654
"2011-05-31","dustin","southcenter","13002700","elodea.canadensis",0.0232558139534884,1,2.25552,0.0202429149797571,494,430,361,0.0277008310249308
"2011-05-31","dustin","southcenter","13002700","lemna.minor",0.027906976744186,1,1.88976,0.0242914979757085,494,430,361,0.0332409972299169
"2011-05-31","dustin","southcenter","13002700","myriophyllum.sibiricum",0.169767441860465,1,4.7244,0.149797570850202,494,430,361,0.182825484764543
"2011-05-31","dustin","southcenter","13002700","heteranthera.dubia",0.00232558139534884,1,1.18872,0.00202429149797571,494,430,361,0.00277008310249307
"2011-05-31","dustin","southcenter","13002700","nymphaea.spp",0.0930232558139535,1,1.8288,0.0809716599190283,494,430,361,0.110803324099723
"2011-05-31","dustin","southcenter","13002700","eleocharis.spp",0.0186046511627907,1,0.97536,0.0161943319838057,494,430,361,0.0221606648199446
"2011-05-31","dustin","southcenter","13002700","typha.spp",0.027906976744186,1,1.31064,0.0242914979757085,494,430,361,0.0332409972299169
"2011-05-31","dustin","southcenter","13002700","phalaris.arundinacea",0.00232558139534884,1,0.9144,0.00202429149797571,494,430,361,0.00277008310249307
"2011-05-31","dustin","southcenter","13002700","nitella.spp",0.00232558139534884,1,2.16408,0.00202429149797571,494,430,361,0.00277008310249307
"2011-05-31","dustin","southcenter","13002700","zizania.spp",0.00232558139534884,1,0.67056,0.00202429149797571,494,430,361,0.00277008310249307
"2011-05-31","dustin","southcenter","13002700","potamogeton.robbinsii",0.0116279069767442,1,1.95072,0.0101214574898785,494,430,361,0.0138504155124654
"2011-05-31","dustin","southcenter","13002700","sparganium.eurycarpum",0.0255813953488372,1,1.31064,0.0222672064777328,494,430,361,0.0304709141274238
"2011-05-31","dustin","southcenter","13002700","sparganium.fluctuans",0.00232558139534884,1,0.67056,0.00202429149797571,494,430,361,0.00277008310249307
"2011-05-31","dustin","southcenter","13002700","myriophyllum.spp",0.576744186046512,1,3.90144,0.502024291497976,494,430,361,0.642659279778393
"2011-05-31","dustin","southcenter","13002700","schoenoplectus.fluvatilis",0.00232558139534884,1,0.67056,0.00202429149797571,494,430,361,0.00277008310249307
"2011-06-01","dustin","hill","1014200","algae.filamentous",0.0297619047619048,1,3.6576,0.0186567164179104,268,168,257,0.0194552529182879
"2011-06-01","dustin","hill","1014200","potamogeton.crispus",0.0476190476190476,1,3.6576,0.0298507462686567,268,168,257,0.0311284046692607
"2011-06-01","dustin","stjames","83004300","algae.filamentous",0.821192052980132,1,4.02336,0.821192052980132,151,151,118,0.906779661016949
"2011-06-01","dustin","stjames","83004300","ceratophyllum.demersum",0.814569536423841,1,4.02336,0.814569536423841,151,151,118,0.872881355932203
"2011-06-01","dustin","stjames","83004300","potamogeton.crispus",0.0463576158940397,1,3.56616,0.0463576158940397,151,151,118,0.0338983050847458
"2011-06-01","dustin","stjames","83004300","najas.flexilis",0.0662251655629139,1,2.22504,0.0662251655629139,151,151,118,0.0847457627118644
"2011-06-01","dustin","stjames","83004300","potamogeton.richardsonii",0.0728476821192053,1,2.01168,0.0728476821192053,151,151,118,0.0932203389830508
"2011-06-01","dustin","stjames","83004300","stuckenia.pectinata",0.105960264900662,1,1.76784,0.105960264900662,151,151,118,0.135593220338983
"2011-06-01","dustin","stjames","83004300","myriophyllum.sibiricum",0.218543046357616,1,3.99288,0.218543046357616,151,151,118,0.245762711864407
"2011-06-01","dustin","stjames","83004300","typha.spp",0.0463576158940397,1,0.85344,0.0463576158940397,151,151,118,0.0593220338983051
"2011-06-01","dustin","stjames","83004300","potamogeton.zosterifomis",0.0397350993377483,1,2.07264,0.0397350993377483,151,151,118,0.0508474576271186
"2011-06-01","dustin","stjames","83004300","lemna.spp",0.0264900662251656,1,1.09728,0.0264900662251656,151,151,118,0.0338983050847458
"2011-06-01","dustin","stolaf","81000300","algae.filamentous",0.425531914893617,1,0.85344,0.266666666666667,75,47,42,0.476190476190476
"2011-06-01","dustin","stolaf","81000300","ceratophyllum.demersum",0.0638297872340425,1,2.37744,0.04,75,47,42,0.0714285714285714
"2011-06-01","dustin","stolaf","81000300","potamogeton.crispus",0.127659574468085,1,2.37744,0.08,75,47,42,0.142857142857143
"2011-06-01","dustin","stolaf","81000300","najas.flexilis",0.0851063829787234,1,1.8288,0.0533333333333333,75,47,42,0.0952380952380952
"2011-06-01","dustin","stolaf","81000300","myriophyllum.sibiricum",0.0638297872340425,1,1.8288,0.04,75,47,42,0.0714285714285714
"2011-06-01","dustin","stolaf","81000300","nymphaea.spp",0.0851063829787234,1,0.64008,0.0533333333333333,75,47,42,0.0952380952380952
"2011-06-01","dustin","stolaf","81000300","potamogeton.zosterifomis",0.0851063829787234,1,2.56032,0.0533333333333333,75,47,42,0.0952380952380952
"2011-06-03","brasch","hyland","27004800","algae.filamentous",0.217741935483871,2.55555555555556,1.73736,0.217741935483871,124,124,45,0.6
"2011-06-03","brasch","hyland","27004800","potamogeton.crispus",0.806451612903226,1.97,3.47472,0.806451612903226,124,124,45,0.977777777777778
"2011-06-03","brasch","hyland","27004800","stuckenia.pectinata",0.032258064516129,1.5,1.24968,0.032258064516129,124,124,45,0.0888888888888889
"2011-06-06","dustin","portage","29025000","algae.filamentous",0.097972972972973,1,3.62712,0.097972972972973,296,296,164,0.103658536585366
"2011-06-06","dustin","portage","29025000","ceratophyllum.demersum",0.148648648648649,1,3.62712,0.148648648648649,296,296,164,0.231707317073171
"2011-06-06","dustin","portage","29025000","potamogeton.crispus",0.0202702702702703,1,2.286,0.0202702702702703,296,296,164,0.0365853658536585
"2011-06-06","dustin","portage","29025000","elodea.canadensis",0.0304054054054054,1,2.1336,0.0304054054054054,296,296,164,0.0548780487804878
"2011-06-06","dustin","portage","29025000","chara.spp",0.574324324324324,1,3.6576,0.574324324324324,296,296,164,0.932926829268293
"2011-06-06","dustin","portage","29025000","stuckenia.pectinata",0.0405405405405405,1,1.28016,0.0405405405405405,296,296,164,0.0731707317073171
"2011-06-06","dustin","portage","29025000","lemna.trisulca",0.0304054054054054,1,3.2004,0.0304054054054054,296,296,164,0.0426829268292683
"2011-06-06","dustin","portage","29025000","myriophyllum.sibiricum",0.0202702702702703,1,2.10312,0.0202702702702703,296,296,164,0.0365853658536585
"2011-06-06","dustin","portage","29025000","heteranthera.dubia",0.0236486486486486,1,1.8288,0.0236486486486486,296,296,164,0.0426829268292683
"2011-06-06","dustin","portage","29025000","nymphaea.spp",0.00675675675675676,1,0.4572,0.00675675675675676,296,296,164,0.0121951219512195
"2011-06-06","dustin","portage","29025000","nuphar.spp",0.168918918918919,1,1.34112,0.168918918918919,296,296,164,0.304878048780488
"2011-06-06","dustin","portage","29025000","typha.spp",0.0101351351351351,1,0.3048,0.0101351351351351,296,296,164,0.0182926829268293
"2011-06-06","dustin","portage","29025000","potamogeton.zosterifomis",0.0844594594594595,1,3.10896,0.0844594594594595,296,296,164,0.128048780487805
"2011-06-06","dustin","portage","29025000","utricularia.vulgaris",0.097972972972973,1,2.4384,0.097972972972973,296,296,164,0.176829268292683
"2011-06-06","dustin","portage","29025000","zizania.spp",0.00675675675675676,1,0.4572,0.00675675675675676,296,296,164,0.0121951219512195
"2011-06-06","dustin","portage","29025000","potamogeton.gramineus",0.0202702702702703,1,1.524,0.0202702702702703,296,296,164,0.0365853658536585
"2011-06-06","dustin","portage","29025000","scirpus.spp",0.0202702702702703,1,0.762,0.0202702702702703,296,296,164,0.0365853658536585
"2011-06-06","dustin","portage","29025000","drepanocladus.spp",0.00675675675675676,1,0.64008,0.00675675675675676,296,296,164,0.0121951219512195
"2011-06-06","dustin","portage","29025000","carex.spp",0.027027027027027,1,1.524,0.027027027027027,296,296,164,0.0487804878048781
"2011-06-07","sblood","kohlman","62000600","algae.filamentous",0.330935251798561,1.84782608695652,2.686812,0.330935251798561,139,139,139,0.330935251798561
"2011-06-07","sblood","kohlman","62000600","ceratophyllum.demersum",0.553956834532374,2.1038961038961,2.8956,0.553956834532374,139,139,139,0.553956834532374
"2011-06-07","sblood","kohlman","62000600","potamogeton.crispus",0.0287769784172662,1.25,2.336292,0.0287769784172662,139,139,139,0.0287769784172662
"2011-06-07","sblood","kohlman","62000600","nymphaea.odorata",0.258992805755396,1.36111111111111,1.26492,0.258992805755396,139,139,139,0.258992805755396
"2011-06-07","sblood","kohlman","62000600","lemna.minor",0.194244604316547,1.22222222222222,1.43256,0.194244604316547,139,139,139,0.194244604316547
"2011-06-07","sblood","kohlman","62000600","lemna.trisulca",0.0143884892086331,1,0.909828,0.0143884892086331,139,139,139,0.0143884892086331
"2011-06-07","sblood","kohlman","62000600","potamogeton.zosteriformis",0.00719424460431655,1,1.397508,0.00719424460431655,139,139,139,0.00719424460431655
"2011-06-07","sblood","kohlman","62000600","potamogeton.pusillus",0.00719424460431655,1,0.96012,0.00719424460431655,139,139,139,0.00719424460431655
"2011-06-07","sblood","kohlman","62000600","algae",0.151079136690647,1.80952380952381,1.43256,0.151079136690647,139,139,139,0.151079136690647
"2011-06-07","sblood","kohlman","62000600","nuphar.advena",0.00719424460431655,1,0.733044,0.00719424460431655,139,139,139,0.00719424460431655
"2011-06-07","sblood","kohlman","62000600","elodea.spp",0.482014388489209,1.65671641791045,2.8956,0.482014388489209,139,139,139,0.482014388489209
"2011-06-09","brasch","sarahe","27019102","algae.filamentous",0.128571428571429,1,2.01168,0.123287671232877,73,70,53,0.150943396226415
"2011-06-09","brasch","sarahe","27019102","ceratophyllum.demersum",0.457142857142857,2.65625,2.71272,0.438356164383562,73,70,53,0.566037735849057
"2011-06-09","brasch","sarahe","27019102","potamogeton.crispus",0.728571428571429,3.01960784313725,3.56616,0.698630136986301,73,70,53,0.773584905660377
"2011-06-09","brasch","sarahe","27019102","myriophyllum.spicatum",0.428571428571429,1.33333333333333,2.46888,0.410958904109589,73,70,53,0.547169811320755
"2011-06-09","brasch","sarahe","27019102","potamogeton.foliosus",0.0857142857142857,1,2.46888,0.0821917808219178,73,70,53,0.0943396226415094
"2011-06-09","brasch","sarahe","27019102","elodea.canadensis",0.0714285714285714,1,2.40792,0.0684931506849315,73,70,53,0.0754716981132075
"2011-06-09","brasch","sarahe","27019102","nymphaea.odorata",0.142857142857143,1,1.28016,0.136986301369863,73,70,53,0.188679245283019
"2011-06-09","brasch","sarahe","27019102","chara.spp",0.0285714285714286,1,1.88976,0.0273972602739726,73,70,53,0.0377358490566038
"2011-06-09","brasch","sarahe","27019102","stuckenia.pectinata",0.0142857142857143,1,0.85344,0.0136986301369863,73,70,53,0.0188679245283019
"2011-06-09","brasch","sarahe","27019102","lemna.trisulca",0.142857142857143,1,1.64592,0.136986301369863,73,70,53,0.188679245283019
"2011-06-09","brasch","sarahe","27019102","potamogeton.zosteriformis",0.0285714285714286,1,0.64008,0.0273972602739726,73,70,53,0.0377358490566038
"2011-06-09","brasch","sarahe","27019102","nuphar.variegata",0.0285714285714286,1,1.0668,0.0273972602739726,73,70,53,0.0377358490566038
"2011-06-09","brasch","sarahw","27019101","algae.filamentous",0.0384615384615385,1.5,1.8,0.0333333333333333,120,104,46,0.0652173913043478
"2011-06-09","brasch","sarahw","27019101","ceratophyllum.demersum",0.182692307692308,2.68421052631579,2.4,0.158333333333333,120,104,46,0.369565217391304
"2011-06-09","brasch","sarahw","27019101","potamogeton.crispus",0.740384615384615,2.92207792207792,4.2,0.641666666666667,120,104,46,0.695652173913043
"2011-06-09","brasch","sarahw","27019101","myriophyllum.spicatum",0.192307692307692,1.9,2.2,0.166666666666667,120,104,46,0.326086956521739
"2011-06-09","brasch","sarahw","27019101","potamogeton.foliosus",0.0192307692307692,1,2,0.0166666666666667,120,104,46,0.0217391304347826
"2011-06-09","brasch","sarahw","27019101","elodea.canadensis",0.0192307692307692,1,1.1,0.0166666666666667,120,104,46,0.0434782608695652
"2011-06-09","brasch","sarahw","27019101","nymphaea.odorata",0.0961538461538462,2.2,2,0.0833333333333333,120,104,46,0.195652173913043
"2011-06-09","brasch","sarahw","27019101","stuckenia.pectinata",0.0192307692307692,1,1,0.0166666666666667,120,104,46,0.0434782608695652
"2011-06-09","brasch","sarahw","27019101","lemna.minor",0.0384615384615385,1.25,1.9,0.0333333333333333,120,104,46,0.0434782608695652
"2011-06-09","brasch","sarahw","27019101","lemna.trisulca",0.0865384615384615,1.33333333333333,2,0.075,120,104,46,0.173913043478261
"2011-06-09","mccomas","round","27007100","algae.filamentous",0.111111111111111,2.33333333333333,1.8288,0.111111111111111,27,27,22,0.136363636363636
"2011-06-09","mccomas","round","27007100","ceratophyllum.demersum",0.814814814814815,2.40909090909091,3.6576,0.814814814814815,27,27,22,0.772727272727273
"2011-06-09","mccomas","round","27007100","potamogeton.crispus",0.111111111111111,1.33333333333333,1.524,0.111111111111111,27,27,22,0.136363636363636
"2011-06-09","mccomas","round","27007100","myriophyllum.spicatum",0.444444444444444,1.41666666666667,3.6576,0.444444444444444,27,27,22,0.454545454545454
"2011-06-09","mccomas","round","27007100","nymphaea.odorata",0.592592592592593,1.4375,2.4384,0.592592592592593,27,27,22,0.727272727272727
"2011-06-09","mccomas","round","27007100","chara.spp",0.0740740740740741,1.5,1.524,0.0740740740740741,27,27,22,0.0909090909090909
"2011-06-09","mccomas","round","27007100","elodea.spp",0.185185185185185,1,1.524,0.185185185185185,27,27,22,0.227272727272727
"2011-06-09","mccomas","round","27007100","potamogeton.narrow",0.259259259259259,1.71428571428571,1.524,0.259259259259259,27,27,22,0.318181818181818
"2011-06-14","brasch","medicine","27010400","algae.filamentous",0.232558139534884,1.45,1.8,0.212765957446809,94,86,68,0.294117647058824
"2011-06-14","brasch","medicine","27010400","ceratophyllum.demersum",0.232558139534884,2,2.5,0.212765957446809,94,86,68,0.264705882352941
"2011-06-14","brasch","medicine","27010400","potamogeton.crispus",0.523255813953488,2.88888888888889,3.4,0.478723404255319,94,86,68,0.573529411764706
"2011-06-14","brasch","medicine","27010400","myriophyllum.spicatum",0.209302325581395,1.44444444444444,2.5,0.191489361702128,94,86,68,0.25
"2011-06-14","brasch","medicine","27010400","potamogeton.foliosus",0.104651162790698,1.33333333333333,2.5,0.0957446808510638,94,86,68,0.117647058823529
"2011-06-14","brasch","medicine","27010400","vallisneria.americana",0.0232558139534884,1,1.5,0.0212765957446809,94,86,68,0.0294117647058824
"2011-06-14","brasch","medicine","27010400","elodea.canadensis",0.0348837209302326,1,1.8,0.0319148936170213,94,86,68,0.0441176470588235
"2011-06-14","brasch","medicine","27010400","nymphaea.odorata",0.0813953488372093,1,2.4,0.074468085106383,94,86,68,0.0882352941176471
"2011-06-14","brasch","medicine","27010400","chara.spp",0.290697674418605,1.44,2.5,0.265957446808511,94,86,68,0.352941176470588
"2011-06-14","brasch","medicine","27010400","stuckenia.pectinata",0.0697674418604651,1.16666666666667,1.8,0.0638297872340425,94,86,68,0.0882352941176471
"2011-06-14","brasch","medicine","27010400","lemna.trisulca",0.0232558139534884,1,1.5,0.0212765957446809,94,86,68,0.0294117647058824
"2011-06-14","brasch","medicine","27010400","potamogeton.zosteriformis",0.0232558139534884,1,1.5,0.0212765957446809,94,86,68,0.0294117647058824
"2011-06-14","brasch","medicine","27010400","nuphar.advena",0.0465116279069767,1.25,1.5,0.0425531914893617,94,86,68,0.0588235294117647
"2011-06-14","brasch","medicine","27010400","potamogeton.natans",0.0232558139534884,1,0.5,0.0212765957446809,94,86,68,0.0294117647058824
"2011-06-14","dustin","pearl","73003700","potamogeton.crispus",0.437956204379562,1,4.69392,0.368951612903226,496,411,244,0.299180327868852
"2011-06-14","mccomas","reshanau","02000900","ceratophyllum.demersum",0.0384615384615385,1.2,2.4384,0.0384615384615385,130,130,2,0.5
"2011-06-14","mccomas","reshanau","02000900","nymphaea.odorata",0.0384615384615385,1,1.8288,0.0384615384615385,130,130,2,0.5
"2011-06-14","mccomas","reshanau","02000900","elodea.spp",0.0846153846153846,1.36363636363636,2.7432,0.0846153846153846,130,130,2,0.5
"2011-06-16","brasch","rebecca","27019200","potamogeton.crispus",0.215686274509804,1.63636363636364,3.4,0.171875,192,153,119,0.277310924369748
"2011-06-16","brasch","rebecca","27019200","myriophyllum.spicatum",0.235294117647059,2.33333333333333,2,0.1875,192,153,119,0.302521008403361
"2011-06-16","brasch","rebecca","27019200","potamogeton.foliosus",0.0065359477124183,2,0.8,0.00520833333333333,192,153,119,0.00840336134453781
"2011-06-16","brasch","rebecca","27019200","nymphaea.odorata",0.0784313725490196,1.83333333333333,1.4,0.0625,192,153,119,0.100840336134454
"2011-06-16","brasch","rebecca","27019200","chara.spp",0.111111111111111,1.82352941176471,2,0.0885416666666667,192,153,119,0.142857142857143
"2011-06-16","brasch","rebecca","27019200","lemna.minor",0.0065359477124183,1,0.9,0.00520833333333333,192,153,119,0.00840336134453781
"2011-06-16","brasch","rebecca","27019200","myriophyllum.sibiricum",0.0130718954248366,1,3.3,0.0104166666666667,192,153,119,0.0168067226890756
"2011-06-16","brasch","rebecca","27019200","heteranthera.dubia",0.0065359477124183,1,1.3,0.00520833333333333,192,153,119,0.00840336134453781
"2011-06-16","brasch","rebecca","27019200","wolffia.spp",0.0915032679738562,1,2,0.0729166666666667,192,153,119,0.117647058823529
"2011-06-16","brasch","rebecca","27019200","zannichellia.palustris",0.0130718954248366,2.5,1.4,0.0104166666666667,192,153,119,0.0168067226890756
"2011-06-16","brasch","rebecca","27019200","nuphar.variegata",0.0261437908496732,3.25,1.7,0.0208333333333333,192,153,119,0.0336134453781513
"2011-06-16","newman","lucy","10000700","ceratophyllum.demersum",0.575221238938053,3.01538461538462,4,0.477941176470588,136,113,46,0.891304347826087
"2011-06-16","newman","lucy","10000700","potamogeton.crispus",0.442477876106195,2.18,4.3,0.367647058823529,136,113,46,0.195652173913043
"2011-06-16","newman","lucy","10000700","spirodela.polyrhiza",0.079646017699115,2.22222222222222,1.7,0.0661764705882353,136,113,46,0.173913043478261
"2011-06-16","newman","lucy","10000700","elodea.canadensis",0.247787610619469,2.06896551724138,5,0.213235294117647,136,113,46,0.478260869565217
"2011-06-16","newman","lucy","10000700","nymphaea.odorata",0.31858407079646,2.36111111111111,2.4,0.264705882352941,136,113,46,0.739130434782609
"2011-06-16","newman","lucy","10000700","chara.spp",0.230088495575221,2.73076923076923,2.1,0.191176470588235,136,113,46,0.41304347826087
"2011-06-16","newman","lucy","10000700","stuckenia.pectinata",0.123893805309735,1.64285714285714,2,0.102941176470588,136,113,46,0.239130434782609
"2011-06-16","newman","lucy","10000700","lemna.minor",0.0619469026548673,1.85714285714286,1.5,0.0514705882352941,136,113,46,0.152173913043478
"2011-06-16","newman","lucy","10000700","lemna.trisulca",0.495575221238938,2.35714285714286,3.6,0.411764705882353,136,113,46,0.695652173913043
"2011-06-16","newman","lucy","10000700","myriophyllum.sibiricum",0.132743362831858,1.13333333333333,3.6,0.110294117647059,136,113,46,0.282608695652174
"2011-06-16","newman","lucy","10000700","potamogeton.pusillus",0.0265486725663717,1.66666666666667,0.8,0.0220588235294118,136,113,46,0.0652173913043478
"2011-06-16","newman","lucy","10000700","heteranthera.dubia",0.00884955752212389,1,0.4,0.00735294117647059,136,113,46,0.0217391304347826
"2011-06-16","newman","lucy","10000700","wolffia.columbiana",0.0973451327433628,2.18181818181818,1.7,0.0808823529411765,136,113,46,0.217391304347826
"2011-06-16","newman","lucy","10000700","typha.spp",0.0176991150442478,2,0.8,0.0147058823529412,136,113,46,0.0434782608695652
"2011-06-16","newman","lucy","10000700","nuphar.variegata",0.0530973451327434,2.83333333333333,2,0.0441176470588235,136,113,46,0.108695652173913
"2011-06-16","newman","lucy","10000700","utricularia.vulgaris",0.079646017699115,1.44444444444444,1.6,0.0661764705882353,136,113,46,0.173913043478261
"2011-06-16","newman","susan","10001300","ceratophyllum.demersum",0.528089887640449,2.58,5.2,0.342465753424658,146,89,39,0.743589743589744
"2011-06-16","newman","susan","10001300","potamogeton.crispus",0.438202247191011,3.02564102564103,3.5,0.267123287671233,146,89,39,0.769230769230769
"2011-06-16","newman","susan","10001300","myriophyllum.spicatum",0.146067415730337,2.07692307692308,1.8,0.089041095890411,146,89,39,0.307692307692308
"2011-06-16","newman","susan","10001300","elodea.canadensis",0.280898876404494,1.96,4,0.171232876712329,146,89,39,0.384615384615385
"2011-06-16","newman","susan","10001300","nymphaea.odorata",0.0561797752808989,2.4,1,0.0342465753424658,146,89,39,0.128205128205128
"2011-06-16","newman","susan","10001300","stuckenia.pectinata",0.0786516853932584,1.57142857142857,1.1,0.0479452054794521,146,89,39,0.179487179487179
"2011-06-16","newman","susan","10001300","lemna.minor",0.0337078651685393,1,0.6,0.0205479452054795,146,89,39,0.0769230769230769
"2011-06-16","newman","susan","10001300","potamogeton.pusillus",0.370786516853933,2.57575757575758,4.2,0.226027397260274,146,89,39,0.564102564102564
"2011-06-16","newman","susan","10001300","nelumbo.lutea",0.0561797752808989,1.8,1.2,0.0342465753424658,146,89,39,0.128205128205128
"2011-06-16","newman","susan","10001300","nuphar.variegata",0.0674157303370786,4.33333333333333,1.5,0.0410958904109589,146,89,39,0.153846153846154
"2011-06-17","mccomas","clearw","82016300","algae.filamentous",0.027027027027027,2.66666666666667,1.2192,0.0241935483870968,124,111,117,0.0256410256410256
"2011-06-17","mccomas","clearw","82016300","ceratophyllum.demersum",0.108108108108108,3,3.048,0.0967741935483871,124,111,117,0.102564102564103
"2011-06-17","mccomas","clearw","82016300","potamogeton.crispus",0.027027027027027,1.66666666666667,2.1336,0.0241935483870968,124,111,117,0.0256410256410256
"2011-06-17","mccomas","clearw","82016300","myriophyllum.spicatum",0.324324324324324,2.63888888888889,3.3528,0.290322580645161,124,111,117,0.307692307692308
"2011-06-17","mccomas","clearw","82016300","nymphaea.odorata",0.018018018018018,1,1.2192,0.0161290322580645,124,111,117,0.0170940170940171
"2011-06-17","mccomas","clearw","82016300","chara.spp",0.117117117117117,1.53846153846154,1.524,0.104838709677419,124,111,117,0.111111111111111
"2011-06-17","mccomas","clearw","82016300","najas.spp",0.216216216216216,1.5,1.524,0.193548387096774,124,111,117,0.205128205128205
"2011-06-17","mccomas","clearw","82016300","heteranthera.dubia",0.00900900900900901,1,0.9144,0.00806451612903226,124,111,117,0.00854700854700855
"2011-06-17","mccomas","clearw","82016300","nuphar.variegata",0.018018018018018,1,1.2192,0.0161290322580645,124,111,117,0.0170940170940171
"2011-06-17","mccomas","clearw","82016300","potamogeton.natans",0.0540540540540541,1.16666666666667,1.2192,0.0483870967741935,124,111,117,0.0512820512820513
"2011-06-20","mccomas","gleason","27009500","algae.filamentous",0.427083333333333,2.60975609756098,2.7432,0.427083333333333,96,96,84,0.488095238095238
"2011-06-20","mccomas","gleason","27009500","ceratophyllum.demersum",0.552083333333333,3.52830188679245,2.7432,0.552083333333333,96,96,84,0.630952380952381
"2011-06-20","mccomas","gleason","27009500","potamogeton.crispus",0.197916666666667,1.52631578947368,2.7432,0.197916666666667,96,96,84,0.226190476190476
"2011-06-20","mccomas","gleason","27009500","nymphaea.odorata",0.15625,1.86666666666667,1.8288,0.15625,96,96,84,0.178571428571429
"2011-06-20","mccomas","gleason","27009500","lemna.trisulca",0.0208333333333333,1,2.4384,0.0208333333333333,96,96,84,0.0238095238095238
"2011-06-20","mccomas","gleason","27009500","elodea.spp",0.0520833333333333,1,2.7432,0.0520833333333333,96,96,84,0.0595238095238095
"2011-06-20","mccomas","gleason","27009500","wolffia.spp",0.28125,2.07407407407407,2.7432,0.28125,96,96,84,0.321428571428571
"2011-06-20","mccomas","gleason","27009500","typha.spp",0.0208333333333333,3,0.9144,0.0208333333333333,96,96,84,0.0238095238095238
"2011-06-20","mccomas","gleason","27009500","lemnaceae",0.208333333333333,1.5,2.7432,0.208333333333333,96,96,84,0.238095238095238
"2011-06-23","dustin","carrie","34003200","potamogeton.crispus",0.145454545454545,1,1.70688,0.135593220338983,59,55,54,0.148148148148148
"2011-06-23","dustin","carrie","34003200","potamogeton.richardsonii",0.0363636363636364,1,1.0668,0.0338983050847458,59,55,54,0.037037037037037
"2011-06-23","dustin","carrie","34003200","chara.spp",0.0909090909090909,1,1.40208,0.0847457627118644,59,55,54,0.0925925925925926
"2011-06-23","dustin","carrie","34003200","stuckenia.pectinata",0.0727272727272727,1,1.31064,0.0677966101694915,59,55,54,0.0740740740740741
"2011-06-23","dustin","carrie","34003200","nuphar.spp",0.127272727272727,1,1.40208,0.11864406779661,59,55,54,0.12962962962963
"2011-06-23","dustin","carrie","34003200","typha.spp",0.218181818181818,1,0.88392,0.203389830508475,59,55,54,0.222222222222222
"2011-06-23","dustin","carrie","34003200","schoenoplectus.acutus",0.145454545454545,1,1.0668,0.135593220338983,59,55,54,0.148148148148148
"2011-06-28","brasch","cleary","70002200","algae.filamentous",0.401234567901235,1.4,1.6,0.401234567901235,162,162,162,0.401234567901235
"2011-06-28","brasch","cleary","70002200","ceratophyllum.demersum",0.598765432098765,2.52577319587629,2.3,0.598765432098765,162,162,162,0.598765432098765
"2011-06-28","brasch","cleary","70002200","potamogeton.foliosus",0.203703703703704,2.66666666666667,1.3,0.203703703703704,162,162,162,0.203703703703704
"2011-06-28","brasch","cleary","70002200","najas.flexilis",0.0246913580246914,1,0.64,0.0246913580246914,162,162,162,0.0246913580246914
"2011-06-28","brasch","cleary","70002200","spirodela.polyrhiza",0.00617283950617284,1,0.49,0.00617283950617284,162,162,162,0.00617283950617284
"2011-06-28","brasch","cleary","70002200","elodea.canadensis",0.0617283950617284,1.3,2.3,0.0617283950617284,162,162,162,0.0617283950617284
"2011-06-28","brasch","cleary","70002200","nymphaea.odorata",0.0185185185185185,2.33333333333333,0.8,0.0185185185185185,162,162,162,0.0185185185185185
"2011-06-28","brasch","cleary","70002200","chara.spp",0.0493827160493827,2.375,1.2,0.0493827160493827,162,162,162,0.0493827160493827
"2011-06-28","brasch","cleary","70002200","stuckenia.pectinata",0.0555555555555556,1.88888888888889,0.85,0.0555555555555556,162,162,162,0.0555555555555556
"2011-06-28","brasch","cleary","70002200","lemna.trisulca",0.716049382716049,1.83620689655172,2.3,0.716049382716049,162,162,162,0.716049382716049
"2011-06-28","brasch","cleary","70002200","potamogeton.zosteriformis",0.0123456790123457,1,0.73,0.0123456790123457,162,162,162,0.0123456790123457
"2011-06-28","brasch","cleary","70002200","potamogeton.pusillus",0.0432098765432099,1,1.3,0.0432098765432099,162,162,162,0.0432098765432099
"2011-06-28","brasch","cleary","70002200","heteranthera.dubia",0.0555555555555556,1,0.8,0.0555555555555556,162,162,162,0.0555555555555556
"2011-06-28","brasch","cleary","70002200","nitella.spp",0.0246913580246914,1.75,1,0.0246913580246914,162,162,162,0.0246913580246914
"2011-06-28","newman","staring","27007800","potamogeton.crispus",0.0738636363636364,1.38461538461538,1.7,0.0738636363636364,176,176,23,0.130434782608696
"2011-06-28","newman","staring","27007800","chara.spp",0.00568181818181818,2,0.8,0.00568181818181818,176,176,23,0.0434782608695652
"2011-06-28","newman","staring","27007800","stuckenia.pectinata",0.0284090909090909,1,1.1,0.0284090909090909,176,176,23,0.173913043478261
"2011-06-28","newman","staring","27007800","potamogeton.pusillus",0.0170454545454545,1.33333333333333,1.1,0.0170454545454545,176,176,23,0.0434782608695652
"2011-06-28","newman","staring","27007800","nuphar.variegata",0.0284090909090909,4.6,1.1,0.0284090909090909,176,176,23,0.173913043478261
"2011-06-29","newman","riley","10000200","ceratophyllum.demersum",0.491017964071856,2.26506024096386,4.7,0.456043956043956,182,167,151,0.52317880794702
"2011-06-29","newman","riley","10000200","potamogeton.crispus",0.323353293413174,2.14545454545455,20,0.302197802197802,182,167,151,0.357615894039735
"2011-06-29","newman","riley","10000200","myriophyllum.spicatum",0.317365269461078,2.05660377358491,3.2,0.291208791208791,182,167,151,0.350993377483444
"2011-06-29","newman","riley","10000200","elodea.canadensis",0.0239520958083832,1.5,2.3,0.021978021978022,182,167,151,0.0264900662251656
"2011-06-29","newman","riley","10000200","nymphaea.odorata",0.00598802395209581,4,0.7,0.00549450549450549,182,167,151,0.00662251655629139
"2011-06-29","newman","riley","10000200","stuckenia.pectinata",0.0598802395209581,1.9,1.8,0.054945054945055,182,167,151,0.0662251655629139
"2011-06-29","newman","riley","10000200","potamogeton.pusillus",0.0359281437125748,1.33333333333333,3.4,0.032967032967033,182,167,151,0.0397350993377483
"2011-06-29","newman","riley","10000200","zannichellia.palustris",0.00598802395209581,1,0.4,0.00549450549450549,182,167,151,0.00662251655629139
"2011-07-18","dustin","hill","1014200","algae.filamentous",0.131428571428571,1,4.4196,0.0858208955223881,268,175,255,0.0901960784313726
"2011-07-18","dustin","hill","1014200","ceratophyllum.demersum",0.405714285714286,1,3.9624,0.264925373134328,268,175,255,0.27843137254902
"2011-07-18","dustin","hill","1014200","potamogeton.crispus",0.0571428571428571,1,3.84048,0.0373134328358209,268,175,255,0.0392156862745098
"2011-07-18","dustin","hill","1014200","vallisneria.americana",0.0742857142857143,1,3.3528,0.0485074626865672,268,175,255,0.0509803921568627
"2011-07-18","dustin","hill","1014200","potamogeton.richardsonii",0.182857142857143,1,2.4384,0.119402985074627,268,175,255,0.125490196078431
"2011-07-18","dustin","hill","1014200","chara.spp",0.194285714285714,1,2.4384,0.126865671641791,268,175,255,0.133333333333333
"2011-07-18","dustin","hill","1014200","stuckenia.pectinata",0.125714285714286,1,2.4384,0.082089552238806,268,175,255,0.0862745098039216
"2011-07-18","dustin","hill","1014200","lemna.trisulca",0.0742857142857143,1,2.4384,0.0485074626865672,268,175,255,0.0509803921568627
"2011-07-18","dustin","hill","1014200","myriophyllum.sibiricum",0.0228571428571429,1,2.1336,0.0149253731343284,268,175,255,0.0156862745098039
"2011-07-18","dustin","hill","1014200","nymphaea.spp",0.171428571428571,1,3.6576,0.111940298507463,268,175,255,0.117647058823529
"2011-07-18","dustin","hill","1014200","nuphar.spp",0.24,1,3.6576,0.156716417910448,268,175,255,0.164705882352941
"2011-07-18","dustin","hill","1014200","eleocharis.spp",0.00571428571428571,1,0.6096,0.00373134328358209,268,175,255,0.00392156862745098
"2011-07-18","dustin","hill","1014200","typha.spp",0.171428571428571,1,0.9144,0.111940298507463,268,175,255,0.117647058823529
"2011-07-18","dustin","hill","1014200","potamogeton.illinoensis",0.04,1,1.524,0.0261194029850746,268,175,255,0.0274509803921569
"2011-07-18","dustin","hill","1014200","potamogeton.praelongus",0.0571428571428571,1,2.4384,0.0373134328358209,268,175,255,0.0392156862745098
"2011-07-18","dustin","hill","1014200","potamogeton.zosterifomis",0.388571428571429,1,3.84048,0.253731343283582,268,175,255,0.266666666666667
"2011-07-18","dustin","hill","1014200","utricularia.vulgaris",0.0514285714285714,1,1.2192,0.0335820895522388,268,175,255,0.0352941176470588
"2011-07-18","dustin","hill","1014200","bidens.beckii",0.0228571428571429,1,1.2192,0.0149253731343284,268,175,255,0.0156862745098039
"2011-07-18","dustin","hill","1014200","potamogeton.natans",0.00571428571428571,1,2.4384,0.00373134328358209,268,175,255,0.00392156862745098
"2011-07-18","dustin","hill","1014200","schoenoplectus.tabernaemontani",0.00571428571428571,1,0.3048,0.00373134328358209,268,175,255,0.00392156862745098
"2011-07-18","dustin","hill","1014200","potamogeton.friesii",0.257142857142857,1,3.10896,0.167910447761194,268,175,255,0.176470588235294
"2011-07-18","dustin","hill","1014200","potamogeton.gramineus",0.0228571428571429,1,1.524,0.0149253731343284,268,175,255,0.0156862745098039
"2011-07-18","dustin","hill","1014200","scirpus.spp",0.182857142857143,1,1.524,0.119402985074627,268,175,255,0.125490196078431
"2011-07-18","dustin","hill","1014200","sagittaria.spp",0.00571428571428571,1,0.1524,0.00373134328358209,268,175,255,0.00392156862745098
"2011-07-18","dustin","hill","1014200","equisetum.spp",0.0171428571428571,1,0.9144,0.0111940298507463,268,175,255,0.0117647058823529
"2011-07-18","dustin","hill","1014200","sparganium.chlorocarpum",0.0285714285714286,1,0.9144,0.0186567164179104,268,175,255,0.0196078431372549
"2011-07-22","dustin","cedar","49014000","algae.filamentous",0.426470588235294,1,1.79832,0.333333333333333,87,68,87,0.333333333333333
"2011-07-22","dustin","cedar","49014000","ceratophyllum.demersum",0.205882352941176,1,6.096,0.183908045977011,87,68,87,0.183908045977011
"2011-07-22","dustin","cedar","49014000","najas.flexilis",0.0882352941176471,1,1.34112,0.0689655172413793,87,68,87,0.0689655172413793
"2011-07-22","dustin","cedar","49014000","spirodela.polyrhiza",0.0588235294117647,1,0.67056,0.0459770114942529,87,68,87,0.0459770114942529
"2011-07-22","dustin","cedar","49014000","elodea.canadensis",0.0441176470588235,1,1.15824,0.0344827586206897,87,68,87,0.0344827586206897
"2011-07-22","dustin","cedar","49014000","chara.spp",0.676470588235294,1,6.096,0.563218390804598,87,68,87,0.563218390804598
"2011-07-22","dustin","cedar","49014000","stuckenia.pectinata",0.191176470588235,1,3.3528,0.149425287356322,87,68,87,0.149425287356322
"2011-07-22","dustin","cedar","49014000","lemna.minor",0.102941176470588,1,1.8288,0.0804597701149425,87,68,87,0.0804597701149425
"2011-07-22","dustin","cedar","49014000","lemna.trisulca",0.117647058823529,1,0.94488,0.0919540229885057,87,68,87,0.0919540229885057
"2011-07-22","dustin","cedar","49014000","ranunculus.aquatilis",0.0147058823529412,1,0.67056,0.0114942528735632,87,68,87,0.0114942528735632
"2011-07-22","dustin","cedar","49014000","utricularia.spp",0.102941176470588,1,1.8288,0.0804597701149425,87,68,87,0.0804597701149425
"2011-07-22","dustin","cedar","49014000","myriophyllum.sibiricum",0.102941176470588,1,3.3528,0.0804597701149425,87,68,87,0.0804597701149425
"2011-07-22","dustin","cedar","49014000","wolffia.spp",0.0147058823529412,1,0.67056,0.0114942528735632,87,68,87,0.0114942528735632
"2011-07-22","dustin","cedar","49014000","nymphaea.spp",0.117647058823529,1,1.8288,0.0919540229885057,87,68,87,0.0919540229885057
"2011-07-22","dustin","cedar","49014000","nuphar.spp",0.117647058823529,1,1.8288,0.0919540229885057,87,68,87,0.0919540229885057
"2011-07-22","dustin","cedar","49014000","typha.spp",0.132352941176471,1,0.94488,0.103448275862069,87,68,87,0.103448275862069
"2011-07-22","dustin","cedar","49014000","potamogeton.amplifolius",0.0735294117647059,1,1.28016,0.0574712643678161,87,68,87,0.0574712643678161
"2011-07-22","dustin","cedar","49014000","potamogeton.illinoensis",0.147058823529412,1,1.58496,0.114942528735632,87,68,87,0.114942528735632
"2011-07-22","dustin","cedar","49014000","potamogeton.zosterifomis",0.117647058823529,1,4.572,0.0919540229885057,87,68,87,0.0919540229885057
"2011-07-22","dustin","cedar","49014000","schoenoplectus.acutus",0.0882352941176471,1,1.2192,0.0689655172413793,87,68,87,0.0689655172413793
"2011-07-22","dustin","cedar","49014000","potamogeton.natans",0.0294117647058824,1,0.85344,0.0229885057471264,87,68,87,0.0229885057471264
"2011-07-22","dustin","cedar","49014000","potamogeton.narrow",0.0294117647058824,1,1.8288,0.0229885057471264,87,68,87,0.0229885057471264
"2011-07-22","dustin","cedar","49014000","potamogeton.friesii",0.0441176470588235,1,7.0104,0.0459770114942529,87,68,87,0.0459770114942529
"2011-07-22","dustin","cedar","49014000","sagittaria.spp",0.0441176470588235,1,0.70104,0.0344827586206897,87,68,87,0.0344827586206897
"2011-07-22","dustin","cedar","49014000","sparganium.spp",0.0147058823529412,1,0.51816,0.0114942528735632,87,68,87,0.0114942528735632
"2011-07-22","dustin","cedar","49014000","heteranthera.spp",0.0294117647058824,1,0.70104,0.0229885057471264,87,68,87,0.0229885057471264
"2011-07-22","dustin","cedar","49014000","zizania.palustris",0.0882352941176471,1,1.24968,0.0689655172413793,87,68,87,0.0689655172413793
"2011-07-25","dustin","belle","47004900","algae.filamentous",0.0544747081712062,1,2.1336,0.0512820512820513,273,257,23,0.347826086956522
"2011-07-25","dustin","belle","47004900","ceratophyllum.demersum",0.101167315175097,1,3.048,0.0952380952380952,273,257,23,0.304347826086957
"2011-07-25","dustin","belle","47004900","potamogeton.crispus",0.0505836575875486,1,1.8288,0.0476190476190476,273,257,23,0.0434782608695652
"2011-07-25","dustin","belle","47004900","potamogeton.richardsonii",0.0194552529182879,1,2.1336,0.0183150183150183,273,257,23,0.0869565217391304
"2011-07-25","dustin","belle","47004900","elodea.canadensis",0.303501945525292,1,3.048,0.285714285714286,273,257,23,0.478260869565217
"2011-07-25","dustin","belle","47004900","chara.spp",0.0466926070038911,1,1.8288,0.043956043956044,273,257,23,0.260869565217391
"2011-07-25","dustin","belle","47004900","stuckenia.pectinata",0.0233463035019455,1,1.524,0.021978021978022,273,257,23,0.217391304347826
"2011-07-25","dustin","belle","47004900","najas.spp",0.0194552529182879,1,1.524,0.0183150183150183,273,257,23,0.0869565217391304
"2011-07-25","dustin","belle","47004900","lemna.minor",0.0194552529182879,1,2.1336,0.0183150183150183,273,257,23,0.0869565217391304
"2011-07-25","dustin","belle","47004900","heteranthera.dubia",0.0155642023346304,1,1.8288,0.0146520146520147,273,257,23,0.0434782608695652
"2011-07-25","dustin","belle","47004900","typha.spp",0.00778210116731518,1,1.2192,0.00732600732600733,273,257,23,0.0869565217391304
"2011-07-25","dustin","belle","47004900","schoenoplectus.acutus",0.0194552529182879,1,1.2192,0.0183150183150183,273,257,23,0.217391304347826
"2011-07-25","dustin","belle","47004900","potamogeton.narrow",0.108949416342412,1,2.7432,0.102564102564103,273,257,23,0.260869565217391
"2011-07-25","dustin","belle","47004900","sagittaria.spp",0.0116731517509728,1,1.2192,0.010989010989011,273,257,23,0.130434782608696
"2011-07-25","dustin","belle","47004900","schoenoplectus.fluvatilis",0.00389105058365759,1,1.2192,0.00366300366300366,273,257,23,0.0434782608695652
"2011-07-25","dustin","carrie","34003200","algae.filamentous",0.0701754385964912,1,0.6096,0.0666666666666667,60,57,56,0.0714285714285714
"2011-07-25","dustin","carrie","34003200","potamogeton.crispus",0.0701754385964912,1,1.8288,0.0666666666666667,60,57,56,0.0714285714285714
"2011-07-25","dustin","carrie","34003200","potamogeton.richardsonii",0.0350877192982456,1,0.6096,0.0333333333333333,60,57,56,0.0357142857142857
"2011-07-25","dustin","carrie","34003200","chara.spp",0.0701754385964912,1,1.8288,0.0666666666666667,60,57,56,0.0714285714285714
"2011-07-25","dustin","carrie","34003200","stuckenia.pectinata",0.12280701754386,1,1.3716,0.116666666666667,60,57,56,0.125
"2011-07-25","dustin","carrie","34003200","nuphar.spp",0.0526315789473684,1,0.9144,0.05,60,57,56,0.0535714285714286
"2011-07-25","dustin","carrie","34003200","typha.spp",0.192982456140351,1,0.6096,0.183333333333333,60,57,56,0.196428571428571
"2011-07-25","dustin","carrie","34003200","phalaris.arundinacea",0.0350877192982456,1,0.6096,0.0333333333333333,60,57,56,0.0357142857142857
"2011-07-25","dustin","carrie","34003200","schoenoplectus.acutus",0.12280701754386,1,1.0668,0.116666666666667,60,57,56,0.125
"2011-07-25","dustin","carrie","34003200","phragmites.australis",0.0175438596491228,1,0.4572,0.0166666666666667,60,57,56,0.0178571428571429
"2011-07-25","dustin","carrie","34003200","sagittaria.spp",0.0175438596491228,1,0.6096,0.0166666666666667,60,57,56,0.0178571428571429
"2011-07-25","dustin","carrie","34003200","boltonia.asteroides",0.0175438596491228,1,0.9144,0.0166666666666667,60,57,56,0.0178571428571429
"2011-08-01","dustin","stolaf","81000300","algae.filamentous",0.183673469387755,1,0.73152,0.12,75,49,46,0.195652173913043
"2011-08-01","dustin","stolaf","81000300","ceratophyllum.demersum",0.122448979591837,1,2.31648,0.08,75,49,46,0.130434782608696
"2011-08-01","dustin","stolaf","81000300","potamogeton.crispus",0.122448979591837,1,1.28016,0.08,75,49,46,0.130434782608696
"2011-08-01","dustin","stolaf","81000300","potamogeton.richardsonii",0.0408163265306122,1,0.6096,0.0266666666666667,75,49,46,0.0434782608695652
"2011-08-01","dustin","stolaf","81000300","chara.spp",0.0612244897959184,1,0.85344,0.04,75,49,46,0.0652173913043478
"2011-08-01","dustin","stolaf","81000300","stuckenia.pectinata",0.102040816326531,1,0.97536,0.0666666666666667,75,49,46,0.108695652173913
"2011-08-01","dustin","stolaf","81000300","najas.spp",0.183673469387755,1,1.0668,0.12,75,49,46,0.195652173913043
"2011-08-01","dustin","stolaf","81000300","myriophyllum.sibiricum",0.122448979591837,1,1.28016,0.08,75,49,46,0.130434782608696
"2011-08-01","dustin","stolaf","81000300","nymphaea.spp",0.204081632653061,1,1.3716,0.133333333333333,75,49,46,0.217391304347826
"2011-08-01","dustin","stolaf","81000300","nuphar.spp",0.0612244897959184,1,0.97536,0.04,75,49,46,0.0652173913043478
"2011-08-01","dustin","stolaf","81000300","potamogeton.zosterifomis",0.0816326530612245,1,1.18872,0.0533333333333333,75,49,46,0.0869565217391304
"2011-08-01","lund","silver","62000100","ceratophyllum.demersum",0.0172413793103448,2.5,2.34696,0.0165289256198347,121,116,77,0.025974025974026
"2011-08-01","lund","silver","62000100","potamogeton.crispus",0.0517241379310345,1,3.13944,0.0495867768595041,121,116,77,0.0779220779220779
"2011-08-01","lund","silver","62000100","myriophyllum.spicatum",0.405172413793103,1.93617021276596,3.6576,0.388429752066116,121,116,77,0.571428571428571
"2011-08-01","lund","silver","62000100","potamogeton.foliosus",0.0948275862068966,2.18181818181818,3.13944,0.0909090909090909,121,116,77,0.142857142857143
"2011-08-01","lund","silver","62000100","elodea.canadensis",0.120689655172414,1.92857142857143,3.23088,0.115702479338843,121,116,77,0.168831168831169
"2011-08-01","lund","silver","62000100","nymphaea.odorata",0.0603448275862069,3.28571428571429,2.37744,0.0578512396694215,121,116,77,0.0909090909090909
"2011-08-01","lund","silver","62000100","chara.spp",0.198275862068966,2.65217391304348,3.07848,0.190082644628099,121,116,77,0.298701298701299
"2011-08-01","lund","silver","62000100","stuckenia.pectinata",0.0172413793103448,1.5,2.77368,0.0165289256198347,121,116,77,0.025974025974026
"2011-08-01","lund","silver","62000100","myriophyllum.sibiricum",0.0344827586206897,1.5,2.98704,0.0330578512396694,121,116,77,0.051948051948052
"2011-08-01","lund","silver","62000100","heteranthera.dubia",0.0258620689655172,1.33333333333333,1.92024,0.0247933884297521,121,116,77,0.038961038961039
"2011-08-01","lund","silver","62000100","typha.spp",0.0258620689655172,4,0.3048,0.0247933884297521,121,116,77,0.038961038961039
"2011-08-01","lund","silver","62000100","potamogeton.praelongus",0.0172413793103448,2.5,2.92608,0.0165289256198347,121,116,77,0.025974025974026
"2011-08-02","dustin","madison","7004400","algae.filamentous",0.0647709320695103,1,2.25552,0.0610119047619048,672,633,227,0.167400881057269
"2011-08-02","dustin","madison","7004400","ceratophyllum.demersum",0.222748815165877,1,2.4384,0.209821428571429,672,633,227,0.334801762114537
"2011-08-02","dustin","madison","7004400","potamogeton.crispus",0.101105845181675,1,2.4384,0.0952380952380952,672,633,227,0.127753303964758
"2011-08-02","dustin","madison","7004400","myriophyllum.spicatum",0.0789889415481833,1,2.71272,0.0744047619047619,672,633,227,0.167400881057269
"2011-08-02","dustin","madison","7004400","vallisneria.americana",0.00157977883096367,1,0.3048,0.00148809523809524,672,633,227,0.00440528634361234
"2011-08-02","dustin","madison","7004400","potamogeton.richardsonii",0.023696682464455,1,0.9144,0.0223214285714286,672,633,227,0.066079295154185
"2011-08-02","dustin","madison","7004400","elodea.canadensis",0.023696682464455,1,0.9144,0.0223214285714286,672,633,227,0.066079295154185
"2011-08-02","dustin","madison","7004400","chara.spp",0.00157977883096367,1,0.9144,0.00148809523809524,672,633,227,0.00440528634361234
"2011-08-02","dustin","madison","7004400","stuckenia.pectinata",0.110584518167457,1,1.85928,0.104166666666667,672,633,227,0.299559471365639
"2011-08-02","dustin","madison","7004400","najas.spp",0.0947867298578199,1,2.37744,0.0892857142857143,672,633,227,0.255506607929515
"2011-08-02","dustin","madison","7004400","lemna.minor",0.0110584518167457,1,0.9144,0.0104166666666667,672,633,227,0.0308370044052863
"2011-08-02","dustin","madison","7004400","myriophyllum.sibiricum",0.0394944707740916,1,1.79832,0.037202380952381,672,633,227,0.101321585903084
"2011-08-02","dustin","madison","7004400","heteranthera.dubia",0.00157977883096367,1,0.54864,0.00148809523809524,672,633,227,0.00440528634361234
"2011-08-02","dustin","madison","7004400","nymphaea.spp",0.00315955766192733,1,0.54864,0.00297619047619048,672,633,227,0.00881057268722467
"2011-08-02","dustin","madison","7004400","typha.spp",0.0221169036334913,1,0.762,0.0208333333333333,672,633,227,0.0616740088105727
"2011-08-02","dustin","madison","7004400","potamogeton.nodosus",0.004739336492891,1,0.762,0.00446428571428571,672,633,227,0.013215859030837
"2011-08-02","dustin","madison","7004400","potamogeton.zosterifomis",0.0252764612954186,1,1.92024,0.0238095238095238,672,633,227,0.066079295154185
"2011-08-02","dustin","madison","7004400","potamogeton.natans",0.004739336492891,1,0.762,0.00446428571428571,672,633,227,0.013215859030837
"2011-08-02","dustin","madison","7004400","schoenoplectus.tabernaemontani",0.0110584518167457,1,0.6096,0.0104166666666667,672,633,227,0.0308370044052863
"2011-08-02","dustin","madison","7004400","sagittaria.spp",0.00157977883096367,1,0.4572,0.00148809523809524,672,633,227,0.00440528634361234
"2011-08-02","dustin","madison","7004400","lemna.spp",0.00789889415481832,1,0.54864,0.00744047619047619,672,633,227,0.0220264317180617
"2011-08-02","dustin","madison","7004400","algae.blugrn",0.00157977883096367,1,0.9144,0.00148809523809524,672,633,227,0.00440528634361234
"2011-08-08","dustin","stjames","83004300","algae.filamentous",0.686666666666667,1,3.47472,0.682119205298013,151,150,125,0.8
"2011-08-08","dustin","stjames","83004300","ceratophyllum.demersum",0.86,1,4.35864,0.854304635761589,151,150,125,0.944
"2011-08-08","dustin","stjames","83004300","potamogeton.crispus",0.0266666666666667,1,2.7432,0.0264900662251656,151,150,125,0.032
"2011-08-08","dustin","stjames","83004300","vallisneria.americana",0.00666666666666667,1,0.54864,0.00662251655629139,151,150,125,0.008
"2011-08-08","dustin","stjames","83004300","potamogeton.richardsonii",0.133333333333333,1,1.49352,0.132450331125828,151,150,125,0.16
"2011-08-08","dustin","stjames","83004300","chara.spp",0.153333333333333,1,2.7432,0.152317880794702,151,150,125,0.184
"2011-08-08","dustin","stjames","83004300","stuckenia.pectinata",0.266666666666667,1,3.32232,0.264900662251656,151,150,125,0.312
"2011-08-08","dustin","stjames","83004300","najas.spp",0.0733333333333333,1,1.49352,0.0728476821192053,151,150,125,0.088
"2011-08-08","dustin","stjames","83004300","myriophyllum.sibiricum",0.173333333333333,1,2.7432,0.172185430463576,151,150,125,0.208
"2011-08-08","dustin","stjames","83004300","typha.spp",0.0666666666666667,1,1.55448,0.0662251655629139,151,150,125,0.08
"2011-08-08","dustin","stjames","83004300","potamogeton.zosterifomis",0.0466666666666667,1,2.95656,0.0463576158940397,151,150,125,0.048
"2011-08-08","dustin","stjames","83004300","lemna.spp",0.0266666666666667,1,0.6096,0.0264900662251656,151,150,125,0.032
"2011-08-09","dustin","peltier","2000400","algae.filamentous",0.023972602739726,1,1.18872,0.023972602739726,292,292,257,0.0272373540856031
"2011-08-09","dustin","peltier","2000400","ceratophyllum.demersum",0.715753424657534,1,2.8956,0.715753424657534,292,292,257,0.813229571984436
"2011-08-09","dustin","peltier","2000400","potamogeton.crispus",0.0582191780821918,1,2.49936,0.0582191780821918,292,292,257,0.066147859922179
"2011-08-09","dustin","peltier","2000400","myriophyllum.spicatum",0.102739726027397,1,1.9812,0.102739726027397,292,292,257,0.116731517509728
"2011-08-09","dustin","peltier","2000400","spirodela.polyrhiza",0.126712328767123,1,1.8288,0.126712328767123,292,292,257,0.143968871595331
"2011-08-09","dustin","peltier","2000400","elodea.canadensis",0.280821917808219,1,2.68224,0.280821917808219,292,292,257,0.319066147859922
"2011-08-09","dustin","peltier","2000400","stuckenia.pectinata",0.123287671232877,1,1.8288,0.123287671232877,292,292,257,0.140077821011673
"2011-08-09","dustin","peltier","2000400","lemna.minor",0.267123287671233,1,1.8288,0.267123287671233,292,292,257,0.303501945525292
"2011-08-09","dustin","peltier","2000400","lemna.trisulca",0.63013698630137,1,2.8956,0.63013698630137,292,292,257,0.715953307392996
"2011-08-09","dustin","peltier","2000400","myriophyllum.sibiricum",0.0102739726027397,1,1.3716,0.0102739726027397,292,292,257,0.0116731517509728
"2011-08-09","dustin","peltier","2000400","potamogeton.pusillus",0.00684931506849315,1,1.0668,0.00684931506849315,292,292,257,0.00778210116731518
"2011-08-09","dustin","peltier","2000400","wolffia.spp",0.215753424657534,1,1.8288,0.215753424657534,292,292,257,0.245136186770428
"2011-08-09","dustin","peltier","2000400","nymphaea.spp",0.00342465753424658,1,1.03632,0.00342465753424658,292,292,257,0.00389105058365759
"2011-08-09","dustin","peltier","2000400","potamogeton.zosterifomis",0.308219178082192,1,1.9812,0.308219178082192,292,292,257,0.350194552529183
"2011-08-09","dustin","peltier","2000400","utricularia.vulgaris",0.0136986301369863,1,1.3716,0.0136986301369863,292,292,257,0.0155642023346304
"2011-08-09","dustin","peltier","2000400","potamogeton.narrow",0.0410958904109589,1,1.8288,0.0410958904109589,292,292,257,0.0466926070038911
"2011-08-09","dustin","peltier","2000400","ranunculus.spp",0.0479452054794521,1,1.31064,0.0479452054794521,292,292,257,0.0544747081712062
"2011-08-10","newman","susan","10001300","ceratophyllum.demersum",0.435185185185185,3.04255319148936,3.5,0.321917808219178,146,108,38,0.921052631578947
"2011-08-10","newman","susan","10001300","potamogeton.crispus",0.0833333333333333,1.22222222222222,0.9,0.0616438356164384,146,108,38,0.236842105263158
"2011-08-10","newman","susan","10001300","myriophyllum.spicatum",0.111111111111111,1.33333333333333,3.5,0.0821917808219178,146,108,38,0.263157894736842
"2011-08-10","newman","susan","10001300","elodea.canadensis",0.259259259259259,2.35714285714286,3.5,0.191780821917808,146,108,38,0.552631578947368
"2011-08-10","newman","susan","10001300","nymphaea.odorata",0.0925925925925926,2.5,0.7,0.0684931506849315,146,108,38,0.263157894736842
"2011-08-10","newman","susan","10001300","stuckenia.pectinata",0.0648148148148148,1.71428571428571,0.7,0.0479452054794521,146,108,38,0.184210526315789
"2011-08-10","newman","susan","10001300","lemna.minor",0.0555555555555556,2,1,0.0410958904109589,146,108,38,0.157894736842105
"2011-08-10","newman","susan","10001300","lemna.trisulca",0.00925925925925926,1,0.3,0.00684931506849315,146,108,38,0.0263157894736842
"2011-08-10","newman","susan","10001300","potamogeton.pusillus",0.342592592592593,2.89189189189189,3.5,0.253424657534247,146,108,38,0.578947368421053
"2011-08-10","newman","susan","10001300","nelumbo.lutea",0.12037037037037,2.07692307692308,1.7,0.089041095890411,146,108,38,0.342105263157895
"2011-08-10","newman","susan","10001300","nuphar.variegata",0.0555555555555556,3.5,2.6,0.0410958904109589,146,108,38,0.131578947368421
"2011-08-11","brasch","sarahe","27019102","algae.filamentous",0.101449275362319,1.28571428571429,1.70688,0.0933333333333333,75,69,46,0.152173913043478
"2011-08-11","brasch","sarahe","27019102","ceratophyllum.demersum",0.550724637681159,3.47368421052632,2.37744,0.506666666666667,75,69,46,0.804347826086957
"2011-08-11","brasch","sarahe","27019102","potamogeton.crispus",0.072463768115942,1,2.01168,0.0666666666666667,75,69,46,0.0869565217391304
"2011-08-11","brasch","sarahe","27019102","myriophyllum.spicatum",0.188405797101449,1.15384615384615,2.37744,0.173333333333333,75,69,46,0.260869565217391
"2011-08-11","brasch","sarahe","27019102","potamogeton.foliosus",0.0144927536231884,1,1.524,0.0133333333333333,75,69,46,0.0217391304347826
"2011-08-11","brasch","sarahe","27019102","vallisneria.americana",0.0289855072463768,1,1.524,0.0266666666666667,75,69,46,0.0434782608695652
"2011-08-11","brasch","sarahe","27019102","spirodela.polyrhiza",0.0434782608695652,1,0.36576,0.04,75,69,46,0.0652173913043478
"2011-08-11","brasch","sarahe","27019102","elodea.canadensis",0.0434782608695652,1.33333333333333,1.524,0.04,75,69,46,0.0652173913043478
"2011-08-11","brasch","sarahe","27019102","nymphaea.odorata",0.130434782608696,2.88888888888889,0.79248,0.12,75,69,46,0.195652173913043
"2011-08-11","brasch","sarahe","27019102","stuckenia.pectinata",0.0144927536231884,1,0.67056,0.0133333333333333,75,69,46,0.0217391304347826
"2011-08-11","brasch","sarahe","27019102","lemna.minor",0.0289855072463768,1,0.36576,0.0266666666666667,75,69,46,0.0434782608695652
"2011-08-11","brasch","sarahe","27019102","lemna.trisulca",0.246376811594203,1.05882352941176,2.37744,0.226666666666667,75,69,46,0.347826086956522
"2011-08-11","brasch","sarahe","27019102","wolffia.columbiana",0.0144927536231884,4,0.3048,0.0133333333333333,75,69,46,0.0217391304347826
"2011-08-11","brasch","sarahe","27019102","nuphar.variegata",0.0289855072463768,3,0.79248,0.0266666666666667,75,69,46,0.0434782608695652
"2011-08-11","brasch","sarahw","27019101","algae.filamentous",0.0490196078431373,1,1,0.0413223140495868,121,102,56,0.0892857142857143
"2011-08-11","brasch","sarahw","27019101","ceratophyllum.demersum",0.450980392156863,3.26086956521739,2.6,0.380165289256198,121,102,56,0.714285714285714
"2011-08-11","brasch","sarahw","27019101","potamogeton.crispus",0.0686274509803922,1,2.1,0.0578512396694215,121,102,56,0.0714285714285714
"2011-08-11","brasch","sarahw","27019101","myriophyllum.spicatum",0.176470588235294,1.05555555555556,2,0.148760330578512,121,102,56,0.303571428571429
"2011-08-11","brasch","sarahw","27019101","potamogeton.foliosus",0.00980392156862745,1,1.4,0.00826446280991736,121,102,56,0.0178571428571429
"2011-08-11","brasch","sarahw","27019101","najas.flexilis",0.00980392156862745,1,0.5,0.00826446280991736,121,102,56,0.0178571428571429
"2011-08-11","brasch","sarahw","27019101","vallisneria.americana",0.0392156862745098,2.5,1,0.0330578512396694,121,102,56,0.0714285714285714
"2011-08-11","brasch","sarahw","27019101","nymphaea.odorata",0.147058823529412,3.8,1.5,0.12396694214876,121,102,56,0.267857142857143
"2011-08-11","brasch","sarahw","27019101","lemna.trisulca",0.205882352941176,1,1.8,0.173553719008264,121,102,56,0.357142857142857
"2011-08-11","dustin","portage","29025000","algae.filamentous",0.0777027027027027,1,3.81,0.0777027027027027,296,296,173,0.0867052023121387
"2011-08-11","dustin","portage","29025000","ceratophyllum.demersum",0.429054054054054,1,4.14528,0.429054054054054,296,296,173,0.479768786127168
"2011-08-11","dustin","portage","29025000","potamogeton.crispus",0.172297297297297,1,3.84048,0.172297297297297,296,296,173,0.138728323699422
"2011-08-11","dustin","portage","29025000","potamogeton.foliosus",0.300675675675676,1,3.84048,0.300675675675676,296,296,173,0.190751445086705
"2011-08-11","dustin","portage","29025000","najas.flexilis",0.0641891891891892,1,1.85928,0.0641891891891892,296,296,173,0.109826589595376
"2011-08-11","dustin","portage","29025000","vallisneria.americana",0.111486486486486,1,2.1336,0.111486486486486,296,296,173,0.190751445086705
"2011-08-11","dustin","portage","29025000","potamogeton.richardsonii",0.0168918918918919,1,1.31064,0.0168918918918919,296,296,173,0.0289017341040462
"2011-08-11","dustin","portage","29025000","elodea.canadensis",0.118243243243243,1,3.71856,0.118243243243243,296,296,173,0.109826589595376
"2011-08-11","dustin","portage","29025000","chara.spp",0.496621621621622,1,2.95656,0.496621621621622,296,296,173,0.838150289017341
"2011-08-11","dustin","portage","29025000","stuckenia.pectinata",0.152027027027027,1,2.1336,0.152027027027027,296,296,173,0.260115606936416
"2011-08-11","dustin","portage","29025000","ranunculus.aquatilis",0.00337837837837838,1,2.19456,0.00337837837837838,296,296,173,0.00578034682080925
"2011-08-11","dustin","portage","29025000","utricularia.spp",0.00337837837837838,1,0.33528,0.00337837837837838,296,296,173,0.00578034682080925
"2011-08-11","dustin","portage","29025000","myriophyllum.sibiricum",0.0709459459459459,1,2.7432,0.0709459459459459,296,296,173,0.115606936416185
"2011-08-11","dustin","portage","29025000","heteranthera.dubia",0.0135135135135135,1,0.39624,0.0135135135135135,296,296,173,0.023121387283237
"2011-08-11","dustin","portage","29025000","nymphaea.spp",0.027027027027027,1,0.64008,0.027027027027027,296,296,173,0.046242774566474
"2011-08-11","dustin","portage","29025000","nuphar.spp",0.168918918918919,1,1.43256,0.168918918918919,296,296,173,0.289017341040462
"2011-08-11","dustin","portage","29025000","typha.spp",0.0236486486486486,1,0.6096,0.0236486486486486,296,296,173,0.0404624277456647
"2011-08-11","dustin","portage","29025000","nitella.spp",0.222972972972973,1,3.81,0.222972972972973,296,296,173,0.161849710982659
"2011-08-11","dustin","portage","29025000","potamogeton.illinoensis",0.0878378378378378,1,2.1336,0.0878378378378378,296,296,173,0.15028901734104
"2011-08-11","dustin","portage","29025000","potamogeton.zosterifomis",0.0506756756756757,1,3.68808,0.0506756756756757,296,296,173,0.0751445086705202
"2011-08-11","dustin","portage","29025000","utricularia.vulgaris",0.253378378378378,1,3.81,0.253378378378378,296,296,173,0.375722543352601
"2011-08-11","dustin","portage","29025000","polygonum.amphibium",0.00337837837837838,1,0.24384,0.00337837837837838,296,296,173,0.00578034682080925
"2011-08-11","dustin","portage","29025000","zizania.spp",0.0641891891891892,1,0.85344,0.0641891891891892,296,296,173,0.109826589595376
"2011-08-11","dustin","portage","29025000","potamogeton.friesii",0.0101351351351351,1,2.52984,0.0101351351351351,296,296,173,0.0173410404624277
"2011-08-11","dustin","portage","29025000","potamogeton.gramineus",0.0337837837837838,1,0.54864,0.0337837837837838,296,296,173,0.0578034682080925
"2011-08-11","dustin","portage","29025000","potamogeton.strictifolius",0.0506756756756757,1,4.14528,0.0506756756756757,296,296,173,0.046242774566474
"2011-08-11","dustin","portage","29025000","scirpus.spp",0.0135135135135135,1,0.85344,0.0135135135135135,296,296,173,0.023121387283237
"2011-08-11","dustin","portage","29025000","sagittaria.spp",0.00337837837837838,1,0.24384,0.00337837837837838,296,296,173,0.00578034682080925
"2011-08-11","dustin","portage","29025000","carex.spp",0.00337837837837838,1,0.54864,0.00337837837837838,296,296,173,0.00578034682080925
"2011-08-11","dustin","portage","29025000","nymphaea.x.sp",0.0506756756756757,1,1.43256,0.0506756756756757,296,296,173,0.0867052023121387
"2011-08-11","dustin","portage","29025000","pontederia.cordata",0.00337837837837838,1,0.3048,0.00337837837837838,296,296,173,0.00578034682080925
"2011-08-11","newman","staring","27007800","ceratophyllum.demersum",0.00588235294117647,3,0.8,0.00584795321637427,171,170,29,0.0344827586206897
"2011-08-11","newman","staring","27007800","potamogeton.crispus",0.0117647058823529,1.5,0.8,0.0116959064327485,171,170,29,0.0689655172413793
"2011-08-11","newman","staring","27007800","nymphaea.odorata",0.0117647058823529,1,1.5,0.0116959064327485,171,170,29,0.0344827586206897
"2011-08-11","newman","staring","27007800","nuphar.variegata",0.0235294117647059,4,0.9,0.0233918128654971,171,170,29,0.137931034482759
"2011-08-15","dustin","southcenter","13002700","algae.filamentous",0.0570776255707763,1,2.286,0.0503018108651912,497,438,366,0.0683060109289618
"2011-08-15","dustin","southcenter","13002700","ceratophyllum.demersum",0.600456621004566,1,3.2004,0.529175050301811,497,438,366,0.710382513661202
"2011-08-15","dustin","southcenter","13002700","potamogeton.crispus",0.00228310502283105,1,1.0668,0.00201207243460765,497,438,366,0.00273224043715847
"2011-08-15","dustin","southcenter","13002700","myriophyllum.spicatum",0.0045662100456621,1,2.1336,0.00402414486921529,497,438,366,0.00546448087431694
"2011-08-15","dustin","southcenter","13002700","vallisneria.americana",0.0205479452054795,1,1.524,0.0181086519114688,497,438,366,0.0245901639344262
"2011-08-15","dustin","southcenter","13002700","potamogeton.richardsonii",0.0114155251141553,1,1.3716,0.0100603621730382,497,438,366,0.0136612021857923
"2011-08-15","dustin","southcenter","13002700","spirodela.polyrhiza",0.0273972602739726,1,1.8288,0.0241448692152918,497,438,366,0.0327868852459016
"2011-08-15","dustin","southcenter","13002700","elodea.canadensis",0.0228310502283105,1,2.1336,0.0201207243460765,497,438,366,0.0273224043715847
"2011-08-15","dustin","southcenter","13002700","chara.spp",0.00684931506849315,1,1.2192,0.00603621730382294,497,438,366,0.00819672131147541
"2011-08-15","dustin","southcenter","13002700","stuckenia.pectinata",0.00228310502283105,1,0.762,0.00201207243460765,497,438,366,0.00273224043715847
"2011-08-15","dustin","southcenter","13002700","lemna.minor",0.0730593607305936,1,1.8288,0.0643863179074447,497,438,366,0.087431693989071
"2011-08-15","dustin","southcenter","13002700","myriophyllum.sibiricum",0.13013698630137,1,2.8956,0.114688128772636,497,438,366,0.153005464480874
"2011-08-15","dustin","southcenter","13002700","heteranthera.dubia",0.00228310502283105,1,1.2192,0.00201207243460765,497,438,366,0.00273224043715847
"2011-08-15","dustin","southcenter","13002700","wolffia.spp",0.0251141552511415,1,1.524,0.0221327967806841,497,438,366,0.0300546448087432
"2011-08-15","dustin","southcenter","13002700","nymphaea.spp",0.150684931506849,1,2.1336,0.132796780684105,497,438,366,0.180327868852459
"2011-08-15","dustin","southcenter","13002700","nuphar.spp",0.0091324200913242,1,1.3716,0.00804828973843058,497,438,366,0.0109289617486339
"2011-08-15","dustin","southcenter","13002700","typha.spp",0.0091324200913242,1,1.15824,0.00804828973843058,497,438,366,0.0109289617486339
"2011-08-15","dustin","southcenter","13002700","potamogeton.illinoensis",0.00228310502283105,1,1.9812,0.00201207243460765,497,438,366,0.00273224043715847
"2011-08-15","dustin","southcenter","13002700","potamogeton.zosterifomis",0.0205479452054795,1,1.8288,0.0181086519114688,497,438,366,0.0245901639344262
"2011-08-15","dustin","southcenter","13002700","potamogeton.robbinsii",0.0547945205479452,1,2.4384,0.0482897384305835,497,438,366,0.0655737704918033
"2011-08-15","dustin","southcenter","13002700","schoenoplectus.pungens",0.0045662100456621,1,0.9144,0.00402414486921529,497,438,366,0.00546448087431694
"2011-08-15","dustin","southcenter","13002700","potamogeton.narrow",0.00684931506849315,1,0.9144,0.00603621730382294,497,438,366,0.00819672131147541
"2011-08-15","dustin","southcenter","13002700","scirpus.spp",0.0159817351598174,1,1.0668,0.0140845070422535,497,438,366,0.0191256830601093
"2011-08-15","dustin","southcenter","13002700","sagittaria.spp",0.0045662100456621,1,0.9144,0.00402414486921529,497,438,366,0.00546448087431694
"2011-08-15","dustin","southcenter","13002700","myriophyllum.spp",0.463470319634703,1,3.2004,0.408450704225352,497,438,366,0.551912568306011
"2011-08-15","dustin","southcenter","13002700","sparganium.spp",0.0136986301369863,1,1.15824,0.0120724346076459,497,438,366,0.0163934426229508
"2011-08-17","dustin","carlos","21005700","ceratophyllum.demersum",0.0191693290734824,1,6.4008,0.0172413793103448,754,626,676,0.0177514792899408
"2011-08-17","dustin","carlos","21005700","najas.flexilis",0.0591054313099041,1,5.57784,0.0517241379310345,754,626,676,0.0576923076923077
"2011-08-17","dustin","carlos","21005700","vallisneria.americana",0.012779552715655,1,3.74904,0.0106100795755968,754,626,676,0.0118343195266272
"2011-08-17","dustin","carlos","21005700","potamogeton.richardsonii",0.124600638977636,1,7.3152,0.106100795755968,754,626,676,0.116863905325444
"2011-08-17","dustin","carlos","21005700","elodea.canadensis",0.0159744408945687,1,7.0104,0.0172413793103448,754,626,676,0.0177514792899408
"2011-08-17","dustin","carlos","21005700","chara.spp",0.5,1,5.4864,0.420424403183024,754,626,676,0.468934911242604
"2011-08-17","dustin","carlos","21005700","stuckenia.pectinata",0.00958466453674121,1,2.1336,0.00795755968169761,754,626,676,0.00887573964497041
"2011-08-17","dustin","carlos","21005700","najas.spp",0.00319488817891374,1,3.6576,0.0026525198938992,754,626,676,0.0029585798816568
"2011-08-17","dustin","carlos","21005700","myriophyllum.sibiricum",0.166134185303514,1,5.57784,0.144562334217507,754,626,676,0.161242603550296
"2011-08-17","dustin","carlos","21005700","nuphar.spp",0.00159744408945687,1,1.524,0.0013262599469496,754,626,676,0.0014792899408284
"2011-08-17","dustin","carlos","21005700","typha.spp",0.00319488817891374,1,1.524,0.0026525198938992,754,626,676,0.0029585798816568
"2011-08-17","dustin","carlos","21005700","nitella.spp",0.103833865814696,1,7.3152,0.136604774535809,754,626,676,0.13905325443787
"2011-08-17","dustin","carlos","21005700","potamogeton.illinoensis",0.00958466453674121,1,3.9624,0.00795755968169761,754,626,676,0.00887573964497041
"2011-08-17","dustin","carlos","21005700","potamogeton.praelongus",0.118210862619808,1,70.104,0.10079575596817,754,626,676,0.11094674556213
"2011-08-17","dustin","carlos","21005700","potamogeton.zosterifomis",0.0654952076677316,1,5.7912,0.0610079575596817,754,626,676,0.0680473372781065
"2011-08-17","dustin","carlos","21005700","utricularia.vulgaris",0.116613418530351,1,5.09016,0.0981432360742706,754,626,676,0.109467455621302
"2011-08-17","dustin","carlos","21005700","potamogeton.natans",0.0287539936102236,1,3.3528,0.0238726790450928,754,626,676,0.0266272189349112
"2011-08-17","dustin","carlos","21005700","scirpus.spp",0.0814696485623003,1,3.3528,0.0676392572944297,754,626,676,0.0754437869822485
"2011-08-17","dustin","carlos","21005700","najas.marina",0.00159744408945687,1,3.44424,0.0013262599469496,754,626,676,0.0014792899408284
"2011-08-17","newman","lucy","10000700","ceratophyllum.demersum",0.73394495412844,3.5625,4.1,0.625,128,109,36,0.972222222222222
"2011-08-17","newman","lucy","10000700","potamogeton.crispus",0.036697247706422,1,2.4,0.03125,128,109,36,0.0277777777777778
"2011-08-17","newman","lucy","10000700","spirodela.polyrhiza",0.073394495412844,3.125,1.5,0.0625,128,109,36,0.222222222222222
"2011-08-17","newman","lucy","10000700","elodea.canadensis",0.137614678899083,2.93333333333333,2.1,0.1171875,128,109,36,0.25
"2011-08-17","newman","lucy","10000700","nymphaea.odorata",0.339449541284404,3.62162162162162,2.2,0.2890625,128,109,36,0.75
"2011-08-17","newman","lucy","10000700","chara.spp",0.211009174311927,3.26086956521739,1.9,0.1796875,128,109,36,0.333333333333333
"2011-08-17","newman","lucy","10000700","stuckenia.pectinata",0.036697247706422,1.5,1.6,0.03125,128,109,36,0.0833333333333333
"2011-08-17","newman","lucy","10000700","lemna.minor",0.0825688073394495,1.77777777777778,2.2,0.0703125,128,109,36,0.194444444444444
"2011-08-17","newman","lucy","10000700","lemna.trisulca",0.467889908256881,2.27450980392157,3.8,0.3984375,128,109,36,0.694444444444444
"2011-08-17","newman","lucy","10000700","myriophyllum.sibiricum",0.110091743119266,1.41666666666667,2.1,0.09375,128,109,36,0.166666666666667
"2011-08-17","newman","lucy","10000700","heteranthera.dubia",0.0275229357798165,1.66666666666667,1.2,0.0234375,128,109,36,0.0833333333333333
"2011-08-17","newman","lucy","10000700","wolffia.columbiana",0.165137614678899,2.83333333333333,3.1,0.140625,128,109,36,0.277777777777778
"2011-08-17","newman","lucy","10000700","nuphar.variegata",0.073394495412844,2.5,2.3,0.0625,128,109,36,0.111111111111111
"2011-08-17","newman","lucy","10000700","utricularia.vulgaris",0.376146788990826,2.21951219512195,4,0.3203125,128,109,36,0.638888888888889
"2011-08-18","brasch","cleary","70002200","ceratophyllum.demersum",0.737179487179487,3.64347826086957,2.3,0.737179487179487,156,156,156,0.737179487179487
"2011-08-18","brasch","cleary","70002200","potamogeton.foliosus",0.0192307692307692,1.33333333333333,1,0.0192307692307692,156,156,156,0.0192307692307692
"2011-08-18","brasch","cleary","70002200","najas.flexilis",0.00641025641025641,4,1.5,0.00641025641025641,156,156,156,0.00641025641025641
"2011-08-18","brasch","cleary","70002200","spirodela.polyrhiza",0.115384615384615,1,1.2,0.115384615384615,156,156,156,0.115384615384615
"2011-08-18","brasch","cleary","70002200","elodea.canadensis",0.0641025641025641,1.2,1.8,0.0641025641025641,156,156,156,0.0641025641025641
"2011-08-18","brasch","cleary","70002200","nymphaea.odorata",0.032051282051282,1,1,0.032051282051282,156,156,156,0.032051282051282
"2011-08-18","brasch","cleary","70002200","chara.spp",0.0256410256410256,3,1.5,0.0256410256410256,156,156,156,0.0256410256410256
"2011-08-18","brasch","cleary","70002200","stuckenia.pectinata",0.147435897435897,1.04347826086957,2,0.147435897435897,156,156,156,0.147435897435897
"2011-08-18","brasch","cleary","70002200","lemna.minor",0.0961538461538462,1,1.2,0.0961538461538462,156,156,156,0.0961538461538462
"2011-08-18","brasch","cleary","70002200","lemna.trisulca",0.544871794871795,1.94117647058824,2.2,0.544871794871795,156,156,156,0.544871794871795
"2011-08-18","brasch","cleary","70002200","heteranthera.dubia",0.16025641025641,1.16,1.8,0.16025641025641,156,156,156,0.16025641025641
"2011-08-18","brasch","cleary","70002200","wolffia.columbiana",0.0769230769230769,3.16666666666667,1.4,0.0769230769230769,156,156,156,0.0769230769230769
"2011-08-18","brasch","cleary","70002200","nitella.spp",0.00641025641025641,1,1.5,0.00641025641025641,156,156,156,0.00641025641025641
"2011-08-23","dustin","pearl","73003700","algae.filamentous",0.00843881856540084,1,0.42672,0.00806451612903226,496,474,257,0.0155642023346304
"2011-08-23","dustin","pearl","73003700","ceratophyllum.demersum",0.0590717299578059,1,2.7432,0.0564516129032258,496,474,257,0.108949416342412
"2011-08-23","dustin","pearl","73003700","potamogeton.crispus",0.00421940928270042,1,0.6096,0.00403225806451613,496,474,257,0.00778210116731518
"2011-08-23","dustin","pearl","73003700","najas.flexilis",0.0358649789029536,1,1.3716,0.0342741935483871,496,474,257,0.066147859922179
"2011-08-23","dustin","pearl","73003700","vallisneria.americana",0.0316455696202532,1,1.73736,0.030241935483871,496,474,257,0.0583657587548638
"2011-08-23","dustin","pearl","73003700","potamogeton.richardsonii",0.0253164556962025,1,2.31648,0.0241935483870968,496,474,257,0.0466926070038911
"2011-08-23","dustin","pearl","73003700","elodea.canadensis",0.00210970464135021,1,0.9144,0.00201612903225806,496,474,257,0.00389105058365759
"2011-08-23","dustin","pearl","73003700","chara.spp",0.373417721518987,1,2.5908,0.356854838709677,496,474,257,0.688715953307393
"2011-08-23","dustin","pearl","73003700","stuckenia.pectinata",0.105485232067511,1,2.7432,0.100806451612903,496,474,257,0.194552529182879
"2011-08-23","dustin","pearl","73003700","lemna.trisulca",0.00210970464135021,1,1.40208,0.00201612903225806,496,474,257,0.00389105058365759
"2011-08-23","dustin","pearl","73003700","myriophyllum.sibiricum",0.0189873417721519,1,2.40792,0.0181451612903226,496,474,257,0.0350194552529183
"2011-08-23","dustin","pearl","73003700","nymphaea.spp",0.00632911392405063,1,0.42672,0.00604838709677419,496,474,257,0.0116731517509728
"2011-08-23","dustin","pearl","73003700","nitella.spp",0.0105485232067511,1,2.56032,0.0100806451612903,496,474,257,0.0194552529182879
"2011-08-23","dustin","pearl","73003700","potamogeton.amplifolius",0.00210970464135021,1,1.55448,0.00201612903225806,496,474,257,0.00389105058365759
"2011-08-23","dustin","pearl","73003700","potamogeton.illinoensis",0.0548523206751055,1,2.7432,0.0524193548387097,496,474,257,0.101167315175097
"2011-08-23","dustin","pearl","73003700","potamogeton.zosterifomis",0.0189873417721519,1,2.4384,0.0181451612903226,496,474,257,0.0350194552529183
"2011-08-23","dustin","pearl","73003700","utricularia.vulgaris",0.00421940928270042,1,0.42672,0.00403225806451613,496,474,257,0.00778210116731518
"2011-08-23","dustin","pearl","73003700","potamogeton.narrow",0.0147679324894515,1,2.65176,0.0141129032258065,496,474,257,0.0272373540856031
"2011-08-23","dustin","pearl","73003700","scirpus.spp",0.0210970464135021,1,1.18872,0.0201612903225806,496,474,257,0.0389105058365759
"2011-08-23","dustin","pearl","73003700","lycopus.americanus",0.00210970464135021,1,0.42672,0.00201612903225806,496,474,257,0.00389105058365759
"2011-08-25","sblood","kohlman","62000600","algae.filamentous",0.00763358778625954,1,1.18872,0.00763358778625954,131,131,131,0.00763358778625954
"2011-08-25","sblood","kohlman","62000600","ceratophyllum.demersum",0.786259541984733,2.72815533980583,2.8956,0.786259541984733,131,131,131,0.786259541984733
"2011-08-25","sblood","kohlman","62000600","myriophyllum.spicatum",0.00763358778625954,1,1.014984,0.00763358778625954,131,131,131,0.00763358778625954
"2011-08-25","sblood","kohlman","62000600","najas.flexilis",0.0229007633587786,1,2.37744,0.0229007633587786,131,131,131,0.0229007633587786
"2011-08-25","sblood","kohlman","62000600","spirodela.polyrhiza",0.145038167938931,1,1.014984,0.145038167938931,131,131,131,0.145038167938931
"2011-08-25","sblood","kohlman","62000600","nymphaea.odorata",0.213740458015267,2.64285714285714,1.08204,0.213740458015267,131,131,131,0.213740458015267
"2011-08-25","sblood","kohlman","62000600","stuckenia.pectinata",0.0305343511450382,1,1.624584,0.0305343511450382,131,131,131,0.0305343511450382
"2011-08-25","sblood","kohlman","62000600","lemna.minor",0.274809160305344,1.30555555555556,1.08204,0.274809160305344,131,131,131,0.274809160305344
"2011-08-25","sblood","kohlman","62000600","lemna.trisulca",0.00763358778625954,1,0.893064,0.00763358778625954,131,131,131,0.00763358778625954
"2011-08-25","sblood","kohlman","62000600","potamogeton.zosteriformis",0.00763358778625954,1,1.240536,0.00763358778625954,131,131,131,0.00763358778625954
"2011-08-25","sblood","kohlman","62000600","potamogeton.pusillus",0.0916030534351145,1.91666666666667,2.093976,0.0916030534351145,131,131,131,0.0916030534351145
"2011-08-25","sblood","kohlman","62000600","wolffia.columbiana",0.00763358778625954,3,0.65532,0.00763358778625954,131,131,131,0.00763358778625954
"2011-08-25","sblood","kohlman","62000600","algae",0.244274809160305,3.25,1.08204,0.244274809160305,131,131,131,0.244274809160305
"2011-08-25","sblood","kohlman","62000600","nuphar.advena",0.236641221374046,1.2258064516129,1.08204,0.236641221374046,131,131,131,0.236641221374046
"2011-08-25","sblood","kohlman","62000600","elodea.spp",0.625954198473282,1.59756097560976,2.721864,0.625954198473282,131,131,131,0.625954198473282
"2011-08-26","brasch","rebecca","27019200","algae.filamentous",0.187096774193548,1.55172413793103,2.71272,0.150259067357513,193,155,125,0.232
"2011-08-26","brasch","rebecca","27019200","ceratophyllum.demersum",0.264516129032258,2.26829268292683,1.85928,0.212435233160622,193,155,125,0.328
"2011-08-26","brasch","rebecca","27019200","potamogeton.crispus",0.0580645161290323,1,2.86512,0.0466321243523316,193,155,125,0.072
"2011-08-26","brasch","rebecca","27019200","myriophyllum.spicatum",0.348387096774194,2.33333333333333,2.77368,0.27979274611399,193,155,125,0.432
"2011-08-26","brasch","rebecca","27019200","potamogeton.foliosus",0.0193548387096774,1,0.94488,0.0155440414507772,193,155,125,0.024
"2011-08-26","brasch","rebecca","27019200","najas.flexilis",0.0709677419354839,1.09090909090909,1.55448,0.0569948186528497,193,155,125,0.088
"2011-08-26","brasch","rebecca","27019200","elodea.canadensis",0.00645161290322581,1,1.40208,0.00518134715025907,193,155,125,0.008
"2011-08-26","brasch","rebecca","27019200","nymphaea.odorata",0.174193548387097,2.03703703703704,1.3716,0.139896373056995,193,155,125,0.216
"2011-08-26","brasch","rebecca","27019200","chara.spp",0.135483870967742,2.0952380952381,1.95072,0.10880829015544,193,155,125,0.168
"2011-08-26","brasch","rebecca","27019200","stuckenia.pectinata",0.148387096774194,1.30434782608696,1.31064,0.119170984455959,193,155,125,0.184
"2011-08-26","brasch","rebecca","27019200","heteranthera.dubia",0.00645161290322581,1,0.67056,0.00518134715025907,193,155,125,0.008
"2011-08-26","brasch","rebecca","27019200","nuphar.variegata",0.032258064516129,3.2,1.85928,0.0259067357512953,193,155,125,0.04
"2011-08-26","newman","riley","10000200","ceratophyllum.demersum",0.475609756097561,2.66666666666667,4,0.456140350877193,171,164,152,0.5
"2011-08-26","newman","riley","10000200","myriophyllum.spicatum",0.0731707317073171,2.41666666666667,1.1,0.0701754385964912,171,164,152,0.0789473684210526
"2011-08-26","newman","riley","10000200","najas.flexilis",0.00609756097560976,2,0.5,0.00584795321637427,171,164,152,0.00657894736842105
"2011-08-26","newman","riley","10000200","elodea.canadensis",0.0121951219512195,2,2,0.0116959064327485,171,164,152,0.0131578947368421
"2011-08-26","newman","riley","10000200","nymphaea.odorata",0.00609756097560976,5,0.9,0.00584795321637427,171,164,152,0.00657894736842105
"2011-08-26","newman","riley","10000200","stuckenia.pectinata",0.024390243902439,1.25,1.3,0.0233918128654971,171,164,152,0.0263157894736842
"2011-08-26","newman","riley","10000200","myriophyllum.sibiricum",0.0548780487804878,2.11111111111111,1.5,0.0526315789473684,171,164,152,0.0592105263157895
"2011-08-26","newman","riley","10000200","potamogeton.pusillus",0.0670731707317073,1.90909090909091,1.9,0.064327485380117,171,164,152,0.0723684210526316
"2011-08-26","newman","riley","10000200","zannichellia.palustris",0.0182926829268293,1.33333333333333,0.9,0.0175438596491228,171,164,152,0.0197368421052632
"2011-09-01","brasch","hyland","27004800","algae.filamentous",0.25,1,2.34696,0.25,124,124,46,0.608695652173913
"2011-09-01","brasch","hyland","27004800","potamogeton.crispus",0.0241935483870968,1,0.73152,0.0241935483870968,124,124,46,0.0652173913043478
"2011-09-01","brasch","hyland","27004800","potamogeton.foliosus",0.00806451612903226,1,0.18288,0.00806451612903226,124,124,46,0.0217391304347826
"2011-09-01","brasch","hyland","27004800","spirodela.polyrhiza",0.0241935483870968,1,2.01168,0.0241935483870968,124,124,46,0.0434782608695652
"2011-09-01","brasch","hyland","27004800","stuckenia.pectinata",0.0564516129032258,1,0.70104,0.0564516129032258,124,124,46,0.152173913043478
"2011-09-01","brasch","hyland","27004800","lemna.minor",0.0241935483870968,1,2.01168,0.0241935483870968,124,124,46,0.0434782608695652
"2011-09-01","brasch","hyland","27004800","potamogeton.natans",0.032258064516129,1.75,0.57912,0.032258064516129,124,124,46,0.0869565217391304
"2011-09-07","brasch","medicine","27010400","algae.filamentous",0.158415841584158,1.25,2.86512,0.156862745098039,102,101,73,0.191780821917808
"2011-09-07","brasch","medicine","27010400","ceratophyllum.demersum",0.366336633663366,2.40540540540541,3.68808,0.362745098039216,102,101,73,0.479452054794521
"2011-09-07","brasch","medicine","27010400","potamogeton.crispus",0.0198019801980198,1,2.01168,0.0196078431372549,102,101,73,0.0273972602739726
"2011-09-07","brasch","medicine","27010400","myriophyllum.spicatum",0.316831683168317,1.5625,3.68808,0.313725490196078,102,101,73,0.424657534246575
"2011-09-07","brasch","medicine","27010400","potamogeton.foliosus",0.0099009900990099,1,0.82296,0.00980392156862745,102,101,73,0.0136986301369863
"2011-09-07","brasch","medicine","27010400","najas.flexilis",0.0297029702970297,1.66666666666667,0.67056,0.0294117647058823,102,101,73,0.0410958904109589
"2011-09-07","brasch","medicine","27010400","vallisneria.americana",0.316831683168317,1.625,1.73736,0.313725490196078,102,101,73,0.438356164383562
"2011-09-07","brasch","medicine","27010400","spirodela.polyrhiza",0.0099009900990099,1,0.48768,0.00980392156862745,102,101,73,0.0136986301369863
"2011-09-07","brasch","medicine","27010400","elodea.canadensis",0.0396039603960396,1.25,0.67056,0.0392156862745098,102,101,73,0.0547945205479452
"2011-09-07","brasch","medicine","27010400","nymphaea.odorata",0.108910891089109,1.72727272727273,2.16408,0.107843137254902,102,101,73,0.150684931506849
"2011-09-07","brasch","medicine","27010400","chara.spp",0.118811881188119,2.16666666666667,1.0668,0.117647058823529,102,101,73,0.164383561643836
"2011-09-07","brasch","medicine","27010400","stuckenia.pectinata",0.148514851485149,1.06666666666667,1.3716,0.147058823529412,102,101,73,0.205479452054795
"2011-09-07","brasch","medicine","27010400","lemna.minor",0.0693069306930693,1,1.18872,0.0686274509803922,102,101,73,0.0958904109589041
"2011-09-07","brasch","medicine","27010400","lemna.trisulca",0.099009900990099,1,1.0668,0.0980392156862745,102,101,73,0.136986301369863
"2011-09-07","brasch","medicine","27010400","wolffia.columbiana",0.0297029702970297,1,2.07264,0.0294117647058823,102,101,73,0.0410958904109589
"2011-09-07","brasch","medicine","27010400","nuphar.advena",0.0594059405940594,2.5,1.73736,0.0588235294117647,102,101,73,0.0821917808219178
"2011-09-07","brasch","medicine","27010400","potamogeton.natans",0.0396039603960396,2.25,0.67056,0.0392156862745098,102,101,73,0.0547945205479452
"2011-09-07","mccomas","reshanau","02000900","ceratophyllum.demersum",0.166666666666667,1,2.4384,0.166666666666667,30,30,4,0.25
"2011-09-07","mccomas","reshanau","02000900","nymphaea.odorata",0.233333333333333,1.57142857142857,1.8288,0.233333333333333,30,30,4,0.75
"2011-09-07","mccomas","reshanau","02000900","stuckenia.pectinata",0.3,1.11111111111111,1.8288,0.3,30,30,4,0.5
"2011-09-07","mccomas","reshanau","02000900","elodea.spp",0.433333333333333,1.38461538461538,2.4384,0.433333333333333,30,30,4,0.25
"2011-09-07","mccomas","reshanau","02000900","potamogeton.illinoensis",0.0333333333333333,1,0.9144,0.0333333333333333,30,30,4,0.25
"2011-09-11","mccomas","clearw","82016300","algae.filamentous",0.00917431192660551,2,0.9144,0.00892857142857143,112,109,110,0.00909090909090909
"2011-09-11","mccomas","clearw","82016300","ceratophyllum.demersum",0.119266055045872,3.15384615384615,2.7432,0.116071428571429,112,109,110,0.118181818181818
"2011-09-11","mccomas","clearw","82016300","myriophyllum.spicatum",0.440366972477064,2.3125,2.7432,0.428571428571429,112,109,110,0.436363636363636
"2011-09-11","mccomas","clearw","82016300","nymphaea.odorata",0.0642201834862385,2.14285714285714,1.2192,0.0625,112,109,110,0.0636363636363636
"2011-09-11","mccomas","clearw","82016300","stuckenia.pectinata",0.055045871559633,1.33333333333333,1.8288,0.0535714285714286,112,109,110,0.0545454545454545
"2011-09-11","mccomas","clearw","82016300","najas.spp",0.238532110091743,1.92307692307692,1.524,0.232142857142857,112,109,110,0.236363636363636
"2011-09-11","mccomas","clearw","82016300","potamogeton.zosteriformis",0.018348623853211,1,1.2192,0.0178571428571429,112,109,110,0.0181818181818182
"2011-09-11","mccomas","clearw","82016300","nuphar.variegata",0.0458715596330275,1.8,1.2192,0.0446428571428571,112,109,110,0.0454545454545455
"2011-09-11","mccomas","clearw","82016300","potamogeton.natans",0.073394495412844,1.75,1.2192,0.0714285714285714,112,109,110,0.0727272727272727
"2011-09-11","mccomas","clearw","82016300","scirpus.spp",0.00917431192660551,1,0.9144,0.00892857142857143,112,109,110,0.00909090909090909
"2011-09-12","mccomas","round","27007100","algae.filamentous",0.714285714285714,3.1,2.1336,0.666666666666667,30,28,24,0.833333333333333
"2011-09-12","mccomas","round","27007100","ceratophyllum.demersum",1,2.32142857142857,3.6576,0.933333333333333,30,28,24,1
"2011-09-12","mccomas","round","27007100","myriophyllum.spicatum",0.178571428571429,1.4,2.7432,0.166666666666667,30,28,24,0.166666666666667
"2011-09-12","mccomas","round","27007100","nymphaea.odorata",0.678571428571429,2.94736842105263,2.1336,0.633333333333333,30,28,24,0.791666666666667
"2011-09-12","mccomas","round","27007100","najas.spp",0.0357142857142857,1,1.524,0.0333333333333333,30,28,24,0.0416666666666667
"2011-09-12","mccomas","round","27007100","elodea.spp",0.0357142857142857,1,1.3716,0.0333333333333333,30,28,24,0.0416666666666667
"2011-09-12","mccomas","round","27007100","potamogeton.natans",0.0357142857142857,1,1.524,0.0333333333333333,30,28,24,0.0416666666666667
"2011-09-12","mccomas","round","27007100","potamogeton.narrow",0.0714285714285714,1,2.1336,0.0666666666666667,30,28,24,0.0833333333333333
"2011-09-15","mccomas","gleason","27009500","algae.filamentous",0.17,1.52941176470588,1.8288,0.17,100,100,98,0.173469387755102
"2011-09-15","mccomas","gleason","27009500","ceratophyllum.demersum",0.86,3.08139534883721,2.7432,0.86,100,100,98,0.877551020408163
"2011-09-15","mccomas","gleason","27009500","nymphaea.odorata",0.29,2.68965517241379,2.1336,0.29,100,100,98,0.295918367346939
"2011-09-15","mccomas","gleason","27009500","lemna.trisulca",0.03,1,1.524,0.03,100,100,98,0.0306122448979592
"2011-09-15","mccomas","gleason","27009500","elodea.spp",0.06,1,1.8288,0.06,100,100,98,0.0612244897959184
"2011-09-15","mccomas","gleason","27009500","wolffia.spp",0.36,2.83333333333333,2.1336,0.36,100,100,98,0.36734693877551
"2011-09-15","mccomas","gleason","27009500","lemnaceae",0.13,1.15384615384615,1.8288,0.13,100,100,98,0.13265306122449
"2011-09-15","mccomas","gleason","27009500","mosses.aquatic",0.01,1,2.7432,0.01,100,100,98,0.0102040816326531
"2012-01-01","crwd","littlecrosby","62004700","algae.filamentous",0.260869565217391,1.16666666666667,1.9812,0.260869565217391,23,23,23,0.260869565217391
"2012-01-01","crwd","littlecrosby","62004700","ceratophyllum.demersum",0.913043478260869,3.33333333333333,2.7432,0.913043478260869,23,23,23,0.913043478260869
"2012-01-01","crwd","littlecrosby","62004700","elodea.canadensis",0.0434782608695652,2,1.24968,0.0434782608695652,23,23,23,0.0434782608695652
"2012-01-01","crwd","littlecrosby","62004700","nymphaea.odorata",0.739130434782609,4.29411764705882,1.9812,0.739130434782609,23,23,23,0.739130434782609
"2012-01-01","crwd","littlecrosby","62004700","stuckenia.pectinata",0.130434782608696,1,1.70688,0.130434782608696,23,23,23,0.130434782608696
"2012-01-01","crwd","littlecrosby","62004700","lemna.trisulca",0.826086956521739,2.05263157894737,1.9812,0.826086956521739,23,23,23,0.826086956521739
"2012-01-01","crwd","mccarrons","62005400","ceratophyllum.demersum",0.5,2.3,6.4008,0.526315789473684,19,18,19,0.526315789473684
"2012-01-01","crwd","mccarrons","62005400","potamogeton.crispus",0.222222222222222,1,2.7432,0.210526315789474,19,18,19,0.210526315789474
"2012-01-01","crwd","mccarrons","62005400","myriophyllum.spicatum",0.555555555555556,1.6,2.7432,0.526315789473684,19,18,19,0.526315789473684
"2012-01-01","crwd","mccarrons","62005400","potamogeton.foliosus",0.666666666666667,1.16666666666667,2.62128,0.631578947368421,19,18,19,0.631578947368421
"2012-01-01","crwd","mccarrons","62005400","vallisneria.americana",0.111111111111111,1,2.1336,0.105263157894737,19,18,19,0.105263157894737
"2012-01-01","crwd","mccarrons","62005400","elodea.canadensis",0.222222222222222,1,1.524,0.210526315789474,19,18,19,0.210526315789474
"2012-01-01","crwd","mccarrons","62005400","nymphaea.odorata",0.111111111111111,2,1.03632,0.105263157894737,19,18,19,0.105263157894737
"2012-01-01","crwd","mccarrons","62005400","chara.spp",0.111111111111111,1,1.524,0.105263157894737,19,18,19,0.105263157894737
"2012-01-01","crwd","mccarrons","62005400","stuckenia.pectinata",0.0555555555555556,1,0.82296,0.0526315789473684,19,18,19,0.0526315789473684
"2012-01-01","crwd","mccarrons","62005400","najas.spp",0.277777777777778,1,2.1336,0.263157894736842,19,18,19,0.263157894736842
"2012-03-21","sblood","kohlman","62000600","ceratophyllum.demersum",0.651515151515151,1.93023255813953,2.56032,0.651515151515151,132,132,132,0.651515151515151
"2012-03-21","sblood","kohlman","62000600","myriophyllum.spicatum",0.00757575757575758,1,1.014984,0.00757575757575758,132,132,132,0.00757575757575758
"2012-03-21","sblood","kohlman","62000600","najas.spp",0.0454545454545454,1.33333333333333,2.721864,0.0454545454545454,132,132,132,0.0454545454545454
"2012-03-21","sblood","kohlman","62000600","lemna.trisulca",0.00757575757575758,1,0.65532,0.00757575757575758,132,132,132,0.00757575757575758
"2012-03-21","sblood","kohlman","62000600","potamogeton.pusillus",0.00757575757575758,1,0.82296,0.00757575757575758,132,132,132,0.00757575757575758
"2012-03-21","sblood","kohlman","62000600","heteranthera.dubia",0.00757575757575758,1,1.441704,0.00757575757575758,132,132,132,0.00757575757575758
"2012-03-21","sblood","kohlman","62000600","elodea.spp",0.462121212121212,1.32786885245902,2.8956,0.462121212121212,132,132,132,0.462121212121212
"2012-03-21","sblood","kohlman","62000600","unk.cl.pw",0.0227272727272727,1,1.990344,0.0227272727272727,132,132,132,0.0227272727272727
"2012-04-02","brasch","hyland","27004800","potamogeton.crispus",0.645161290322581,1.2875,2.5908,0.645161290322581,124,124,61,0.918032786885246
"2012-04-04","mccomas","gleason","27009500","algae.filamentous",0.362903225806452,1.91111111111111,2.7432,0.362903225806452,124,124,109,0.412844036697248
"2012-04-04","mccomas","gleason","27009500","ceratophyllum.demersum",0.733870967741935,2.32967032967033,3.048,0.733870967741935,124,124,109,0.825688073394495
"2012-04-04","mccomas","gleason","27009500","potamogeton.crispus",0.419354838709677,1.40384615384615,3.048,0.419354838709677,124,124,109,0.467889908256881
"2012-04-04","mccomas","gleason","27009500","lemna.trisulca",0.00806451612903226,1,1.2192,0.00806451612903226,124,124,109,0.00917431192660551
"2012-04-04","mccomas","gleason","27009500","elodea.spp",0.0483870967741935,1.16666666666667,1.8288,0.0483870967741935,124,124,109,0.055045871559633
"2012-04-04","mccomas","gleason","27009500","typha.spp",0.00806451612903226,5,0.9144,0.00806451612903226,124,124,109,0.00917431192660551
"2012-04-05","brasch","rebecca","27019200","algae.filamentous",0.329113924050633,1.07692307692308,3.6576,0.268041237113402,194,158,124,0.411290322580645
"2012-04-05","brasch","rebecca","27019200","ceratophyllum.demersum",0.151898734177215,1.54166666666667,2.31648,0.123711340206186,194,158,124,0.193548387096774
"2012-04-05","brasch","rebecca","27019200","potamogeton.crispus",0.177215189873418,1.10714285714286,3.048,0.144329896907216,194,158,124,0.225806451612903
"2012-04-05","brasch","rebecca","27019200","myriophyllum.spicatum",0.379746835443038,1.63333333333333,2.31648,0.309278350515464,194,158,124,0.483870967741935
"2012-04-05","brasch","rebecca","27019200","potamogeton.foliosus",0.00632911392405063,1,0.94488,0.00515463917525773,194,158,124,0.00806451612903226
"2012-04-05","brasch","rebecca","27019200","elodea.canadensis",0.0126582278481013,1,2.8956,0.0103092783505155,194,158,124,0.0161290322580645
"2012-04-05","brasch","rebecca","27019200","chara.spp",0.139240506329114,2.27272727272727,1.76784,0.11340206185567,194,158,124,0.17741935483871
"2012-04-30","mccomas","reshanau","02000900","ceratophyllum.demersum",0.0310077519379845,1.5,1.524,0.0310077519379845,129,129,7,0.285714285714286
"2012-04-30","mccomas","reshanau","02000900","potamogeton.crispus",0.488372093023256,1.07936507936508,2.7432,0.488372093023256,129,129,7,0.571428571428571
"2012-04-30","mccomas","reshanau","02000900","nymphaea.odorata",0.0232558139534884,1,1.524,0.0232558139534884,129,129,7,0.142857142857143
"2012-04-30","mccomas","reshanau","02000900","elodea.spp",0.10077519379845,1.15384615384615,2.4384,0.10077519379845,129,129,7,0.142857142857143
"2012-05-10","brasch","medicine","27010400","algae.filamentous",0.428571428571429,1.08888888888889,1.76784,0.428571428571429,105,105,102,0.441176470588235
"2012-05-10","brasch","medicine","27010400","ceratophyllum.demersum",0.180952380952381,1.63157894736842,1.49352,0.180952380952381,105,105,102,0.186274509803922
"2012-05-10","brasch","medicine","27010400","potamogeton.crispus",0.523809523809524,2.61818181818182,1.49352,0.523809523809524,105,105,102,0.53921568627451
"2012-05-10","brasch","medicine","27010400","myriophyllum.spicatum",0.20952380952381,1.27272727272727,1.49352,0.20952380952381,105,105,102,0.215686274509804
"2012-05-10","brasch","medicine","27010400","potamogeton.foliosus",0.114285714285714,1,0.6096,0.114285714285714,105,105,102,0.117647058823529
"2012-05-10","brasch","medicine","27010400","elodea.canadensis",0.019047619047619,1,0.33528,0.019047619047619,105,105,102,0.0196078431372549
"2012-05-10","brasch","medicine","27010400","nymphaea.odorata",0.0380952380952381,1,0.762,0.0380952380952381,105,105,102,0.0392156862745098
"2012-05-10","brasch","medicine","27010400","chara.spp",0.0952380952380952,1.1,1.40208,0.0952380952380952,105,105,102,0.0980392156862745
"2012-05-10","brasch","medicine","27010400","lemna.trisulca",0.0571428571428571,1,0.33528,0.0571428571428571,105,105,102,0.0588235294117647
"2012-05-10","brasch","medicine","27010400","potamogeton.zosteriformis",0.00952380952380952,1,0.27432,0.00952380952380952,105,105,102,0.00980392156862745
"2012-05-12","newman","susan","10001300","ceratophyllum.demersum",0.308510638297872,2.31034482758621,3.9,0.198630136986301,146,94,37,0.72972972972973
"2012-05-12","newman","susan","10001300","potamogeton.crispus",0.446808510638298,3.28571428571429,3.8,0.287671232876712,146,94,37,0.756756756756757
"2012-05-12","newman","susan","10001300","myriophyllum.spicatum",0.191489361702128,2.55555555555556,1.6,0.123287671232877,146,94,37,0.486486486486487
"2012-05-12","newman","susan","10001300","elodea.canadensis",0.159574468085106,2.26666666666667,1.8,0.102739726027397,146,94,37,0.378378378378378
"2012-05-12","newman","susan","10001300","nymphaea.odorata",0.0212765957446809,1,0.4,0.0136986301369863,146,94,37,0.0540540540540541
"2012-05-12","newman","susan","10001300","stuckenia.pectinata",0.0106382978723404,1,0.4,0.00684931506849315,146,94,37,0.027027027027027
"2012-05-12","newman","susan","10001300","lemna.trisulca",0.0106382978723404,1,0.9,0.00684931506849315,146,94,37,0.027027027027027
"2012-05-12","newman","susan","10001300","potamogeton.pusillus",0.234042553191489,2.40909090909091,4,0.150684931506849,146,94,37,0.459459459459459
"2012-05-12","newman","susan","10001300","nelumbo.lutea",0.074468085106383,1.57142857142857,3.2,0.0479452054794521,146,94,37,0.162162162162162
"2012-05-12","newman","susan","10001300","nuphar.variegata",0.0851063829787234,1.75,1.5,0.0547945205479452,146,94,37,0.216216216216216
"2012-05-17","mccomas","round","27007100","algae.filamentous",0.444444444444444,2.3125,1.524,0.333333333333333,48,36,31,0.516129032258065
"2012-05-17","mccomas","round","27007100","ceratophyllum.demersum",0.916666666666667,2.48484848484848,3.6576,0.6875,48,36,31,0.935483870967742
"2012-05-17","mccomas","round","27007100","potamogeton.crispus",0.194444444444444,1,2.7432,0.145833333333333,48,36,31,0.193548387096774
"2012-05-17","mccomas","round","27007100","myriophyllum.spicatum",0.388888888888889,1.35714285714286,2.7432,0.291666666666667,48,36,31,0.419354838709677
"2012-05-17","mccomas","round","27007100","nymphaea.odorata",0.416666666666667,1,1.8288,0.3125,48,36,31,0.483870967741935
"2012-05-17","mccomas","round","27007100","potamogeton.zosteriformis",0.0277777777777778,1,1.2192,0.0208333333333333,48,36,31,0.032258064516129
"2012-05-17","mccomas","round","27007100","elodea.spp",0.138888888888889,1,1.524,0.104166666666667,48,36,31,0.161290322580645
"2012-05-17","mccomas","round","27007100","nuphar.variegata",0.0277777777777778,1,1.2192,0.0208333333333333,48,36,31,0.032258064516129
"2012-05-17","mccomas","round","27007100","potamogeton.narrow",0.0833333333333333,1,1.2192,0.0625,48,36,31,0.0967741935483871
"2012-05-17","mccomas","round","27007100","ranunculus.spp",0.0277777777777778,2,2.4384,0.0208333333333333,48,36,31,0.032258064516129
"2012-05-25","newman","riley","10000200","ceratophyllum.demersum",0.408536585365854,2.35820895522388,4.4,0.380681818181818,176,164,150,0.44
"2012-05-25","newman","riley","10000200","potamogeton.crispus",0.640243902439025,3.72380952380952,3.2,0.596590909090909,176,164,150,0.7
"2012-05-25","newman","riley","10000200","myriophyllum.spicatum",0.518292682926829,2.47058823529412,3.5,0.482954545454545,176,164,150,0.566666666666667
"2012-05-25","newman","riley","10000200","elodea.canadensis",0.024390243902439,1,2.5,0.0227272727272727,176,164,150,0.0266666666666667
"2012-05-25","newman","riley","10000200","nymphaea.odorata",0.0182926829268293,1.33333333333333,0.9,0.0170454545454545,176,164,150,0.02
"2012-05-25","newman","riley","10000200","stuckenia.pectinata",0.0548780487804878,2.33333333333333,1.6,0.0511363636363636,176,164,150,0.06
"2012-05-25","newman","riley","10000200","potamogeton.pusillus",0.0365853658536585,1.33333333333333,2.1,0.0340909090909091,176,164,150,0.04
"2012-05-25","newman","riley","10000200","zannichellia.palustris",0.0121951219512195,1.5,1.7,0.0113636363636364,176,164,150,0.0133333333333333
"2012-06-01","brasch","cleary","70002200","algae.filamentous",0.36875,1.84745762711864,2.1,0.36875,160,160,160,0.36875
"2012-06-01","brasch","cleary","70002200","ceratophyllum.demersum",0.575,3.28260869565217,2.3,0.575,160,160,160,0.575
"2012-06-01","brasch","cleary","70002200","potamogeton.crispus",0.75,3.33333333333333,3.1,0.75,160,160,160,0.75
"2012-06-01","brasch","cleary","70002200","spirodela.polyrhiza",0.1375,1.04545454545455,1.55448,0.1375,160,160,160,0.1375
"2012-06-01","brasch","cleary","70002200","elodea.canadensis",0.23125,1.78378378378378,2.5,0.23125,160,160,160,0.23125
"2012-06-01","brasch","cleary","70002200","nymphaea.odorata",0.05625,1.44444444444444,0.8,0.05625,160,160,160,0.05625
"2012-06-01","brasch","cleary","70002200","stuckenia.pectinata",0.34375,1.25454545454545,2.2,0.34375,160,160,160,0.34375
"2012-06-01","brasch","cleary","70002200","lemna.minor",0.0625,1.4,2.7,0.0625,160,160,160,0.0625
"2012-06-01","brasch","cleary","70002200","lemna.trisulca",0.4125,1.04545454545455,2.7,0.4125,160,160,160,0.4125
"2012-06-01","brasch","cleary","70002200","potamogeton.pusillus",0.23125,2.16216216216216,1.8,0.23125,160,160,160,0.23125
"2012-06-01","mccomas","clearw","82016300","algae.filamentous",0.00862068965517241,1,1.524,0.00757575757575758,132,116,122,0.00819672131147541
"2012-06-01","mccomas","clearw","82016300","ceratophyllum.demersum",0.137931034482759,2.1875,2.7432,0.121212121212121,132,116,122,0.131147540983607
"2012-06-01","mccomas","clearw","82016300","potamogeton.crispus",0.0603448275862069,1,3.048,0.053030303030303,132,116,122,0.0573770491803279
"2012-06-01","mccomas","clearw","82016300","myriophyllum.spicatum",0.543103448275862,2.53968253968254,3.3528,0.477272727272727,132,116,122,0.516393442622951
"2012-06-01","mccomas","clearw","82016300","nymphaea.odorata",0.0517241379310345,1.16666666666667,1.524,0.0454545454545454,132,116,122,0.0491803278688525
"2012-06-01","mccomas","clearw","82016300","chara.spp",0.0517241379310345,1,1.524,0.0454545454545454,132,116,122,0.0491803278688525
"2012-06-01","mccomas","clearw","82016300","najas.spp",0.21551724137931,1.28,1.8288,0.189393939393939,132,116,122,0.204918032786885
"2012-06-01","mccomas","clearw","82016300","potamogeton.zosteriformis",0.0172413793103448,1,1.2192,0.0151515151515152,132,116,122,0.0163934426229508
"2012-06-01","mccomas","clearw","82016300","myriophyllum.sibiricum",0.00862068965517241,1,0.9144,0.00757575757575758,132,116,122,0.00819672131147541
"2012-06-01","mccomas","clearw","82016300","nuphar.variegata",0.0258620689655172,1.33333333333333,1.2192,0.0227272727272727,132,116,122,0.0245901639344262
"2012-06-01","mccomas","clearw","82016300","potamogeton.natans",0.0775862068965517,1.11111111111111,1.524,0.0681818181818182,132,116,122,0.0737704918032787
"2012-06-01","mccomas","clearw","82016300","potamogeton.narrow",0.0775862068965517,1,1.8288,0.0681818181818182,132,116,122,0.0737704918032787
"2012-06-03","newman","susan","10001300","ceratophyllum.demersum",0.368932038834951,2.55263157894737,3.7,0.26027397260274,146,103,38,0.789473684210526
"2012-06-03","newman","susan","10001300","potamogeton.crispus",0.252427184466019,2.5,2.6,0.178082191780822,146,103,38,0.526315789473684
"2012-06-03","newman","susan","10001300","myriophyllum.spicatum",0.106796116504854,2.27272727272727,1.8,0.0753424657534247,146,103,38,0.263157894736842
"2012-06-03","newman","susan","10001300","elodea.canadensis",0.203883495145631,2.47619047619048,2.8,0.143835616438356,146,103,38,0.447368421052632
"2012-06-03","newman","susan","10001300","nymphaea.odorata",0.0679611650485437,2.57142857142857,0.7,0.0479452054794521,146,103,38,0.184210526315789
"2012-06-03","newman","susan","10001300","stuckenia.pectinata",0.087378640776699,1.77777777777778,2.5,0.0616438356164384,146,103,38,0.210526315789474
"2012-06-03","newman","susan","10001300","potamogeton.pusillus",0.233009708737864,2.54166666666667,3,0.164383561643836,146,103,38,0.526315789473684
"2012-06-03","newman","susan","10001300","nelumbo.lutea",0.106796116504854,1.81818181818182,2,0.0753424657534247,146,103,38,0.263157894736842
"2012-06-03","newman","susan","10001300","nuphar.variegata",0.058252427184466,3.83333333333333,1.2,0.0410958904109589,146,103,38,0.157894736842105
"2012-06-04","mccomas","reshanau","02000900","nymphaea.odorata",0.0232558139534884,1,1.2192,0.0232558139534884,129,129,4,0.5
"2012-06-04","mccomas","reshanau","02000900","elodea.spp",0.124031007751938,1.6875,2.4384,0.124031007751938,129,129,4,0.75
"2012-06-04","mccomas","reshanau","02000900","nuphar.variegata",0.0387596899224806,1.8,1.8288,0.0387596899224806,129,129,4,0.25
"2012-06-04","mccomas","reshanau","02000900","potamogeton.narrow",0.0232558139534884,1,1.524,0.0232558139534884,129,129,4,0.25
"2012-06-07","brasch","sarahe","27019102","algae.filamentous",0.191780821917808,1.28571428571429,2.5,0.184210526315789,76,73,47,0.25531914893617
"2012-06-07","brasch","sarahe","27019102","ceratophyllum.demersum",0.575342465753425,3.66666666666667,4.2,0.552631578947368,76,73,47,0.787234042553192
"2012-06-07","brasch","sarahe","27019102","potamogeton.crispus",0.479452054794521,1.85714285714286,3.1,0.460526315789474,76,73,47,0.468085106382979
"2012-06-07","brasch","sarahe","27019102","myriophyllum.spicatum",0.205479452054795,1.46666666666667,2,0.197368421052632,76,73,47,0.276595744680851
"2012-06-07","brasch","sarahe","27019102","spirodela.polyrhiza",0.0684931506849315,1,1.5,0.0657894736842105,76,73,47,0.106382978723404
"2012-06-07","brasch","sarahe","27019102","elodea.canadensis",0.0547945205479452,1,2,0.0526315789473684,76,73,47,0.0638297872340425
"2012-06-07","brasch","sarahe","27019102","nymphaea.odorata",0.26027397260274,1.73684210526316,2,0.25,76,73,47,0.382978723404255
"2012-06-07","brasch","sarahe","27019102","chara.spp",0.0273972602739726,1.5,1.8,0.0263157894736842,76,73,47,0.0425531914893617
"2012-06-07","brasch","sarahe","27019102","lemna.trisulca",0.328767123287671,1.33333333333333,2.5,0.315789473684211,76,73,47,0.48936170212766
"2012-06-07","brasch","sarahe","27019102","myriophyllum.sibiricum",0.123287671232877,1.77777777777778,2.5,0.118421052631579,76,73,47,0.170212765957447
"2012-06-07","brasch","sarahe","27019102","potamogeton.pusillus",0.0821917808219178,1.83333333333333,2,0.0789473684210526,76,73,47,0.106382978723404
"2012-06-07","brasch","sarahe","27019102","nuphar.variegata",0.0136986301369863,1,1.5,0.0131578947368421,76,73,47,0.0212765957446809
"2012-06-08","brasch","sarahw","27019101","algae.filamentous",0.271028037383178,1.6551724137931,3.87096,0.239669421487603,121,107,57,0.491228070175439
"2012-06-08","brasch","sarahw","27019101","ceratophyllum.demersum",0.373831775700935,3.125,2.1336,0.330578512396694,121,107,57,0.649122807017544
"2012-06-08","brasch","sarahw","27019101","potamogeton.crispus",0.373831775700935,1.7,4.38912,0.330578512396694,121,107,57,0.350877192982456
"2012-06-08","brasch","sarahw","27019101","myriophyllum.spicatum",0.280373831775701,1.87096774193548,5.7912,0.256198347107438,121,107,57,0.421052631578947
"2012-06-08","brasch","sarahw","27019101","najas.flexilis",0.00934579439252336,1,1.2192,0.00826446280991736,121,107,57,0.0175438596491228
"2012-06-08","brasch","sarahw","27019101","spirodela.polyrhiza",0.0467289719626168,1.6,0.9144,0.0413223140495868,121,107,57,0.087719298245614
"2012-06-08","brasch","sarahw","27019101","elodea.canadensis",0.0467289719626168,1.6,1.28016,0.0413223140495868,121,107,57,0.087719298245614
"2012-06-08","brasch","sarahw","27019101","nymphaea.odorata",0.11214953271028,2.91666666666667,1.0668,0.0991735537190083,121,107,57,0.210526315789474
"2012-06-08","brasch","sarahw","27019101","lemna.minor",0.00934579439252336,1,0.97536,0.00826446280991736,121,107,57,0.0175438596491228
"2012-06-08","brasch","sarahw","27019101","lemna.trisulca",0.186915887850467,1.57142857142857,4.69392,0.173553719008264,121,107,57,0.333333333333333
"2012-06-08","brasch","sarahw","27019101","myriophyllum.sibiricum",0.00934579439252336,1,1.2192,0.00826446280991736,121,107,57,0.0175438596491228
"2012-06-08","brasch","sarahw","27019101","potamogeton.pusillus",0.0560747663551402,1.16666666666667,1.8288,0.0495867768595041,121,107,57,0.087719298245614
"2012-06-08","brasch","sarahw","27019101","heteranthera.dubia",0.0373831775700935,1,1.12776,0.0330578512396694,121,107,57,0.0701754385964912
"2012-06-10","mccomas","gleason","27009500","algae.filamentous",0.232,2.68965517241379,3.048,0.23015873015873,126,125,102,0.274509803921569
"2012-06-10","mccomas","gleason","27009500","ceratophyllum.demersum",0.768,2.59375,3.048,0.761904761904762,126,125,102,0.911764705882353
"2012-06-10","mccomas","gleason","27009500","potamogeton.crispus",0.016,2,1.524,0.0158730158730159,126,125,102,0.0196078431372549
"2012-06-10","mccomas","gleason","27009500","nymphaea.odorata",0.12,1.4,1.8288,0.119047619047619,126,125,102,0.147058823529412
"2012-06-10","mccomas","gleason","27009500","elodea.spp",0.016,1,1.8288,0.0158730158730159,126,125,102,0.0196078431372549
"2012-06-10","mccomas","gleason","27009500","wolffia.spp",0.024,1,1.8288,0.0238095238095238,126,125,102,0.0294117647058823
"2012-06-10","mccomas","gleason","27009500","lemnaceae",0.04,1.6,1.8288,0.0396825396825397,126,125,102,0.0490196078431373
"2012-06-15","brasch","hyland","27004800","algae.filamentous",0.661290322580645,2.36585365853659,3.01752,0.661290322580645,124,124,51,0.862745098039216
"2012-06-15","brasch","hyland","27004800","potamogeton.crispus",0.0887096774193548,1,2.92608,0.0887096774193548,124,124,51,0.0784313725490196
"2012-06-15","brasch","hyland","27004800","najas.flexilis",0.00806451612903226,1,0.4572,0.00806451612903226,124,124,51,0.0196078431372549
"2012-06-15","brasch","hyland","27004800","elodea.canadensis",0.137096774193548,1.82352941176471,1.6764,0.137096774193548,124,124,51,0.333333333333333
"2012-06-15","brasch","hyland","27004800","chara.spp",0.0161290322580645,3,0.82296,0.0161290322580645,124,124,51,0.0392156862745098
"2012-06-15","brasch","hyland","27004800","potamogeton.pusillus",0.00806451612903226,1,0.54864,0.00806451612903226,124,124,51,0.0196078431372549
"2012-06-19","newman","lucy","10000700","ceratophyllum.demersum",0.570175438596491,3.48484848484848,6,0.478260869565217,138,114,39,0.769230769230769
"2012-06-19","newman","lucy","10000700","potamogeton.crispus",0.157894736842105,2.38888888888889,2.9,0.130434782608696,138,114,39,0.0512820512820513
"2012-06-19","newman","lucy","10000700","spirodela.polyrhiza",0.0789473684210526,2.88888888888889,2.7,0.0652173913043478,138,114,39,0.205128205128205
"2012-06-19","newman","lucy","10000700","elodea.canadensis",0.210526315789474,2.29166666666667,2,0.173913043478261,138,114,39,0.41025641025641
"2012-06-19","newman","lucy","10000700","nymphaea.odorata",0.228070175438596,2.61538461538462,2.2,0.188405797101449,138,114,39,0.564102564102564
"2012-06-19","newman","lucy","10000700","chara.spp",0.228070175438596,3.92307692307692,2.2,0.188405797101449,138,114,39,0.333333333333333
"2012-06-19","newman","lucy","10000700","stuckenia.pectinata",0.0614035087719298,1.28571428571429,1.3,0.0507246376811594,138,114,39,0.179487179487179
"2012-06-19","newman","lucy","10000700","lemna.minor",0.0263157894736842,2.66666666666667,1.3,0.0217391304347826,138,114,39,0.0769230769230769
"2012-06-19","newman","lucy","10000700","lemna.trisulca",0.245614035087719,2.28571428571429,2.6,0.202898550724638,138,114,39,0.487179487179487
"2012-06-19","newman","lucy","10000700","myriophyllum.sibiricum",0.0789473684210526,1.77777777777778,2.8,0.0652173913043478,138,114,39,0.128205128205128
"2012-06-19","newman","lucy","10000700","potamogeton.pusillus",0.0263157894736842,1.33333333333333,1,0.0217391304347826,138,114,39,0.0769230769230769
"2012-06-19","newman","lucy","10000700","heteranthera.dubia",0.0087719298245614,1,1.2,0.0072463768115942,138,114,39,0.0256410256410256
"2012-06-19","newman","lucy","10000700","wolffia.columbiana",0.0789473684210526,3.33333333333333,2.7,0.0652173913043478,138,114,39,0.205128205128205
"2012-06-19","newman","lucy","10000700","nuphar.variegata",0.0526315789473684,2.83333333333333,1.8,0.0434782608695652,138,114,39,0.102564102564103
"2012-06-19","newman","lucy","10000700","utricularia.vulgaris",0.0789473684210526,1.66666666666667,1.7,0.0652173913043478,138,114,39,0.128205128205128
"2012-06-21","sblood","kohlman","62000600","ceratophyllum.demersum",0.875,2.54464285714286,2.8956,0.875,128,128,128,0.875
"2012-06-21","sblood","kohlman","62000600","myriophyllum.spicatum",0.0703125,1.11111111111111,1.524,0.0703125,128,128,128,0.0703125
"2012-06-21","sblood","kohlman","62000600","potamogeton.foliosus",0.0078125,1,0.762,0.0078125,128,128,128,0.0078125
"2012-06-21","sblood","kohlman","62000600","spirodela.polyrhiza",0.1015625,1,1.70688,0.1015625,128,128,128,0.1015625
"2012-06-21","sblood","kohlman","62000600","nymphaea.odorata",0.203125,1.88461538461538,1.34112,0.203125,128,128,128,0.203125
"2012-06-21","sblood","kohlman","62000600","stuckenia.pectinata",0.0625,1.25,2.04216,0.0625,128,128,128,0.0625
"2012-06-21","sblood","kohlman","62000600","najas.spp",0.0625,1.625,2.8956,0.0625,128,128,128,0.0625
"2012-06-21","sblood","kohlman","62000600","lemna.trisulca",0.03125,1,0.94488,0.03125,128,128,128,0.03125
"2012-06-21","sblood","kohlman","62000600","potamogeton.zosteriformis",0.03125,1.75,1.18872,0.03125,128,128,128,0.03125
"2012-06-21","sblood","kohlman","62000600","potamogeton.pusillus",0.0390625,1.2,0.97536,0.0390625,128,128,128,0.0390625
"2012-06-21","sblood","kohlman","62000600","algae",0.2890625,3.75675675675676,1.70688,0.2890625,128,128,128,0.2890625
"2012-06-21","sblood","kohlman","62000600","unk.common.dw",0.203125,1.19230769230769,1.70688,0.203125,128,128,128,0.203125
"2012-06-21","sblood","kohlman","62000600","elodea.spp",0.6875,1.88636363636364,2.8956,0.6875,128,128,128,0.6875
"2012-06-21","sblood","kohlman","62000600","wolffia.spp",0.2421875,1.09677419354839,1.88976,0.2421875,128,128,128,0.2421875
"2012-06-21","sblood","kohlman","62000600","nuphar.spp",0.0078125,1,0.94488,0.0078125,128,128,128,0.0078125
"2012-06-21","sblood","kohlman","62000600","unk.cl.pw",0.140625,1.22222222222222,2.46888,0.140625,128,128,128,0.140625
"2012-06-22","newman","staring","27007800","potamogeton.crispus",0.050561797752809,2,1.5,0.0502793296089385,179,178,30,0.133333333333333
"2012-06-22","newman","staring","27007800","stuckenia.pectinata",0.0112359550561798,2.5,0.5,0.0111731843575419,179,178,30,0.0666666666666667
"2012-06-22","newman","staring","27007800","nuphar.variegata",0.0168539325842697,2.66666666666667,0.9,0.0167597765363128,179,178,30,0.1
"2012-06-23","newman","riley","10000200","ceratophyllum.demersum",0.631578947368421,3,4.2,0.613636363636364,176,171,161,0.664596273291925
"2012-06-23","newman","riley","10000200","potamogeton.crispus",0.257309941520468,1.84090909090909,3.4,0.25,176,171,161,0.273291925465839
"2012-06-23","newman","riley","10000200","myriophyllum.spicatum",0.567251461988304,2.80412371134021,3.5,0.551136363636364,176,171,161,0.602484472049689
"2012-06-23","newman","riley","10000200","najas.flexilis",0.00584795321637427,2,0.5,0.00568181818181818,176,171,161,0.0062111801242236
"2012-06-23","newman","riley","10000200","elodea.canadensis",0.064327485380117,2.45454545454545,2,0.0625,176,171,161,0.0683229813664596
"2012-06-23","newman","riley","10000200","nymphaea.odorata",0.0116959064327485,2,0.8,0.0113636363636364,176,171,161,0.0124223602484472
"2012-06-23","newman","riley","10000200","chara.spp",0.00584795321637427,1,1.5,0.00568181818181818,176,171,161,0.0062111801242236
"2012-06-23","newman","riley","10000200","stuckenia.pectinata",0.0526315789473684,3.11111111111111,1.8,0.0511363636363636,176,171,161,0.0559006211180124
"2012-06-23","newman","riley","10000200","potamogeton.pusillus",0.0935672514619883,2.625,1.8,0.0909090909090909,176,171,161,0.0993788819875776
"2012-07-20","lund","silver","62000100","potamogeton.crispus",0.0775862068965517,1.44444444444444,3.5052,0.0756302521008403,119,116,83,0.0963855421686747
"2012-07-20","lund","silver","62000100","myriophyllum.spicatum",0.689655172413793,2.25,3.9624,0.672268907563025,119,116,83,0.807228915662651
"2012-07-20","lund","silver","62000100","potamogeton.foliosus",0.00862068965517241,1,2.92608,0.00840336134453781,119,116,83,0.0120481927710843
"2012-07-20","lund","silver","62000100","elodea.canadensis",0.0431034482758621,1.4,2.31648,0.0420168067226891,119,116,83,0.0602409638554217
"2012-07-20","lund","silver","62000100","nymphaea.odorata",0.0258620689655172,3,2.22504,0.0252100840336134,119,116,83,0.036144578313253
"2012-07-20","lund","silver","62000100","chara.spp",0.232758620689655,2.85185185185185,2.92608,0.226890756302521,119,116,83,0.325301204819277
"2012-07-20","lund","silver","62000100","stuckenia.pectinata",0.00862068965517241,1,1.61544,0.00840336134453781,119,116,83,0.0120481927710843
"2012-07-20","lund","silver","62000100","myriophyllum.sibiricum",0.0862068965517241,1.1,3.26136,0.0840336134453782,119,116,83,0.108433734939759
"2012-07-20","lund","silver","62000100","typha.spp",0.00862068965517241,4,2.1336,0.00840336134453781,119,116,83,0.0120481927710843
"2012-07-20","lund","silver","62000100","potamogeton.praelongus",0.00862068965517241,2,1.524,0.00840336134453781,119,116,83,0.0120481927710843
"2012-08-01","mccomas","round","27007100","algae.filamentous",0.393939393939394,2.30769230769231,1.8288,0.282608695652174,46,33,30,0.433333333333333
"2012-08-01","mccomas","round","27007100","ceratophyllum.demersum",0.878787878787879,3.79310344827586,2.7432,0.630434782608696,46,33,30,0.933333333333333
"2012-08-01","mccomas","round","27007100","myriophyllum.spicatum",0.121212121212121,1,1.8288,0.0869565217391304,46,33,30,0.133333333333333
"2012-08-01","mccomas","round","27007100","nymphaea.odorata",0.757575757575757,3.24,2.4384,0.543478260869565,46,33,30,0.833333333333333
"2012-08-01","mccomas","round","27007100","elodea.spp",0.0606060606060606,1,1.2192,0.0434782608695652,46,33,30,0.0666666666666667
"2012-08-01","mccomas","round","27007100","nuphar.variegata",0.0303030303030303,2,0.9144,0.0217391304347826,46,33,30,0.0333333333333333
"2012-08-01","mccomas","round","27007100","potamogeton.natans",0.0303030303030303,1,1.2192,0.0217391304347826,46,33,30,0.0333333333333333
"2012-08-01","mccomas","round","27007100","potamogeton.narrow",0.0303030303030303,1,1.2192,0.0217391304347826,46,33,30,0.0333333333333333
"2012-08-01","newman","staring","27007800","potamogeton.crispus",0.0280898876404494,1.6,1.2,0.0280898876404494,178,178,43,0.0930232558139535
"2012-08-01","newman","staring","27007800","nymphaea.odorata",0.0112359550561798,2.5,0.8,0.0112359550561798,178,178,43,0.0465116279069767
"2012-08-01","newman","staring","27007800","nuphar.variegata",0.0112359550561798,4,0.6,0.0112359550561798,178,178,43,0.0465116279069767
"2012-08-02","brasch","hyland","27004800","algae.filamentous",0.67741935483871,1.47619047619048,2.65176,0.67741935483871,124,124,59,0.813559322033898
"2012-08-02","brasch","hyland","27004800","ceratophyllum.demersum",0.00806451612903226,5,0.48768,0.00806451612903226,124,124,59,0.0169491525423729
"2012-08-02","brasch","hyland","27004800","potamogeton.crispus",0.411290322580645,2.13725490196078,2.07264,0.411290322580645,124,124,59,0.779661016949153
"2012-08-02","brasch","hyland","27004800","elodea.canadensis",0.314516129032258,3.43589743589744,2.31648,0.314516129032258,124,124,59,0.644067796610169
"2012-08-02","brasch","hyland","27004800","stuckenia.pectinata",0.0161290322580645,1.5,0.79248,0.0161290322580645,124,124,59,0.0338983050847458
"2012-08-02","brasch","hyland","27004800","lemna.minor",0.0564516129032258,1.57142857142857,1.03632,0.0564516129032258,124,124,59,0.11864406779661
"2012-08-02","brasch","hyland","27004800","potamogeton.pusillus",0.0403225806451613,1.4,2.04216,0.0403225806451613,124,124,59,0.0677966101694915
"2012-08-03","brasch","medicine","27010400","algae.filamentous",0.212765957446809,1.3,2.16408,0.18348623853211,109,94,65,0.307692307692308
"2012-08-03","brasch","medicine","27010400","ceratophyllum.demersum",0.5,2.59574468085106,3.5052,0.431192660550459,109,94,65,0.615384615384615
"2012-08-03","brasch","medicine","27010400","potamogeton.crispus",0.0212765957446809,1,1.79832,0.018348623853211,109,94,65,0.0307692307692308
"2012-08-03","brasch","medicine","27010400","myriophyllum.spicatum",0.531914893617021,1.68,3.84048,0.458715596330275,109,94,65,0.661538461538462
"2012-08-03","brasch","medicine","27010400","najas.flexilis",0.170212765957447,1.9375,1.18872,0.146788990825688,109,94,65,0.246153846153846
"2012-08-03","brasch","medicine","27010400","potamogeton.richardsonii",0.0106382978723404,1,0.762,0.00917431192660551,109,94,65,0.0153846153846154
"2012-08-03","brasch","medicine","27010400","spirodela.polyrhiza",0.0212765957446809,1,0.42672,0.018348623853211,109,94,65,0.0307692307692308
"2012-08-03","brasch","medicine","27010400","elodea.canadensis",0.0425531914893617,1,1.0668,0.036697247706422,109,94,65,0.0615384615384615
"2012-08-03","brasch","medicine","27010400","nymphaea.odorata",0.106382978723404,2.5,1.24968,0.0917431192660551,109,94,65,0.153846153846154
"2012-08-03","brasch","medicine","27010400","chara.spp",0.202127659574468,2.10526315789474,1.43256,0.174311926605505,109,94,65,0.292307692307692
"2012-08-03","brasch","medicine","27010400","stuckenia.pectinata",0.0319148936170213,2,0.94488,0.0275229357798165,109,94,65,0.0461538461538462
"2012-08-03","brasch","medicine","27010400","lemna.minor",0.0531914893617021,1.8,0.94488,0.0458715596330275,109,94,65,0.0769230769230769
"2012-08-03","brasch","medicine","27010400","lemna.trisulca",0.234042553191489,1.04545454545455,2.71272,0.201834862385321,109,94,65,0.323076923076923
"2012-08-03","brasch","medicine","27010400","potamogeton.zosteriformis",0.0106382978723404,1,1.24968,0.00917431192660551,109,94,65,0.0153846153846154
"2012-08-03","brasch","medicine","27010400","potamogeton.pusillus",0.0425531914893617,1.25,1.18872,0.036697247706422,109,94,65,0.0615384615384615
"2012-08-03","brasch","medicine","27010400","nuphar.variegata",0.0319148936170213,1,0.94488,0.0275229357798165,109,94,65,0.0461538461538462
"2012-08-06","newman","susan","10001300","ceratophyllum.demersum",0.239316239316239,2.57142857142857,2,0.191780821917808,146,117,40,0.65
"2012-08-06","newman","susan","10001300","potamogeton.crispus",0.0256410256410256,1,1.3,0.0205479452054795,146,117,40,0.075
"2012-08-06","newman","susan","10001300","myriophyllum.spicatum",0.00854700854700855,3,0.7,0.00684931506849315,146,117,40,0.025
"2012-08-06","newman","susan","10001300","elodea.canadensis",0.111111111111111,2.15384615384615,2,0.089041095890411,146,117,40,0.3
"2012-08-06","newman","susan","10001300","nymphaea.odorata",0.0598290598290598,2.57142857142857,0.6,0.0479452054794521,146,117,40,0.175
"2012-08-06","newman","susan","10001300","potamogeton.pusillus",0.0683760683760684,2.75,2,0.0547945205479452,146,117,40,0.175
"2012-08-06","newman","susan","10001300","nelumbo.lutea",0.111111111111111,3.46153846153846,1.8,0.089041095890411,146,117,40,0.3
"2012-08-06","newman","susan","10001300","nuphar.variegata",0.0769230769230769,3.11111111111111,1.2,0.0616438356164384,146,117,40,0.225
"2012-08-13","newman","riley","10000200","ceratophyllum.demersum",0.535911602209945,2.74226804123711,4.5,0.535911602209945,181,181,172,0.558139534883721
"2012-08-13","newman","riley","10000200","potamogeton.crispus",0.0276243093922652,1,1.3,0.0276243093922652,181,181,172,0.0290697674418605
"2012-08-13","newman","riley","10000200","myriophyllum.spicatum",0.287292817679558,2.09615384615385,2.2,0.287292817679558,181,181,172,0.302325581395349
"2012-08-13","newman","riley","10000200","najas.flexilis",0.0110497237569061,2.5,0.5,0.0110497237569061,181,181,172,0.0116279069767442
"2012-08-13","newman","riley","10000200","spirodela.polyrhiza",0.00552486187845304,1,0.3,0.00552486187845304,181,181,172,0.00581395348837209
"2012-08-13","newman","riley","10000200","elodea.canadensis",0.0165745856353591,1,1.3,0.0165745856353591,181,181,172,0.0174418604651163
"2012-08-13","newman","riley","10000200","nymphaea.odorata",0.0110497237569061,2.5,0.6,0.0110497237569061,181,181,172,0.0116279069767442
"2012-08-13","newman","riley","10000200","stuckenia.pectinata",0.00552486187845304,1,0.6,0.00552486187845304,181,181,172,0.00581395348837209
"2012-08-13","newman","riley","10000200","potamogeton.pusillus",0.0441988950276243,2.375,0.9,0.0441988950276243,181,181,172,0.0465116279069767
"2012-08-15","brasch","sarahe","27019102","algae.filamentous",0.0684931506849315,1.2,1,0.0657894736842105,76,73,48,0.104166666666667
"2012-08-15","brasch","sarahe","27019102","ceratophyllum.demersum",0.547945205479452,3.325,2.3,0.526315789473684,76,73,48,0.8125
"2012-08-15","brasch","sarahe","27019102","potamogeton.crispus",0.0821917808219178,1,1.9,0.0789473684210526,76,73,48,0.125
"2012-08-15","brasch","sarahe","27019102","myriophyllum.spicatum",0.0410958904109589,3,1.3,0.0394736842105263,76,73,48,0.0625
"2012-08-15","brasch","sarahe","27019102","vallisneria.americana",0.0684931506849315,2,1.9,0.0657894736842105,76,73,48,0.104166666666667
"2012-08-15","brasch","sarahe","27019102","spirodela.polyrhiza",0.0547945205479452,1,1.2,0.0526315789473684,76,73,48,0.0833333333333333
"2012-08-15","brasch","sarahe","27019102","elodea.canadensis",0.0410958904109589,1.33333333333333,1.2,0.0394736842105263,76,73,48,0.0625
"2012-08-15","brasch","sarahe","27019102","nymphaea.odorata",0.10958904109589,2.875,1,0.105263157894737,76,73,48,0.166666666666667
"2012-08-15","brasch","sarahe","27019102","lemna.trisulca",0.246575342465753,1.38888888888889,1.9,0.236842105263158,76,73,48,0.375
"2012-08-15","brasch","sarahe","27019102","myriophyllum.sibiricum",0.150684931506849,1.81818181818182,1.9,0.144736842105263,76,73,48,0.229166666666667
"2012-08-15","brasch","sarahe","27019102","wolffia.columbiana",0.0547945205479452,3,1.2,0.0526315789473684,76,73,48,0.0833333333333333
"2012-08-15","brasch","sarahe","27019102","nuphar.variegata",0.0136986301369863,2,0.7,0.0131578947368421,76,73,48,0.0208333333333333
"2012-08-15","brasch","sarahw","27019101","algae.filamentous",0.165137614678899,2.27777777777778,1.43256,0.148760330578512,121,109,71,0.253521126760563
"2012-08-15","brasch","sarahw","27019101","ceratophyllum.demersum",0.412844036697248,3.57777777777778,3.77952,0.371900826446281,121,109,71,0.605633802816901
"2012-08-15","brasch","sarahw","27019101","potamogeton.crispus",0.036697247706422,1,2.52984,0.0330578512396694,121,109,71,0.0422535211267606
"2012-08-15","brasch","sarahw","27019101","myriophyllum.spicatum",0.073394495412844,3.875,1.34112,0.0661157024793388,121,109,71,0.112676056338028
"2012-08-15","brasch","sarahw","27019101","spirodela.polyrhiza",0.055045871559633,1,1.31064,0.0495867768595041,121,109,71,0.0845070422535211
"2012-08-15","brasch","sarahw","27019101","elodea.canadensis",0.055045871559633,1.66666666666667,1.31064,0.0495867768595041,121,109,71,0.0845070422535211
"2012-08-15","brasch","sarahw","27019101","nymphaea.odorata",0.192660550458716,3.38095238095238,1.31064,0.173553719008264,121,109,71,0.295774647887324
"2012-08-15","brasch","sarahw","27019101","stuckenia.pectinata",0.0642201834862385,1,1.31064,0.0578512396694215,121,109,71,0.0985915492957746
"2012-08-15","brasch","sarahw","27019101","lemna.minor",0.00917431192660551,1,0.762,0.00826446280991736,121,109,71,0.0140845070422535
"2012-08-15","brasch","sarahw","27019101","lemna.trisulca",0.137614678899083,1.2,1.31064,0.12396694214876,121,109,71,0.211267605633803
"2012-08-15","brasch","sarahw","27019101","myriophyllum.sibiricum",0.00917431192660551,1,0.3,0.00826446280991736,121,109,71,0.0140845070422535
"2012-08-15","brasch","sarahw","27019101","potamogeton.pusillus",0.00917431192660551,1,0.4572,0.00826446280991736,121,109,71,0.0140845070422535
"2012-08-16","brasch","cleary","70002200","algae.filamentous",0.28125,2.91111111111111,1.31064,0.28125,160,160,160,0.28125
"2012-08-16","brasch","cleary","70002200","ceratophyllum.demersum",0.7125,4.21052631578947,1.95072,0.7125,160,160,160,0.7125
"2012-08-16","brasch","cleary","70002200","potamogeton.crispus",0.0375,1,1.31064,0.0375,160,160,160,0.0375
"2012-08-16","brasch","cleary","70002200","najas.flexilis",0.0125,2.5,0.5,0.0125,160,160,160,0.0125
"2012-08-16","brasch","cleary","70002200","spirodela.polyrhiza",0.04375,1,0.97536,0.04375,160,160,160,0.04375
"2012-08-16","brasch","cleary","70002200","elodea.canadensis",0.24375,2.38461538461538,1.6,0.24375,160,160,160,0.24375
"2012-08-16","brasch","cleary","70002200","nymphaea.odorata",0.04375,1.28571428571429,0.9,0.04375,160,160,160,0.04375
"2012-08-16","brasch","cleary","70002200","stuckenia.pectinata",0.15,1.41666666666667,1.6,0.15,160,160,160,0.15
"2012-08-16","brasch","cleary","70002200","lemna.minor",0.0375,1.16666666666667,0.97536,0.0375,160,160,160,0.0375
"2012-08-16","brasch","cleary","70002200","lemna.trisulca",0.4,1.453125,1.6,0.4,160,160,160,0.4
"2012-08-16","brasch","cleary","70002200","potamogeton.zosteriformis",0.00625,1,0.51816,0.00625,160,160,160,0.00625
"2012-08-16","brasch","cleary","70002200","potamogeton.pusillus",0.05625,1.11111111111111,1.1,0.05625,160,160,160,0.05625
"2012-08-16","brasch","cleary","70002200","wolffia.columbiana",0.05625,1.33333333333333,1.0668,0.05625,160,160,160,0.05625
"2012-08-16","brasch","cleary","70002200","nelumbo.lutea",0.00625,1,0.70104,0.00625,160,160,160,0.00625
"2012-08-22","brasch","rebecca","27019200","algae.filamentous",0.0186335403726708,2,0.73152,0.0154639175257732,194,161,129,0.0232558139534884
"2012-08-22","brasch","rebecca","27019200","ceratophyllum.demersum",0.285714285714286,2.80434782608696,2.34696,0.237113402061856,194,161,129,0.356589147286822
"2012-08-22","brasch","rebecca","27019200","myriophyllum.spicatum",0.341614906832298,1.34545454545455,2.86512,0.283505154639175,194,161,129,0.426356589147287
"2012-08-22","brasch","rebecca","27019200","potamogeton.foliosus",0.0124223602484472,1,0.6096,0.0103092783505155,194,161,129,0.0155038759689922
"2012-08-22","brasch","rebecca","27019200","nymphaea.odorata",0.130434782608696,1.66666666666667,1.09728,0.108247422680412,194,161,129,0.162790697674419
"2012-08-22","brasch","rebecca","27019200","chara.spp",0.105590062111801,2.17647058823529,1.70688,0.0876288659793814,194,161,129,0.131782945736434
"2012-08-22","brasch","rebecca","27019200","nuphar.variegata",0.031055900621118,1.8,1.49352,0.0257731958762887,194,161,129,0.0387596899224806
"2012-08-23","mccomas","clearw","82016300","ceratophyllum.demersum",0.115702479338843,2.5,2.7432,0.100719424460432,139,121,128,0.109375
"2012-08-23","mccomas","clearw","82016300","potamogeton.crispus",0.00826446280991736,1,1.8288,0.00719424460431655,139,121,128,0.0078125
"2012-08-23","mccomas","clearw","82016300","myriophyllum.spicatum",0.355371900826446,2.18604651162791,2.7432,0.309352517985612,139,121,128,0.3359375
"2012-08-23","mccomas","clearw","82016300","nymphaea.odorata",0.0991735537190083,2.16666666666667,1.2192,0.0863309352517986,139,121,128,0.09375
"2012-08-23","mccomas","clearw","82016300","chara.spp",0.00826446280991736,1,1.2192,0.00719424460431655,139,121,128,0.0078125
"2012-08-23","mccomas","clearw","82016300","stuckenia.pectinata",0.0578512396694215,1.71428571428571,1.524,0.0503597122302158,139,121,128,0.0546875
"2012-08-23","mccomas","clearw","82016300","najas.spp",0.190082644628099,2,1.524,0.165467625899281,139,121,128,0.1796875
"2012-08-23","mccomas","clearw","82016300","potamogeton.zosteriformis",0.0165289256198347,1,0.9144,0.0143884892086331,139,121,128,0.015625
"2012-08-23","mccomas","clearw","82016300","nuphar.variegata",0.0413223140495868,2,0.9144,0.0359712230215827,139,121,128,0.0390625
"2012-08-23","mccomas","clearw","82016300","potamogeton.natans",0.0909090909090909,1.72727272727273,1.524,0.079136690647482,139,121,128,0.0859375
"2012-08-23","mccomas","clearw","82016300","scirpus.spp",0.00826446280991736,2,0.9144,0.00719424460431655,139,121,128,0.0078125
"2012-08-27","newman","lucy","10000700","ceratophyllum.demersum",0.567567567567568,3.3968253968254,4.1,0.538461538461538,117,111,48,0.916666666666667
"2012-08-27","newman","lucy","10000700","myriophyllum.spicatum",0.00900900900900901,1,1.3,0.00854700854700855,117,111,48,0.0208333333333333
"2012-08-27","newman","lucy","10000700","spirodela.polyrhiza",0.0630630630630631,1.42857142857143,1.6,0.0598290598290598,117,111,48,0.125
"2012-08-27","newman","lucy","10000700","elodea.canadensis",0.0900900900900901,1.6,1.3,0.0854700854700855,117,111,48,0.208333333333333
"2012-08-27","newman","lucy","10000700","nymphaea.odorata",0.261261261261261,3.51724137931034,2.1,0.247863247863248,117,111,48,0.520833333333333
"2012-08-27","newman","lucy","10000700","chara.spp",0.162162162162162,3.77777777777778,1.6,0.153846153846154,117,111,48,0.354166666666667
"2012-08-27","newman","lucy","10000700","stuckenia.pectinata",0.018018018018018,2.5,1.3,0.0170940170940171,117,111,48,0.0416666666666667
"2012-08-27","newman","lucy","10000700","lemna.trisulca",0.36036036036036,1.8,2.1,0.341880341880342,117,111,48,0.729166666666667
"2012-08-27","newman","lucy","10000700","myriophyllum.sibiricum",0.00900900900900901,2,1.2,0.00854700854700855,117,111,48,0.0208333333333333
"2012-08-27","newman","lucy","10000700","wolffia.columbiana",0.036036036036036,1.25,0.9,0.0341880341880342,117,111,48,0.0833333333333333
"2012-08-27","newman","lucy","10000700","nuphar.variegata",0.0810810810810811,2.55555555555556,1.5,0.0769230769230769,117,111,48,0.1875
"2012-08-27","newman","lucy","10000700","potamogeton.zosterifomis",0.00900900900900901,3,1.2,0.00854700854700855,117,111,48,0.0208333333333333
"2012-08-27","newman","lucy","10000700","utricularia.vulgaris",0.135135135135135,1.93333333333333,2.1,0.128205128205128,117,111,48,0.270833333333333
"2012-08-28","crwd","como","62005500","algae.filamentous",0.304347826086957,1.42857142857143,2.4384,0.304347826086957,23,23,22,0.318181818181818
"2012-08-28","crwd","como","62005500","ceratophyllum.demersum",0.391304347826087,1.33333333333333,3.41376,0.391304347826087,23,23,22,0.363636363636364
"2012-08-28","crwd","como","62005500","potamogeton.crispus",0.130434782608696,1,1.70688,0.130434782608696,23,23,22,0.136363636363636
"2012-08-28","crwd","como","62005500","elodea.canadensis",0.869565217391304,1.95,2.52984,0.869565217391304,23,23,22,0.909090909090909
"2012-08-28","crwd","como","62005500","stuckenia.pectinata",0.217391304347826,1,2.4384,0.217391304347826,23,23,22,0.227272727272727
"2012-08-28","mccomas","reshanau","02000900","ceratophyllum.demersum",0.0566037735849057,1,1.524,0.0566037735849057,53,53,8,0.125
"2012-08-28","mccomas","reshanau","02000900","nymphaea.odorata",0.113207547169811,2.16666666666667,1.2192,0.113207547169811,53,53,8,0.375
"2012-08-28","mccomas","reshanau","02000900","stuckenia.pectinata",0.0754716981132075,1.25,1.524,0.0754716981132075,53,53,8,0.25
"2012-08-28","mccomas","reshanau","02000900","najas.spp",0.0566037735849057,1.33333333333333,0.9144,0.0566037735849057,53,53,8,0.375
"2012-08-28","mccomas","reshanau","02000900","myriophyllum.sibiricum",0.0377358490566038,1,0.9144,0.0377358490566038,53,53,8,0.25
"2012-08-28","mccomas","reshanau","02000900","elodea.spp",0.207547169811321,1.90909090909091,1.2192,0.207547169811321,53,53,8,0.875
"2012-08-28","mccomas","reshanau","02000900","nuphar.variegata",0.0566037735849057,2.66666666666667,1.524,0.0566037735849057,53,53,8,0.125
"2012-08-28","mccomas","reshanau","02000900","potamogeton.praelongus",0.0377358490566038,1.5,1.2192,0.0377358490566038,53,53,8,0.125
"2012-08-28","sblood","kohlman","62000600","ceratophyllum.demersum",0.85981308411215,2.32608695652174,2.7432,0.85981308411215,107,107,107,0.85981308411215
"2012-08-28","sblood","kohlman","62000600","myriophyllum.spicatum",0.0373831775700935,1.25,1.92024,0.0373831775700935,107,107,107,0.0373831775700935
"2012-08-28","sblood","kohlman","62000600","nymphaea.odorata",0.149532710280374,3.8125,2.4384,0.149532710280374,107,107,107,0.149532710280374
"2012-08-28","sblood","kohlman","62000600","chara.spp",0.00934579439252336,3,0.94488,0.00934579439252336,107,107,107,0.00934579439252336
"2012-08-28","sblood","kohlman","62000600","najas.spp",0.196261682242991,1.19047619047619,2.5908,0.196261682242991,107,107,107,0.196261682242991
"2012-08-28","sblood","kohlman","62000600","lemna.trisulca",0.0186915887850467,1,0.762,0.0186915887850467,107,107,107,0.0186915887850467
"2012-08-28","sblood","kohlman","62000600","potamogeton.zosteriformis",0.00934579439252336,1,0.33528,0.00934579439252336,107,107,107,0.00934579439252336
"2012-08-28","sblood","kohlman","62000600","potamogeton.pusillus",0.0186915887850467,2,1.46304,0.0186915887850467,107,107,107,0.0186915887850467
"2012-08-28","sblood","kohlman","62000600","heteranthera.dubia",0.00934579439252336,1,0.4572,0.00934579439252336,107,107,107,0.00934579439252336
"2012-08-28","sblood","kohlman","62000600","algae",0.224299065420561,3.5,2.49936,0.224299065420561,107,107,107,0.224299065420561
"2012-08-28","sblood","kohlman","62000600","unk.common.dw",0.0841121495327103,1,2.4384,0.0841121495327103,107,107,107,0.0841121495327103
"2012-08-28","sblood","kohlman","62000600","elodea.spp",0.495327102803738,1.49056603773585,2.7432,0.495327102803738,107,107,107,0.495327102803738
"2012-08-28","sblood","kohlman","62000600","wolffia.spp",0.149532710280374,1.125,2.49936,0.149532710280374,107,107,107,0.149532710280374
"2012-08-30","crwd","loeb","62023100","algae.filamentous",0.142857142857143,2,0.88392,0.142857142857143,7,7,7,0.142857142857143
"2012-08-30","crwd","loeb","62023100","ceratophyllum.demersum",1,2,3.6576,1,7,7,7,1
"2012-08-30","crwd","loeb","62023100","myriophyllum.spicatum",0.428571428571429,2,0.88392,0.428571428571429,7,7,7,0.428571428571429
"2012-08-30","crwd","loeb","62023100","potamogeton.foliosus",0.571428571428571,1,3.6576,0.571428571428571,7,7,7,0.571428571428571
"2012-08-30","crwd","loeb","62023100","najas.spp",0.571428571428571,1,3.6576,0.571428571428571,7,7,7,0.571428571428571
"2012-08-30","crwd","loeb","62023100","lemna.minor",0.285714285714286,1,0.88392,0.285714285714286,7,7,7,0.285714285714286
"2012-08-30","crwd","loeb","62023100","lemna.trisulca",0.285714285714286,1,0.57912,0.285714285714286,7,7,7,0.285714285714286
"2013-04-30","sblood","kohlman","62000600","ceratophyllum.demersum",0.673913043478261,1.81720430107527,2.6924,0.673913043478261,138,138,138,0.673913043478261
"2013-04-30","sblood","kohlman","62000600","potamogeton.crispus",0.0144927536231884,1,2.19456,0.0144927536231884,138,138,138,0.0144927536231884
"2013-04-30","sblood","kohlman","62000600","myriophyllum.spicatum",0.0072463768115942,1,1.49352,0.0072463768115942,138,138,138,0.0072463768115942
"2013-04-30","sblood","kohlman","62000600","najas.flexilis",0.0217391304347826,1,1.6764,0.0217391304347826,138,138,138,0.0217391304347826
"2013-04-30","sblood","kohlman","62000600","elodea.canadensis",0.311594202898551,1.18604651162791,2.642616,0.311594202898551,138,138,138,0.311594202898551
"2013-04-30","sblood","kohlman","62000600","lemna.trisulca",0.0072463768115942,1,1.24968,0.0072463768115942,138,138,138,0.0072463768115942
"2013-04-30","sblood","kohlman","62000600","potamogeton.pusillus",0.0217391304347826,1,2.16408,0.0217391304347826,138,138,138,0.0217391304347826
"2013-04-30","sblood","kohlman","62000600","heteranthera.dubia",0.0072463768115942,1,0.9144,0.0072463768115942,138,138,138,0.0072463768115942
"2013-05-06","newman","susan","10001300","ceratophyllum.demersum",0.0810810810810811,1.44444444444444,1.1,0.0620689655172414,145,111,42,0.214285714285714
"2013-05-06","newman","susan","10001300","potamogeton.crispus",0.414414414414414,2.5,3.9,0.317241379310345,145,111,42,0.80952380952381
"2013-05-06","newman","susan","10001300","myriophyllum.spicatum",0.00900900900900901,1,0.6,0.00689655172413793,145,111,42,0.0238095238095238
"2013-05-06","newman","susan","10001300","elodea.canadensis",0.0630630630630631,1.14285714285714,1.3,0.0482758620689655,145,111,42,0.166666666666667
"2013-05-08","brasch","sarahw","27019101","algae.filamentous",0.563636363636364,1.38709677419355,3.1,0.512396694214876,121,110,65,0.753846153846154
"2013-05-08","brasch","sarahw","27019101","ceratophyllum.demersum",0.218181818181818,2.54166666666667,4.2,0.198347107438017,121,110,65,0.353846153846154
"2013-05-08","brasch","sarahw","27019101","potamogeton.crispus",0.409090909090909,1.53333333333333,3,0.371900826446281,121,110,65,0.353846153846154
"2013-05-08","brasch","sarahw","27019101","myriophyllum.spicatum",0.0818181818181818,1.55555555555556,1.5,0.0743801652892562,121,110,65,0.138461538461538
"2013-05-08","brasch","sarahw","27019101","elodea.canadensis",0.00909090909090909,1,0.7,0.00826446280991736,121,110,65,0.0153846153846154
"2013-05-08","brasch","sarahw","27019101","lemna.trisulca",0.163636363636364,1.05555555555556,2.1,0.148760330578512,121,110,65,0.261538461538462
"2013-05-08","newman","riley","10000200","ceratophyllum.demersum",0.314606741573034,2.3859649122807,4.9,0.257918552036199,221,178,164,0.341463414634146
"2013-05-08","newman","riley","10000200","potamogeton.crispus",0.533707865168539,2.84210526315789,4,0.429864253393665,221,178,164,0.573170731707317
"2013-05-08","newman","riley","10000200","myriophyllum.spicatum",0.224719101123596,1.65853658536585,5.4,0.18552036199095,221,178,164,0.24390243902439
"2013-05-09","brasch","sarahe","27019102","algae.filamentous",0.722222222222222,1.58490566037736,5,0.697368421052632,76,72,52,0.865384615384615
"2013-05-09","brasch","sarahe","27019102","ceratophyllum.demersum",0.486111111111111,2.57142857142857,3.9,0.460526315789474,76,72,52,0.653846153846154
"2013-05-09","brasch","sarahe","27019102","potamogeton.crispus",0.319444444444444,1.43478260869565,2.6,0.302631578947368,76,72,52,0.326923076923077
"2013-05-09","brasch","sarahe","27019102","myriophyllum.spicatum",0.0138888888888889,1,1.5,0.0131578947368421,76,72,52,0.0192307692307692
"2013-05-09","brasch","sarahe","27019102","elodea.canadensis",0.0138888888888889,1,1.8,0.0131578947368421,76,72,52,0.0192307692307692
"2013-05-09","brasch","sarahe","27019102","lemna.trisulca",0.375,1,3.9,0.355263157894737,76,72,52,0.480769230769231
"2013-05-14","brasch","hyland","27004800","algae.filamentous",0.548387096774194,1.44117647058824,2.7,0.548387096774194,124,124,64,0.6875
"2013-05-14","brasch","hyland","27004800","potamogeton.crispus",0.951612903225806,1.45762711864407,2.7,0.951612903225806,124,124,64,0.90625
"2013-05-14","brasch","hyland","27004800","elodea.canadensis",0.346774193548387,1.25581395348837,2.5,0.346774193548387,124,124,64,0.53125
"2013-05-14","mccomas","gleason","27009500","algae.filamentous",0.0975609756097561,1.58333333333333,2.7432,0.0967741935483871,124,123,107,0.11214953271028
"2013-05-14","mccomas","gleason","27009500","ceratophyllum.demersum",0.796747967479675,2.06122448979592,3.048,0.790322580645161,124,123,107,0.869158878504673
"2013-05-14","mccomas","gleason","27009500","potamogeton.crispus",0.0569105691056911,1.28571428571429,2.7432,0.0564516129032258,124,123,107,0.0654205607476635
"2013-05-14","mccomas","gleason","27009500","potamogeton.narrow",0.00813008130081301,2,1.524,0.00806451612903226,124,123,107,0.00934579439252336
"2013-05-15","mccomas","reshanau","02000900","ceratophyllum.demersum",0.0347826086956522,1.5,1.2192,0.0347826086956522,115,115,2,0.5
"2013-05-16","brasch","rebecca","27019200","algae.filamentous",0.363057324840764,1.17543859649123,3.4,0.293814432989691,194,157,123,0.463414634146342
"2013-05-16","brasch","rebecca","27019200","ceratophyllum.demersum",0.299363057324841,2.25,5.2,0.247422680412371,194,157,123,0.382113821138211
"2013-05-16","brasch","rebecca","27019200","potamogeton.crispus",0.210191082802548,1.36363636363636,3,0.170103092783505,194,157,123,0.268292682926829
"2013-05-16","brasch","rebecca","27019200","myriophyllum.spicatum",0.369426751592357,1.79661016949153,6.6,0.304123711340206,194,157,123,0.471544715447154
"2013-05-16","brasch","rebecca","27019200","chara.spp",0.0764331210191083,1.91666666666667,1.4,0.0618556701030928,194,157,123,0.0975609756097561
"2013-05-16","brasch","rebecca","27019200","stuckenia.pectinata",0.0254777070063694,1.5,2.4,0.0206185567010309,194,157,123,0.032520325203252
"2013-05-30","mccomas","keller","19002500","ceratophyllum.demersum",0.0540540540540541,1,1.2192,0.0540540540540541,37,37,37,0.0540540540540541
"2013-05-30","mccomas","keller","19002500","potamogeton.crispus",0.945945945945946,2.8,2.4384,0.945945945945946,37,37,37,0.945945945945946
"2013-05-30","mccomas","keller","19002500","myriophyllum.spicatum",0.027027027027027,1,1.2192,0.027027027027027,37,37,37,0.027027027027027
"2013-05-31","dustin","belle","47004900","potamogeton.crispus",0.00772200772200772,1,0.762,0.00735294117647059,272,259,81,0.0246913580246914
"2013-06-06","brasch","sarahe","27019102","algae.filamentous",0.684931506849315,2.36,2.3,0.657894736842105,76,73,51,0.901960784313726
"2013-06-06","brasch","sarahe","27019102","ceratophyllum.demersum",0.575342465753425,3.11627906976744,4.9,0.565789473684211,76,73,51,0.764705882352941
"2013-06-06","brasch","sarahe","27019102","potamogeton.crispus",0.328767123287671,1.41666666666667,2.4,0.315789473684211,76,73,51,0.372549019607843
"2013-06-06","brasch","sarahe","27019102","potamogeton.foliosus",0.0410958904109589,1,1.8,0.0394736842105263,76,73,51,0.0588235294117647
"2013-06-06","brasch","sarahe","27019102","elodea.canadensis",0.0410958904109589,1.33333333333333,1,0.0394736842105263,76,73,51,0.0588235294117647
"2013-06-06","brasch","sarahe","27019102","nymphaea.odorata",0.0958904109589041,1.14285714285714,0.8,0.0921052631578947,76,73,51,0.137254901960784
"2013-06-06","brasch","sarahe","27019102","stuckenia.pectinata",0.0273972602739726,1.5,0.8,0.0263157894736842,76,73,51,0.0392156862745098
"2013-06-06","brasch","sarahe","27019102","lemna.trisulca",0.383561643835616,1.28571428571429,2.4,0.368421052631579,76,73,51,0.490196078431373
"2013-06-06","brasch","sarahw","27019101","algae.filamentous",0.601851851851852,1.84615384615385,3.2,0.550847457627119,118,108,66,0.924242424242424
"2013-06-06","brasch","sarahw","27019101","ceratophyllum.demersum",0.324074074074074,2.37142857142857,2.3,0.296610169491525,118,108,66,0.5
"2013-06-06","brasch","sarahw","27019101","potamogeton.crispus",0.25,1.7037037037037,2.8,0.228813559322034,118,108,66,0.196969696969697
"2013-06-06","brasch","sarahw","27019101","myriophyllum.spicatum",0.0648148148148148,2.42857142857143,3.1,0.0593220338983051,118,108,66,0.0909090909090909
"2013-06-06","brasch","sarahw","27019101","nymphaea.odorata",0.12037037037037,1.07692307692308,1,0.110169491525424,118,108,66,0.196969696969697
"2013-06-06","brasch","sarahw","27019101","chara.spp",0.00925925925925926,5,1.1,0.00847457627118644,118,108,66,0.0151515151515152
"2013-06-06","brasch","sarahw","27019101","stuckenia.pectinata",0.0462962962962963,1,0.5,0.0423728813559322,118,108,66,0.0757575757575758
"2013-06-06","brasch","sarahw","27019101","lemna.minor",0.00925925925925926,1,0.3,0.00847457627118644,118,108,66,0.0151515151515152
"2013-06-06","brasch","sarahw","27019101","lemna.trisulca",0.203703703703704,1,2.3,0.186440677966102,118,108,66,0.318181818181818
"2013-06-06","brasch","sarahw","27019101","myriophyllum.sibiricum",0.00925925925925926,1,1,0.00847457627118644,118,108,66,0.0151515151515152
"2013-06-06","newman","mitchell","27007000","ceratophyllum.demersum",0.58695652173913,3.2037037037037,4.1,0.556701030927835,194,184,133,0.669172932330827
"2013-06-06","newman","mitchell","27007000","potamogeton.crispus",0.66304347826087,3.35772357723577,6,0.634020618556701,194,184,133,0.578947368421053
"2013-06-06","newman","mitchell","27007000","myriophyllum.spicatum",0.0108695652173913,1.5,1.6,0.0103092783505155,194,184,133,0.0150375939849624
"2013-06-06","newman","mitchell","27007000","spirodela.polyrhiza",0.0271739130434783,1,2.5,0.0257731958762887,194,184,133,0.037593984962406
"2013-06-06","newman","mitchell","27007000","elodea.canadensis",0.0108695652173913,2.5,1.6,0.0103092783505155,194,184,133,0.0150375939849624
"2013-06-06","newman","mitchell","27007000","nymphaea.odorata",0.146739130434783,1.48148148148148,2,0.139175257731959,194,184,133,0.203007518796992
"2013-06-06","newman","mitchell","27007000","lemna.minor",0.00543478260869565,1,0.9,0.00515463917525773,194,184,133,0.0075187969924812
"2013-06-06","newman","mitchell","27007000","lemna.trisulca",0.369565217391304,2.07352941176471,3,0.350515463917526,194,184,133,0.503759398496241
"2013-06-06","newman","mitchell","27007000","myriophyllum.sibiricum",0.28804347826087,2.41509433962264,3.2,0.27319587628866,194,184,133,0.383458646616541
"2013-06-06","newman","mitchell","27007000","potamogeton.pusillus",0.228260869565217,1.97619047619048,3.2,0.216494845360825,194,184,133,0.293233082706767
"2013-06-06","newman","mitchell","27007000","typha.spp",0.00543478260869565,1,1.3,0.00515463917525773,194,184,133,0.0075187969924812
"2013-06-06","newman","mitchell","27007000","potamogeton.zosterifomis",0.0760869565217391,2.28571428571429,2.5,0.0721649484536082,194,184,133,0.105263157894737
"2013-06-10","dustin","stjames","83004300","potamogeton.crispus",0.0201342281879195,1,2.7432,0.0198675496688742,151,149,122,0.0245901639344262
"2013-06-10","fieldseth","halsted","27013325","ceratophyllum.demersum",0.120171673819742,1.39285714285714,4.48056,0.11522633744856,486,466,64,0.375
"2013-06-10","fieldseth","halsted","27013325","potamogeton.crispus",0.11587982832618,1.64814814814815,3.10896,0.111111111111111,486,466,64,0.0625
"2013-06-10","fieldseth","halsted","27013325","myriophyllum.spicatum",0.152360515021459,1.92957746478873,3.99288,0.146090534979424,486,466,64,0.265625
"2013-06-10","fieldseth","halsted","27013325","nymphaea.odorata",0.0772532188841202,1.83333333333333,1.46304,0.0740740740740741,486,466,64,0.4375
"2013-06-10","fieldseth","halsted","27013325","potamogeton.narrow",0.00429184549356223,3,4.14528,0.00411522633744856,486,466,64,0.015625
"2013-06-10","fieldseth","halsted","27013325","typha.angustifolia",0.00429184549356223,4,0.54864,0.00411522633744856,486,466,64,0.03125
"2013-06-10","newman","staring","27007800","ceratophyllum.demersum",0.0280898876404494,1.4,1,0.0280898876404494,178,178,38,0.105263157894737
"2013-06-10","newman","staring","27007800","potamogeton.crispus",0.0674157303370786,1.41666666666667,1.5,0.0674157303370786,178,178,38,0.131578947368421
"2013-06-10","newman","staring","27007800","elodea.canadensis",0.00561797752808989,1,0.8,0.00561797752808989,178,178,38,0.0263157894736842
"2013-06-10","newman","staring","27007800","nymphaea.odorata",0.0112359550561798,1.5,1,0.0112359550561798,178,178,38,0.0263157894736842
"2013-06-10","newman","staring","27007800","chara.spp",0.0168539325842697,1,0.7,0.0168539325842697,178,178,38,0.0789473684210526
"2013-06-10","newman","staring","27007800","potamogeton.pusillus",0.0337078651685393,1.66666666666667,1,0.0337078651685393,178,178,38,0.131578947368421
"2013-06-10","newman","staring","27007800","nuphar.variegata",0.0224719101123595,2,0.8,0.0224719101123595,178,178,38,0.105263157894737
"2013-06-11","mccomas","clearw","82016300","ceratophyllum.demersum",0.110091743119266,1.91666666666667,2.7432,0.106194690265487,113,109,110,0.109090909090909
"2013-06-11","mccomas","clearw","82016300","potamogeton.crispus",0.0275229357798165,1.33333333333333,1.8288,0.0265486725663717,113,109,110,0.0272727272727273
"2013-06-11","mccomas","clearw","82016300","myriophyllum.spicatum",0.357798165137615,2.28205128205128,2.7432,0.345132743362832,113,109,110,0.354545454545455
"2013-06-11","mccomas","clearw","82016300","nymphaea.odorata",0.055045871559633,1.5,1.2192,0.0530973451327434,113,109,110,0.0545454545454545
"2013-06-11","mccomas","clearw","82016300","najas.spp",0.174311926605505,1.21052631578947,1.8288,0.168141592920354,113,109,110,0.172727272727273
"2013-06-11","mccomas","clearw","82016300","nuphar.variegata",0.0275229357798165,1,1.524,0.0265486725663717,113,109,110,0.0272727272727273
"2013-06-11","mccomas","clearw","82016300","potamogeton.natans",0.055045871559633,1,1.524,0.0530973451327434,113,109,110,0.0545454545454545
"2013-06-11","mccomas","clearw","82016300","scirpus.spp",0.00917431192660551,1,0.9144,0.00884955752212389,113,109,110,0.00909090909090909
"2013-06-11","mccomas","round","27007100","algae.filamentous",0.282051282051282,1.09090909090909,1.8288,0.229166666666667,48,39,31,0.354838709677419
"2013-06-11","mccomas","round","27007100","ceratophyllum.demersum",0.615384615384615,1.75,3.6576,0.5,48,39,31,0.612903225806452
"2013-06-11","mccomas","round","27007100","potamogeton.crispus",0.102564102564103,1,2.1336,0.0833333333333333,48,39,31,0.129032258064516
"2013-06-11","mccomas","round","27007100","myriophyllum.spicatum",0.128205128205128,1.4,2.4384,0.104166666666667,48,39,31,0.161290322580645
"2013-06-11","mccomas","round","27007100","nymphaea.odorata",0.41025641025641,1.1875,3.048,0.333333333333333,48,39,31,0.483870967741935
"2013-06-11","mccomas","round","27007100","potamogeton.narrow",0.0256410256410256,1,0.3048,0.0208333333333333,48,39,31,0.032258064516129
"2013-06-12","dustin","madison","7004400","potamogeton.crispus",0.480499219968799,1,3.3528,0.451612903225806,682,641,276,0.253623188405797
"2013-06-13","brasch","hyland","27004800","algae.filamentous",0.82258064516129,2.42156862745098,3.2,0.82258064516129,124,124,42,0.928571428571429
"2013-06-13","brasch","hyland","27004800","spirodela.polyrhiza",0.0161290322580645,1,0.8,0.0161290322580645,124,124,42,0.0476190476190476
"2013-06-13","brasch","hyland","27004800","elodea.canadensis",0.403225806451613,1.64,3.2,0.403225806451613,124,124,42,0.571428571428571
"2013-06-13","brasch","hyland","27004800","stuckenia.pectinata",0.0161290322580645,1,0.8,0.0161290322580645,124,124,42,0.0476190476190476
"2013-06-17","newman","susan","10001300","ceratophyllum.demersum",0.208695652173913,2.04166666666667,1.6,0.164383561643836,146,115,40,0.6
"2013-06-17","newman","susan","10001300","potamogeton.crispus",0.0869565217391304,1.2,1.8,0.0684931506849315,146,115,40,0.225
"2013-06-17","newman","susan","10001300","myriophyllum.spicatum",0.00869565217391304,2,0.7,0.00684931506849315,146,115,40,0.025
"2013-06-17","newman","susan","10001300","elodea.canadensis",0.0695652173913043,1.875,1.3,0.0547945205479452,146,115,40,0.2
"2013-06-17","newman","susan","10001300","nymphaea.odorata",0.0956521739130435,2,1.1,0.0753424657534247,146,115,40,0.275
"2013-06-17","newman","susan","10001300","potamogeton.pusillus",0.0869565217391304,1.7,1,0.0684931506849315,146,115,40,0.25
"2013-06-17","newman","susan","10001300","nelumbo.lutea",0.0956521739130435,1.36363636363636,1.8,0.0753424657534247,146,115,40,0.25
"2013-06-17","newman","susan","10001300","nuphar.variegata",0.0608695652173913,2.75,4.8,0.0547945205479452,146,115,40,0.175
"2013-06-18","dustin","carrie","34003200","potamogeton.crispus",0.236363636363636,1,1.95072,0.224137931034483,58,55,55,0.236363636363636
"2013-06-19","mccomas","gleason","27009500","ceratophyllum.demersum",0.845528455284553,3.45714285714286,4.8768,0.846774193548387,124,123,107,0.88785046728972
"2013-06-19","newman","riley","10000200","ceratophyllum.demersum",0.538461538461538,2.67032967032967,4.1,0.491891891891892,185,169,159,0.566037735849057
"2013-06-19","newman","riley","10000200","potamogeton.crispus",0.183431952662722,1.2258064516129,2.7,0.167567567567568,185,169,159,0.19496855345912
"2013-06-19","newman","riley","10000200","myriophyllum.spicatum",0.431952662721893,2.34246575342466,3.3,0.394594594594595,185,169,159,0.459119496855346
"2013-06-19","newman","riley","10000200","elodea.canadensis",0.0236686390532544,1.25,1.2,0.0216216216216216,185,169,159,0.0251572327044025
"2013-06-19","newman","riley","10000200","stuckenia.pectinata",0.00591715976331361,1,0.6,0.00540540540540541,185,169,159,0.00628930817610063
"2013-06-19","newman","riley","10000200","potamogeton.pusillus",0.0650887573964497,2.18181818181818,1.1,0.0594594594594595,185,169,159,0.0691823899371069
"2013-06-20","newman","mitchell","27007000","ceratophyllum.demersum",0.622950819672131,3.2280701754386,4.2,0.596858638743455,191,183,145,0.662068965517241
"2013-06-20","newman","mitchell","27007000","potamogeton.crispus",0.595628415300546,2.68807339449541,3.9,0.570680628272251,191,183,145,0.544827586206897
"2013-06-20","newman","mitchell","27007000","myriophyllum.spicatum",0.0327868852459016,2,2,0.031413612565445,191,183,145,0.0413793103448276
"2013-06-20","newman","mitchell","27007000","spirodela.polyrhiza",0.0601092896174863,1.09090909090909,2.9,0.0575916230366492,191,183,145,0.0689655172413793
"2013-06-20","newman","mitchell","27007000","elodea.canadensis",0.0273224043715847,1.6,2.7,0.0261780104712042,191,183,145,0.0344827586206897
"2013-06-20","newman","mitchell","27007000","nymphaea.odorata",0.153005464480874,2.14285714285714,2.5,0.146596858638743,191,183,145,0.193103448275862
"2013-06-20","newman","mitchell","27007000","lemna.trisulca",0.355191256830601,2.03076923076923,2.3,0.340314136125654,191,183,145,0.448275862068966
"2013-06-20","newman","mitchell","27007000","ranunculus.aquatilis",0.0710382513661202,1.61538461538462,2.7,0.0680628272251309,191,183,145,0.0896551724137931
"2013-06-20","newman","mitchell","27007000","myriophyllum.sibiricum",0.360655737704918,2.62121212121212,2.9,0.345549738219895,191,183,145,0.448275862068966
"2013-06-20","newman","mitchell","27007000","potamogeton.pusillus",0.284153005464481,2.36538461538462,3.4,0.272251308900524,191,183,145,0.351724137931034
"2013-06-20","newman","mitchell","27007000","heteranthera.dubia",0.0491803278688525,1.77777777777778,2.3,0.0471204188481675,191,183,145,0.0620689655172414
"2013-06-20","newman","mitchell","27007000","nuphar.variegata",0.00546448087431694,1,0.7,0.00523560209424084,191,183,145,0.00689655172413793
"2013-06-20","newman","mitchell","27007000","potamogeton.zosterifomis",0.092896174863388,1.88235294117647,2.4,0.0890052356020942,191,183,145,0.117241379310345
"2013-06-26","brasch","cleary","70002200","algae.filamentous",0.304878048780488,2.04,1.9,0.304878048780488,164,164,163,0.306748466257669
"2013-06-26","brasch","cleary","70002200","ceratophyllum.demersum",0.585365853658537,3.83333333333333,3,0.585365853658537,164,164,163,0.588957055214724
"2013-06-26","brasch","cleary","70002200","potamogeton.crispus",0.573170731707317,2.3936170212766,3.2,0.573170731707317,164,164,163,0.570552147239264
"2013-06-26","brasch","cleary","70002200","myriophyllum.spicatum",0.00609756097560976,2,0.7,0.00609756097560976,164,164,163,0.00613496932515337
"2013-06-26","brasch","cleary","70002200","potamogeton.foliosus",0.207317073170732,2.91176470588235,2.5,0.207317073170732,164,164,163,0.208588957055215
"2013-06-26","brasch","cleary","70002200","najas.flexilis",0.024390243902439,1.5,0.8,0.024390243902439,164,164,163,0.0245398773006135
"2013-06-26","brasch","cleary","70002200","spirodela.polyrhiza",0.274390243902439,1.37777777777778,2.2,0.274390243902439,164,164,163,0.276073619631902
"2013-06-26","brasch","cleary","70002200","elodea.canadensis",0.280487804878049,3.17391304347826,1.9,0.280487804878049,164,164,163,0.282208588957055
"2013-06-26","brasch","cleary","70002200","nymphaea.odorata",0.0548780487804878,1.22222222222222,1.5,0.0548780487804878,164,164,163,0.0552147239263804
"2013-06-26","brasch","cleary","70002200","stuckenia.pectinata",0.164634146341463,2.85185185185185,1.5,0.164634146341463,164,164,163,0.165644171779141
"2013-06-26","brasch","cleary","70002200","lemna.minor",0.0304878048780488,1.4,1.6,0.0304878048780488,164,164,163,0.0306748466257669
"2013-06-26","brasch","cleary","70002200","lemna.trisulca",0.426829268292683,1.9,1.9,0.426829268292683,164,164,163,0.429447852760736
"2013-06-26","brasch","cleary","70002200","potamogeton.zosteriformis",0.0365853658536585,2,1.5,0.0365853658536585,164,164,163,0.0368098159509202
"2013-06-26","brasch","cleary","70002200","potamogeton.pusillus",0.0304878048780488,3.8,1.5,0.0304878048780488,164,164,163,0.0306748466257669
"2013-06-26","brasch","cleary","70002200","wolffia.spp",0.0487804878048781,1.125,1.4,0.0487804878048781,164,164,163,0.049079754601227
"2013-06-26","brasch","cleary","70002200","nitella.spp",0.0182926829268293,1.33333333333333,0.5,0.0182926829268293,164,164,163,0.0184049079754601
"2013-06-27","sblood","kohlman","62000600","ceratophyllum.demersum",0.844036697247706,2.45652173913043,2.8956,0.844036697247706,109,109,109,0.844036697247706
"2013-06-27","sblood","kohlman","62000600","najas.flexilis",0.110091743119266,1.16666666666667,2.7432,0.110091743119266,109,109,109,0.110091743119266
"2013-06-27","sblood","kohlman","62000600","elodea.canadensis",0.422018348623853,1.65217391304348,2.86512,0.422018348623853,109,109,109,0.422018348623853
"2013-06-27","sblood","kohlman","62000600","nymphaea.odorata",0.229357798165138,2.4,2.04216,0.229357798165138,109,109,109,0.229357798165138
"2013-06-27","sblood","kohlman","62000600","lemna.minor",0.119266055045872,1.07692307692308,2.8956,0.119266055045872,109,109,109,0.119266055045872
"2013-06-27","sblood","kohlman","62000600","potamogeton.zosteriformis",0.00917431192660551,1,1.18872,0.00917431192660551,109,109,109,0.00917431192660551
"2013-06-27","sblood","kohlman","62000600","potamogeton.pusillus",0.00917431192660551,3,1.18872,0.00917431192660551,109,109,109,0.00917431192660551
"2013-06-27","sblood","kohlman","62000600","wolffia.columbiana",0.0275229357798165,1,2.04216,0.0275229357798165,109,109,109,0.0275229357798165
"2013-06-27","sblood","kohlman","62000600","algae",0.532110091743119,1.68965517241379,2.8956,0.532110091743119,109,109,109,0.532110091743119
"2013-06-27","sblood","kohlman","62000600","nuphar.advena",0.00917431192660551,1,1.18872,0.00917431192660551,109,109,109,0.00917431192660551
"2013-07-08","dustin","carrie","34003200","potamogeton.crispus",0.175438596491228,1,2.1336,0.166666666666667,60,57,57,0.175438596491228
"2013-07-25","dustin","madison","7004400","algae.filamentous",0.206818181818182,1,2.4384,0.206818181818182,440,440,118,0.5
"2013-07-25","dustin","madison","7004400","ceratophyllum.demersum",0.113636363636364,1,2.4384,0.113636363636364,440,440,118,0.245762711864407
"2013-07-25","dustin","madison","7004400","potamogeton.crispus",0.0272727272727273,1,1.8288,0.0272727272727273,440,440,118,0.0593220338983051
"2013-07-25","dustin","madison","7004400","myriophyllum.spicatum",0.186363636363636,1,2.7432,0.186363636363636,440,440,118,0.288135593220339
"2013-07-25","dustin","madison","7004400","najas.flexilis",0.113636363636364,1,2.4384,0.113636363636364,440,440,118,0.279661016949153
"2013-07-25","dustin","madison","7004400","vallisneria.americana",0.00227272727272727,1,0.6096,0.00227272727272727,440,440,118,0.00847457627118644
"2013-07-25","dustin","madison","7004400","potamogeton.richardsonii",0.0181818181818182,1,1.8288,0.0181818181818182,440,440,118,0.0593220338983051
"2013-07-25","dustin","madison","7004400","elodea.canadensis",0.0227272727272727,1,1.8288,0.0227272727272727,440,440,118,0.0508474576271186
"2013-07-25","dustin","madison","7004400","nymphaea.odorata",0.00454545454545455,1,0.9144,0.00454545454545455,440,440,118,0.0169491525423729
"2013-07-25","dustin","madison","7004400","chara.spp",0.0272727272727273,1,1.8288,0.0272727272727273,440,440,118,0.0847457627118644
"2013-07-25","dustin","madison","7004400","stuckenia.pectinata",0.15,1,2.4384,0.15,440,440,118,0.347457627118644
"2013-07-25","dustin","madison","7004400","typha.spp",0.0181818181818182,1,1.2192,0.0181818181818182,440,440,118,0.0677966101694915
"2013-07-25","dustin","madison","7004400","nuphar.variegata",0.00227272727272727,1,0.6096,0.00227272727272727,440,440,118,0.00847457627118644
"2013-07-25","dustin","madison","7004400","zizania.spp",0.00227272727272727,1,0.6096,0.00227272727272727,440,440,118,0.00847457627118644
"2013-07-25","dustin","madison","7004400","potamogeton.natans",0.00681818181818182,1,1.2192,0.00681818181818182,440,440,118,0.0254237288135593
"2013-07-25","dustin","madison","7004400","potamogeton.narrow",0.0159090909090909,1,2.4384,0.0159090909090909,440,440,118,0.0169491525423729
"2013-07-25","dustin","madison","7004400","lemna.spp",0.0113636363636364,1,1.8288,0.0113636363636364,440,440,118,0.0254237288135593
"2013-08-02","mccomas","keller","19002500","ceratophyllum.demersum",0.027027027027027,1,1.524,0.027027027027027,37,37,37,0.027027027027027
"2013-08-02","mccomas","keller","19002500","myriophyllum.spicatum",0.027027027027027,1,1.524,0.027027027027027,37,37,37,0.027027027027027
"2013-08-05","newman","staring","27007800","ceratophyllum.demersum",0.0169491525423729,1.33333333333333,1,0.0169491525423729,177,177,39,0.0512820512820513
"2013-08-05","newman","staring","27007800","potamogeton.crispus",0.0169491525423729,1,1.6,0.0169491525423729,177,177,39,0.0512820512820513
"2013-08-05","newman","staring","27007800","elodea.canadensis",0.0112994350282486,1,0.8,0.0112994350282486,177,177,39,0.0512820512820513
"2013-08-05","newman","staring","27007800","nymphaea.odorata",0.0112994350282486,2,1.6,0.0112994350282486,177,177,39,0.0256410256410256
"2013-08-05","newman","staring","27007800","stuckenia.pectinata",0.00564971751412429,1,0.8,0.00564971751412429,177,177,39,0.0256410256410256
"2013-08-05","newman","staring","27007800","potamogeton.pusillus",0.0112994350282486,1,0.9,0.0112994350282486,177,177,39,0.0512820512820513
"2013-08-05","newman","staring","27007800","nuphar.variegata",0.0282485875706215,2.8,1.6,0.0282485875706215,177,177,39,0.102564102564103
"2013-08-06","brasch","rebecca","27019200","algae.filamentous",0.0324675324675325,1.4,0.9,0.0257731958762887,194,154,119,0.0420168067226891
"2013-08-06","brasch","rebecca","27019200","ceratophyllum.demersum",0.318181818181818,3.18367346938776,2.9,0.252577319587629,194,154,119,0.411764705882353
"2013-08-06","brasch","rebecca","27019200","myriophyllum.spicatum",0.435064935064935,1.91044776119403,3.1,0.345360824742268,194,154,119,0.563025210084034
"2013-08-06","brasch","rebecca","27019200","elodea.canadensis",0.00649350649350649,1,0.5,0.00515463917525773,194,154,119,0.00840336134453781
"2013-08-06","brasch","rebecca","27019200","nymphaea.odorata",0.103896103896104,1.75,1.7,0.0824742268041237,194,154,119,0.134453781512605
"2013-08-06","brasch","rebecca","27019200","chara.spp",0.201298701298701,2.35483870967742,2,0.15979381443299,194,154,119,0.260504201680672
"2013-08-06","brasch","rebecca","27019200","stuckenia.pectinata",0.012987012987013,1,1.1,0.0103092783505155,194,154,119,0.0168067226890756
"2013-08-06","brasch","rebecca","27019200","nuphar.variegata",0.025974025974026,2,1.1,0.0206185567010309,194,154,119,0.0336134453781513
"2013-08-07","brasch","hyland","27004800","algae.filamentous",0.451612903225806,1.48214285714286,3.2,0.451612903225806,124,124,40,0.575
"2013-08-07","brasch","hyland","27004800","potamogeton.crispus",0.193548387096774,1.04166666666667,3,0.193548387096774,124,124,40,0.35
"2013-08-07","brasch","hyland","27004800","potamogeton.foliosus",0.0645161290322581,1,2.4,0.0645161290322581,124,124,40,0.15
"2013-08-07","brasch","hyland","27004800","elodea.canadensis",0.838709677419355,3.00961538461538,3.2,0.838709677419355,124,124,40,1
"2013-08-07","brasch","hyland","27004800","stuckenia.pectinata",0.0241935483870968,1,1,0.0241935483870968,124,124,40,0.075
"2013-08-07","brasch","hyland","27004800","lemna.minor",0.0241935483870968,1,0.6,0.0241935483870968,124,124,40,0.075
"2013-08-07","brasch","hyland","27004800","potamogeton.natans",0.00806451612903226,1,0.6,0.00806451612903226,124,124,40,0.025
"2013-08-12","fieldseth","halsted","27013325","ceratophyllum.demersum",0.0731707317073171,1.84848484848485,2.68224,0.0717391304347826,460,451,51,0.254901960784314
"2013-08-12","fieldseth","halsted","27013325","myriophyllum.spicatum",0.133037694013304,2.66666666666667,3.01752,0.130434782608696,460,451,51,0.333333333333333
"2013-08-12","fieldseth","halsted","27013325","nymphaea.odorata",0.135254988913525,3.47540983606557,1.85928,0.132608695652174,460,451,51,0.607843137254902
"2013-08-12","fieldseth","halsted","27013325","stuckenia.pectinata",0.00665188470066519,2.33333333333333,1.12776,0.00652173913043478,460,451,51,0.0392156862745098
"2013-08-12","fieldseth","halsted","27013325","nuphar.spp",0.00443458980044346,5,0.54864,0.00434782608695652,460,451,51,0.0392156862745098
"2013-08-12","fieldseth","halsted","27013325","potamogeton.narrow",0.00221729490022173,1,0.64008,0.00217391304347826,460,451,51,0.0196078431372549
"2013-08-12","fieldseth","halsted","27013325","typha.angustifolia",0.00221729490022173,5,0.3048,0.00217391304347826,460,451,51,0.0196078431372549
"2013-08-12","newman","susan","10001300","ceratophyllum.demersum",0.225,2.03703703703704,2.5,0.186206896551724,145,120,40,0.65
"2013-08-12","newman","susan","10001300","potamogeton.crispus",0.00833333333333333,1,0.7,0.00689655172413793,145,120,40,0.025
"2013-08-12","newman","susan","10001300","najas.flexilis",0.0166666666666667,2.5,0.6,0.0137931034482759,145,120,40,0.05
"2013-08-12","newman","susan","10001300","elodea.canadensis",0.1,2.25,1.1,0.0827586206896552,145,120,40,0.3
"2013-08-12","newman","susan","10001300","nymphaea.odorata",0.075,2.66666666666667,1.1,0.0620689655172414,145,120,40,0.225
"2013-08-12","newman","susan","10001300","stuckenia.pectinata",0.0416666666666667,1.6,0.8,0.0344827586206897,145,120,40,0.125
"2013-08-12","newman","susan","10001300","lemna.trisulca",0.00833333333333333,1,0.4,0.00689655172413793,145,120,40,0.025
"2013-08-12","newman","susan","10001300","potamogeton.pusillus",0.175,3.19047619047619,1.4,0.144827586206897,145,120,40,0.525
"2013-08-12","newman","susan","10001300","nelumbo.lutea",0.15,2.73684210526316,4.6,0.131034482758621,145,120,40,0.4
"2013-08-12","newman","susan","10001300","nuphar.variegata",0.0583333333333333,4.42857142857143,1.4,0.0482758620689655,145,120,40,0.175
"2013-08-12","newman","susan","10001300","potamogeton.nodosus",0.00833333333333333,2,0.5,0.00689655172413793,145,120,40,0.025
"2013-08-13","lund","cedar","49014000","ceratophyllum.demersum",0.101694915254237,1.41666666666667,3.62712,0.1,120,118,120,0.1
"2013-08-13","lund","cedar","49014000","potamogeton.crispus",0.0254237288135593,1,1.9812,0.025,120,118,120,0.025
"2013-08-13","lund","cedar","49014000","myriophyllum.spicatum",0.110169491525424,1.69230769230769,2.4384,0.108333333333333,120,118,120,0.108333333333333
"2013-08-13","lund","cedar","49014000","potamogeton.foliosus",0.0169491525423729,1,2.01168,0.0166666666666667,120,118,120,0.0166666666666667
"2013-08-13","lund","cedar","49014000","najas.flexilis",0.0169491525423729,1.5,0.54864,0.0166666666666667,120,118,120,0.0166666666666667
"2013-08-13","lund","cedar","49014000","elodea.canadensis",0.0169491525423729,1,2.01168,0.0166666666666667,120,118,120,0.0166666666666667
"2013-08-13","lund","cedar","49014000","nymphaea.odorata",0.0677966101694915,2.875,1.49352,0.0666666666666667,120,118,120,0.0666666666666667
"2013-08-13","lund","cedar","49014000","chara.spp",0.0169491525423729,1.5,0.9144,0.0166666666666667,120,118,120,0.0166666666666667
"2013-08-13","lund","cedar","49014000","stuckenia.pectinata",0.0169491525423729,1,2.01168,0.0166666666666667,120,118,120,0.0166666666666667
"2013-08-13","lund","cedar","49014000","myriophyllum.sibiricum",0.186440677966102,1.63636363636364,2.37744,0.183333333333333,120,118,120,0.183333333333333
"2013-08-13","lund","cedar","49014000","nitella.spp",0.296610169491525,2.74285714285714,2.19456,0.291666666666667,120,118,120,0.291666666666667
"2013-08-13","lund","cedar","49014000","eleocharis.acicularis",0.0169491525423729,1.5,0.51816,0.0166666666666667,120,118,120,0.0166666666666667
"2013-08-13","lund","cedar","49014000","potamogeton.praelongus",0.00847457627118644,1,1.70688,0.00833333333333333,120,118,120,0.00833333333333333
"2013-08-14","brasch","sarahe","27019102","algae.filamentous",0.378378378378378,1.5,4,0.368421052631579,76,74,55,0.472727272727273
"2013-08-14","brasch","sarahe","27019102","ceratophyllum.demersum",0.675675675675676,3.36,4,0.657894736842105,76,74,55,0.818181818181818
"2013-08-14","brasch","sarahe","27019102","potamogeton.crispus",0.0540540540540541,1,2.2,0.0526315789473684,76,74,55,0.0545454545454545
"2013-08-14","brasch","sarahe","27019102","myriophyllum.spicatum",0.0540540540540541,1.5,1.4,0.0526315789473684,76,74,55,0.0727272727272727
"2013-08-14","brasch","sarahe","27019102","spirodela.polyrhiza",0.0810810810810811,1.66666666666667,0.5,0.0789473684210526,76,74,55,0.109090909090909
"2013-08-14","brasch","sarahe","27019102","nymphaea.odorata",0.189189189189189,2.71428571428571,1.9,0.184210526315789,76,74,55,0.254545454545455
"2013-08-14","brasch","sarahe","27019102","stuckenia.pectinata",0.0405405405405405,2,0.4,0.0394736842105263,76,74,55,0.0545454545454545
"2013-08-14","brasch","sarahe","27019102","lemna.minor",0.0810810810810811,1.66666666666667,0.5,0.0789473684210526,76,74,55,0.109090909090909
"2013-08-14","brasch","sarahe","27019102","lemna.trisulca",0.378378378378378,1.39285714285714,1.8,0.368421052631579,76,74,55,0.509090909090909
"2013-08-14","newman","riley","10000200","ceratophyllum.demersum",0.455056179775281,2.5,4.8,0.443243243243243,185,178,166,0.487951807228916
"2013-08-14","newman","riley","10000200","potamogeton.crispus",0.0112359550561798,1,1.5,0.0108108108108108,185,178,166,0.0120481927710843
"2013-08-14","newman","riley","10000200","myriophyllum.spicatum",0.106741573033708,1.26315789473684,2.2,0.102702702702703,185,178,166,0.114457831325301
"2013-08-14","newman","riley","10000200","najas.flexilis",0.0224719101123595,2.5,0.6,0.0216216216216216,185,178,166,0.0240963855421687
"2013-08-14","newman","riley","10000200","spirodela.polyrhiza",0.00561797752808989,1,0.6,0.00540540540540541,185,178,166,0.00602409638554217
"2013-08-14","newman","riley","10000200","elodea.canadensis",0.00561797752808989,3,0.5,0.00540540540540541,185,178,166,0.00602409638554217
"2013-08-14","newman","riley","10000200","nymphaea.odorata",0.0168539325842697,2.66666666666667,0.7,0.0162162162162162,185,178,166,0.0180722891566265
"2013-08-14","newman","riley","10000200","chara.spp",0.00561797752808989,1,0.4,0.00540540540540541,185,178,166,0.00602409638554217
"2013-08-14","newman","riley","10000200","potamogeton.pusillus",0.0337078651685393,3.66666666666667,0.8,0.0324324324324324,185,178,166,0.036144578313253
"2013-08-19","mccomas","round","27007100","ceratophyllum.demersum",0.82051282051282,2.78125,3.048,0.666666666666667,48,39,31,0.967741935483871
"2013-08-19","mccomas","round","27007100","myriophyllum.spicatum",0.128205128205128,1.2,1.8288,0.104166666666667,48,39,31,0.161290322580645
"2013-08-19","mccomas","round","27007100","nymphaea.odorata",0.58974358974359,2.60869565217391,2.7432,0.479166666666667,48,39,31,0.709677419354839
"2013-08-19","mccomas","round","27007100","potamogeton.narrow",0.0512820512820513,1,1.524,0.0416666666666667,48,39,31,0.0645161290322581
"2013-08-19","mccomas","round","27007100","najas.minor",0.0512820512820513,1.5,1.524,0.0416666666666667,48,39,31,0.0645161290322581
"2013-08-20","newman","mitchell","27007000","ceratophyllum.demersum",0.762162162162162,3.40425531914894,4,0.742105263157895,190,185,133,0.819548872180451
"2013-08-20","newman","mitchell","27007000","potamogeton.crispus",0.0162162162162162,1,1.9,0.0157894736842105,190,185,133,0.0225563909774436
"2013-08-20","newman","mitchell","27007000","myriophyllum.spicatum",0.0432432432432432,1.625,2.5,0.0421052631578947,190,185,133,0.0601503759398496
"2013-08-20","newman","mitchell","27007000","najas.flexilis",0.00540540540540541,2,0.4,0.00526315789473684,190,185,133,0.0075187969924812
"2013-08-20","newman","mitchell","27007000","spirodela.polyrhiza",0.167567567567568,1.29032258064516,3.3,0.163157894736842,190,185,133,0.210526315789474
"2013-08-20","newman","mitchell","27007000","elodea.canadensis",0.027027027027027,1.8,2.5,0.0263157894736842,190,185,133,0.037593984962406
"2013-08-20","newman","mitchell","27007000","nymphaea.odorata",0.221621621621622,2.46341463414634,2.3,0.215789473684211,190,185,133,0.308270676691729
"2013-08-20","newman","mitchell","27007000","chara.spp",0.0540540540540541,1.5,3.8,0.0526315789473684,190,185,133,0.0601503759398496
"2013-08-20","newman","mitchell","27007000","stuckenia.pectinata",0.0216216216216216,1.25,1.1,0.0210526315789474,190,185,133,0.0300751879699248
"2013-08-20","newman","mitchell","27007000","lemna.trisulca",0.416216216216216,1.50649350649351,3.3,0.405263157894737,190,185,133,0.541353383458647
"2013-08-20","newman","mitchell","27007000","ranunculus.aquatilis",0.0486486486486487,1.55555555555556,1.6,0.0473684210526316,190,185,133,0.0676691729323308
"2013-08-20","newman","mitchell","27007000","myriophyllum.sibiricum",0.27027027027027,2.86,3.2,0.263157894736842,190,185,133,0.330827067669173
"2013-08-20","newman","mitchell","27007000","potamogeton.pusillus",0.0648648648648649,1.41666666666667,1.4,0.0631578947368421,190,185,133,0.0902255639097744
"2013-08-20","newman","mitchell","27007000","heteranthera.dubia",0.0594594594594595,1.90909090909091,2.4,0.0578947368421053,190,185,133,0.0827067669172932
"2013-08-20","newman","mitchell","27007000","nelumbo.lutea",0.00540540540540541,1,0.8,0.00526315789473684,190,185,133,0.0075187969924812
"2013-08-20","newman","mitchell","27007000","potamogeton.zosterifomis",0.118918918918919,2.18181818181818,3.2,0.115789473684211,190,185,133,0.157894736842105
"2013-08-20","newman","mitchell","27007000","utricularia.vulgaris",0.00540540540540541,2,0.4,0.00526315789473684,190,185,133,0.0075187969924812
"2013-08-22","mccomas","clearw","82016300","ceratophyllum.demersum",0.136752136752137,1.9375,3.048,0.128,125,117,119,0.134453781512605
"2013-08-22","mccomas","clearw","82016300","myriophyllum.spicatum",0.128205128205128,2,2.4384,0.12,125,117,119,0.126050420168067
"2013-08-22","mccomas","clearw","82016300","nymphaea.odorata",0.0683760683760684,2.375,1.524,0.064,125,117,119,0.0672268907563025
"2013-08-22","mccomas","clearw","82016300","chara.spp",0.0341880341880342,1,1.524,0.032,125,117,119,0.0336134453781513
"2013-08-22","mccomas","clearw","82016300","stuckenia.pectinata",0.0598290598290598,1,1.524,0.056,125,117,119,0.0588235294117647
"2013-08-22","mccomas","clearw","82016300","najas.spp",0.230769230769231,1.51851851851852,1.8288,0.216,125,117,119,0.226890756302521
"2013-08-22","mccomas","clearw","82016300","potamogeton.zosteriformis",0.102564102564103,1.25,2.1336,0.096,125,117,119,0.100840336134454
"2013-08-22","mccomas","clearw","82016300","heteranthera.dubia",0.00854700854700855,1,0.9144,0.008,125,117,119,0.00840336134453781
"2013-08-22","mccomas","clearw","82016300","nuphar.variegata",0.0683760683760684,2.625,1.524,0.064,125,117,119,0.0672268907563025
"2013-08-22","mccomas","clearw","82016300","potamogeton.natans",0.153846153846154,1.83333333333333,1.524,0.144,125,117,119,0.151260504201681
"2013-08-22","mccomas","clearw","82016300","scirpus.spp",0.00854700854700855,3,0.6096,0.008,125,117,119,0.00840336134453781
"2013-08-28","newman","christmas","27013700","ceratophyllum.demersum",0.429752066115702,2.125,5.8,0.397163120567376,141,121,141,0.397163120567376
"2013-08-28","newman","christmas","27013700","myriophyllum.spicatum",0.677685950413223,2.98823529411765,5.8,0.602836879432624,141,121,141,0.602836879432624
"2013-08-28","newman","christmas","27013700","najas.flexilis",0.198347107438017,1.875,1.9,0.170212765957447,141,121,141,0.170212765957447
"2013-08-28","newman","christmas","27013700","vallisneria.americana",0.289256198347107,2.14285714285714,3.5,0.24822695035461,141,121,141,0.24822695035461
"2013-08-28","newman","christmas","27013700","potamogeton.richardsonii",0.115702479338843,1.71428571428571,2.5,0.099290780141844,141,121,141,0.099290780141844
"2013-08-28","newman","christmas","27013700","elodea.canadensis",0.0495867768595041,2.16666666666667,2.5,0.0425531914893617,141,121,141,0.0425531914893617
"2013-08-28","newman","christmas","27013700","nymphaea.odorata",0.247933884297521,2.96666666666667,2.3,0.212765957446809,141,121,141,0.212765957446809
"2013-08-28","newman","christmas","27013700","chara.spp",0.206611570247934,2.04,2.5,0.177304964539007,141,121,141,0.177304964539007
"2013-08-28","newman","christmas","27013700","stuckenia.pectinata",0.214876033057851,1.88461538461538,3,0.184397163120567,141,121,141,0.184397163120567
"2013-08-28","newman","christmas","27013700","lemna.trisulca",0.231404958677686,1.25,2.3,0.198581560283688,141,121,141,0.198581560283688
"2013-08-28","newman","christmas","27013700","ranunculus.aquatilis",0.0413223140495868,1.2,1.5,0.0354609929078014,141,121,141,0.0354609929078014
"2013-08-28","newman","christmas","27013700","myriophyllum.sibiricum",0.0909090909090909,2.09090909090909,2.5,0.0780141843971631,141,121,141,0.0780141843971631
"2013-08-28","newman","christmas","27013700","potamogeton.pusillus",0.0495867768595041,1.66666666666667,2,0.0425531914893617,141,121,141,0.0425531914893617
"2013-08-28","newman","christmas","27013700","heteranthera.dubia",0.115702479338843,1.85714285714286,2.8,0.099290780141844,141,121,141,0.099290780141844
"2013-08-28","newman","christmas","27013700","eleocharis.acicularis",0.00826446280991736,2,2,0.00709219858156028,141,121,141,0.00709219858156028
"2013-08-28","newman","christmas","27013700","nuphar.variegata",0.0826446280991736,2.3,1.9,0.0709219858156028,141,121,141,0.0709219858156028
"2013-08-28","newman","christmas","27013700","potamogeton.amplifolius",0.0909090909090909,1.63636363636364,2.5,0.0780141843971631,141,121,141,0.0780141843971631
"2013-08-28","newman","christmas","27013700","potamogeton.illinoensis",0.15702479338843,1.84210526315789,4.4,0.134751773049645,141,121,141,0.134751773049645
"2013-08-28","newman","christmas","27013700","potamogeton.praelongus",0.0495867768595041,2,2.4,0.0425531914893617,141,121,141,0.0425531914893617
"2013-08-28","newman","christmas","27013700","potamogeton.zosterifomis",0.264462809917355,2.125,3.6,0.226950354609929,141,121,141,0.226950354609929
"2013-08-28","newman","christmas","27013700","utricularia.vulgaris",0.0495867768595041,1.5,1.7,0.0425531914893617,141,121,141,0.0425531914893617
"2013-08-28","newman","christmas","27013700","bidens.beckii",0.107438016528926,1.61538461538462,3.1,0.0921985815602837,141,121,141,0.0921985815602837
"2013-08-28","newman","christmas","27013700","potamogeton.robbinsii",0.12396694214876,2.4,2.2,0.106382978723404,141,121,141,0.106382978723404
"2013-08-28","newman","christmas","27013700","potamogeton.natans",0.0578512396694215,1.14285714285714,2.5,0.049645390070922,141,121,141,0.049645390070922
"2013-08-28","newman","christmas","27013700","schoenoplectus.tabernaemontani",0.0247933884297521,1.33333333333333,2.8,0.0212765957446809,141,121,141,0.0212765957446809
"2013-08-28","newman","christmas","27013700","utricularia.minor",0.00826446280991736,1,0.1,0.00709219858156028,141,121,141,0.00709219858156028
"2013-08-28","newman","christmas","27013700","potamogeton.gramineus",0.0165289256198347,1,1.4,0.0141843971631206,141,121,141,0.0141843971631206
"2013-08-29","brasch","cleary","70002200","algae.filamentous",0.46875,3.04,2.3,0.46875,160,160,160,0.46875
"2013-08-29","brasch","cleary","70002200","ceratophyllum.demersum",0.65,3.71153846153846,2.4,0.65,160,160,160,0.65
"2013-08-29","brasch","cleary","70002200","potamogeton.crispus",0.00625,1,0.3,0.00625,160,160,160,0.00625
"2013-08-29","brasch","cleary","70002200","potamogeton.foliosus",0.15,1.79166666666667,1.1,0.15,160,160,160,0.15
"2013-08-29","brasch","cleary","70002200","najas.flexilis",0.15,2.25,1.3,0.15,160,160,160,0.15
"2013-08-29","brasch","cleary","70002200","spirodela.polyrhiza",0.175,1,1.4,0.175,160,160,160,0.175
"2013-08-29","brasch","cleary","70002200","elodea.canadensis",0.15625,2.24,1.5,0.15625,160,160,160,0.15625
"2013-08-29","brasch","cleary","70002200","nymphaea.odorata",0.08125,1.53846153846154,1.1,0.08125,160,160,160,0.08125
"2013-08-29","brasch","cleary","70002200","stuckenia.pectinata",0.1625,2.19230769230769,1.9,0.1625,160,160,160,0.1625
"2013-08-29","brasch","cleary","70002200","lemna.minor",0.18125,1,1.4,0.18125,160,160,160,0.18125
"2013-08-29","brasch","cleary","70002200","lemna.trisulca",0.4,1.859375,1.4,0.4,160,160,160,0.4
"2013-08-29","brasch","cleary","70002200","potamogeton.zosteriformis",0.05625,1.11111111111111,0.9,0.05625,160,160,160,0.05625
"2013-08-29","brasch","cleary","70002200","heteranthera.dubia",0.0125,1,0.6,0.0125,160,160,160,0.0125
"2013-08-29","brasch","cleary","70002200","wolffia.columbiana",0.1625,1.57692307692308,1.3,0.1625,160,160,160,0.1625
"2013-08-29","brasch","cleary","70002200","nitella.spp",0.01875,1.66666666666667,0.5,0.01875,160,160,160,0.01875
"2013-08-29","brasch","cleary","70002200","nuphar.variegata",0.00625,1,0.4,0.00625,160,160,160,0.00625
"2013-09-03","mccomas","reshanau","02000900","ceratophyllum.demersum",0.25,2,1.524,0.25,8,8,4,0.25
"2013-09-03","mccomas","reshanau","02000900","nymphaea.odorata",0.75,1.5,1.524,0.75,8,8,4,0.75
"2013-09-03","mccomas","reshanau","02000900","najas.spp",0.125,2,0.3048,0.125,8,8,4,0.25
"2013-09-03","mccomas","reshanau","02000900","elodea.spp",0.5,1,0.9144,0.5,8,8,4,1
"2013-09-04","sblood","kohlman","62000600","ceratophyllum.demersum",0.727272727272727,2.45833333333333,2.691384,0.727272727272727,99,99,99,0.727272727272727
"2013-09-04","sblood","kohlman","62000600","najas.flexilis",0.232323232323232,1.43478260869565,2.417064,0.232323232323232,99,99,99,0.232323232323232
"2013-09-04","sblood","kohlman","62000600","spirodela.polyrhiza",0.0202020202020202,2.5,1.6002,0.0202020202020202,99,99,99,0.0202020202020202
"2013-09-04","sblood","kohlman","62000600","elodea.canadensis",0.373737373737374,1.27027027027027,2.353056,0.373737373737374,99,99,99,0.373737373737374
"2013-09-04","sblood","kohlman","62000600","nymphaea.odorata",0.161616161616162,2.3125,1.868424,0.161616161616162,99,99,99,0.161616161616162
"2013-09-04","sblood","kohlman","62000600","stuckenia.pectinata",0.0404040404040404,2.75,1.868424,0.0404040404040404,99,99,99,0.0404040404040404
"2013-09-04","sblood","kohlman","62000600","lemna.minor",0.0202020202020202,2,1.106424,0.0202020202020202,99,99,99,0.0202020202020202
"2013-09-04","sblood","kohlman","62000600","lemna.trisulca",0.0202020202020202,1,1.00584,0.0202020202020202,99,99,99,0.0202020202020202
"2013-09-04","sblood","kohlman","62000600","potamogeton.pusillus",0.0202020202020202,1,2.212848,0.0202020202020202,99,99,99,0.0202020202020202
"2013-09-04","sblood","kohlman","62000600","algae",0.686868686868687,2.08823529411765,2.691384,0.686868686868687,99,99,99,0.686868686868687
"2013-09-04","sblood","kohlman","62000600","nuphar.advena",0.0101010101010101,1,0.835152,0.0101010101010101,99,99,99,0.0101010101010101
"2014-05-01","brasch","hyland","27004800","algae.filamentous",0.6,1.58666666666667,3.56616,0.6,125,125,42,0.547619047619048
"2014-05-01","brasch","hyland","27004800","potamogeton.crispus",0.216,1,3.56616,0.216,125,125,42,0.166666666666667
"2014-05-01","brasch","hyland","27004800","elodea.canadensis",0.536,2.08955223880597,3.56616,0.536,125,125,42,0.761904761904762
"2014-05-08","brasch","sarahe","27019102","algae.filamentous",0.479452054794521,1.17142857142857,4.572,0.460526315789474,76,73,48,0.625
"2014-05-08","brasch","sarahe","27019102","ceratophyllum.demersum",0.465753424657534,2.44117647058824,3.10896,0.447368421052632,76,73,48,0.645833333333333
"2014-05-08","brasch","sarahe","27019102","potamogeton.crispus",0.26027397260274,1.26315789473684,3.07848,0.25,76,73,48,0.208333333333333
"2014-05-08","brasch","sarahe","27019102","lemna.trisulca",0.397260273972603,1.31034482758621,2.7432,0.381578947368421,76,73,48,0.541666666666667
"2014-05-08","brasch","sarahw","27019101","algae.filamentous",0.467289719626168,1.08,4.572,0.413223140495868,121,107,57,0.596491228070175
"2014-05-08","brasch","sarahw","27019101","ceratophyllum.demersum",0.317757009345794,2.55882352941176,3.84048,0.28099173553719,121,107,57,0.526315789473684
"2014-05-08","brasch","sarahw","27019101","potamogeton.crispus",0.308411214953271,1.42424242424242,3.47472,0.272727272727273,121,107,57,0.192982456140351
"2014-05-08","brasch","sarahw","27019101","myriophyllum.spicatum",0.0654205607476635,1.28571428571429,3.84048,0.0578512396694215,121,107,57,0.105263157894737
"2014-05-08","brasch","sarahw","27019101","elodea.canadensis",0.0186915887850467,1,1.31064,0.0165289256198347,121,107,57,0.0350877192982456
"2014-05-08","brasch","sarahw","27019101","lemna.trisulca",0.168224299065421,1.16666666666667,2.22504,0.148760330578512,121,107,57,0.298245614035088
"2014-05-08","mccomas","keller","19002500","potamogeton.crispus",0.72972972972973,1.92592592592593,2.4384,0.72972972972973,37,37,37,0.72972972972973
"2014-05-09","sblood","kohlman","62000600","ceratophyllum.demersum",0.541666666666667,1.17948717948718,2.496312,0.541666666666667,144,144,144,0.541666666666667
"2014-05-09","sblood","kohlman","62000600","najas.flexilis",0.0208333333333333,1,2.7432,0.0208333333333333,144,144,144,0.0208333333333333
"2014-05-09","sblood","kohlman","62000600","elodea.canadensis",0.0833333333333333,1,2.212848,0.0833333333333333,144,144,144,0.0833333333333333
"2014-05-09","sblood","kohlman","62000600","nymphaea.odorata",0.0138888888888889,1,0.804672,0.0138888888888889,144,144,144,0.0138888888888889
"2014-05-13","newman","susan","10001300","ceratophyllum.demersum",0.227722772277228,1.95652173913043,2,0.157534246575342,146,101,39,0.564102564102564
"2014-05-13","newman","susan","10001300","potamogeton.crispus",0.297029702970297,1.8,3.2,0.205479452054795,146,101,39,0.564102564102564
"2014-05-13","newman","susan","10001300","elodea.canadensis",0.168316831683168,1.88235294117647,3.6,0.116438356164384,146,101,39,0.41025641025641
"2014-05-13","newman","susan","10001300","potamogeton.pusillus",0.099009900990099,1.4,1.2,0.0684931506849315,146,101,39,0.256410256410256
"2014-05-13","newman","susan","10001300","nuphar.variegata",0.0297029702970297,1,1.4,0.0205479452054795,146,101,39,0.0769230769230769
"2014-05-15","brasch","rebecca","27019200","algae.filamentous",0.0197368421052632,1.66666666666667,1.34112,0.015625,192,152,124,0.0241935483870968
"2014-05-15","brasch","rebecca","27019200","ceratophyllum.demersum",0.335526315789474,2,4.48056,0.265625,192,152,124,0.403225806451613
"2014-05-15","brasch","rebecca","27019200","potamogeton.crispus",0.118421052631579,1,3.16992,0.09375,192,152,124,0.145161290322581
"2014-05-15","brasch","rebecca","27019200","myriophyllum.spicatum",0.328947368421053,1.46,3.6576,0.260416666666667,192,152,124,0.387096774193548
"2014-05-15","brasch","rebecca","27019200","chara.spp",0.0789473684210526,1.16666666666667,3.5052,0.0625,192,152,124,0.0967741935483871
"2014-05-16","newman","riley","10000200","ceratophyllum.demersum",0.380681818181818,2.02985074626866,3.2,0.358288770053476,187,176,159,0.421383647798742
"2014-05-16","newman","riley","10000200","potamogeton.crispus",0.272727272727273,1.66666666666667,2.9,0.25668449197861,187,176,159,0.30188679245283
"2014-05-16","newman","riley","10000200","myriophyllum.spicatum",0.107954545454545,1.63157894736842,2,0.101604278074866,187,176,159,0.119496855345912
"2014-05-16","newman","riley","10000200","stuckenia.pectinata",0.00568181818181818,1,0.8,0.0053475935828877,187,176,159,0.00628930817610063
"2014-05-16","newman","riley","10000200","potamogeton.pusillus",0.0738636363636364,1.15384615384615,1.4,0.0695187165775401,187,176,159,0.0817610062893082
"2014-05-20","newman","mitchell","27007000","ceratophyllum.demersum",0.613259668508287,2.39285714285714,5.4,0.577319587628866,194,181,141,0.730496453900709
"2014-05-20","newman","mitchell","27007000","potamogeton.crispus",0.320441988950276,2.08620689655172,4.2,0.298969072164948,194,181,141,0.319148936170213
"2014-05-20","newman","mitchell","27007000","myriophyllum.spicatum",0.0276243093922652,1,2.3,0.0257731958762887,194,181,141,0.0354609929078014
"2014-05-20","newman","mitchell","27007000","najas.flexilis",0.00552486187845304,1,2.2,0.00515463917525773,194,181,141,0.00709219858156028
"2014-05-20","newman","mitchell","27007000","elodea.canadensis",0.0110497237569061,1,1.3,0.0103092783505155,194,181,141,0.0141843971631206
"2014-05-20","newman","mitchell","27007000","nymphaea.odorata",0.00552486187845304,1,0.9,0.00515463917525773,194,181,141,0.00709219858156028
"2014-05-20","newman","mitchell","27007000","chara.spp",0.0386740331491713,1.28571428571429,2.1,0.0360824742268041,194,181,141,0.049645390070922
"2014-05-20","newman","mitchell","27007000","lemna.minor",0.0165745856353591,1,2.2,0.0154639175257732,194,181,141,0.0212765957446809
"2014-05-20","newman","mitchell","27007000","lemna.trisulca",0.475138121546961,1.27906976744186,3.2,0.443298969072165,194,181,141,0.588652482269504
"2014-05-20","newman","mitchell","27007000","ranunculus.aquatilis",0.0497237569060773,1.33333333333333,3.5,0.0463917525773196,194,181,141,0.049645390070922
"2014-05-20","newman","mitchell","27007000","myriophyllum.sibiricum",0.116022099447514,1.66666666666667,3.2,0.108247422680412,194,181,141,0.141843971631206
"2014-05-20","newman","mitchell","27007000","potamogeton.pusillus",0.132596685082873,1.20833333333333,2.7,0.123711340206186,194,181,141,0.170212765957447
"2014-05-20","newman","mitchell","27007000","heteranthera.dubia",0.0165745856353591,1.33333333333333,2.6,0.0154639175257732,194,181,141,0.0212765957446809
"2014-05-20","newman","mitchell","27007000","potamogeton.zosterifomis",0.0718232044198895,1.30769230769231,2.1,0.0670103092783505,194,181,141,0.0921985815602837
"2014-05-20","newman","mitchell","27007000","utricularia.vulgaris",0.00552486187845304,1,0.9,0.00515463917525773,194,181,141,0.00709219858156028
"2014-05-23","mccomas","reshanau","02000900","ceratophyllum.demersum",0.166666666666667,1,1.2192,0.166666666666667,18,18,1,1
"2014-06-02","mccomas","clearw","82016300","ceratophyllum.demersum",0.169354838709677,2,3.048,0.148936170212766,141,124,129,0.162790697674419
"2014-06-02","mccomas","clearw","82016300","potamogeton.crispus",0.0564516129032258,1.28571428571429,3.048,0.049645390070922,141,124,129,0.0542635658914729
"2014-06-02","mccomas","clearw","82016300","myriophyllum.spicatum",0.145161290322581,1.77777777777778,2.7432,0.127659574468085,141,124,129,0.13953488372093
"2014-06-02","mccomas","clearw","82016300","nymphaea.odorata",0.0403225806451613,1,1.524,0.0354609929078014,141,124,129,0.0387596899224806
"2014-06-02","mccomas","clearw","82016300","chara.spp",0.032258064516129,1,1.8288,0.0283687943262411,141,124,129,0.0310077519379845
"2014-06-02","mccomas","clearw","82016300","najas.spp",0.185483870967742,1.73913043478261,1.8288,0.163120567375887,141,124,129,0.178294573643411
"2014-06-02","mccomas","clearw","82016300","potamogeton.zosteriformis",0.00806451612903226,1,1.524,0.00709219858156028,141,124,129,0.00775193798449612
"2014-06-02","mccomas","clearw","82016300","heteranthera.dubia",0.0725806451612903,1.33333333333333,2.1336,0.0638297872340425,141,124,129,0.0697674418604651
"2014-06-02","mccomas","clearw","82016300","potamogeton.narrow",0.0887096774193548,1,2.1336,0.0780141843971631,141,124,129,0.0852713178294574
"2014-06-09","mccomas","gleason","27009500","algae.filamentous",0.0983606557377049,2.91666666666667,1.8288,0.0975609756097561,123,122,94,0.127659574468085
"2014-06-09","mccomas","gleason","27009500","ceratophyllum.demersum",0.811475409836066,2.13131313131313,3.3528,0.804878048780488,123,122,94,0.925531914893617
"2014-06-09","mccomas","gleason","27009500","nymphaeaceae",0.131147540983607,1.4375,2.1336,0.130081300813008,123,122,94,0.170212765957447
"2014-06-09","mccomas","gleason","27009500","potamogeton.crispus",0.0245901639344262,1,2.7432,0.024390243902439,123,122,94,0.0319148936170213
"2014-06-09","mccomas","gleason","27009500","elodea.spp",0.0245901639344262,1,1.8288,0.024390243902439,123,122,94,0.0319148936170213
"2014-06-09","mccomas","gleason","27009500","wolffia.spp",0.245901639344262,3.2,2.1336,0.24390243902439,123,122,94,0.319148936170213
"2014-06-09","mccomas","gleason","27009500","nymphaeacae",0.131147540983607,1.4375,2.1336,0.130081300813008,123,122,94,0.170212765957447
"2014-06-10","brasch","cleary","70002200","algae.filamentous",0.0443037974683544,2,1.699565,0.0443037974683544,158,158,156,0.0448717948717949
"2014-06-10","brasch","cleary","70002200","ceratophyllum.demersum",0.613924050632911,3.18556701030928,2.199437,0.613924050632911,158,158,156,0.621794871794872
"2014-06-10","brasch","cleary","70002200","potamogeton.crispus",0.626582278481013,2.64646464646465,3.299155,0.626582278481013,158,158,156,0.621794871794872
"2014-06-10","brasch","cleary","70002200","potamogeton.foliosus",0.278481012658228,2.5,1.8288,0.278481012658228,158,158,156,0.282051282051282
"2014-06-10","brasch","cleary","70002200","najas.flexilis",0.00632911392405063,1,0.499872,0.00632911392405063,158,158,156,0.00641025641025641
"2014-06-10","brasch","cleary","70002200","spirodela.polyrhiza",0.0126582278481013,1,0.73152,0.0126582278481013,158,158,156,0.0128205128205128
"2014-06-10","brasch","cleary","70002200","elodea.canadensis",0.145569620253165,1.39130434782609,1.9812,0.145569620253165,158,158,156,0.147435897435897
"2014-06-10","brasch","cleary","70002200","nymphaea.odorata",0.0253164556962025,1,1.199693,0.0253164556962025,158,158,156,0.0256410256410256
"2014-06-10","brasch","cleary","70002200","stuckenia.pectinata",0.189873417721519,1.43333333333333,1.799539,0.189873417721519,158,158,156,0.192307692307692
"2014-06-10","brasch","cleary","70002200","lemna.minor",0.00632911392405063,2,1.09728,0.00632911392405063,158,158,156,0.00641025641025641
"2014-06-10","brasch","cleary","70002200","lemna.trisulca",0.474683544303797,1.61333333333333,1.8288,0.474683544303797,158,158,156,0.480769230769231
"2014-06-10","brasch","cleary","70002200","potamogeton.zosteriformis",0.0316455696202532,2,1.0668,0.0316455696202532,158,158,156,0.032051282051282
"2014-06-10","brasch","cleary","70002200","potamogeton.amplifolius",0.0189873417721519,3,1.18872,0.0189873417721519,158,158,156,0.0192307692307692
"2014-06-12","mccomas","round","27007100","algae.filamentous",0.166666666666667,1.66666666666667,1.8288,0.122448979591837,49,36,28,0.214285714285714
"2014-06-12","mccomas","round","27007100","ceratophyllum.demersum",0.888888888888889,2.46875,3.6576,0.653061224489796,49,36,28,0.857142857142857
"2014-06-12","mccomas","round","27007100","potamogeton.crispus",0.388888888888889,1.28571428571429,3.3528,0.285714285714286,49,36,28,0.392857142857143
"2014-06-12","mccomas","round","27007100","myriophyllum.spicatum",0.388888888888889,1.07142857142857,3.3528,0.285714285714286,49,36,28,0.357142857142857
"2014-06-12","mccomas","round","27007100","nymphaea.odorata",0.416666666666667,1.26666666666667,2.7432,0.306122448979592,49,36,28,0.464285714285714
"2014-06-12","mccomas","round","27007100","chara.spp",0.0555555555555556,2,1.524,0.0408163265306122,49,36,28,0.0714285714285714
"2014-06-12","mccomas","round","27007100","potamogeton.narrow",0.388888888888889,1.28571428571429,2.7432,0.285714285714286,49,36,28,0.464285714285714
"2014-06-12","mccomas","round","27007100","ranunculus.spp",0.0555555555555556,1.5,2.4384,0.0408163265306122,49,36,28,0.0714285714285714
"2014-06-12","newman","mitchell","27007000","ceratophyllum.demersum",0.71195652173913,2.87786259541985,3.6,0.68586387434555,191,184,152,0.815789473684211
"2014-06-12","newman","mitchell","27007000","potamogeton.crispus",0.46195652173913,2.56470588235294,3.8,0.445026178010471,191,184,152,0.453947368421053
"2014-06-12","newman","mitchell","27007000","myriophyllum.spicatum",0.0108695652173913,1.5,1.6,0.0104712041884817,191,184,152,0.0131578947368421
"2014-06-12","newman","mitchell","27007000","spirodela.polyrhiza",0.0326086956521739,1.16666666666667,1,0.031413612565445,191,184,152,0.0394736842105263
"2014-06-12","newman","mitchell","27007000","elodea.canadensis",0.0326086956521739,1.66666666666667,2.1,0.031413612565445,191,184,152,0.0394736842105263
"2014-06-12","newman","mitchell","27007000","nymphaea.odorata",0.195652173913043,1.19444444444444,1.7,0.18848167539267,191,184,152,0.236842105263158
"2014-06-12","newman","mitchell","27007000","chara.spp",0.0217391304347826,1,1.5,0.0209424083769634,191,184,152,0.0263157894736842
"2014-06-12","newman","mitchell","27007000","stuckenia.pectinata",0.0326086956521739,1.66666666666667,1.8,0.031413612565445,191,184,152,0.0394736842105263
"2014-06-12","newman","mitchell","27007000","lemna.trisulca",0.527173913043478,1.34020618556701,2.8,0.507853403141361,191,184,152,0.631578947368421
"2014-06-12","newman","mitchell","27007000","ranunculus.aquatilis",0.0489130434782609,1.66666666666667,1.6,0.0471204188481675,191,184,152,0.0592105263157895
"2014-06-12","newman","mitchell","27007000","myriophyllum.sibiricum",0.184782608695652,2,2.6,0.178010471204188,191,184,152,0.223684210526316
"2014-06-12","newman","mitchell","27007000","potamogeton.pusillus",0.277173913043478,1.90196078431373,2.7,0.267015706806283,191,184,152,0.335526315789474
"2014-06-12","newman","mitchell","27007000","heteranthera.dubia",0.0815217391304348,1.4,1.3,0.0785340314136126,191,184,152,0.0986842105263158
"2014-06-12","newman","mitchell","27007000","nelumbo.lutea",0.00543478260869565,2,0.5,0.00523560209424084,191,184,152,0.00657894736842105
"2014-06-12","newman","mitchell","27007000","potamogeton.zosterifomis",0.21195652173913,1.58974358974359,2.6,0.204188481675393,191,184,152,0.256578947368421
"2014-06-12","newman","mitchell","27007000","utricularia.vulgaris",0.00543478260869565,1,1.1,0.00523560209424084,191,184,152,0.00657894736842105
"2014-06-16","fieldseth","christmas","27013700","ceratophyllum.demersum",0.518867924528302,1.74193548387097,7.3,0.459259259259259,135,106,135,0.459259259259259
"2014-06-16","fieldseth","christmas","27013700","potamogeton.crispus",0.245283018867925,1.03846153846154,4.2,0.192592592592593,135,106,135,0.192592592592593
"2014-06-16","fieldseth","christmas","27013700","myriophyllum.spicatum",0.584905660377358,1.61428571428571,5.5,0.518518518518518,135,106,135,0.518518518518518
"2014-06-16","fieldseth","christmas","27013700","potamogeton.foliosus",0.254716981132075,1.11111111111111,4.2,0.2,135,106,135,0.2
"2014-06-16","fieldseth","christmas","27013700","vallisneria.americana",0.0283018867924528,1,2,0.0222222222222222,135,106,135,0.0222222222222222
"2014-06-16","fieldseth","christmas","27013700","potamogeton.richardsonii",0.141509433962264,1,3.2,0.111111111111111,135,106,135,0.111111111111111
"2014-06-16","fieldseth","christmas","27013700","spirodela.polyrhiza",0.0377358490566038,1,0.8,0.0296296296296296,135,106,135,0.0296296296296296
"2014-06-16","fieldseth","christmas","27013700","elodea.canadensis",0.0660377358490566,1,3,0.0518518518518519,135,106,135,0.0518518518518519
"2014-06-16","fieldseth","christmas","27013700","nymphaea.odorata",0.150943396226415,1,4.2,0.118518518518519,135,106,135,0.118518518518519
"2014-06-16","fieldseth","christmas","27013700","chara.spp",0.207547169811321,1.09090909090909,1.5,0.162962962962963,135,106,135,0.162962962962963
"2014-06-16","fieldseth","christmas","27013700","stuckenia.pectinata",0.169811320754717,1,3.8,0.133333333333333,135,106,135,0.133333333333333
"2014-06-16","fieldseth","christmas","27013700","lemna.trisulca",0.235849056603774,1.07407407407407,4.9,0.2,135,106,135,0.2
"2014-06-16","fieldseth","christmas","27013700","ranunculus.aquatilis",0.188679245283019,1.2,4.2,0.148148148148148,135,106,135,0.148148148148148
"2014-06-16","fieldseth","christmas","27013700","myriophyllum.sibiricum",0.0943396226415094,1.2,2.4,0.0740740740740741,135,106,135,0.0740740740740741
"2014-06-16","fieldseth","christmas","27013700","heteranthera.dubia",0.122641509433962,1.07692307692308,3.2,0.0962962962962963,135,106,135,0.0962962962962963
"2014-06-16","fieldseth","christmas","27013700","wolffia.columbiana",0.0377358490566038,1,0.8,0.0296296296296296,135,106,135,0.0296296296296296
"2014-06-16","fieldseth","christmas","27013700","typha.spp",0.0188679245283019,1,0.5,0.0148148148148148,135,106,135,0.0148148148148148
"2014-06-16","fieldseth","christmas","27013700","eleocharis.acicularis",0.00943396226415094,1,0.4,0.00740740740740741,135,106,135,0.00740740740740741
"2014-06-16","fieldseth","christmas","27013700","nuphar.variegata",0.0283018867924528,1,1.1,0.0222222222222222,135,106,135,0.0222222222222222
"2014-06-16","fieldseth","christmas","27013700","potamogeton.amplifolius",0.160377358490566,1.05882352941176,2.5,0.125925925925926,135,106,135,0.125925925925926
"2014-06-16","fieldseth","christmas","27013700","potamogeton.illinoensis",0.10377358490566,1.09090909090909,3.1,0.0814814814814815,135,106,135,0.0814814814814815
"2014-06-16","fieldseth","christmas","27013700","potamogeton.praelongus",0.0471698113207547,1,3.8,0.037037037037037,135,106,135,0.037037037037037
"2014-06-16","fieldseth","christmas","27013700","potamogeton.zosterifomis",0.405660377358491,1,4.2,0.318518518518519,135,106,135,0.318518518518519
"2014-06-16","fieldseth","christmas","27013700","utricularia.vulgaris",0.0188679245283019,1,1.1,0.0148148148148148,135,106,135,0.0148148148148148
"2014-06-16","fieldseth","christmas","27013700","bidens.beckii",0.10377358490566,1,2.6,0.0814814814814815,135,106,135,0.0814814814814815
"2014-06-16","fieldseth","christmas","27013700","najas.guadalupensis",0.0377358490566038,1,1.7,0.0296296296296296,135,106,135,0.0296296296296296
"2014-06-16","fieldseth","christmas","27013700","potamogeton.robbinsii",0.292452830188679,1.29032258064516,2.9,0.22962962962963,135,106,135,0.22962962962963
"2014-06-16","fieldseth","christmas","27013700","potamogeton.natans",0.0377358490566038,1,2.6,0.0296296296296296,135,106,135,0.0296296296296296
"2014-06-16","fieldseth","christmas","27013700","sagittaria.spp",0.0283018867924528,1,1.5,0.0222222222222222,135,106,135,0.0222222222222222
"2014-06-16","fieldseth","minnewashta","10000900","ceratophyllum.demersum",0.578212290502793,1.92753623188406,4.38912,0.453947368421053,456,358,339,0.607669616519174
"2014-06-16","fieldseth","minnewashta","10000900","potamogeton.crispus",0.494413407821229,2.18079096045198,4.2672,0.388157894736842,456,358,339,0.510324483775811
"2014-06-16","fieldseth","minnewashta","10000900","myriophyllum.spicatum",0.139664804469274,1.22,3.13944,0.109649122807018,456,358,339,0.147492625368732
"2014-06-16","fieldseth","minnewashta","10000900","potamogeton.foliosus",0.0167597765363128,2,1.00584,0.0131578947368421,456,358,339,0.0176991150442478
"2014-06-16","fieldseth","minnewashta","10000900","vallisneria.americana",0.0167597765363128,1,1.8288,0.0131578947368421,456,358,339,0.0176991150442478
"2014-06-16","fieldseth","minnewashta","10000900","brasenia.schreberi",0.00837988826815642,1.33333333333333,1.40208,0.00657894736842105,456,358,339,0.00884955752212389
"2014-06-16","fieldseth","minnewashta","10000900","potamogeton.richardsonii",0.0335195530726257,1.08333333333333,2.31648,0.0263157894736842,456,358,339,0.0353982300884956
"2014-06-16","fieldseth","minnewashta","10000900","nymphaea.odorata",0.0167597765363128,1,1.95072,0.0131578947368421,456,358,339,0.0176991150442478
"2014-06-16","fieldseth","minnewashta","10000900","chara.spp",0.0363128491620112,1.15384615384615,2.1336,0.0285087719298246,456,358,339,0.0383480825958702
"2014-06-16","fieldseth","minnewashta","10000900","stuckenia.pectinata",0.0642458100558659,1,3.13944,0.0504385964912281,456,358,339,0.0678466076696165
"2014-06-16","fieldseth","minnewashta","10000900","lemna.trisulca",0.0921787709497207,1.21212121212121,2.56032,0.0723684210526316,456,358,339,0.0973451327433628
"2014-06-16","fieldseth","minnewashta","10000900","potamogeton.zosteriformis",0.108938547486034,1.07692307692308,2.7432,0.0855263157894737,456,358,339,0.115044247787611
"2014-06-16","fieldseth","minnewashta","10000900","utricularia.spp",0.120111731843575,1.04651162790698,2.286,0.0942982456140351,456,358,339,0.126843657817109
"2014-06-16","fieldseth","minnewashta","10000900","heteranthera.dubia",0.00837988826815642,1,1.6764,0.00657894736842105,456,358,339,0.00884955752212389
"2014-06-16","fieldseth","minnewashta","10000900","nuphar.spp",0.0642458100558659,1.17391304347826,1.8288,0.0504385964912281,456,358,339,0.0678466076696165
"2014-06-16","fieldseth","minnewashta","10000900","nitella.spp",0.00837988826815642,1,4.14528,0.00657894736842105,456,358,339,0.00294985250737463
"2014-06-16","fieldseth","minnewashta","10000900","potamogeton.amplifolius",0.0558659217877095,1.05,4.2672,0.043859649122807,456,358,339,0.056047197640118
"2014-06-16","fieldseth","minnewashta","10000900","potamogeton.praelongus",0.0977653631284916,1.34285714285714,2.7432,0.0767543859649123,456,358,339,0.103244837758112
"2014-06-16","fieldseth","minnewashta","10000900","potamogeton.robbinsii",0.00558659217877095,1,1.524,0.0043859649122807,456,358,339,0.00589970501474926
"2014-06-16","fieldseth","minnewashta","10000900","potamogeton.gramineus",0.00279329608938547,1,0.73152,0.00219298245614035,456,358,339,0.00294985250737463
"2014-06-16","fieldseth","minnewashta","10000900","scirpus.spp",0.00279329608938547,1,0.97536,0.00219298245614035,456,358,339,0.00294985250737463
"2014-06-16","fieldseth","minnewashta","10000900","ranunculus.spp",0.00837988826815642,1,1.3716,0.00657894736842105,456,358,339,0.00884955752212389
"2014-06-17","fieldseth","maxwell","27013320","ceratophyllum.demersum",0.577777777777778,2.075,5.4,0.398009950248756,201,135,66,0.681818181818182
"2014-06-17","fieldseth","maxwell","27013320","potamogeton.crispus",0.140740740740741,1.26315789473684,3.9,0.0945273631840796,201,135,66,0.0606060606060606
"2014-06-17","fieldseth","maxwell","27013320","myriophyllum.spicatum",0.459259259259259,1.06349206349206,4.6,0.313432835820896,201,135,66,0.454545454545455
"2014-06-17","fieldseth","maxwell","27013320","vallisneria.americana",0.037037037037037,1,2.8,0.0248756218905473,201,135,66,0.0303030303030303
"2014-06-17","fieldseth","maxwell","27013320","potamogeton.richardsonii",0.111111111111111,1.13333333333333,3.5,0.0746268656716418,201,135,66,0.166666666666667
"2014-06-17","fieldseth","maxwell","27013320","elodea.canadensis",0.0148148148148148,1,2.2,0.00995024875621891,201,135,66,0.0303030303030303
"2014-06-17","fieldseth","maxwell","27013320","nymphaea.odorata",0.0962962962962963,1,2.6,0.0646766169154229,201,135,66,0.181818181818182
"2014-06-17","fieldseth","maxwell","27013320","chara.spp",0.037037037037037,1,2.3,0.0248756218905473,201,135,66,0.0757575757575758
"2014-06-17","fieldseth","maxwell","27013320","stuckenia.pectinata",0.0814814814814815,1,2.8,0.054726368159204,201,135,66,0.106060606060606
"2014-06-17","fieldseth","maxwell","27013320","lemna.trisulca",0.0444444444444444,1,4.5,0.0298507462686567,201,135,66,0.0757575757575758
"2014-06-17","fieldseth","maxwell","27013320","ranunculus.aquatilis",0.0222222222222222,1,2.2,0.0149253731343284,201,135,66,0.0454545454545454
"2014-06-17","fieldseth","maxwell","27013320","myriophyllum.sibiricum",0.0148148148148148,1,2.1,0.00995024875621891,201,135,66,0.0303030303030303
"2014-06-17","fieldseth","maxwell","27013320","heteranthera.dubia",0.125925925925926,1.38888888888889,5.4,0.0895522388059701,201,135,66,0.212121212121212
"2014-06-17","fieldseth","maxwell","27013320","typha.spp",0.037037037037037,1,1.5,0.0248756218905473,201,135,66,0.0757575757575758
"2014-06-17","fieldseth","maxwell","27013320","eleocharis.acicularis",0.0148148148148148,1,1.7,0.00995024875621891,201,135,66,0.0303030303030303
"2014-06-17","fieldseth","maxwell","27013320","potamogeton.amplifolius",0.0148148148148148,1,2.2,0.00995024875621891,201,135,66,0.0303030303030303
"2014-06-17","fieldseth","maxwell","27013320","potamogeton.illinoensis",0.0666666666666667,1,2.3,0.0447761194029851,201,135,66,0.136363636363636
"2014-06-17","fieldseth","maxwell","27013320","potamogeton.nodosus",0.0148148148148148,1,1.6,0.00995024875621891,201,135,66,0.0303030303030303
"2014-06-17","fieldseth","maxwell","27013320","potamogeton.praelongus",0.0814814814814815,1.09090909090909,3.5,0.054726368159204,201,135,66,0.106060606060606
"2014-06-17","fieldseth","maxwell","27013320","potamogeton.zosterifomis",0.392592592592593,1.0188679245283,3.9,0.263681592039801,201,135,66,0.545454545454545
"2014-06-17","fieldseth","maxwell","27013320","utricularia.vulgaris",0.037037037037037,1.2,2.6,0.0248756218905473,201,135,66,0.0454545454545454
"2014-06-17","fieldseth","maxwell","27013320","najas.guadalupensis",0.0148148148148148,1,1.8,0.00995024875621891,201,135,66,0.0303030303030303
"2014-06-17","fieldseth","maxwell","27013320","schoenoplectus.acutus",0.0148148148148148,1,1.6,0.00995024875621891,201,135,66,0.0303030303030303
"2014-06-17","fieldseth","maxwell","27013320","potamogeton.friesii",0.17037037037037,1.04347826086957,3.5,0.114427860696517,201,135,66,0.242424242424242
"2014-06-17","fieldseth","maxwell","27013320","potamogeton.gramineus",0.00740740740740741,1,1.4,0.00497512437810945,201,135,66,0.0151515151515152
"2014-06-17","newman","susan","10001300","ceratophyllum.demersum",0.272727272727273,2,4.4,0.226027397260274,146,121,38,0.763157894736842
"2014-06-17","newman","susan","10001300","potamogeton.crispus",0.0909090909090909,1.45454545454545,2,0.0753424657534247,146,121,38,0.236842105263158
"2014-06-17","newman","susan","10001300","myriophyllum.spicatum",0.0165289256198347,1,0.7,0.0136986301369863,146,121,38,0.0526315789473684
"2014-06-17","newman","susan","10001300","najas.flexilis",0.00826446280991736,2,0.4,0.00684931506849315,146,121,38,0.0263157894736842
"2014-06-17","newman","susan","10001300","elodea.canadensis",0.223140495867769,2.37037037037037,4.2,0.184931506849315,146,121,38,0.631578947368421
"2014-06-17","newman","susan","10001300","nymphaea.odorata",0.148760330578512,1.72222222222222,1.1,0.123287671232877,146,121,38,0.473684210526316
"2014-06-17","newman","susan","10001300","stuckenia.pectinata",0.0330578512396694,1,0.6,0.0273972602739726,146,121,38,0.105263157894737
"2014-06-17","newman","susan","10001300","potamogeton.pusillus",0.107438016528926,1.61538461538462,3,0.089041095890411,146,121,38,0.289473684210526
"2014-06-17","newman","susan","10001300","zannichellia.palustris",0.00826446280991736,1,0.3,0.00684931506849315,146,121,38,0.0263157894736842
"2014-06-17","newman","susan","10001300","nelumbo.lutea",0.0826446280991736,1.6,2.6,0.0684931506849315,146,121,38,0.210526315789474
"2014-06-17","newman","susan","10001300","nuphar.variegata",0.0578512396694215,3,1.4,0.0479452054794521,146,121,38,0.184210526315789
"2014-06-17","newman","susan","10001300","potamogeton.illinoensis",0.00826446280991736,2,0.5,0.00684931506849315,146,121,38,0.0263157894736842
"2014-06-18","newman","riley","10000200","ceratophyllum.demersum",0.4375,2.19480519480519,3.4,0.418478260869565,184,176,163,0.47239263803681
"2014-06-18","newman","riley","10000200","potamogeton.crispus",0.198863636363636,2.02857142857143,2.7,0.190217391304348,184,176,163,0.214723926380368
"2014-06-18","newman","riley","10000200","myriophyllum.spicatum",0.375,2.13636363636364,2.4,0.358695652173913,184,176,163,0.404907975460123
"2014-06-18","newman","riley","10000200","najas.flexilis",0.0113636363636364,1,0.7,0.0108695652173913,184,176,163,0.0122699386503067
"2014-06-18","newman","riley","10000200","spirodela.polyrhiza",0.0113636363636364,1,2,0.0108695652173913,184,176,163,0.0122699386503067
"2014-06-18","newman","riley","10000200","elodea.canadensis",0.00568181818181818,2,0.7,0.00543478260869565,184,176,163,0.00613496932515337
"2014-06-18","newman","riley","10000200","nymphaea.odorata",0.0227272727272727,1.5,1.1,0.0217391304347826,184,176,163,0.0245398773006135
"2014-06-18","newman","riley","10000200","chara.spp",0.0113636363636364,1,0.7,0.0108695652173913,184,176,163,0.0122699386503067
"2014-06-18","newman","riley","10000200","stuckenia.pectinata",0.0227272727272727,2.25,0.9,0.0217391304347826,184,176,163,0.0245398773006135
"2014-06-18","newman","riley","10000200","lemna.minor",0.0113636363636364,1,1.4,0.0108695652173913,184,176,163,0.0122699386503067
"2014-06-18","newman","riley","10000200","potamogeton.pusillus",0.0397727272727273,1.42857142857143,2.4,0.0380434782608696,184,176,163,0.0429447852760736
"2014-06-18","newman","riley","10000200","zannichellia.palustris",0.0113636363636364,1.5,0.7,0.0108695652173913,184,176,163,0.0122699386503067
"2014-06-25","newman","staring","27007800","ceratophyllum.demersum",0.0470588235294118,1.25,4,0.0451977401129944,177,170,5,0.2
"2014-06-25","newman","staring","27007800","elodea.canadensis",0.0294117647058824,1.8,2.4,0.0282485875706215,177,170,5,0.2
"2014-06-25","newman","staring","27007800","stuckenia.pectinata",0.0352941176470588,2.16666666666667,1.6,0.0338983050847458,177,170,5,0.4
"2014-06-25","newman","staring","27007800","lemna.minor",0.0235294117647059,1,3.2,0.0225988700564972,177,170,5,0.2
"2014-06-25","newman","staring","27007800","lemna.trisulca",0.0117647058823529,1,1.1,0.0112994350282486,177,170,5,0.2
"2014-06-25","newman","staring","27007800","heteranthera.dubia",0.00588235294117647,1,0.8,0.00564971751412429,177,170,5,0.2
"2014-06-25","newman","staring","27007800","zannichellia.palustris",0.0235294117647059,2,1.5,0.0225988700564972,177,170,5,0.2
"2014-06-27","brasch","silver","62000100","algae.filamentous",0.0099009900990099,1,0.4572,0.00970873786407767,103,101,85,0.0117647058823529
"2014-06-27","brasch","silver","62000100","potamogeton.crispus",0.336633663366337,2.91176470588235,3.44424,0.330097087378641,103,101,85,0.388235294117647
"2014-06-27","brasch","silver","62000100","elodea.canadensis",0.128712871287129,1.15384615384615,2.34696,0.12621359223301,103,101,85,0.152941176470588
"2014-06-27","brasch","silver","62000100","potamogeton.pusillus",0.514851485148515,2.78846153846154,3.47472,0.504854368932039,103,101,85,0.6
"2014-06-27","mccomas","keller","19002500","ceratophyllum.demersum",0.0540540540540541,1,2.1336,0.0540540540540541,37,37,37,0.0540540540540541
"2014-06-27","mccomas","keller","19002500","potamogeton.crispus",0.837837837837838,2.45161290322581,2.4384,0.837837837837838,37,37,37,0.837837837837838
"2014-06-27","mccomas","keller","19002500","elodea.spp",0.027027027027027,1,2.1336,0.027027027027027,37,37,37,0.027027027027027
"2014-07-23","mccomas","keller","19002500","potamogeton.crispus",0.783783783783784,2.06896551724138,2.4384,0.783783783783784,37,37,37,0.783783783783784
"2014-07-23","mccomas","keller","19002500","elodea.spp",0.0540540540540541,1,1.8288,0.0540540540540541,37,37,37,0.0540540540540541
"2014-07-23","mccomas","keller","19002500","nitella.spp",0.0540540540540541,2.5,1.2192,0.0540540540540541,37,37,37,0.0540540540540541
"2014-07-23","mccomas","keller","19002500","potamogeton.narrow",0.108108108108108,1,1.8288,0.108108108108108,37,37,37,0.108108108108108
"2014-07-24","mccomas","round","27007100","algae.filamentous",0.184210526315789,2.42857142857143,2.1336,0.142857142857143,49,38,35,0.2
"2014-07-24","mccomas","round","27007100","ceratophyllum.demersum",0.868421052631579,3,3.048,0.673469387755102,49,38,35,0.914285714285714
"2014-07-24","mccomas","round","27007100","potamogeton.crispus",0.0789473684210526,1.33333333333333,2.4384,0.0612244897959184,49,38,35,0.0857142857142857
"2014-07-24","mccomas","round","27007100","myriophyllum.spicatum",0.157894736842105,1.16666666666667,2.4384,0.122448979591837,49,38,35,0.171428571428571
"2014-07-24","mccomas","round","27007100","nymphaea.odorata",0.315789473684211,1.33333333333333,2.4384,0.244897959183673,49,38,35,0.342857142857143
"2014-07-24","mccomas","round","27007100","chara.spp",0.0789473684210526,1,1.2192,0.0612244897959184,49,38,35,0.0857142857142857
"2014-07-24","mccomas","round","27007100","nuphar.variegata",0.0526315789473684,1,1.524,0.0408163265306122,49,38,35,0.0571428571428571
"2014-07-24","mccomas","round","27007100","potamogeton.illinoensis",0.105263157894737,3,0.9144,0.0816326530612245,49,38,35,0.114285714285714
"2014-07-24","mccomas","round","27007100","potamogeton.natans",0.0526315789473684,1,0.9144,0.0408163265306122,49,38,35,0.0571428571428571
"2014-07-24","mccomas","round","27007100","potamogeton.narrow",0.263157894736842,1.7,1.2192,0.204081632653061,49,38,35,0.285714285714286
"2014-07-24","mccomas","round","27007100","najas.minor",0.236842105263158,2.44444444444444,1.2192,0.183673469387755,49,38,35,0.257142857142857
"2014-07-25","mccomas","longd","19002200","algae.filamentous",0.0408163265306122,1,0.9144,0.0408163265306122,49,49,1,1
"2014-07-25","mccomas","longd","19002200","najas.spp",0.0612244897959184,1,1.2192,0.0612244897959184,49,49,1,1
"2014-07-25","mccomas","longd","19002200","potamogeton.narrow",0.673469387755102,2.48484848484848,1.524,0.673469387755102,49,49,1,1
"2014-08-05","newman","staring","27007800","ceratophyllum.demersum",0.0393258426966292,1.14285714285714,1.1,0.0393258426966292,178,178,38,0.131578947368421
"2014-08-05","newman","staring","27007800","potamogeton.crispus",0.0112359550561798,1,0.5,0.0112359550561798,178,178,38,0.0526315789473684
"2014-08-05","newman","staring","27007800","najas.flexilis",0.00561797752808989,1,0.4,0.00561797752808989,178,178,38,0.0263157894736842
"2014-08-05","newman","staring","27007800","spirodela.polyrhiza",0.0112359550561798,1,1.1,0.0112359550561798,178,178,38,0.0263157894736842
"2014-08-05","newman","staring","27007800","elodea.canadensis",0.0449438202247191,1.625,0.9,0.0449438202247191,178,178,38,0.210526315789474
"2014-08-05","newman","staring","27007800","nymphaea.odorata",0.0449438202247191,1.25,1.3,0.0449438202247191,178,178,38,0.157894736842105
"2014-08-05","newman","staring","27007800","stuckenia.pectinata",0.0224719101123595,2.25,0.8,0.0224719101123595,178,178,38,0.105263157894737
"2014-08-05","newman","staring","27007800","lemna.trisulca",0.00561797752808989,1,0.3,0.00561797752808989,178,178,38,0.0263157894736842
"2014-08-05","newman","staring","27007800","potamogeton.pusillus",0.00561797752808989,1,0.3,0.00561797752808989,178,178,38,0.0263157894736842
"2014-08-05","newman","staring","27007800","nuphar.variegata",0.0674157303370786,2.33333333333333,1.3,0.0674157303370786,178,178,38,0.236842105263158
"2014-08-05","newman","staring","27007800","potamogeton.nodosus",0.0112359550561798,1,0.5,0.0112359550561798,178,178,38,0.0526315789473684
"2014-08-05","newman","staring","27007800","utricularia.vulgaris",0.00561797752808989,1,0.5,0.00561797752808989,178,178,38,0.0263157894736842
"2014-08-05","newman","staring","27007800","najas.guadalupensis",0.0280898876404494,2.6,0.5,0.0280898876404494,178,178,38,0.131578947368421
"2014-08-06","newman","susan","10001300","ceratophyllum.demersum",0.26056338028169,2.27027027027027,2.3,0.256944444444444,144,142,43,0.837209302325581
"2014-08-06","newman","susan","10001300","potamogeton.crispus",0.0211267605633803,1.33333333333333,1,0.0208333333333333,144,142,43,0.0697674418604651
"2014-08-06","newman","susan","10001300","myriophyllum.spicatum",0.0352112676056338,1,1.2,0.0347222222222222,144,142,43,0.116279069767442
"2014-08-06","newman","susan","10001300","najas.flexilis",0.0774647887323944,1.45454545454545,1.2,0.0763888888888889,144,142,43,0.255813953488372
"2014-08-06","newman","susan","10001300","vallisneria.americana",0.00704225352112676,1,0.3,0.00694444444444444,144,142,43,0.0232558139534884
"2014-08-06","newman","susan","10001300","spirodela.polyrhiza",0.0211267605633803,1,0.4,0.0208333333333333,144,142,43,0.0697674418604651
"2014-08-06","newman","susan","10001300","elodea.canadensis",0.211267605633803,2.56666666666667,1.7,0.208333333333333,144,142,43,0.697674418604651
"2014-08-06","newman","susan","10001300","nymphaea.odorata",0.126760563380282,2.11111111111111,0.6,0.125,144,142,43,0.418604651162791
"2014-08-06","newman","susan","10001300","stuckenia.pectinata",0.0422535211267606,1.66666666666667,1.2,0.0416666666666667,144,142,43,0.13953488372093
"2014-08-06","newman","susan","10001300","lemna.trisulca",0.00704225352112676,1,0.8,0.00694444444444444,144,142,43,0.0232558139534884
"2014-08-06","newman","susan","10001300","potamogeton.pusillus",0.0492957746478873,1.28571428571429,0.8,0.0486111111111111,144,142,43,0.162790697674419
"2014-08-06","newman","susan","10001300","heteranthera.dubia",0.0140845070422535,1,0.4,0.0138888888888889,144,142,43,0.0465116279069767
"2014-08-06","newman","susan","10001300","nelumbo.lutea",0.126760563380282,2.11111111111111,2.5,0.125,144,142,43,0.395348837209302
"2014-08-06","newman","susan","10001300","nuphar.variegata",0.0422535211267606,3.33333333333333,2.9,0.0416666666666667,144,142,43,0.116279069767442
"2014-08-08","newman","mitchell","27007000","ceratophyllum.demersum",0.686813186813187,3.248,3.1,0.668449197860963,187,182,138,0.804347826086957
"2014-08-08","newman","mitchell","27007000","potamogeton.crispus",0.00549450549450549,1,1.2,0.0053475935828877,187,182,138,0.0072463768115942
"2014-08-08","newman","mitchell","27007000","myriophyllum.spicatum",0.010989010989011,1.5,1.2,0.0106951871657754,187,182,138,0.0144927536231884
"2014-08-08","newman","mitchell","27007000","spirodela.polyrhiza",0.054945054945055,1,2.7,0.053475935828877,187,182,138,0.072463768115942
"2014-08-08","newman","mitchell","27007000","elodea.canadensis",0.0164835164835165,1.33333333333333,1.4,0.0160427807486631,187,182,138,0.0217391304347826
"2014-08-08","newman","mitchell","27007000","nymphaea.odorata",0.230769230769231,1.38095238095238,2.5,0.224598930481283,187,182,138,0.304347826086957
"2014-08-08","newman","mitchell","27007000","stuckenia.pectinata",0.043956043956044,2,2,0.0427807486631016,187,182,138,0.0579710144927536
"2014-08-08","newman","mitchell","27007000","lemna.minor",0.00549450549450549,1,1.2,0.0053475935828877,187,182,138,0.0072463768115942
"2014-08-08","newman","mitchell","27007000","lemna.trisulca",0.362637362637363,1.09090909090909,3.6,0.352941176470588,187,182,138,0.463768115942029
"2014-08-08","newman","mitchell","27007000","ranunculus.aquatilis",0.0164835164835165,1,1.5,0.0160427807486631,187,182,138,0.0217391304347826
"2014-08-08","newman","mitchell","27007000","myriophyllum.sibiricum",0.208791208791209,2.42105263157895,2.3,0.203208556149733,187,182,138,0.27536231884058
"2014-08-08","newman","mitchell","27007000","potamogeton.pusillus",0.0769230769230769,1.42857142857143,2.1,0.0748663101604278,187,182,138,0.101449275362319
"2014-08-08","newman","mitchell","27007000","heteranthera.dubia",0.0769230769230769,2.07142857142857,2.1,0.0748663101604278,187,182,138,0.101449275362319
"2014-08-08","newman","mitchell","27007000","nelumbo.lutea",0.00549450549450549,3,1,0.0053475935828877,187,182,138,0.0072463768115942
"2014-08-08","newman","mitchell","27007000","potamogeton.zosterifomis",0.203296703296703,2.32432432432432,2.5,0.197860962566845,187,182,138,0.268115942028986
"2014-08-12","newman","riley","10000200","ceratophyllum.demersum",0.452513966480447,2.35802469135802,3.8,0.437837837837838,185,179,168,0.482142857142857
"2014-08-12","newman","riley","10000200","potamogeton.crispus",0.0279329608938547,1.4,1.7,0.027027027027027,185,179,168,0.0297619047619048
"2014-08-12","newman","riley","10000200","myriophyllum.spicatum",0.407821229050279,2.28767123287671,3.1,0.394594594594595,185,179,168,0.43452380952381
"2014-08-12","newman","riley","10000200","najas.flexilis",0.0446927374301676,2.625,0.5,0.0432432432432432,185,179,168,0.0476190476190476
"2014-08-12","newman","riley","10000200","elodea.canadensis",0.0391061452513966,1.28571428571429,2.4,0.0378378378378378,185,179,168,0.0416666666666667
"2014-08-12","newman","riley","10000200","nymphaea.odorata",0.0223463687150838,2.25,0.8,0.0216216216216216,185,179,168,0.0238095238095238
"2014-08-12","newman","riley","10000200","chara.spp",0.0167597765363128,1.33333333333333,1.4,0.0162162162162162,185,179,168,0.0178571428571429
"2014-08-12","newman","riley","10000200","stuckenia.pectinata",0.0614525139664804,1.63636363636364,0.6,0.0594594594594595,185,179,168,0.0654761904761905
"2014-08-12","newman","riley","10000200","potamogeton.pusillus",0.100558659217877,1.38888888888889,3.6,0.0972972972972973,185,179,168,0.107142857142857
"2014-08-13","fieldseth","maxwell","27013320","ceratophyllum.demersum",0.586206896551724,2.3953488372093,4.6,0.441025641025641,195,145,81,0.740740740740741
"2014-08-13","fieldseth","maxwell","27013320","potamogeton.crispus",0.0344827586206897,1,2.7,0.0256410256410256,195,145,81,0.037037037037037
"2014-08-13","fieldseth","maxwell","27013320","myriophyllum.spicatum",0.393103448275862,1.10344827586207,4.6,0.297435897435897,195,145,81,0.530864197530864
"2014-08-13","fieldseth","maxwell","27013320","potamogeton.foliosus",0.0275862068965517,1,1.8,0.0205128205128205,195,145,81,0.0493827160493827
"2014-08-13","fieldseth","maxwell","27013320","najas.flexilis",0.0482758620689655,1,3.9,0.0358974358974359,195,145,81,0.0617283950617284
"2014-08-13","fieldseth","maxwell","27013320","vallisneria.americana",0.241379310344828,1.08571428571429,2.6,0.179487179487179,195,145,81,0.37037037037037
"2014-08-13","fieldseth","maxwell","27013320","potamogeton.richardsonii",0.206896551724138,1,2.6,0.153846153846154,195,145,81,0.333333333333333
"2014-08-13","fieldseth","maxwell","27013320","elodea.canadensis",0.0137931034482759,1,1.9,0.0102564102564103,195,145,81,0.0246913580246914
"2014-08-13","fieldseth","maxwell","27013320","nymphaea.odorata",0.0620689655172414,1,1.4,0.0461538461538462,195,145,81,0.111111111111111
"2014-08-13","fieldseth","maxwell","27013320","chara.spp",0.0344827586206897,1.6,2.4,0.0256410256410256,195,145,81,0.0493827160493827
"2014-08-13","fieldseth","maxwell","27013320","stuckenia.pectinata",0.0551724137931034,1,2.3,0.041025641025641,195,145,81,0.0987654320987654
"2014-08-13","fieldseth","maxwell","27013320","lemna.minor",0.00689655172413793,1,0.9,0.00512820512820513,195,145,81,0.0123456790123457
"2014-08-13","fieldseth","maxwell","27013320","lemna.trisulca",0.0551724137931034,1,2.4,0.041025641025641,195,145,81,0.0864197530864198
"2014-08-13","fieldseth","maxwell","27013320","myriophyllum.sibiricum",0.00689655172413793,1,0.8,0.00512820512820513,195,145,81,0.0123456790123457
"2014-08-13","fieldseth","maxwell","27013320","potamogeton.pusillus",0.0620689655172414,1,2.4,0.0461538461538462,195,145,81,0.0864197530864198
"2014-08-13","fieldseth","maxwell","27013320","heteranthera.dubia",0.241379310344828,1.37142857142857,3.2,0.179487179487179,195,145,81,0.382716049382716
"2014-08-13","fieldseth","maxwell","27013320","potamogeton.amplifolius",0.0275862068965517,1,1.8,0.0205128205128205,195,145,81,0.0493827160493827
"2014-08-13","fieldseth","maxwell","27013320","potamogeton.illinoensis",0.0275862068965517,1,1.7,0.0205128205128205,195,145,81,0.0493827160493827
"2014-08-13","fieldseth","maxwell","27013320","potamogeton.nodosus",0.0413793103448276,1,1.6,0.0307692307692308,195,145,81,0.0740740740740741
"2014-08-13","fieldseth","maxwell","27013320","potamogeton.praelongus",0.0206896551724138,1,2.3,0.0153846153846154,195,145,81,0.037037037037037
"2014-08-13","fieldseth","maxwell","27013320","potamogeton.zosterifomis",0.379310344827586,1.27272727272727,3.6,0.282051282051282,195,145,81,0.555555555555556
"2014-08-13","fieldseth","maxwell","27013320","utricularia.vulgaris",0.0275862068965517,1,2.2,0.0205128205128205,195,145,81,0.0493827160493827
"2014-08-13","fieldseth","maxwell","27013320","bidens.beckii",0.0137931034482759,1,1.2,0.0102564102564103,195,145,81,0.0246913580246914
"2014-08-13","fieldseth","maxwell","27013320","najas.guadalupensis",0.0275862068965517,1.25,1.9,0.0205128205128205,195,145,81,0.0493827160493827
"2014-08-13","fieldseth","maxwell","27013320","schoenoplectus.acutus",0.0137931034482759,1,1.2,0.0102564102564103,195,145,81,0.0246913580246914
"2014-08-13","fieldseth","maxwell","27013320","potamogeton.friesii",0.0206896551724138,1,1.4,0.0153846153846154,195,145,81,0.037037037037037
"2014-08-13","fieldseth","maxwell","27013320","potamogeton.gramineus",0.0896551724137931,1.07692307692308,2.6,0.0666666666666667,195,145,81,0.148148148148148
"2014-08-13","fieldseth","stubbs","27013329","ceratophyllum.demersum",0.0285714285714286,1.33333333333333,0.9,0.0227272727272727,132,105,16,0.1875
"2014-08-13","fieldseth","stubbs","27013329","myriophyllum.spicatum",0.171428571428571,1.05555555555556,1.7,0.136363636363636,132,105,16,0.5
"2014-08-13","fieldseth","stubbs","27013329","stuckenia.pectinata",0.0857142857142857,1.11111111111111,1.4,0.0681818181818182,132,105,16,0.3125
"2014-08-13","fieldseth","stubbs","27013329","lemna.minor",0.019047619047619,1,1.4,0.0151515151515152,132,105,16,0.0625
"2014-08-13","fieldseth","stubbs","27013329","heteranthera.dubia",0.019047619047619,1,0.6,0.0151515151515152,132,105,16,0.125
"2014-08-13","fieldseth","stubbs","27013329","potamogeton.zosterifomis",0.019047619047619,1,1.4,0.0151515151515152,132,105,16,0.0625
"2014-08-21","brasch","hyland","27004800","algae.filamentous",0.185483870967742,2.8695652173913,1.8,0.185483870967742,124,124,44,0.477272727272727
"2014-08-21","brasch","hyland","27004800","ceratophyllum.demersum",0.0241935483870968,1,2.5,0.0241935483870968,124,124,44,0.0227272727272727
"2014-08-21","brasch","hyland","27004800","elodea.canadensis",0.524193548387097,3.69230769230769,2.8,0.524193548387097,124,124,44,0.954545454545455
"2014-08-25","mccomas","reshanau","02000900","ceratophyllum.demersum",0.0888888888888889,1,1.2192,0.0888888888888889,45,45,4,0.5
"2014-08-25","mccomas","reshanau","02000900","nymphaea.odorata",0.177777777777778,2,1.8288,0.177777777777778,45,45,4,0.25
"2014-08-25","mccomas","reshanau","02000900","stuckenia.pectinata",0.0222222222222222,1,0.9144,0.0222222222222222,45,45,4,0.25
"2014-08-25","mccomas","reshanau","02000900","najas.spp",0.0222222222222222,1,0.9144,0.0222222222222222,45,45,4,0.25
"2014-08-25","mccomas","reshanau","02000900","myriophyllum.sibiricum",0.0444444444444444,1,0.9144,0.0444444444444444,45,45,4,0.5
"2014-08-25","mccomas","reshanau","02000900","elodea.spp",0.0444444444444444,1,0.9144,0.0444444444444444,45,45,4,0.5
"2014-08-25","mccomas","reshanau","02000900","nuphar.variegata",0.0666666666666667,2.33333333333333,1.524,0.0666666666666667,45,45,4,0.25
"2014-08-25","mccomas","reshanau","02000900","potamogeton.illinoensis",0.0444444444444444,2,0.9144,0.0444444444444444,45,45,4,0.5
"2014-08-26","mccomas","gleason","27009500","ceratophyllum.demersum",0.508064516129032,2.6031746031746,2.4384,0.504,125,124,104,0.605769230769231
"2014-08-26","mccomas","gleason","27009500","nymphaea.odorata",0.153225806451613,2.57894736842105,1.8288,0.152,125,124,104,0.182692307692308
"2014-08-26","mccomas","gleason","27009500","elodea.spp",0.0161290322580645,1,1.8288,0.016,125,124,104,0.0192307692307692
"2014-08-26","mccomas","gleason","27009500","wolffia.spp",0.387096774193548,2.91666666666667,2.1336,0.384,125,124,104,0.461538461538462
"2014-08-26","mccomas","gleason","27009500","lemnaceae",0.387096774193548,2.9375,2.1336,0.384,125,124,104,0.461538461538462
"2014-08-27","brasch","sarahe","27019102","algae.filamentous",0.178082191780822,1.46153846153846,1.4,0.173333333333333,75,73,51,0.254901960784314
"2014-08-27","brasch","sarahe","27019102","ceratophyllum.demersum",0.493150684931507,3.55555555555556,2.6,0.48,75,73,51,0.686274509803922
"2014-08-27","brasch","sarahe","27019102","potamogeton.crispus",0.0410958904109589,1,1.1,0.04,75,73,51,0.0588235294117647
"2014-08-27","brasch","sarahe","27019102","myriophyllum.spicatum",0.219178082191781,1.875,1.4,0.213333333333333,75,73,51,0.313725490196078
"2014-08-27","brasch","sarahe","27019102","najas.flexilis",0.0136986301369863,1,0.6,0.0133333333333333,75,73,51,0.0196078431372549
"2014-08-27","brasch","sarahe","27019102","vallisneria.americana",0.0410958904109589,1.66666666666667,1.2,0.04,75,73,51,0.0588235294117647
"2014-08-27","brasch","sarahe","27019102","spirodela.polyrhiza",0.0547945205479452,1.25,0.7,0.0533333333333333,75,73,51,0.0784313725490196
"2014-08-27","brasch","sarahe","27019102","nymphaea.odorata",0.10958904109589,2.875,1.1,0.106666666666667,75,73,51,0.156862745098039
"2014-08-27","brasch","sarahe","27019102","stuckenia.pectinata",0.0684931506849315,2,1,0.0666666666666667,75,73,51,0.0980392156862745
"2014-08-27","brasch","sarahe","27019102","lemna.trisulca",0.287671232876712,1.28571428571429,2.1,0.28,75,73,51,0.392156862745098
"2014-08-27","brasch","sarahe","27019102","potamogeton.zosteriformis",0.0136986301369863,1,0.6,0.0133333333333333,75,73,51,0.0196078431372549
"2014-08-27","brasch","sarahe","27019102","myriophyllum.sibiricum",0.0273972602739726,1,0.5,0.0266666666666667,75,73,51,0.0392156862745098
"2014-08-27","brasch","sarahe","27019102","wolffia.columbiana",0.0136986301369863,1,1.4,0.0133333333333333,75,73,51,0.0196078431372549
"2014-08-28","brasch","rebecca","27019200","algae.filamentous",0.098159509202454,1.58823529411765,5.3,0.0890052356020942,191,163,128,0.125
"2014-08-28","brasch","rebecca","27019200","ceratophyllum.demersum",0.331288343558282,2.54545454545455,5.3,0.287958115183246,191,163,128,0.421875
"2014-08-28","brasch","rebecca","27019200","myriophyllum.spicatum",0.104294478527607,1.23529411764706,2.6,0.0890052356020942,191,163,128,0.1328125
"2014-08-28","brasch","rebecca","27019200","nymphaea.odorata",0.0736196319018405,1.83333333333333,1.9,0.06282722513089,191,163,128,0.09375
"2014-08-28","brasch","rebecca","27019200","chara.spp",0.0674846625766871,3.63636363636364,2.5,0.0575916230366492,191,163,128,0.0859375
"2014-08-28","brasch","rebecca","27019200","nuphar.variegata",0.0184049079754601,2.66666666666667,1.9,0.0157068062827225,191,163,128,0.0234375
"2014-08-28","brasch","sarahw","27019101","algae.filamentous",0.336363636363636,2.45945945945946,4.2,0.308333333333333,120,110,65,0.523076923076923
"2014-08-28","brasch","sarahw","27019101","ceratophyllum.demersum",0.418181818181818,3.19565217391304,1.7,0.383333333333333,120,110,65,0.707692307692308
"2014-08-28","brasch","sarahw","27019101","potamogeton.crispus",0.0272727272727273,1.33333333333333,1.6,0.025,120,110,65,0.0461538461538462
"2014-08-28","brasch","sarahw","27019101","myriophyllum.spicatum",0.145454545454545,1.625,1.1,0.133333333333333,120,110,65,0.246153846153846
"2014-08-28","brasch","sarahw","27019101","vallisneria.americana",0.0454545454545455,1.6,0.9,0.0416666666666667,120,110,65,0.0769230769230769
"2014-08-28","brasch","sarahw","27019101","spirodela.polyrhiza",0.00909090909090909,1,0.6,0.00833333333333333,120,110,65,0.0153846153846154
"2014-08-28","brasch","sarahw","27019101","elodea.canadensis",0.0545454545454545,2.66666666666667,1.2,0.05,120,110,65,0.0923076923076923
"2014-08-28","brasch","sarahw","27019101","nymphaea.odorata",0.136363636363636,1.93333333333333,1.3,0.125,120,110,65,0.230769230769231
"2014-08-28","brasch","sarahw","27019101","stuckenia.pectinata",0.118181818181818,1.84615384615385,1.1,0.108333333333333,120,110,65,0.2
"2014-08-28","brasch","sarahw","27019101","lemna.trisulca",0.172727272727273,1.26315789473684,1.1,0.158333333333333,120,110,65,0.292307692307692
"2014-08-28","mccomas","clearw","82016300","ceratophyllum.demersum",0.148148148148148,2.5,2.4384,0.141843971631206,141,135,136,0.147058823529412
"2014-08-28","mccomas","clearw","82016300","myriophyllum.spicatum",0.0666666666666667,1.44444444444444,2.1336,0.0638297872340425,141,135,136,0.0661764705882353
"2014-08-28","mccomas","clearw","82016300","nymphaea.odorata",0.0444444444444444,2,1.524,0.0425531914893617,141,135,136,0.0441176470588235
"2014-08-28","mccomas","clearw","82016300","stuckenia.pectinata",0.0666666666666667,1.22222222222222,1.8288,0.0638297872340425,141,135,136,0.0661764705882353
"2014-08-28","mccomas","clearw","82016300","najas.spp",0.0888888888888889,1.33333333333333,2.1336,0.0851063829787234,141,135,136,0.0882352941176471
"2014-08-28","mccomas","clearw","82016300","potamogeton.zosteriformis",0.00740740740740741,1,1.2192,0.00709219858156028,141,135,136,0.00735294117647059
"2014-08-28","mccomas","clearw","82016300","myriophyllum.sibiricum",0.00740740740740741,1,0.9144,0.00709219858156028,141,135,136,0.00735294117647059
"2014-08-28","mccomas","clearw","82016300","heteranthera.dubia",0.00740740740740741,1,0.9144,0.00709219858156028,141,135,136,0.00735294117647059
"2014-08-28","mccomas","clearw","82016300","nuphar.variegata",0.0592592592592593,2.625,1.524,0.0567375886524823,141,135,136,0.0588235294117647
"2014-08-28","mccomas","clearw","82016300","potamogeton.natans",0.140740740740741,1.78947368421053,1.8288,0.134751773049645,141,135,136,0.139705882352941
"2014-08-28","mccomas","clearw","82016300","potamogeton.narrow",0.00740740740740741,1,0.9144,0.00709219858156028,141,135,136,0.00735294117647059
"2014-08-28","mccomas","clearw","82016300","scirpus.spp",0.00740740740740741,1,0.9144,0.00709219858156028,141,135,136,0.00735294117647059
"2014-09-05","brasch","cleary","70002200","algae.filamentous",0.0191082802547771,1,0.48768,0.0191082802547771,157,157,157,0.0191082802547771
"2014-09-05","brasch","cleary","70002200","ceratophyllum.demersum",0.598726114649682,3.37234042553191,0.9144,0.598726114649682,157,157,157,0.598726114649682
"2014-09-05","brasch","cleary","70002200","potamogeton.crispus",0.0764331210191083,1.41666666666667,0.9144,0.0764331210191083,157,157,157,0.0764331210191083
"2014-09-05","brasch","cleary","70002200","najas.flexilis",0.0382165605095541,1.66666666666667,0.70104,0.0382165605095541,157,157,157,0.0382165605095541
"2014-09-05","brasch","cleary","70002200","spirodela.polyrhiza",0.0636942675159236,1.2,0.42672,0.0636942675159236,157,157,157,0.0636942675159236
"2014-09-05","brasch","cleary","70002200","elodea.canadensis",0.191082802547771,1.73333333333333,0.88392,0.191082802547771,157,157,157,0.191082802547771
"2014-09-05","brasch","cleary","70002200","nymphaea.odorata",0.0445859872611465,1.14285714285714,0.73152,0.0445859872611465,157,157,157,0.0445859872611465
"2014-09-05","brasch","cleary","70002200","stuckenia.pectinata",0.0573248407643312,1.33333333333333,0.4572,0.0573248407643312,157,157,157,0.0573248407643312
"2014-09-05","brasch","cleary","70002200","lemna.minor",0.0573248407643312,1.22222222222222,0.21336,0.0573248407643312,157,157,157,0.0573248407643312
"2014-09-05","brasch","cleary","70002200","lemna.trisulca",0.356687898089172,1.85714285714286,0.73152,0.356687898089172,157,157,157,0.356687898089172
"2014-09-05","brasch","cleary","70002200","potamogeton.zosteriformis",0.140127388535032,1.36363636363636,0.70104,0.140127388535032,157,157,157,0.140127388535032
"2014-09-05","brasch","cleary","70002200","potamogeton.pusillus",0.0318471337579618,1.2,0.73152,0.0318471337579618,157,157,157,0.0318471337579618
"2014-09-05","brasch","cleary","70002200","wolffia.columbiana",0.0636942675159236,2.7,0.21336,0.0636942675159236,157,157,157,0.0636942675159236
"2014-09-05","brasch","cleary","70002200","nitella.spp",0.0127388535031847,1,0.4572,0.0127388535031847,157,157,157,0.0127388535031847
"2014-09-05","brasch","cleary","70002200","nelumbo.lutea",0.00636942675159236,5,0.12192,0.00636942675159236,157,157,157,0.00636942675159236
"2014-09-09","sblood","kohlman","62000600","ceratophyllum.demersum",0.825688073394495,2.61111111111111,2.7432,0.825688073394495,109,109,109,0.825688073394495
"2014-09-09","sblood","kohlman","62000600","potamogeton.crispus",0.018348623853211,1,1.536192,0.018348623853211,109,109,109,0.018348623853211
"2014-09-09","sblood","kohlman","62000600","najas.flexilis",0.201834862385321,2,2.7432,0.201834862385321,109,109,109,0.201834862385321
"2014-09-09","sblood","kohlman","62000600","spirodela.polyrhiza",0.0275229357798165,1,1.03632,0.0275229357798165,109,109,109,0.0275229357798165
"2014-09-09","sblood","kohlman","62000600","elodea.canadensis",0.293577981651376,1.59375,2.1336,0.293577981651376,109,109,109,0.293577981651376
"2014-09-09","sblood","kohlman","62000600","nymphaea.odorata",0.165137614678899,3.38888888888889,1.34112,0.165137614678899,109,109,109,0.165137614678899
"2014-09-09","sblood","kohlman","62000600","stuckenia.pectinata",0.036697247706422,1.75,2.1336,0.036697247706422,109,109,109,0.036697247706422
"2014-09-09","sblood","kohlman","62000600","lemna.minor",0.155963302752294,1.11764705882353,2.04216,0.155963302752294,109,109,109,0.155963302752294
"2014-09-09","sblood","kohlman","62000600","potamogeton.zosteriformis",0.0275229357798165,1.33333333333333,1.2192,0.0275229357798165,109,109,109,0.0275229357798165
"2014-09-09","sblood","kohlman","62000600","potamogeton.pusillus",0.055045871559633,1.33333333333333,2.023872,0.055045871559633,109,109,109,0.055045871559633
"2014-09-09","sblood","kohlman","62000600","heteranthera.dubia",0.018348623853211,1,1.847088,0.018348623853211,109,109,109,0.018348623853211
"2014-09-09","sblood","kohlman","62000600","wolffia.columbiana",0.201834862385321,1.36363636363636,1.43256,0.201834862385321,109,109,109,0.201834862385321
"2014-09-09","sblood","kohlman","62000600","algae",0.706422018348624,2.96103896103896,2.7432,0.706422018348624,109,109,109,0.706422018348624
"2015-04-23","mccomas","reshanau","02000900","ceratophyllum.demersum",0.0454545454545455,1,0.9144,0.0454545454545455,44,44,3,0.666666666666667
"2015-04-28","newman","mitchell","27007000","ceratophyllum.demersum",0.640883977900553,2.0948275862069,4.4,0.604166666666667,192,181,141,0.74468085106383
"2015-04-28","newman","mitchell","27007000","potamogeton.crispus",0.734806629834254,1.3984962406015,4.4,0.692708333333333,192,181,141,0.680851063829787
"2015-04-28","newman","mitchell","27007000","myriophyllum.spicatum",0.0220994475138122,1,2.1,0.0208333333333333,192,181,141,0.0283687943262411
"2015-04-28","newman","mitchell","27007000","potamogeton.foliosus",0.0607734806629834,1,2.1,0.0572916666666667,192,181,141,0.0780141843971631
"2015-04-28","newman","mitchell","27007000","lemna.trisulca",0.541436464088398,1.19387755102041,3.6,0.510416666666667,192,181,141,0.659574468085106
"2015-04-28","newman","mitchell","27007000","ranunculus.aquatilis",0.0718232044198895,1,2.5,0.0677083333333333,192,181,141,0.0921985815602837
"2015-04-28","newman","mitchell","27007000","myriophyllum.sibiricum",0.165745856353591,1,3.2,0.15625,192,181,141,0.205673758865248
"2015-04-28","newman","mitchell","27007000","heteranthera.dubia",0.0497237569060773,1.33333333333333,4.4,0.046875,192,181,141,0.0567375886524823
"2015-04-28","newman","mitchell","27007000","nitella.spp",0.0110497237569061,2.5,1,0.0104166666666667,192,181,141,0.0141843971631206
"2015-04-28","newman","mitchell","27007000","zannichellia.palustris",0.00552486187845304,1,1,0.00520833333333333,192,181,141,0.00709219858156028
"2015-04-28","newman","mitchell","27007000","potamogeton.zosterifomis",0.0773480662983425,1,2.5,0.0729166666666667,192,181,141,0.099290780141844
"2015-04-29","newman","riley","10000200","ceratophyllum.demersum",0.502762430939227,1.93406593406593,3.9,0.486631016042781,187,181,167,0.544910179640719
"2015-04-29","newman","riley","10000200","potamogeton.crispus",0.248618784530387,1.11111111111111,4.2,0.240641711229947,187,181,167,0.263473053892216
"2015-04-29","newman","riley","10000200","myriophyllum.spicatum",0.464088397790055,1.1547619047619,4.2,0.449197860962567,187,181,167,0.497005988023952
"2015-04-29","newman","riley","10000200","potamogeton.foliosus",0.0165745856353591,1,0.9,0.0160427807486631,187,181,167,0.0179640718562874
"2015-04-29","newman","riley","10000200","elodea.canadensis",0.0497237569060773,1,3.2,0.0481283422459893,187,181,167,0.0538922155688623
"2015-04-29","newman","riley","10000200","chara.spp",0.0220994475138122,1.25,2.3,0.0213903743315508,187,181,167,0.0239520958083832
"2015-04-29","newman","riley","10000200","najas.guadalupensis",0.00552486187845304,1,0.8,0.0053475935828877,187,181,167,0.00598802395209581
"2015-05-05","newman","susan","10001300","ceratophyllum.demersum",0.297029702970297,1.6,1.9,0.205479452054795,146,101,38,0.763157894736842
"2015-05-05","newman","susan","10001300","potamogeton.crispus",0.217821782178218,1.27272727272727,2.5,0.150684931506849,146,101,38,0.447368421052632
"2015-05-05","newman","susan","10001300","myriophyllum.spicatum",0.0297029702970297,1,1.4,0.0205479452054795,146,101,38,0.0789473684210526
"2015-05-05","newman","susan","10001300","potamogeton.foliosus",0.0792079207920792,1,1.2,0.0547945205479452,146,101,38,0.210526315789474
"2015-05-05","newman","susan","10001300","elodea.canadensis",0.306930693069307,1.06451612903226,2.7,0.212328767123288,146,101,38,0.710526315789474
"2015-05-05","newman","susan","10001300","stuckenia.pectinata",0.0297029702970297,1,0.5,0.0205479452054795,146,101,38,0.0789473684210526
"2015-05-05","newman","susan","10001300","heteranthera.dubia",0.0099009900990099,1,0.3,0.00684931506849315,146,101,38,0.0263157894736842
"2015-05-05","newman","susan","10001300","zannichellia.palustris",0.0297029702970297,1,0.6,0.0205479452054795,146,101,38,0.0789473684210526
"2015-05-05","newman","susan","10001300","nelumbo.lutea",0.0396039603960396,1,1.2,0.0273972602739726,146,101,38,0.105263157894737
"2015-05-05","newman","susan","10001300","nuphar.variegata",0.0495049504950495,1,1.4,0.0342465753424658,146,101,38,0.131578947368421
"2015-05-06","brasch","hyland","27004800","potamogeton.crispus",0.461538461538462,1.12962962962963,2.5,0.461538461538462,117,117,60,0.683333333333333
"2015-05-12","mccomas","keller","19002500","elodea.spp",0.027027027027027,1,1.524,0.027027027027027,37,37,37,0.027027027027027
"2015-05-19","mccomas","longd","19002200","potamogeton.narrow",0.448979591836735,1.90909090909091,1.2192,0.448979591836735,49,49,1,1
"2015-05-21","crwd","loeb","62023100","algae.filamentous",0.375,1.33333333333333,1.8288,0.375,8,8,8,0.375
"2015-05-21","crwd","loeb","62023100","ceratophyllum.demersum",1,2.75,4.572,1,8,8,8,1
"2015-05-21","crwd","loeb","62023100","potamogeton.crispus",0.25,1,0.6096,0.25,8,8,8,0.25
"2015-05-21","crwd","loeb","62023100","myriophyllum.spicatum",0.5,1.5,2.1336,0.5,8,8,8,0.5
"2015-05-21","crwd","loeb","62023100","potamogeton.foliosus",0.25,1,1.8288,0.25,8,8,8,0.25
"2015-05-21","crwd","loeb","62023100","najas.flexilis",0.375,1.33333333333333,1.8288,0.375,8,8,8,0.375
"2015-05-21","crwd","loeb","62023100","vallisneria.americana",0.375,1,2.1336,0.375,8,8,8,0.375
"2015-05-21","crwd","loeb","62023100","lemna.trisulca",0.125,1,0.6096,0.125,8,8,8,0.125
"2015-05-21","newman","staring","27007800","ceratophyllum.demersum",0.0280898876404494,1.2,2.2,0.0280898876404494,178,178,37,0.0810810810810811
"2015-05-21","newman","staring","27007800","potamogeton.crispus",0.280898876404494,2.86,2.6,0.280898876404494,178,178,37,0.594594594594595
"2015-05-21","newman","staring","27007800","elodea.canadensis",0.101123595505618,1.55555555555556,2.2,0.101123595505618,178,178,37,0.243243243243243
"2015-05-21","newman","staring","27007800","nymphaea.odorata",0.00561797752808989,1,0.5,0.00561797752808989,178,178,37,0.027027027027027
"2015-05-21","newman","staring","27007800","chara.spp",0.0224719101123595,3,1.4,0.0224719101123595,178,178,37,0.0810810810810811
"2015-05-21","newman","staring","27007800","stuckenia.pectinata",0.101123595505618,1.38888888888889,2.3,0.101123595505618,178,178,37,0.351351351351351
"2015-05-21","newman","staring","27007800","potamogeton.pusillus",0.0337078651685393,1,1.5,0.0337078651685393,178,178,37,0.135135135135135
"2015-05-21","newman","staring","27007800","nuphar.variegata",0.0393258426966292,1.28571428571429,2.7,0.0393258426966292,178,178,37,0.135135135135135
"2015-05-22","crwd","mccarrons","62005400","algae.filamentous",0.708333333333333,1.55555555555556,5.1816,0.3,60,24,32,0.5625
"2015-05-22","crwd","mccarrons","62005400","ceratophyllum.demersum",0.25,2,3.048,0.1,60,24,32,0.1875
"2015-05-22","crwd","mccarrons","62005400","potamogeton.crispus",0.208333333333333,1,3.048,0.0833333333333333,60,24,32,0.15625
"2015-05-22","crwd","mccarrons","62005400","myriophyllum.spicatum",0.708333333333333,1.33333333333333,5.1816,0.3,60,24,32,0.5625
"2015-05-22","crwd","mccarrons","62005400","najas.flexilis",0.0833333333333333,1,0.57912,0.0333333333333333,60,24,32,0.0625
"2015-05-22","crwd","mccarrons","62005400","vallisneria.americana",0.0416666666666667,1,0.39624,0.0166666666666667,60,24,32,0.03125
"2015-05-22","crwd","mccarrons","62005400","elodea.canadensis",0.0416666666666667,1,1.09728,0.0166666666666667,60,24,32,0.03125
"2015-05-28","crwd","como","62005500","algae.filamentous",0.05,1.66666666666667,0.3048,0.05,60,60,56,0.0535714285714286
"2015-05-28","crwd","como","62005500","potamogeton.crispus",0.783333333333333,2.48936170212766,3.3528,0.783333333333333,60,60,56,0.839285714285714
"2015-05-28","crwd","como","62005500","potamogeton.foliosus",0.05,1,0.6096,0.05,60,60,56,0.0535714285714286
"2015-05-28","crwd","como","62005500","elodea.canadensis",0.416666666666667,1.28,3.6576,0.416666666666667,60,60,56,0.428571428571429
"2015-06-02","crwd","littlecrosby","62004700","algae.filamentous",0.16,1.375,1.2192,0.16,50,50,47,0.170212765957447
"2015-06-02","crwd","littlecrosby","62004700","ceratophyllum.demersum",0.5,1.36,1.88976,0.5,50,50,47,0.531914893617021
"2015-06-02","crwd","littlecrosby","62004700","potamogeton.crispus",0.56,2.42857142857143,2.98704,0.56,50,50,47,0.595744680851064
"2015-06-02","crwd","littlecrosby","62004700","potamogeton.foliosus",0.76,1.89473684210526,2.31648,0.76,50,50,47,0.808510638297872
"2015-06-02","crwd","littlecrosby","62004700","vallisneria.americana",0.02,1,0.36576,0.02,50,50,47,0.0212765957446809
"2015-06-02","crwd","littlecrosby","62004700","brasenia.schreberi",0.04,1,0.48768,0.04,50,50,47,0.0425531914893617
"2015-06-02","crwd","littlecrosby","62004700","spirodela.polyrhiza",0.32,1,1.6764,0.32,50,50,47,0.340425531914894
"2015-06-02","crwd","littlecrosby","62004700","elodea.canadensis",0.08,1,1.0668,0.08,50,50,47,0.0851063829787234
"2015-06-02","crwd","littlecrosby","62004700","nymphaea.odorata",0.56,1.17857142857143,1.3716,0.56,50,50,47,0.595744680851064
"2015-06-02","crwd","littlecrosby","62004700","lemna.minor",0.24,1,1.0668,0.24,50,50,47,0.25531914893617
"2015-06-02","crwd","littlecrosby","62004700","lemna.trisulca",0.6,1.23333333333333,1.3716,0.6,50,50,47,0.638297872340426
"2015-06-02","crwd","littlecrosby","62004700","ranunculus.aquatilis",0.04,1,0.36576,0.04,50,50,47,0.0425531914893617
"2015-06-02","crwd","littlecrosby","62004700","utricularia.spp",0.12,1.16666666666667,0.39624,0.12,50,50,47,0.127659574468085
"2015-06-02","crwd","littlecrosby","62004700","myriophyllum.sibiricum",0.08,1,1.2192,0.08,50,50,47,0.0851063829787234
"2015-06-03","mccomas","clearw","82016300","ceratophyllum.demersum",0.217821782178218,1.63636363636364,3.048,0.217821782178218,101,101,101,0.217821782178218
"2015-06-03","mccomas","clearw","82016300","potamogeton.crispus",0.138613861386139,1.28571428571429,2.7432,0.138613861386139,101,101,101,0.138613861386139
"2015-06-03","mccomas","clearw","82016300","myriophyllum.spicatum",0.267326732673267,1.44444444444444,2.1336,0.267326732673267,101,101,101,0.267326732673267
"2015-06-03","mccomas","clearw","82016300","nymphaea.odorata",0.0495049504950495,1.6,1.524,0.0495049504950495,101,101,101,0.0495049504950495
"2015-06-03","mccomas","clearw","82016300","chara.spp",0.0891089108910891,1.22222222222222,1.8288,0.0891089108910891,101,101,101,0.0891089108910891
"2015-06-03","mccomas","clearw","82016300","najas.spp",0.158415841584158,1,1.524,0.158415841584158,101,101,101,0.158415841584158
"2015-06-03","mccomas","clearw","82016300","potamogeton.zosteriformis",0.0198019801980198,1,1.2192,0.0198019801980198,101,101,101,0.0198019801980198
"2015-06-03","mccomas","clearw","82016300","nuphar.variegata",0.0297029702970297,1,1.2192,0.0297029702970297,101,101,101,0.0297029702970297
"2015-06-03","mccomas","clearw","82016300","potamogeton.natans",0.118811881188119,1.16666666666667,1.524,0.118811881188119,101,101,101,0.118811881188119
"2015-06-03","mccomas","clearw","82016300","potamogeton.narrow",0.198019801980198,1.05,2.4384,0.198019801980198,101,101,101,0.198019801980198
"2015-06-03","mccomas","clearw","82016300","scirpus.spp",0.0099009900990099,3,0.9144,0.0099009900990099,101,101,101,0.0099009900990099
"2015-06-04","mccomas","reshanau","02000900","ceratophyllum.demersum",0.307692307692308,1.25,2.4384,0.307692307692308,39,39,3,0.333333333333333
"2015-06-04","mccomas","reshanau","02000900","nymphaea.odorata",0.153846153846154,1.5,1.8288,0.153846153846154,39,39,3,0.666666666666667
"2015-06-04","mccomas","reshanau","02000900","chara.spp",0.0256410256410256,2,0.9144,0.0256410256410256,39,39,3,0.333333333333333
"2015-06-04","mccomas","reshanau","02000900","potamogeton.illinoensis",0.0512820512820513,1.5,1.2192,0.0512820512820513,39,39,3,0.333333333333333
"2015-06-04","mccomas","reshanau","02000900","potamogeton.narrow",0.0256410256410256,1,0.9144,0.0256410256410256,39,39,3,0.333333333333333
"2015-06-04","mccomas","round","27007100","algae.filamentous",0.0285714285714286,3,0.6096,0.0285714285714286,35,35,34,0.0294117647058824
"2015-06-04","mccomas","round","27007100","ceratophyllum.demersum",0.942857142857143,3.12121212121212,2.7432,0.942857142857143,35,35,34,0.941176470588235
"2015-06-04","mccomas","round","27007100","potamogeton.crispus",0.4,1.42857142857143,2.7432,0.4,35,35,34,0.382352941176471
"2015-06-04","mccomas","round","27007100","myriophyllum.spicatum",0.342857142857143,1.75,2.1336,0.342857142857143,35,35,34,0.352941176470588
"2015-06-04","mccomas","round","27007100","nymphaea.odorata",0.114285714285714,1,1.524,0.114285714285714,35,35,34,0.117647058823529
"2015-06-04","mccomas","round","27007100","potamogeton.narrow",0.0571428571428571,1.5,2.1336,0.0571428571428571,35,35,34,0.0588235294117647
"2015-06-05","mccomas","gleason","27009500","algae.filamentous",0.11340206185567,2.27272727272727,2.1336,0.11340206185567,97,97,94,0.117021276595745
"2015-06-05","mccomas","gleason","27009500","ceratophyllum.demersum",0.54639175257732,1.45283018867925,3.048,0.54639175257732,97,97,94,0.553191489361702
"2015-06-05","mccomas","gleason","27009500","brasenia.schreberi",0.0206185567010309,1.5,1.8288,0.0206185567010309,97,97,94,0.0212765957446809
"2015-06-05","mccomas","gleason","27009500","nymphaea.odorata",0.195876288659794,1.84210526315789,1.8288,0.195876288659794,97,97,94,0.202127659574468
"2015-06-05","mccomas","gleason","27009500","chara.spp",0.0103092783505155,1,1.524,0.0103092783505155,97,97,94,0.0106382978723404
"2015-06-05","mccomas","gleason","27009500","elodea.spp",0.474226804123711,1.84782608695652,2.1336,0.474226804123711,97,97,94,0.48936170212766
"2015-06-05","mccomas","gleason","27009500","potamogeton.narrow",0.0103092783505155,1,1.524,0.0103092783505155,97,97,94,0.0106382978723404
"2015-06-05","mccomas","gleason","27009500","lemnaceae",0.123711340206186,2.33333333333333,2.4384,0.123711340206186,97,97,94,0.127659574468085
"2015-06-09","brasch","rebecca","27019200","algae.filamentous",0.121794871794872,1.47368421052632,3.2,0.0979381443298969,194,156,124,0.153225806451613
"2015-06-09","brasch","rebecca","27019200","ceratophyllum.demersum",0.166666666666667,2.57692307692308,4,0.134020618556701,194,156,124,0.201612903225806
"2015-06-09","brasch","rebecca","27019200","potamogeton.crispus",0.397435897435897,2.66129032258065,3.1,0.319587628865979,194,156,124,0.5
"2015-06-09","brasch","rebecca","27019200","myriophyllum.spicatum",0.275641025641026,2.55813953488372,2.5,0.221649484536082,194,156,124,0.346774193548387
"2015-06-09","brasch","rebecca","27019200","potamogeton.foliosus",0.0448717948717949,1.42857142857143,1.4,0.0360824742268041,194,156,124,0.0564516129032258
"2015-06-09","brasch","rebecca","27019200","elodea.canadensis",0.00641025641025641,1,0.7,0.00515463917525773,194,156,124,0.00806451612903226
"2015-06-09","brasch","rebecca","27019200","nymphaea.odorata",0.0833333333333333,1.46153846153846,1.5,0.0670103092783505,194,156,124,0.104838709677419
"2015-06-09","brasch","rebecca","27019200","chara.spp",0.0961538461538462,3.46666666666667,2.6,0.077319587628866,194,156,124,0.120967741935484
"2015-06-09","brasch","rebecca","27019200","nuphar.variegata",0.0256410256410256,2.25,1.3,0.0206185567010309,194,156,124,0.032258064516129
"2015-06-09","mccomas","gleason","27009500","algae.filamentous",0.11340206185567,2.27272727272727,2.1336,0.11340206185567,97,97,94,0.117021276595745
"2015-06-09","mccomas","gleason","27009500","ceratophyllum.demersum",0.54639175257732,1.45283018867925,3.048,0.54639175257732,97,97,94,0.553191489361702
"2015-06-09","mccomas","gleason","27009500","brasenia.schreberi",0.0206185567010309,1.5,1.8288,0.0206185567010309,97,97,94,0.0212765957446809
"2015-06-09","mccomas","gleason","27009500","nymphaea.odorata",0.195876288659794,1.84210526315789,1.8288,0.195876288659794,97,97,94,0.202127659574468
"2015-06-09","mccomas","gleason","27009500","chara.spp",0.0103092783505155,1,1.524,0.0103092783505155,97,97,94,0.0106382978723404
"2015-06-09","mccomas","gleason","27009500","elodea.spp",0.474226804123711,1.84782608695652,2.1336,0.474226804123711,97,97,94,0.48936170212766
"2015-06-09","mccomas","gleason","27009500","potamogeton.narrow",0.0103092783505155,1,1.524,0.0103092783505155,97,97,94,0.0106382978723404
"2015-06-09","mccomas","gleason","27009500","lemnaceae",0.123711340206186,2.33333333333333,2.4384,0.123711340206186,97,97,94,0.127659574468085
"2015-06-10","brasch","sarahe","27019102","algae.filamentous",0.73972602739726,2.09259259259259,3.9,0.710526315789474,76,73,56,0.857142857142857
"2015-06-10","brasch","sarahe","27019102","ceratophyllum.demersum",0.534246575342466,3.56410256410256,2.6,0.513157894736842,76,73,56,0.678571428571429
"2015-06-10","brasch","sarahe","27019102","myriophyllum.spicatum",0.438356164383562,1.625,2.6,0.421052631578947,76,73,56,0.535714285714286
"2015-06-10","brasch","sarahe","27019102","najas.flexilis",0.0273972602739726,1,0.7,0.0263157894736842,76,73,56,0.0357142857142857
"2015-06-10","brasch","sarahe","27019102","spirodela.polyrhiza",0.0684931506849315,1,0.7,0.0657894736842105,76,73,56,0.0892857142857143
"2015-06-10","brasch","sarahe","27019102","elodea.canadensis",0.0410958904109589,1.66666666666667,1,0.0394736842105263,76,73,56,0.0535714285714286
"2015-06-10","brasch","sarahe","27019102","nymphaea.odorata",0.150684931506849,1.27272727272727,1,0.144736842105263,76,73,56,0.196428571428571
"2015-06-10","brasch","sarahe","27019102","chara.spp",0.0273972602739726,1,2,0.0263157894736842,76,73,56,0.0178571428571429
"2015-06-10","brasch","sarahe","27019102","lemna.minor",0.0821917808219178,1,0.7,0.0789473684210526,76,73,56,0.107142857142857
"2015-06-10","brasch","sarahe","27019102","lemna.trisulca",0.561643835616438,1.39024390243902,3.9,0.539473684210526,76,73,56,0.660714285714286
"2015-06-10","brasch","sarahe","27019102","myriophyllum.sibiricum",0.191780821917808,1.35714285714286,2.3,0.184210526315789,76,73,56,0.232142857142857
"2015-06-10","brasch","sarahe","27019102","potamogeton.pusillus",0.0136986301369863,2,1.6,0.0131578947368421,76,73,56,0.0178571428571429
"2015-06-10","brasch","sarahe","27019102","nuphar.variegata",0.0136986301369863,2,0.4,0.0131578947368421,76,73,56,0.0178571428571429
"2015-06-10","brasch","sarahw","27019101","algae.filamentous",0.387387387387387,2.58139534883721,3.4,0.358333333333333,120,111,64,0.640625
"2015-06-10","brasch","sarahw","27019101","ceratophyllum.demersum",0.279279279279279,3.09677419354839,2.4,0.258333333333333,120,111,64,0.453125
"2015-06-10","brasch","sarahw","27019101","potamogeton.crispus",0.00900900900900901,2,1.6,0.00833333333333333,120,111,64,0.015625
"2015-06-10","brasch","sarahw","27019101","myriophyllum.spicatum",0.171171171171171,2.15789473684211,3,0.158333333333333,120,111,64,0.25
"2015-06-10","brasch","sarahw","27019101","potamogeton.foliosus",0.0720720720720721,1.5,0.8,0.0666666666666667,120,111,64,0.125
"2015-06-10","brasch","sarahw","27019101","spirodela.polyrhiza",0.045045045045045,1,1.3,0.0416666666666667,120,111,64,0.078125
"2015-06-10","brasch","sarahw","27019101","elodea.canadensis",0.108108108108108,2.25,1.6,0.1,120,111,64,0.1875
"2015-06-10","brasch","sarahw","27019101","nymphaea.odorata",0.0810810810810811,1.88888888888889,1.3,0.075,120,111,64,0.140625
"2015-06-10","brasch","sarahw","27019101","chara.spp",0.018018018018018,2,0.8,0.0166666666666667,120,111,64,0.03125
"2015-06-10","brasch","sarahw","27019101","lemna.trisulca",0.153153153153153,2.17647058823529,1.6,0.141666666666667,120,111,64,0.265625
"2015-06-10","brasch","sarahw","27019101","potamogeton.pusillus",0.027027027027027,1.66666666666667,1.2,0.025,120,111,64,0.046875
"2015-06-10","newman","mitchell","27007000","ceratophyllum.demersum",0.524861878453039,3.42105263157895,2.7,0.494791666666667,192,181,146,0.650684931506849
"2015-06-10","newman","mitchell","27007000","potamogeton.crispus",0.408839779005525,2.2027027027027,3.3,0.385416666666667,192,181,146,0.424657534246575
"2015-06-10","newman","mitchell","27007000","spirodela.polyrhiza",0.0110497237569061,3,2.2,0.0104166666666667,192,181,146,0.0136986301369863
"2015-06-10","newman","mitchell","27007000","elodea.canadensis",0.00552486187845304,2,0.8,0.00520833333333333,192,181,146,0.00684931506849315
"2015-06-10","newman","mitchell","27007000","nymphaea.odorata",0.104972375690608,1.68421052631579,1.3,0.0989583333333333,192,181,146,0.13013698630137
"2015-06-10","newman","mitchell","27007000","stuckenia.pectinata",0.0718232044198895,1.76923076923077,2.6,0.0677083333333333,192,181,146,0.089041095890411
"2015-06-10","newman","mitchell","27007000","lemna.trisulca",0.403314917127072,2.04109589041096,2.7,0.380208333333333,192,181,146,0.5
"2015-06-10","newman","mitchell","27007000","ranunculus.aquatilis",0.0883977900552486,1.5,2,0.0833333333333333,192,181,146,0.10958904109589
"2015-06-10","newman","mitchell","27007000","myriophyllum.sibiricum",0.165745856353591,2.73333333333333,2.9,0.15625,192,181,146,0.198630136986301
"2015-06-10","newman","mitchell","27007000","potamogeton.zosterifomis",0.0773480662983425,2.07142857142857,1.8,0.0729166666666667,192,181,146,0.0958904109589041
"2015-06-10","newman","mitchell","27007000","potamogeton.narrow",0.0276243093922652,1.2,1.8,0.0260416666666667,192,181,146,0.0342465753424658
"2015-06-11","brasch","hyland","27004800","algae.filamentous",0.289256198347107,1.31428571428571,2.6,0.289256198347107,121,121,64,0.28125
"2015-06-11","brasch","hyland","27004800","elodea.canadensis",0.652892561983471,2.48101265822785,2.6,0.652892561983471,121,121,64,0.84375
"2015-06-11","brasch","hyland","27004800","lemna.minor",0.00826446280991736,2,0.7,0.00826446280991736,121,121,64,0.015625
"2015-06-15","fieldseth","grays","27013301","ceratophyllum.demersum",0.296,1.61904761904762,5.4864,0.289655172413793,145,125,145,0.289655172413793
"2015-06-15","fieldseth","grays","27013301","potamogeton.crispus",0.224,1.42857142857143,4.572,0.193103448275862,145,125,145,0.193103448275862
"2015-06-15","fieldseth","grays","27013301","myriophyllum.spicatum",0.456,1.42372881355932,5.4864,0.406896551724138,145,125,145,0.406896551724138
"2015-06-15","fieldseth","grays","27013301","vallisneria.americana",0.104,1,2.25552,0.0896551724137931,145,125,145,0.0896551724137931
"2015-06-15","fieldseth","grays","27013301","potamogeton.richardsonii",0.224,1.07142857142857,3.74904,0.193103448275862,145,125,145,0.193103448275862
"2015-06-15","fieldseth","grays","27013301","elodea.canadensis",0.096,1.23076923076923,4.60248,0.0896551724137931,145,125,145,0.0896551724137931
"2015-06-15","fieldseth","grays","27013301","chara.spp",0.16,1.15,2.77368,0.137931034482759,145,125,145,0.137931034482759
"2015-06-15","fieldseth","grays","27013301","stuckenia.pectinata",0.08,1,4.572,0.0689655172413793,145,125,145,0.0689655172413793
"2015-06-15","fieldseth","grays","27013301","potamogeton.zosteriformis",0.336,1.30952380952381,4.20624,0.289655172413793,145,125,145,0.289655172413793
"2015-06-15","fieldseth","grays","27013301","ranunculus.aquatilis",0.136,1.05882352941176,2.19456,0.117241379310345,145,125,145,0.117241379310345
"2015-06-15","fieldseth","grays","27013301","myriophyllum.sibiricum",0.048,1,3.74904,0.0413793103448276,145,125,145,0.0413793103448276
"2015-06-15","fieldseth","grays","27013301","potamogeton.pusillus",0.008,1,1.12776,0.00689655172413793,145,125,145,0.00689655172413793
"2015-06-15","fieldseth","grays","27013301","heteranthera.dubia",0.064,1,2.34696,0.0551724137931034,145,125,145,0.0551724137931034
"2015-06-15","fieldseth","grays","27013301","nuphar.variegata",0.008,1,0.762,0.00689655172413793,145,125,145,0.00689655172413793
"2015-06-15","fieldseth","grays","27013301","potamogeton.amplifolius",0.104,1,2.22504,0.0896551724137931,145,125,145,0.0896551724137931
"2015-06-15","fieldseth","grays","27013301","bidens.beckii",0.056,1,1.95072,0.0482758620689655,145,125,145,0.0482758620689655
"2015-06-15","fieldseth","grays","27013301","najas.guadalupensis",0.024,1,1.43256,0.0206896551724138,145,125,145,0.0206896551724138
"2015-06-15","fieldseth","grays","27013301","potamogeton.robbinsii",0.136,1.27777777777778,4.60248,0.124137931034483,145,125,145,0.124137931034483
"2015-06-15","fieldseth","grays","27013301","potamogeton.friesii",0.16,1.95,2.4384,0.137931034482759,145,125,145,0.137931034482759
"2015-06-15","fieldseth","grays","27013301","potamogeton.gramineus",0.008,1,1.24968,0.00689655172413793,145,125,145,0.00689655172413793
"2015-06-16","mccomas","keller","19002500","ceratophyllum.demersum",0.027027027027027,1,0.9144,0.027027027027027,37,37,37,0.027027027027027
"2015-06-16","mccomas","keller","19002500","potamogeton.crispus",0.810810810810811,1.33333333333333,2.4384,0.810810810810811,37,37,37,0.810810810810811
"2015-06-16","mccomas","keller","19002500","myriophyllum.spicatum",0.108108108108108,1,2.1336,0.108108108108108,37,37,37,0.108108108108108
"2015-06-16","mccomas","keller","19002500","elodea.spp",0.243243243243243,1.22222222222222,2.1336,0.243243243243243,37,37,37,0.243243243243243
"2015-06-16","newman","riley","10000200","ceratophyllum.demersum",0.558011049723757,3.23762376237624,3.3,0.531578947368421,190,181,166,0.608433734939759
"2015-06-16","newman","riley","10000200","potamogeton.crispus",0.0994475138121547,1.77777777777778,2.7,0.0947368421052632,190,181,166,0.108433734939759
"2015-06-16","newman","riley","10000200","myriophyllum.spicatum",0.546961325966851,2.7979797979798,3.1,0.521052631578947,190,181,166,0.596385542168675
"2015-06-16","newman","riley","10000200","elodea.canadensis",0.138121546961326,1.84,2.6,0.131578947368421,190,181,166,0.150602409638554
"2015-06-16","newman","riley","10000200","nymphaea.odorata",0.0165745856353591,1.66666666666667,1.4,0.0157894736842105,190,181,166,0.0180722891566265
"2015-06-16","newman","riley","10000200","chara.spp",0.0110497237569061,1,0.9,0.0105263157894737,190,181,166,0.0120481927710843
"2015-06-16","newman","riley","10000200","stuckenia.pectinata",0.0331491712707182,1.5,1.1,0.0315789473684211,190,181,166,0.036144578313253
"2015-06-16","newman","riley","10000200","potamogeton.pusillus",0.0331491712707182,2.33333333333333,1.7,0.0315789473684211,190,181,166,0.036144578313253
"2015-06-16","newman","susan","10001300","ceratophyllum.demersum",0.213235294117647,2.86206896551724,2,0.2,145,136,40,0.7
"2015-06-16","newman","susan","10001300","potamogeton.crispus",0.279411764705882,3.26315789473684,2.5908,0.262068965517241,145,136,40,0.725
"2015-06-16","newman","susan","10001300","spirodela.polyrhiza",0.00735294117647059,1,1.1,0.00689655172413793,145,136,40,0.025
"2015-06-16","newman","susan","10001300","elodea.canadensis",0.176470588235294,2.91666666666667,2.5908,0.16551724137931,145,136,40,0.575
"2015-06-16","newman","susan","10001300","nymphaea.odorata",0.0367647058823529,2.6,0.9,0.0344827586206897,145,136,40,0.125
"2015-06-16","newman","susan","10001300","stuckenia.pectinata",0.0294117647058824,3,0.9,0.0275862068965517,145,136,40,0.1
"2015-06-16","newman","susan","10001300","potamogeton.pusillus",0.0294117647058824,1.75,2.5908,0.0275862068965517,145,136,40,0.075
"2015-06-16","newman","susan","10001300","nuphar.variegata",0.0735294117647059,2.1,1.3716,0.0689655172413793,145,136,40,0.25
"2015-06-17","brasch","silver","62000100","algae.filamentous",0.382352941176471,2.15384615384615,4.4,0.371428571428571,105,102,84,0.392857142857143
"2015-06-17","brasch","silver","62000100","ceratophyllum.demersum",0.00980392156862745,5,2.1,0.00952380952380952,105,102,84,0.0119047619047619
"2015-06-17","brasch","silver","62000100","potamogeton.crispus",0.676470588235294,3.3768115942029,4.1,0.657142857142857,105,102,84,0.75
"2015-06-17","brasch","silver","62000100","elodea.canadensis",0.205882352941176,1.66666666666667,4,0.2,105,102,84,0.226190476190476
"2015-06-17","brasch","silver","62000100","lemna.minor",0.0196078431372549,1.5,2.5,0.019047619047619,105,102,84,0.0238095238095238
"2015-06-17","brasch","silver","62000100","potamogeton.pusillus",0.666666666666667,1.8695652173913,4.7,0.657142857142857,105,102,84,0.69047619047619
"2015-06-22","newman","christmas","27013700","ceratophyllum.demersum",0.504504504504504,2.29508196721311,6,0.420689655172414,145,111,145,0.420689655172414
"2015-06-22","newman","christmas","27013700","potamogeton.crispus",0.396396396396396,2.04545454545455,4.5,0.303448275862069,145,111,145,0.303448275862069
"2015-06-22","newman","christmas","27013700","myriophyllum.spicatum",0.378378378378378,2,5,0.296551724137931,145,111,145,0.296551724137931
"2015-06-22","newman","christmas","27013700","najas.flexilis",0.018018018018018,1,0.5,0.0137931034482759,145,111,145,0.0137931034482759
"2015-06-22","newman","christmas","27013700","vallisneria.americana",0.153153153153153,1.44444444444444,6,0.124137931034483,145,111,145,0.124137931034483
"2015-06-22","newman","christmas","27013700","potamogeton.richardsonii",0.108108108108108,1.5,3.3,0.0827586206896552,145,111,145,0.0827586206896552
"2015-06-22","newman","christmas","27013700","spirodela.polyrhiza",0.018018018018018,2,2.4,0.0137931034482759,145,111,145,0.0137931034482759
"2015-06-22","newman","christmas","27013700","elodea.canadensis",0.144144144144144,1.4375,2.1,0.110344827586207,145,111,145,0.110344827586207
"2015-06-22","newman","christmas","27013700","nymphaea.odorata",0.108108108108108,2,2,0.0827586206896552,145,111,145,0.0827586206896552
"2015-06-22","newman","christmas","27013700","chara.spp",0.27027027027027,2.32258064516129,7,0.213793103448276,145,111,145,0.213793103448276
"2015-06-22","newman","christmas","27013700","stuckenia.pectinata",0.0990990990990991,2.45454545454545,2.2,0.0758620689655172,145,111,145,0.0758620689655172
"2015-06-22","newman","christmas","27013700","lemna.trisulca",0.396396396396396,1.59090909090909,4,0.303448275862069,145,111,145,0.303448275862069
"2015-06-22","newman","christmas","27013700","ranunculus.aquatilis",0.531531531531532,2.23728813559322,2.5,0.406896551724138,145,111,145,0.406896551724138
"2015-06-22","newman","christmas","27013700","myriophyllum.sibiricum",0.243243243243243,1.88888888888889,2.4,0.186206896551724,145,111,145,0.186206896551724
"2015-06-22","newman","christmas","27013700","potamogeton.pusillus",0.27027027027027,2.03225806451613,8,0.213793103448276,145,111,145,0.213793103448276
"2015-06-22","newman","christmas","27013700","heteranthera.dubia",0.153153153153153,1.52941176470588,2.5,0.117241379310345,145,111,145,0.117241379310345
"2015-06-22","newman","christmas","27013700","nuphar.variegata",0.0810810810810811,1.22222222222222,1.9,0.0620689655172414,145,111,145,0.0620689655172414
"2015-06-22","newman","christmas","27013700","potamogeton.amplifolius",0.0810810810810811,1.44444444444444,2.1,0.0620689655172414,145,111,145,0.0620689655172414
"2015-06-22","newman","christmas","27013700","potamogeton.illinoensis",0.0810810810810811,1.44444444444444,3,0.0620689655172414,145,111,145,0.0620689655172414
"2015-06-22","newman","christmas","27013700","potamogeton.nodosus",0.045045045045045,1.6,1.4,0.0344827586206897,145,111,145,0.0344827586206897
"2015-06-22","newman","christmas","27013700","potamogeton.praelongus",0.027027027027027,1,4,0.0206896551724138,145,111,145,0.0206896551724138
"2015-06-22","newman","christmas","27013700","potamogeton.zosterifomis",0.540540540540541,2.53225806451613,7,0.427586206896552,145,111,145,0.427586206896552
"2015-06-22","newman","christmas","27013700","bidens.beckii",0.108108108108108,1,2.1,0.0827586206896552,145,111,145,0.0827586206896552
"2015-06-22","newman","christmas","27013700","schoenoplectus.acutus",0.00900900900900901,1,0.7,0.00689655172413793,145,111,145,0.00689655172413793
"2015-06-22","newman","christmas","27013700","potamogeton.robbinsii",0.126126126126126,1.71428571428571,1.8,0.096551724137931,145,111,145,0.096551724137931
"2015-06-22","newman","christmas","27013700","potamogeton.natans",0.018018018018018,1,1,0.0137931034482759,145,111,145,0.0137931034482759
"2015-06-22","newman","christmas","27013700","potamogeton.strictifolius",0.00900900900900901,2,1.3,0.00689655172413793,145,111,145,0.00689655172413793
"2015-06-23","newman","staring","27007800","ceratophyllum.demersum",0.106741573033708,1.78947368421053,2.6,0.106741573033708,178,178,31,0.225806451612903
"2015-06-23","newman","staring","27007800","potamogeton.crispus",0.365168539325843,3.12307692307692,2.8,0.365168539325843,178,178,31,0.580645161290323
"2015-06-23","newman","staring","27007800","najas.flexilis",0.0112359550561798,1.5,1.9,0.0112359550561798,178,178,31,0.032258064516129
"2015-06-23","newman","staring","27007800","elodea.canadensis",0.213483146067416,2.57894736842105,2.5,0.213483146067416,178,178,31,0.419354838709677
"2015-06-23","newman","staring","27007800","nymphaea.odorata",0.00561797752808989,2,0.9,0.00561797752808989,178,178,31,0.032258064516129
"2015-06-23","newman","staring","27007800","chara.spp",0.106741573033708,3,1.6,0.106741573033708,178,178,31,0.419354838709677
"2015-06-23","newman","staring","27007800","stuckenia.pectinata",0.0842696629213483,2.4,1.8,0.0842696629213483,178,178,31,0.32258064516129
"2015-06-23","newman","staring","27007800","potamogeton.pusillus",0.207865168539326,1.62162162162162,2.6,0.207865168539326,178,178,31,0.354838709677419
"2015-06-23","newman","staring","27007800","zannichellia.palustris",0.0337078651685393,1.66666666666667,1.5,0.0337078651685393,178,178,31,0.161290322580645
"2015-06-23","newman","staring","27007800","nuphar.variegata",0.00561797752808989,3,0.6,0.00561797752808989,178,178,31,0.032258064516129
"2015-07-08","crwd","mccarrons","62005400","algae.filamentous",0.458333333333333,1.41666666666667,7.0104,0.2,60,24,32,0.375
"2015-07-08","crwd","mccarrons","62005400","ceratophyllum.demersum",0.5,1.92307692307692,6.7056,0.216666666666667,60,24,32,0.40625
"2015-07-08","crwd","mccarrons","62005400","potamogeton.crispus",0.0416666666666667,1,1.3716,0.0166666666666667,60,24,32,0.03125
"2015-07-08","crwd","mccarrons","62005400","myriophyllum.spicatum",0.625,1.41176470588235,6.7056,0.283333333333333,60,24,32,0.53125
"2015-07-08","crwd","mccarrons","62005400","potamogeton.foliosus",0.125,1.66666666666667,1.2192,0.05,60,24,32,0.09375
"2015-07-08","crwd","mccarrons","62005400","najas.flexilis",0.208333333333333,1.83333333333333,6.7056,0.1,60,24,32,0.1875
"2015-07-08","crwd","mccarrons","62005400","vallisneria.americana",0.125,1,2.1336,0.05,60,24,32,0.09375
"2015-07-08","crwd","mccarrons","62005400","brasenia.schreberi",0.0416666666666667,1,0.3048,0.0166666666666667,60,24,32,0.03125
"2015-07-08","crwd","mccarrons","62005400","potamogeton.richardsonii",0.0416666666666667,1,1.2192,0.0166666666666667,60,24,32,0.03125
"2015-07-08","crwd","mccarrons","62005400","spirodela.polyrhiza",0.0416666666666667,1,1.0668,0.0166666666666667,60,24,32,0.03125
"2015-07-13","crwd","loeb","62023100","algae.filamentous",0.25,1.5,2.4384,0.25,8,8,8,0.25
"2015-07-13","crwd","loeb","62023100","ceratophyllum.demersum",1,4.5,3.5052,1,8,8,8,1
"2015-07-13","crwd","loeb","62023100","potamogeton.crispus",0.375,2,1.0668,0.375,8,8,8,0.375
"2015-07-13","crwd","loeb","62023100","myriophyllum.spicatum",0.125,1,0.4572,0.125,8,8,8,0.125
"2015-07-13","crwd","loeb","62023100","potamogeton.foliosus",0.125,3,0.9144,0.125,8,8,8,0.125
"2015-07-13","crwd","loeb","62023100","najas.flexilis",0.125,1,3.5052,0.125,8,8,8,0.125
"2015-07-13","crwd","loeb","62023100","spirodela.polyrhiza",0.25,1,0.4572,0.25,8,8,8,0.25
"2015-07-13","crwd","loeb","62023100","lemna.trisulca",0.375,1,1.0668,0.375,8,8,8,0.375
"2015-07-13","crwd","loeb","62023100","potamogeton.zosteriformis",0.5,1.75,3.5052,0.5,8,8,8,0.5
"2015-07-15","crwd","littlecrosby","62004700","algae.filamentous",0.122448979591837,1.66666666666667,1.40208,0.12,50,49,46,0.130434782608696
"2015-07-15","crwd","littlecrosby","62004700","ceratophyllum.demersum",0.653061224489796,1.90625,1.6764,0.64,50,49,46,0.695652173913043
"2015-07-15","crwd","littlecrosby","62004700","potamogeton.crispus",0.224489795918367,1.27272727272727,1.8288,0.22,50,49,46,0.239130434782609
"2015-07-15","crwd","littlecrosby","62004700","potamogeton.foliosus",0.204081632653061,1.5,1.15824,0.2,50,49,46,0.217391304347826
"2015-07-15","crwd","littlecrosby","62004700","najas.flexilis",0.122448979591837,2.66666666666667,0.36576,0.12,50,49,46,0.130434782608696
"2015-07-15","crwd","littlecrosby","62004700","vallisneria.americana",0.0408163265306122,1,0.36576,0.04,50,49,46,0.0434782608695652
"2015-07-15","crwd","littlecrosby","62004700","brasenia.schreberi",0.0408163265306122,1,0.79248,0.04,50,49,46,0.0434782608695652
"2015-07-15","crwd","littlecrosby","62004700","spirodela.polyrhiza",0.326530612244898,1.0625,0.9144,0.32,50,49,46,0.347826086956522
"2015-07-15","crwd","littlecrosby","62004700","elodea.canadensis",0.183673469387755,1.33333333333333,1.40208,0.18,50,49,46,0.195652173913043
"2015-07-15","crwd","littlecrosby","62004700","nymphaea.odorata",0.673469387755102,2.87878787878788,1.55448,0.66,50,49,46,0.717391304347826
"2015-07-15","crwd","littlecrosby","62004700","stuckenia.pectinata",0.122448979591837,2.5,0.9144,0.12,50,49,46,0.130434782608696
"2015-07-15","crwd","littlecrosby","62004700","lemna.minor",0.244897959183673,1,0.9144,0.24,50,49,46,0.260869565217391
"2015-07-15","crwd","littlecrosby","62004700","lemna.trisulca",0.73469387755102,1.58333333333333,1.55448,0.72,50,49,46,0.782608695652174
"2015-07-15","crwd","littlecrosby","62004700","potamogeton.zosteriformis",0.0204081632653061,1,0.9144,0.02,50,49,46,0.0217391304347826
"2015-07-15","crwd","littlecrosby","62004700","ranunculus.aquatilis",0.0204081632653061,1,0.54864,0.02,50,49,46,0.0217391304347826
"2015-07-15","crwd","littlecrosby","62004700","utricularia.spp",0.0204081632653061,1,0.42672,0.02,50,49,46,0.0217391304347826
"2015-07-15","newman","lucy","10000700","ceratophyllum.demersum",0.564814814814815,3.50819672131148,4.2,0.508333333333333,120,108,47,0.872340425531915
"2015-07-15","newman","lucy","10000700","elodea.canadensis",0.0462962962962963,1.6,1.7,0.0416666666666667,120,108,47,0.0851063829787234
"2015-07-15","newman","lucy","10000700","chara.spp",0.0740740740740741,2.25,1.5,0.0666666666666667,120,108,47,0.170212765957447
"2015-07-15","newman","lucy","10000700","lemna.minor",0.0277777777777778,2,1.8,0.025,120,108,47,0.0212765957446809
"2015-07-15","newman","lucy","10000700","lemna.trisulca",0.277777777777778,1.46666666666667,4,0.25,120,108,47,0.446808510638298
"2015-07-17","crwd","como","62005500","algae.filamentous",0.116666666666667,1,2.04216,0.116666666666667,60,60,58,0.120689655172414
"2015-07-17","crwd","como","62005500","ceratophyllum.demersum",0.05,1,1.46304,0.05,60,60,58,0.0517241379310345
"2015-07-17","crwd","como","62005500","potamogeton.crispus",0.0833333333333333,1,1.46304,0.0833333333333333,60,60,58,0.0862068965517241
"2015-07-17","crwd","como","62005500","potamogeton.foliosus",0.05,1,1.03632,0.05,60,60,58,0.0517241379310345
"2015-07-17","crwd","como","62005500","vallisneria.americana",0.0166666666666667,1,1.00584,0.0166666666666667,60,60,58,0.0172413793103448
"2015-07-17","crwd","como","62005500","spirodela.polyrhiza",0.0166666666666667,1,0.33528,0.0166666666666667,60,60,58,0.0172413793103448
"2015-07-17","crwd","como","62005500","elodea.canadensis",0.366666666666667,1.54545454545455,2.04216,0.366666666666667,60,60,58,0.379310344827586
"2015-07-31","mccomas","keller","19002500","ceratophyllum.demersum",0.027027027027027,1,1.2192,0.027027027027027,37,37,37,0.027027027027027
"2015-07-31","mccomas","keller","19002500","potamogeton.crispus",0.027027027027027,1,1.524,0.027027027027027,37,37,37,0.027027027027027
"2015-07-31","mccomas","keller","19002500","myriophyllum.spicatum",0.405405405405405,2.2,2.1336,0.405405405405405,37,37,37,0.405405405405405
"2015-07-31","mccomas","keller","19002500","elodea.spp",0.324324324324324,2,2.1336,0.324324324324324,37,37,37,0.324324324324324
"2015-08-04","mccomas","round","27007100","algae.filamentous",0.333333333333333,1.5,1.8288,0.333333333333333,36,36,29,0.413793103448276
"2015-08-04","mccomas","round","27007100","ceratophyllum.demersum",1,2.80555555555556,3.6576,1,36,36,29,1
"2015-08-04","mccomas","round","27007100","myriophyllum.spicatum",0.277777777777778,1.5,2.7432,0.277777777777778,36,36,29,0.275862068965517
"2015-08-04","mccomas","round","27007100","nymphaea.odorata",0.444444444444444,2.125,1.8288,0.444444444444444,36,36,29,0.551724137931034
"2015-08-04","mccomas","round","27007100","stuckenia.pectinata",0.0277777777777778,1,1.2192,0.0277777777777778,36,36,29,0.0344827586206897
"2015-08-04","mccomas","round","27007100","najas.spp",0.0277777777777778,1,1.2192,0.0277777777777778,36,36,29,0.0344827586206897
"2015-08-04","mccomas","round","27007100","nuphar.variegata",0.0277777777777778,2,0.9144,0.0277777777777778,36,36,29,0.0344827586206897
"2015-08-04","mccomas","round","27007100","potamogeton.natans",0.0277777777777778,3,1.2192,0.0277777777777778,36,36,29,0.0344827586206897
"2015-08-04","mccomas","round","27007100","potamogeton.narrow",0.0277777777777778,1,1.2192,0.0277777777777778,36,36,29,0.0344827586206897
"2015-08-04","mccomas","round","27007100","lemnaceae",0.0277777777777778,1,1.2192,0.0277777777777778,36,36,29,0.0344827586206897
"2015-08-04","mccomas","round","27007100","najas.minor",0.111111111111111,2,1.2192,0.111111111111111,36,36,29,0.137931034482759
"2015-08-04","newman","staring","27007800","ceratophyllum.demersum",0.15819209039548,1.71428571428571,2.2,0.15819209039548,177,177,39,0.230769230769231
"2015-08-04","newman","staring","27007800","potamogeton.crispus",0.0790960451977401,1,1.3,0.0790960451977401,177,177,39,0.153846153846154
"2015-08-04","newman","staring","27007800","najas.flexilis",0.203389830508475,1.97222222222222,2.1,0.203389830508475,177,177,39,0.384615384615385
"2015-08-04","newman","staring","27007800","elodea.canadensis",0.333333333333333,2.61016949152542,2.8,0.333333333333333,177,177,39,0.717948717948718
"2015-08-04","newman","staring","27007800","nymphaea.odorata",0.0112994350282486,2,1,0.0112994350282486,177,177,39,0.0256410256410256
"2015-08-04","newman","staring","27007800","chara.spp",0.0734463276836158,3.46153846153846,1,0.0734463276836158,177,177,39,0.307692307692308
"2015-08-04","newman","staring","27007800","stuckenia.pectinata",0.0395480225988701,2.14285714285714,1.3,0.0395480225988701,177,177,39,0.102564102564103
"2015-08-04","newman","staring","27007800","potamogeton.pusillus",0.0621468926553672,1.27272727272727,2.8,0.0621468926553672,177,177,39,0.0512820512820513
"2015-08-04","newman","staring","27007800","zannichellia.palustris",0.00564971751412429,1,0.7,0.00564971751412429,177,177,39,0.0256410256410256
"2015-08-04","newman","staring","27007800","nuphar.variegata",0.0282485875706215,2,1.5,0.0282485875706215,177,177,39,0.0769230769230769
"2015-08-04","newman","staring","27007800","potamogeton.zosterifomis",0.0112994350282486,1,1.9,0.0112994350282486,177,177,39,0.0256410256410256
"2015-08-06","mccomas","reshanau","02000900","ceratophyllum.demersum",0.0540540540540541,1,1.2192,0.0540540540540541,37,37,4,0.25
"2015-08-06","mccomas","reshanau","02000900","nymphaea.odorata",0.189189189189189,2.14285714285714,1.524,0.189189189189189,37,37,4,0.5
"2015-08-06","mccomas","reshanau","02000900","stuckenia.pectinata",0.0540540540540541,1.5,1.2192,0.0540540540540541,37,37,4,0.25
"2015-08-06","mccomas","reshanau","02000900","nuphar.variegata",0.0810810810810811,3.66666666666667,1.524,0.0810810810810811,37,37,4,0.5
"2015-08-06","mccomas","reshanau","02000900","potamogeton.praelongus",0.027027027027027,1,0.9144,0.027027027027027,37,37,4,0.25
"2015-08-07","newman","susan","10001300","ceratophyllum.demersum",0.202898550724638,2.86206896551724,4.7,0.198630136986301,146,138,41,0.341463414634146
"2015-08-07","newman","susan","10001300","najas.flexilis",0.0144927536231884,1.5,0.7,0.0136986301369863,146,138,41,0.0487804878048781
"2015-08-07","newman","susan","10001300","elodea.canadensis",0.166666666666667,2.47826086956522,1.4,0.157534246575342,146,138,41,0.560975609756098
"2015-08-07","newman","susan","10001300","nymphaea.odorata",0.0652173913043478,1.88888888888889,0.9,0.0616438356164384,146,138,41,0.219512195121951
"2015-08-07","newman","susan","10001300","stuckenia.pectinata",0.036231884057971,1.4,0.8,0.0342465753424658,146,138,41,0.121951219512195
"2015-08-07","newman","susan","10001300","potamogeton.pusillus",0.0217391304347826,2.66666666666667,1,0.0205479452054795,146,138,41,0.0731707317073171
"2015-08-07","newman","susan","10001300","nelumbo.lutea",0.0507246376811594,3,1.4,0.0479452054794521,146,138,41,0.170731707317073
"2015-08-07","newman","susan","10001300","nuphar.variegata",0.0434782608695652,2.16666666666667,1,0.0410958904109589,146,138,41,0.146341463414634
"2015-08-07","newman","susan","10001300","najas.guadalupensis",0.0144927536231884,4.5,0.6,0.0136986301369863,146,138,41,0.0487804878048781
"2015-08-12","newman","christmas","27013700","ceratophyllum.demersum",0.453333333333333,2.08108108108108,6,0.389473684210526,95,75,95,0.389473684210526
"2015-08-12","newman","christmas","27013700","potamogeton.crispus",0.0133333333333333,2,1.7,0.0105263157894737,95,75,95,0.0105263157894737
"2015-08-12","newman","christmas","27013700","myriophyllum.spicatum",0.44,2.05714285714286,7.7,0.368421052631579,95,75,95,0.368421052631579
"2015-08-12","newman","christmas","27013700","najas.flexilis",0.373333333333333,2.14285714285714,2.3,0.294736842105263,95,75,95,0.294736842105263
"2015-08-12","newman","christmas","27013700","vallisneria.americana",0.453333333333333,1.97297297297297,7.7,0.389473684210526,95,75,95,0.389473684210526
"2015-08-12","newman","christmas","27013700","brasenia.schreberi",0.0133333333333333,1,1,0.0105263157894737,95,75,95,0.0105263157894737
"2015-08-12","newman","christmas","27013700","potamogeton.richardsonii",0.333333333333333,1.65384615384615,4.6,0.273684210526316,95,75,95,0.273684210526316
"2015-08-12","newman","christmas","27013700","elodea.canadensis",0.12,1.22222222222222,1.9,0.0947368421052632,95,75,95,0.0947368421052632
"2015-08-12","newman","christmas","27013700","nymphaea.odorata",0.133333333333333,2.1,1.6,0.105263157894737,95,75,95,0.105263157894737
"2015-08-12","newman","christmas","27013700","chara.spp",0.346666666666667,2.53846153846154,4.5,0.273684210526316,95,75,95,0.273684210526316
"2015-08-12","newman","christmas","27013700","stuckenia.pectinata",0.213333333333333,2.16666666666667,6.8,0.189473684210526,95,75,95,0.189473684210526
"2015-08-12","newman","christmas","27013700","lemna.trisulca",0.213333333333333,2.6875,2.8,0.168421052631579,95,75,95,0.168421052631579
"2015-08-12","newman","christmas","27013700","ranunculus.aquatilis",0.386666666666667,1.86206896551724,2.3,0.305263157894737,95,75,95,0.305263157894737
"2015-08-12","newman","christmas","27013700","myriophyllum.sibiricum",0.16,1.69230769230769,5.1,0.136842105263158,95,75,95,0.136842105263158
"2015-08-12","newman","christmas","27013700","potamogeton.pusillus",0.0133333333333333,1,1.9,0.0105263157894737,95,75,95,0.0105263157894737
"2015-08-12","newman","christmas","27013700","heteranthera.dubia",0.266666666666667,2.05,4.5,0.210526315789474,95,75,95,0.210526315789474
"2015-08-12","newman","christmas","27013700","nuphar.variegata",0.0533333333333333,1.75,2,0.0421052631578947,95,75,95,0.0421052631578947
"2015-08-12","newman","christmas","27013700","potamogeton.amplifolius",0.0933333333333333,1.57142857142857,3,0.0736842105263158,95,75,95,0.0736842105263158
"2015-08-12","newman","christmas","27013700","potamogeton.illinoensis",0.0666666666666667,1.6,1.9,0.0526315789473684,95,75,95,0.0526315789473684
"2015-08-12","newman","christmas","27013700","potamogeton.nodosus",0.0266666666666667,2,0.9,0.0210526315789474,95,75,95,0.0210526315789474
"2015-08-12","newman","christmas","27013700","potamogeton.praelongus",0.0266666666666667,1.5,3.1,0.0210526315789474,95,75,95,0.0210526315789474
"2015-08-12","newman","christmas","27013700","potamogeton.zosterifomis",0.413333333333333,2.03125,4.6,0.336842105263158,95,75,95,0.336842105263158
"2015-08-12","newman","christmas","27013700","bidens.beckii",0.0933333333333333,2.57142857142857,2.1,0.0736842105263158,95,75,95,0.0736842105263158
"2015-08-12","newman","christmas","27013700","potamogeton.robbinsii",0.213333333333333,1.375,2.8,0.168421052631579,95,75,95,0.168421052631579
"2015-08-12","newman","christmas","27013700","potamogeton.natans",0.0133333333333333,2,1,0.0105263157894737,95,75,95,0.0105263157894737
"2015-08-12","newman","christmas","27013700","sparganium.eurycarpum",0.0133333333333333,1,2.1,0.0105263157894737,95,75,95,0.0105263157894737
"2015-08-13","newman","riley","10000200","ceratophyllum.demersum",0.569832402234637,3.22549019607843,3.3,0.545454545454545,187,179,171,0.596491228070175
"2015-08-13","newman","riley","10000200","potamogeton.crispus",0.0558659217877095,1.4,2.5,0.053475935828877,187,179,171,0.0584795321637427
"2015-08-13","newman","riley","10000200","myriophyllum.spicatum",0.189944134078212,1.52941176470588,2,0.181818181818182,187,179,171,0.198830409356725
"2015-08-13","newman","riley","10000200","elodea.canadensis",0.167597765363128,2.03333333333333,2.7,0.160427807486631,187,179,171,0.175438596491228
"2015-08-13","newman","riley","10000200","nymphaea.odorata",0.0167597765363128,1,0.5,0.0160427807486631,187,179,171,0.0175438596491228
"2015-08-13","newman","riley","10000200","chara.spp",0.0391061452513966,1.85714285714286,1,0.0374331550802139,187,179,171,0.0409356725146199
"2015-08-13","newman","riley","10000200","stuckenia.pectinata",0.0335195530726257,2,1.6,0.0320855614973262,187,179,171,0.0350877192982456
"2015-08-13","newman","riley","10000200","myriophyllum.sibiricum",0.00558659217877095,1,2.1,0.0053475935828877,187,179,171,0.00584795321637427
"2015-08-13","newman","riley","10000200","potamogeton.pusillus",0.0782122905027933,1.71428571428571,2.3,0.0748663101604278,187,179,171,0.0818713450292398
"2015-08-13","newman","riley","10000200","potamogeton.nodosus",0.00558659217877095,2,0.8,0.0053475935828877,187,179,171,0.00584795321637427
"2015-08-13","newman","riley","10000200","potamogeton.zosterifomis",0.00558659217877095,1,1.5,0.0053475935828877,187,179,171,0.00584795321637427
"2015-08-13","newman","riley","10000200","najas.guadalupensis",0.111731843575419,3.2,1.1,0.106951871657754,187,179,171,0.116959064327485
"2015-08-20","brasch","rebecca","27019200","algae.filamentous",0.0129032258064516,1,1.9,0.0103626943005181,193,155,121,0.0165289256198347
"2015-08-20","brasch","rebecca","27019200","ceratophyllum.demersum",0.296774193548387,1.95652173913043,4.2,0.238341968911917,193,155,121,0.371900826446281
"2015-08-20","brasch","rebecca","27019200","potamogeton.crispus",0.232258064516129,1.13888888888889,2.9,0.186528497409326,193,155,121,0.297520661157025
"2015-08-20","brasch","rebecca","27019200","myriophyllum.spicatum",0.445161290322581,2.76811594202899,3.1,0.357512953367876,193,155,121,0.570247933884298
"2015-08-20","brasch","rebecca","27019200","potamogeton.foliosus",0.0193548387096774,1,0.7,0.0155440414507772,193,155,121,0.0247933884297521
"2015-08-20","brasch","rebecca","27019200","najas.flexilis",0.0709677419354839,1.09090909090909,1.3,0.0569948186528497,193,155,121,0.0909090909090909
"2015-08-20","brasch","rebecca","27019200","nymphaea.odorata",0.129032258064516,2.55,1.6,0.103626943005181,193,155,121,0.165289256198347
"2015-08-20","brasch","rebecca","27019200","chara.spp",0.154838709677419,1.5,1.6,0.124352331606218,193,155,121,0.198347107438017
"2015-08-20","brasch","rebecca","27019200","heteranthera.dubia",0.0516129032258065,1.125,1,0.0414507772020725,193,155,121,0.0661157024793388
"2015-08-20","brasch","rebecca","27019200","nuphar.variegata",0.0193548387096774,5,1.5,0.0155440414507772,193,155,121,0.0247933884297521
"2015-08-21","brasch","hyland","27004800","algae.filamentous",0.025,1,2,0.025,120,120,54,0.037037037037037
"2015-08-21","brasch","hyland","27004800","elodea.canadensis",0.358333333333333,2.88372093023256,2,0.358333333333333,120,120,54,0.666666666666667
"2015-08-21","brasch","hyland","27004800","potamogeton.natans",0.00833333333333333,1,1.2,0.00833333333333333,120,120,54,0.0185185185185185
"2015-08-24","crwd","mccarrons","62005400","algae.filamentous",0.0416666666666667,2,0.36576,0.0166666666666667,60,24,32,0.03125
"2015-08-24","crwd","mccarrons","62005400","ceratophyllum.demersum",0.458333333333333,2.25,4.78536,0.2,60,24,32,0.375
"2015-08-24","crwd","mccarrons","62005400","nymphaeaceae",0.208333333333333,1.2,1.40208,0.0833333333333333,60,24,32,0.15625
"2015-08-24","crwd","mccarrons","62005400","potamogeton.crispus",0.25,1,1.40208,0.1,60,24,32,0.1875
"2015-08-24","crwd","mccarrons","62005400","myriophyllum.spicatum",0.583333333333333,1.57142857142857,3.01752,0.233333333333333,60,24,32,0.4375
"2015-08-24","crwd","mccarrons","62005400","potamogeton.foliosus",0.25,1,3.01752,0.1,60,24,32,0.1875
"2015-08-24","crwd","mccarrons","62005400","najas.flexilis",0.166666666666667,3,0.4572,0.0666666666666667,60,24,32,0.125
"2015-08-24","crwd","mccarrons","62005400","nymphaeacae",0.208333333333333,1.2,1.40208,0.0833333333333333,60,24,32,0.15625
"2015-08-25","newman","mitchell","27007000","ceratophyllum.demersum",0.576923076923077,3.16190476190476,2.9,0.544041450777202,193,182,142,0.732394366197183
"2015-08-25","newman","mitchell","27007000","nymphaea.odorata",0.126373626373626,1.60869565217391,1.5,0.119170984455959,193,182,142,0.161971830985915
"2015-08-25","newman","mitchell","27007000","lemna.trisulca",0.362637362637363,1.86363636363636,2.3,0.341968911917098,193,182,142,0.464788732394366
"2015-08-25","newman","mitchell","27007000","myriophyllum.sibiricum",0.115384615384615,2.66666666666667,2.2,0.10880829015544,193,182,142,0.147887323943662
"2015-08-25","newman","mitchell","27007000","heteranthera.dubia",0.0384615384615385,2.28571428571429,1.8,0.0362694300518135,193,182,142,0.0492957746478873
"2015-08-25","newman","mitchell","27007000","potamogeton.zosterifomis",0.0879120879120879,1.3125,2.3,0.0829015544041451,193,182,142,0.112676056338028
"2015-08-26","crwd","littlecrosby","62004700","algae.filamentous",0.166666666666667,1.2,1.2192,0.166666666666667,60,60,58,0.172413793103448
"2015-08-26","crwd","littlecrosby","62004700","ceratophyllum.demersum",0.683333333333333,2.24390243902439,1.79832,0.683333333333333,60,60,58,0.706896551724138
"2015-08-26","crwd","littlecrosby","62004700","myriophyllum.spicatum",0.0333333333333333,1,0.57912,0.0333333333333333,60,60,58,0.0344827586206897
"2015-08-26","crwd","littlecrosby","62004700","potamogeton.foliosus",0.116666666666667,1.28571428571429,1.12776,0.116666666666667,60,60,58,0.120689655172414
"2015-08-26","crwd","littlecrosby","62004700","najas.flexilis",0.166666666666667,1.8,0.42672,0.166666666666667,60,60,58,0.172413793103448
"2015-08-26","crwd","littlecrosby","62004700","vallisneria.americana",0.05,1,1.79832,0.05,60,60,58,0.0517241379310345
"2015-08-26","crwd","littlecrosby","62004700","spirodela.polyrhiza",0.483333333333333,1.10344827586207,1.3716,0.483333333333333,60,60,58,0.5
"2015-08-26","crwd","littlecrosby","62004700","elodea.canadensis",0.2,1.58333333333333,1.79832,0.2,60,60,58,0.206896551724138
"2015-08-26","crwd","littlecrosby","62004700","nymphaea.odorata",0.683333333333333,2.53658536585366,1.58496,0.683333333333333,60,60,58,0.706896551724138
"2015-08-26","crwd","littlecrosby","62004700","stuckenia.pectinata",0.0333333333333333,2,1.3716,0.0333333333333333,60,60,58,0.0344827586206897
"2015-08-26","crwd","littlecrosby","62004700","lemna.minor",0.35,1.19047619047619,1.3716,0.35,60,60,58,0.362068965517241
"2015-08-26","crwd","littlecrosby","62004700","lemna.trisulca",0.833333333333333,2.22,1.79832,0.833333333333333,60,60,58,0.862068965517241
"2015-08-26","crwd","littlecrosby","62004700","utricularia.spp",0.0666666666666667,1,1.2192,0.0666666666666667,60,60,58,0.0689655172413793
"2015-08-27","brasch","silver","62000100","algae.filamentous",0.175925925925926,2.57894736842105,3.2,0.171171171171171,111,108,95,0.189473684210526
"2015-08-27","brasch","silver","62000100","ceratophyllum.demersum",0.00925925925925926,1,0.3,0.00900900900900901,111,108,95,0.0105263157894737
"2015-08-27","brasch","silver","62000100","potamogeton.crispus",0.0555555555555556,1,2,0.0540540540540541,111,108,95,0.0631578947368421
"2015-08-27","brasch","silver","62000100","najas.flexilis",0.00925925925925926,1,2.3,0.00900900900900901,111,108,95,0.0105263157894737
"2015-08-27","brasch","silver","62000100","elodea.canadensis",0.462962962962963,2.46,3.7,0.45045045045045,111,108,95,0.515789473684211
"2015-08-27","brasch","silver","62000100","potamogeton.pusillus",0.25,1.25925925925926,3,0.243243243243243,111,108,95,0.284210526315789
"2015-08-28","crwd","loeb","62023100","ceratophyllum.demersum",1,2.625,4.4196,1,8,8,8,1
"2015-08-28","crwd","loeb","62023100","myriophyllum.spicatum",0.375,1.66666666666667,0.4572,0.375,8,8,8,0.375
"2015-08-28","crwd","loeb","62023100","potamogeton.foliosus",0.125,2,0.36576,0.125,8,8,8,0.125
"2015-08-28","crwd","loeb","62023100","najas.flexilis",0.25,3,1.524,0.25,8,8,8,0.25
"2015-08-28","crwd","loeb","62023100","vallisneria.americana",0.375,1,0.9144,0.375,8,8,8,0.375
"2015-08-28","crwd","loeb","62023100","lemna.trisulca",0.375,1,0.4572,0.375,8,8,8,0.375
"2015-08-31","brasch","sarahe","27019102","algae.filamentous",0.0416666666666667,1,1.1,0.0394736842105263,76,72,49,0.0612244897959184
"2015-08-31","brasch","sarahe","27019102","ceratophyllum.demersum",0.472222222222222,3.35294117647059,2.2,0.447368421052632,76,72,49,0.653061224489796
"2015-08-31","brasch","sarahe","27019102","potamogeton.crispus",0.0277777777777778,1,2,0.0263157894736842,76,72,49,0.0204081632653061
"2015-08-31","brasch","sarahe","27019102","myriophyllum.spicatum",0.0416666666666667,1,1.6,0.0394736842105263,76,72,49,0.0612244897959184
"2015-08-31","brasch","sarahe","27019102","najas.flexilis",0.0138888888888889,1,0.5,0.0131578947368421,76,72,49,0.0204081632653061
"2015-08-31","brasch","sarahe","27019102","vallisneria.americana",0.0555555555555556,1.75,2,0.0526315789473684,76,72,49,0.0612244897959184
"2015-08-31","brasch","sarahe","27019102","spirodela.polyrhiza",0.0555555555555556,1.5,1,0.0526315789473684,76,72,49,0.0816326530612245
"2015-08-31","brasch","sarahe","27019102","elodea.canadensis",0.0277777777777778,1,1.1,0.0263157894736842,76,72,49,0.0408163265306122
"2015-08-31","brasch","sarahe","27019102","nymphaea.odorata",0.152777777777778,3.36363636363636,1.5,0.144736842105263,76,72,49,0.224489795918367
"2015-08-31","brasch","sarahe","27019102","stuckenia.pectinata",0.0138888888888889,1,0.7,0.0131578947368421,76,72,49,0.0204081632653061
"2015-08-31","brasch","sarahe","27019102","lemna.minor",0.0416666666666667,1,0.7,0.0394736842105263,76,72,49,0.0612244897959184
"2015-08-31","brasch","sarahe","27019102","lemna.trisulca",0.277777777777778,2.05,1.5,0.263157894736842,76,72,49,0.408163265306122
"2015-08-31","brasch","sarahe","27019102","wolffia.columbiana",0.0277777777777778,2,0.7,0.0263157894736842,76,72,49,0.0408163265306122
"2015-08-31","brasch","sarahw","27019101","algae.filamentous",0.036036036036036,4,1.3,0.0333333333333333,120,111,70,0.0571428571428571
"2015-08-31","brasch","sarahw","27019101","ceratophyllum.demersum",0.333333333333333,2.97297297297297,2.4,0.308333333333333,120,111,70,0.514285714285714
"2015-08-31","brasch","sarahw","27019101","potamogeton.crispus",0.027027027027027,1,1.4,0.025,120,111,70,0.0428571428571429
"2015-08-31","brasch","sarahw","27019101","myriophyllum.spicatum",0.0630630630630631,1,1.4,0.0583333333333333,120,111,70,0.1
"2015-08-31","brasch","sarahw","27019101","najas.flexilis",0.045045045045045,1,0.8,0.0416666666666667,120,111,70,0.0714285714285714
"2015-08-31","brasch","sarahw","27019101","vallisneria.americana",0.0900900900900901,1.9,0.9,0.0833333333333333,120,111,70,0.142857142857143
"2015-08-31","brasch","sarahw","27019101","elodea.canadensis",0.0900900900900901,2,1.1,0.0833333333333333,120,111,70,0.142857142857143
"2015-08-31","brasch","sarahw","27019101","nymphaea.odorata",0.0990990990990991,2.72727272727273,0.7,0.0916666666666667,120,111,70,0.157142857142857
"2015-08-31","brasch","sarahw","27019101","lemna.minor",0.0630630630630631,1,0.7,0.0583333333333333,120,111,70,0.1
"2015-08-31","brasch","sarahw","27019101","lemna.trisulca",0.252252252252252,2.07142857142857,1.6,0.233333333333333,120,111,70,0.4
"2015-08-31","brasch","sarahw","27019101","potamogeton.pusillus",0.00900900900900901,1,0.4,0.00833333333333333,120,111,70,0.0142857142857143
"2015-08-31","brasch","sarahw","27019101","nuphar.variegata",0.00900900900900901,2,0.5,0.00833333333333333,120,111,70,0.0142857142857143
"2015-09-01","newman","lucy","10000700","ceratophyllum.demersum",0.547826086956522,3.44444444444444,3.5,0.520661157024793,121,115,45,0.977777777777778
"2015-09-01","newman","lucy","10000700","elodea.canadensis",0.0347826086956522,2.25,1.7,0.0330578512396694,121,115,45,0.0444444444444444
"2015-09-01","newman","lucy","10000700","nymphaea.odorata",0.252173913043478,1.96551724137931,2.1,0.239669421487603,121,115,45,0.488888888888889
"2015-09-01","newman","lucy","10000700","chara.spp",0.0521739130434783,1.16666666666667,1.5,0.0495867768595041,121,115,45,0.133333333333333
"2015-09-01","newman","lucy","10000700","stuckenia.pectinata",0.00869565217391304,1,1.2,0.00826446280991736,121,115,45,0.0222222222222222
"2015-09-01","newman","lucy","10000700","lemna.minor",0.0173913043478261,1.5,1.3,0.0165289256198347,121,115,45,0.0444444444444444
"2015-09-01","newman","lucy","10000700","lemna.trisulca",0.28695652173913,1.6969696969697,3.2,0.272727272727273,121,115,45,0.6
"2015-09-01","newman","lucy","10000700","nelumbo.lutea",0.0173913043478261,1,1.1,0.0165289256198347,121,115,45,0.0444444444444444
"2015-09-01","newman","lucy","10000700","nuphar.variegata",0.0260869565217391,3,1.3,0.0247933884297521,121,115,45,0.0666666666666667
"2015-09-01","newman","lucy","10000700","potamogeton.zosterifomis",0.00869565217391304,2,0.8,0.00826446280991736,121,115,45,0.0222222222222222
"2015-09-01","newman","lucy","10000700","utricularia.vulgaris",0.278260869565217,2.21875,3.5,0.264462809917355,121,115,45,0.511111111111111
